dataset,scenario,mode,seed,round,gate_reason,layer,density_gap,alert,l0_guard,l0_rejected,threshold,max_distance_over_threshold,malicious_max_distance_over_threshold,distance_auc,constraint_ratio
fashion_mnist,cut_backdoor,attacked,137,0,density_gap_without_l0_support,L0_only,1,0,False,0,1.275521069765091,0.5938784868053595,0.4302380980474369,0.224537037037037,
fashion_mnist,cut_backdoor,attacked,137,1,density_gap_without_l0_support,L0_only,1,0,False,0,1.2409475818276405,0.5765416576344824,0.4203135902319183,0.16743827160493827,
fashion_mnist,cut_backdoor,attacked,137,2,density_gap_without_l0_support,L0_only,1,0,False,0,1.2202100828289986,0.5933025744498549,0.4313660256759589,0.18132716049382716,
fashion_mnist,cut_backdoor,attacked,137,3,density_gap_without_l0_support,L0_only,1,0,False,0,1.2013954669237137,0.583780085615643,0.4349123840292041,0.2052469135802469,
fashion_mnist,cut_backdoor,attacked,137,4,density_gap_without_l0_support,L0_only,1,0,False,0,1.1576425284147263,0.5931836514162566,0.4987361058952742,0.2554012345679012,
fashion_mnist,cut_backdoor,attacked,137,5,density_gap_without_l0_support,L0_only,1,0,False,0,1.0912152007222176,0.6439649208992805,0.4742660551476619,0.31867283950617276,
fashion_mnist,cut_backdoor,attacked,137,6,density_gap_without_l0_support,L0_only,1,0,False,0,1.041889637708664,0.6511201439701899,0.4898275358291465,0.3117283950617284,
fashion_mnist,cut_backdoor,attacked,137,7,density_gap_without_l0_support,L0_only,1,0,False,0,1.0183092951774597,0.6736564566670344,0.5079223466795283,0.3618827160493827,
fashion_mnist,cut_backdoor,attacked,137,8,density_gap_without_l0_support,L0_only,1,0,False,0,1.0044553503394127,0.694888485366858,0.5462376845310652,0.40354938271604934,
fashion_mnist,cut_backdoor,attacked,137,9,density_gap_without_l0_support,L0_only,1,0,False,0,0.9814811870455742,0.6833232959221998,0.5524340276018368,0.36496913580246915,
fashion_mnist,cut_backdoor,attacked,137,10,density_gap_without_l0_support,L0_only,1,0,False,0,0.9737731888890266,0.6931092741738804,0.5244182822755961,0.35185185185185186,
fashion_mnist,cut_backdoor,attacked,137,11,density_gap_without_l0_support,L0_only,1,0,False,0,0.9375756606459618,0.7115010476657625,0.5266924495551965,0.3665123456790123,
fashion_mnist,cut_backdoor,attacked,137,12,no_density_gap,L0_only,0,0,False,0,0.9355311468243599,0.7460351906562397,0.5324499333471987,0.3842592592592593,
fashion_mnist,cut_backdoor,attacked,137,13,density_gap_without_l0_support,L0_only,1,0,False,0,0.909845158457756,0.7467856778746018,0.543677339870215,0.36496913580246915,
fashion_mnist,cut_backdoor,attacked,137,14,density_gap_without_l0_support,L0_only,1,0,False,0,0.9097468852996826,0.7723354879964778,0.5753685050533904,0.4097222222222222,
fashion_mnist,cut_backdoor,attacked,137,15,density_gap_without_l0_support,L0_only,1,0,False,0,0.8803456276655197,0.7241838152460108,0.5726823213563467,0.4012345679012346,
fashion_mnist,cut_backdoor,attacked,137,16,density_gap_without_l0_support,L0_only,1,0,False,0,0.8895793557167053,0.7295402610376849,0.6029201325456887,0.47608024691358025,
fashion_mnist,cut_backdoor,attacked,137,17,density_gap_without_l0_support,L0_only,1,0,False,0,0.9169014543294907,0.6723741701806119,0.6030029635695708,0.4375,
fashion_mnist,cut_backdoor,attacked,137,18,density_gap_without_l0_support,L0_only,1,0,False,0,0.8715054765343666,0.8103537370667732,0.5859936205819735,0.441358024691358,
fashion_mnist,cut_backdoor,attacked,137,19,density_gap_without_l0_support,L0_only,1,0,False,0,0.8226839452981949,0.7284270962264839,0.6259777753365664,0.48302469135802467,
fashion_mnist,cut_backdoor,attacked,137,20,density_gap_without_l0_support,L0_only,1,0,False,0,0.86051344871521,0.7877446315098268,0.5929186217100205,0.5015432098765431,
fashion_mnist,cut_backdoor,attacked,137,21,density_gap_without_l0_support,L0_only,1,0,False,0,0.8285197615623474,0.9740157284884342,0.9740157284884342,0.537037037037037,
fashion_mnist,cut_backdoor,attacked,137,22,density_gap_without_l0_support,L0_only,1,0,False,0,0.8273742347955704,0.7937830289867588,0.7937830289867588,0.5501543209876543,
fashion_mnist,cut_backdoor,attacked,137,23,density_gap_without_l0_support,L0_only,1,0,False,0,0.8575843647122383,0.7586131815388866,0.5756242114401424,0.45601851851851855,
fashion_mnist,cut_backdoor,attacked,137,24,density_gap_without_l0_support,L0_only,1,0,False,0,0.8375338837504387,0.7509311358909126,0.6025211477842269,0.4645061728395062,
fashion_mnist,cut_backdoor,attacked,137,25,density_gap_without_l0_support,L0_only,1,0,False,0,0.8102621510624886,0.8186261261851498,0.6021716748943658,0.42515432098765427,
fashion_mnist,cut_backdoor,attacked,137,26,density_gap_without_l0_support,L0_only,1,0,False,0,0.8335301280021667,0.7383369153226311,0.5881490441255077,0.4421296296296296,
fashion_mnist,cut_backdoor,attacked,137,27,density_gap_without_l0_support,L0_only,1,0,False,0,0.8033077046275139,0.781464602406636,0.6016274720389108,0.4305555555555556,
fashion_mnist,cut_backdoor,attacked,137,28,density_gap_without_l0_support,L0_only,1,0,False,0,0.8116145431995392,0.8433506595701984,0.6057924380348813,0.44830246913580246,
fashion_mnist,cut_backdoor,attacked,137,29,density_gap_without_l0_support,L0_only,1,0,False,0,0.8214475214481354,0.8068901276175975,0.6260894551268621,0.43287037037037035,
fashion_mnist,cut_backdoor,attacked,2024,0,density_gap_without_l0_support,L0_only,1,0,False,0,1.3828732818365097,0.5492212729419307,0.4644766058617359,0.3186728395061728,
fashion_mnist,cut_backdoor,attacked,2024,1,density_gap_without_l0_support,L0_only,1,0,False,0,1.2948212772607803,0.5545985720415516,0.46056223569445,0.2677469135802469,
fashion_mnist,cut_backdoor,attacked,2024,2,density_gap_without_l0_support,L0_only,1,0,False,0,1.2099512293934822,0.5701866300961832,0.49373320261245124,0.2824074074074074,
fashion_mnist,cut_backdoor,attacked,2024,3,density_gap_without_l0_support,L0_only,1,0,False,0,1.1233961954712868,0.5959047865101986,0.5285278053207234,0.2731481481481481,
fashion_mnist,cut_backdoor,attacked,2024,4,density_gap_without_l0_support,L0_only,1,0,False,0,1.0865740850567818,0.5589881148885535,0.5219299932483075,0.3140432098765432,
fashion_mnist,cut_backdoor,attacked,2024,5,density_gap_without_l0_support,L0_only,1,0,False,0,1.0230428725481033,0.6188838740579835,0.5241796165755435,0.3487654320987654,
fashion_mnist,cut_backdoor,attacked,2024,6,density_gap_without_l0_support,L0_only,1,0,False,0,1.0304318740963936,0.61256952301382,0.5837179842912867,0.36342592592592593,
fashion_mnist,cut_backdoor,attacked,2024,7,density_gap_without_l0_support,L0_only,1,0,False,0,0.9782423079013824,0.6511559934213502,0.5753704603272599,0.46141975308641975,
fashion_mnist,cut_backdoor,attacked,2024,8,density_gap_without_l0_support,L0_only,1,0,False,0,0.9488707780838013,0.6291798502582696,0.6074037291583042,0.40895061728395055,
fashion_mnist,cut_backdoor,attacked,2024,9,density_gap_without_l0_support,L0_only,1,0,False,0,0.924442708492279,0.6653243560832582,0.6653243560832582,0.4398148148148148,
fashion_mnist,cut_backdoor,attacked,2024,10,density_gap_without_l0_support,L0_only,1,0,False,0,0.9083079546689987,0.6557418143378823,0.6088655964927866,0.5162037037037037,
fashion_mnist,cut_backdoor,attacked,2024,11,density_gap_without_l0_support,L0_only,1,0,False,0,0.9061117097735405,0.6709068290254456,0.6147913040078401,0.47453703703703703,
fashion_mnist,cut_backdoor,attacked,2024,12,density_gap_without_l0_support,L0_only,1,0,False,0,0.8800595253705978,0.6934719634566967,0.6627249552762586,0.5254629629629629,
fashion_mnist,cut_backdoor,attacked,2024,13,density_gap_without_l0_support,L0_only,1,0,False,0,0.8886228874325752,0.6667166545323261,0.6208243394791494,0.5285493827160493,
fashion_mnist,cut_backdoor,attacked,2024,14,density_gap_without_l0_support,L0_only,1,0,False,0,0.8344343677163124,0.7208118405421771,0.7208118405421771,0.5015432098765432,
fashion_mnist,cut_backdoor,attacked,2024,15,density_gap_without_l0_support,L0_only,1,0,False,0,0.8486661687493324,0.689955585763688,0.6663951856110885,0.5895061728395061,
fashion_mnist,cut_backdoor,attacked,2024,16,density_gap_without_l0_support,L0_only,1,0,False,0,0.8577517792582512,0.7044762413399395,0.7044762413399395,0.4992283950617284,
fashion_mnist,cut_backdoor,attacked,2024,17,density_gap_without_l0_support,L0_only,1,0,False,0,0.8342685922980309,0.7124409241514755,0.6593986521916521,0.5154320987654322,
fashion_mnist,cut_backdoor,attacked,2024,18,density_gap_without_l0_support,L0_only,1,0,False,0,0.8158335834741592,0.7054761704934633,0.6285304576749465,0.558641975308642,
fashion_mnist,cut_backdoor,attacked,2024,19,density_gap_without_l0_support,L0_only,1,0,False,0,0.8397354558110237,0.7274410989129062,0.6552181119276257,0.4737654320987654,
fashion_mnist,cut_backdoor,attacked,2024,20,density_gap_without_l0_support,L0_only,1,0,False,0,0.8248379081487656,0.7389374576531912,0.681053876296238,0.4945987654320988,
fashion_mnist,cut_backdoor,attacked,2024,21,density_gap_without_l0_support,L0_only,1,0,False,0,0.8277424052357674,0.7155969963555953,0.6292417291608319,0.5262345679012346,
fashion_mnist,cut_backdoor,attacked,2024,22,density_gap_without_l0_support,L0_only,1,0,False,0,0.7798724621534348,0.7179887861888739,0.6782947723432402,0.5625,
fashion_mnist,cut_backdoor,attacked,2024,23,density_gap_without_l0_support,L0_only,1,0,False,0,0.8167994022369385,0.6987490896566017,0.6354562517057537,0.46990740740740744,
fashion_mnist,cut_backdoor,attacked,2024,24,density_gap_without_l0_support,L0_only,1,0,False,0,0.7832062616944313,0.7737341736478439,0.7737341736478439,0.5787037037037037,
fashion_mnist,cut_backdoor,attacked,2024,25,density_gap_without_l0_support,L0_only,1,0,False,0,0.7808580994606018,0.7245217689995707,0.7245217689995707,0.5625,
fashion_mnist,cut_backdoor,attacked,2024,26,density_gap_without_l0_support,L0_only,1,0,False,0,0.8042758330702782,0.752527731504244,0.6958443307117798,0.5200617283950617,
fashion_mnist,cut_backdoor,attacked,2024,27,no_density_gap,L0_only,0,0,False,0,0.8057820051908493,0.6813417964991845,0.6634918113442755,0.5216049382716049,
fashion_mnist,cut_backdoor,attacked,2024,28,density_gap_without_l0_support,L0_only,1,0,False,0,0.7689377665519714,0.7111588693114719,0.6955025857254313,0.5933641975308641,
fashion_mnist,cut_backdoor,attacked,2024,29,density_gap_without_l0_support,L0_only,1,0,False,0,0.7719336077570915,0.7525722036142767,0.7484941848863267,0.5177469135802469,
fashion_mnist,cut_backdoor,attacked,42,0,density_gap_without_l0_support,L0_only,1,0,False,0,1.3502752035856247,0.5534288060306723,0.4022566354175754,0.16049382716049382,
fashion_mnist,cut_backdoor,attacked,42,1,density_gap_without_l0_support,L0_only,1,0,False,0,1.3033966720104218,0.5841959714629573,0.4270771047315137,0.1720679012345679,
fashion_mnist,cut_backdoor,attacked,42,2,density_gap_without_l0_support,L0_only,1,0,False,0,1.2306131795048714,0.5813945084069542,0.46507152126590945,0.14660493827160492,
fashion_mnist,cut_backdoor,attacked,42,3,density_gap_without_l0_support,L0_only,1,0,False,0,1.173960193991661,0.6090145054522138,0.532146124928895,0.1875,
fashion_mnist,cut_backdoor,attacked,42,4,density_gap_without_l0_support,L0_only,1,0,False,0,1.1315840110182762,0.6267755040068671,0.49154768871869303,0.2253086419753086,
fashion_mnist,cut_backdoor,attacked,42,5,density_gap_without_l0_support,L0_only,1,0,False,0,1.0815715044736862,0.6390362706657279,0.5090269923267882,0.2800925925925926,
fashion_mnist,cut_backdoor,attacked,42,6,density_gap_without_l0_support,L0_only,1,0,False,0,1.0726530104875565,0.6687824084412587,0.5020876361968076,0.2646604938271605,
fashion_mnist,cut_backdoor,attacked,42,7,density_gap_without_l0_support,L0_only,1,0,False,0,1.038680039346218,0.6763410540654486,0.5199076747225032,0.2993827160493827,
fashion_mnist,cut_backdoor,attacked,42,8,density_gap_without_l0_support,L0_only,1,0,False,0,1.018148697912693,0.7277623155276438,0.498034837792973,0.32021604938271603,
fashion_mnist,cut_backdoor,attacked,42,9,density_gap_without_l0_support,L0_only,1,0,False,0,0.9941904619336128,0.734782438448842,0.49637122443058473,0.2962962962962963,
fashion_mnist,cut_backdoor,attacked,42,10,density_gap_without_l0_support,L0_only,1,0,False,0,0.9904584661126137,0.6745956856207581,0.49907461112149404,0.3317901234567901,
fashion_mnist,cut_backdoor,attacked,42,11,density_gap_without_l0_support,L0_only,1,0,False,0,0.970580205321312,0.7071675878241858,0.5349476126604726,0.3310185185185185,
fashion_mnist,cut_backdoor,attacked,42,12,density_gap_without_l0_support,L0_only,1,0,False,0,0.9580966457724571,0.6945339678959804,0.4595946663112315,0.36342592592592593,
fashion_mnist,cut_backdoor,attacked,42,13,density_gap_without_l0_support,L0_only,1,0,False,0,0.9644169732928276,0.737648761291315,0.5195631351234885,0.33641975308641975,
fashion_mnist,cut_backdoor,attacked,42,14,density_gap_without_l0_support,L0_only,1,0,False,0,0.9285494685173035,0.7910751212811267,0.5349975848085259,0.3950617283950617,
fashion_mnist,cut_backdoor,attacked,42,15,density_gap_without_l0_support,L0_only,1,0,False,0,0.9290021657943726,0.7726523106851182,0.5505414771010267,0.3773148148148148,
fashion_mnist,cut_backdoor,attacked,42,16,density_gap_without_l0_support,L0_only,1,0,False,0,0.9127118438482285,0.7529825567902463,0.6060920256802107,0.43981481481481477,
fashion_mnist,cut_backdoor,attacked,42,17,density_gap_without_l0_support,L0_only,1,0,False,0,0.902949869632721,0.7267636082549425,0.5925859719314528,0.42592592592592593,
fashion_mnist,cut_backdoor,attacked,42,18,density_gap_without_l0_support,L0_only,1,0,False,0,0.8941624313592911,0.7393852887762895,0.5387599369898707,0.4320987654320988,
fashion_mnist,cut_backdoor,attacked,42,19,density_gap_without_l0_support,L0_only,1,0,False,0,0.9016988053917885,0.7746967470450997,0.552679991933829,0.38811728395061723,
fashion_mnist,cut_backdoor,attacked,42,20,density_gap_without_l0_support,L0_only,1,0,False,0,0.9006432816386223,0.7766579878385003,0.5497564717810826,0.4174382716049383,
fashion_mnist,cut_backdoor,attacked,42,21,density_gap_without_l0_support,L0_only,1,0,False,0,0.8977870643138885,0.8018350368891212,0.5475527336589019,0.41820987654320985,
fashion_mnist,cut_backdoor,attacked,42,22,density_gap_without_l0_support,L0_only,1,0,False,0,0.8874953538179398,0.8169416428015975,0.5822892517739401,0.357253086419753,
fashion_mnist,cut_backdoor,attacked,42,23,density_gap_without_l0_support,L0_only,1,0,False,0,0.8781491965055466,0.8168550673030316,0.5897985282767249,0.41666666666666663,
fashion_mnist,cut_backdoor,attacked,42,24,density_gap_without_l0_support,L0_only,1,0,False,0,0.8900552615523338,0.7974246699943023,0.5149305931520273,0.408179012345679,
fashion_mnist,cut_backdoor,attacked,42,25,density_gap_without_l0_support,L0_only,1,0,False,0,0.8679510653018951,0.7755187587525652,0.549966049876037,0.4382716049382716,
fashion_mnist,cut_backdoor,attacked,42,26,density_gap_without_l0_support,L0_only,1,0,False,0,0.8724463358521461,0.7215025496003276,0.5253025281908669,0.3996913580246913,
fashion_mnist,cut_backdoor,attacked,42,27,density_gap_without_l0_support,L0_only,1,0,False,0,0.8579614013433456,0.7988601661971055,0.6001328138765578,0.3618827160493827,
fashion_mnist,cut_backdoor,attacked,42,28,density_gap_without_l0_support,L0_only,1,0,False,0,0.8149270340800285,0.8460261101776226,0.5768521184697185,0.36959876543209874,
fashion_mnist,cut_backdoor,attacked,42,29,density_gap_without_l0_support,L0_only,1,0,False,0,0.8658873662352562,0.7653974466051501,0.53574305782949,0.4182098765432099,
fashion_mnist,cut_gaussian,attacked,137,0,density_gap+l0_outlier_support,L0+L2_SNNC,1,1,False,18,1.9040191918611526,1050.2631485828406,1050.2631485828406,1.0,
fashion_mnist,cut_gaussian,attacked,137,1,density_gap+l0_outlier_support,L0+L2_SNNC,1,1,False,18,1.80643692612648,1107.4171586696234,1107.4171586696234,1.0,
fashion_mnist,cut_gaussian,attacked,137,2,density_gap+l0_outlier_support,L0+L2_SNNC,1,1,False,18,1.5719033032655716,1271.0046210566077,1271.0046210566077,1.0,
fashion_mnist,cut_gaussian,attacked,137,3,density_gap+l0_outlier_support,L0+L2_SNNC,1,1,False,18,1.3539866358041763,1477.7967073501363,1477.7967073501363,1.0,
fashion_mnist,cut_gaussian,attacked,137,4,density_gap+l0_outlier_support,L0+L2_SNNC,1,1,False,18,1.298731118440628,1539.5039858589796,1539.5039858589796,1.0,
fashion_mnist,cut_gaussian,attacked,137,5,density_gap+l0_outlier_support,L0+L2_SNNC,1,1,False,18,1.2813922017812729,1560.9738562338523,1560.9738562338523,1.0,
fashion_mnist,cut_gaussian,attacked,137,6,density_gap+l0_outlier_support,L0+L2_SNNC,1,1,False,18,1.2647461146116257,1582.8011089396343,1582.8011089396343,1.0,
fashion_mnist,cut_gaussian,attacked,137,7,density_gap+l0_outlier_support,L0+L2_SNNC,1,1,False,18,1.268489509820938,1577.420154031235,1577.420154031235,1.0,
fashion_mnist,cut_gaussian,attacked,137,8,density_gap+l0_outlier_support,L0+L2_SNNC,1,1,False,18,1.1321482807397842,1768.0350626309728,1768.0350626309728,1.0,
fashion_mnist,cut_gaussian,attacked,137,9,density_gap+l0_outlier_support,L0+L2_SNNC,1,1,False,18,1.152583360671997,1737.5908156014798,1737.5908156014798,1.0,
fashion_mnist,cut_gaussian,attacked,137,10,density_gap+l0_outlier_support,L0+L2_SNNC,1,1,False,18,1.17624182254076,1702.3652365559158,1702.3652365559158,1.0,
fashion_mnist,cut_gaussian,attacked,137,11,density_gap+l0_outlier_support,L0+L2_SNNC,1,1,False,18,1.1696632206439972,1711.9917083902533,1711.9917083902533,1.0,
fashion_mnist,cut_gaussian,attacked,137,12,density_gap+l0_outlier_support,L0+L2_SNNC,1,1,False,18,1.0509655252099037,1903.4480237147495,1903.4480237147495,1.0,
fashion_mnist,cut_gaussian,attacked,137,13,density_gap+l0_outlier_support,L0+L2_SNNC,1,1,False,18,1.1935936659574509,1676.949203362292,1676.949203362292,1.0,
fashion_mnist,cut_gaussian,attacked,137,14,density_gap+l0_outlier_support,L0+L2_SNNC,1,1,False,18,1.016523838043213,1969.653712229777,1969.653712229777,1.0,
fashion_mnist,cut_gaussian,attacked,137,15,density_gap+l0_outlier_support,L0+L2_SNNC,1,1,False,18,1.1913292855024338,1679.0268048076546,1679.0268048076546,1.0,
fashion_mnist,cut_gaussian,attacked,137,16,density_gap+l0_outlier_support,L0+L2_SNNC,1,1,False,18,1.0786692798137665,1854.5385070813268,1854.5385070813268,1.0,
fashion_mnist,cut_gaussian,attacked,137,17,density_gap+l0_outlier_support,L0+L2_SNNC,1,1,False,18,1.1854451149702072,1689.4126158405231,1689.4126158405231,1.0,
fashion_mnist,cut_gaussian,attacked,137,18,density_gap+l0_outlier_support,L0+L2_SNNC,1,1,False,18,1.0812602192163467,1851.10244687502,1851.10244687502,1.0,
fashion_mnist,cut_gaussian,attacked,137,19,density_gap+l0_outlier_support,L0+L2_SNNC,1,1,False,18,1.0987342521548271,1819.0501534299117,1819.0501534299117,1.0,
fashion_mnist,cut_gaussian,attacked,137,20,density_gap+l0_outlier_support,L0+L2_SNNC,1,1,False,18,1.0094454512000084,1982.8688098115315,1982.8688098115315,1.0,
fashion_mnist,cut_gaussian,attacked,137,21,density_gap+l0_outlier_support,L0+L2_SNNC,1,1,False,18,1.0600408911705017,1884.94591823739,1884.94591823739,1.0,
fashion_mnist,cut_gaussian,attacked,137,22,density_gap+l0_outlier_support,L0+L2_SNNC,1,1,False,18,1.1040205135941505,1810.1784310036924,1810.1784310036924,1.0,
fashion_mnist,cut_gaussian,attacked,137,23,density_gap+l0_outlier_support,L0+L2_SNNC,1,1,False,18,1.0637886449694633,1880.6470358324714,1880.6470358324714,1.0,
fashion_mnist,cut_gaussian,attacked,137,24,density_gap+l0_outlier_support,L0+L2_SNNC,1,1,False,18,1.06648288667202,1871.3121767354978,1871.3121767354978,1.0,
fashion_mnist,cut_gaussian,attacked,137,25,density_gap+l0_outlier_support,L0+L2_SNNC,1,1,False,18,1.0027000680565834,1994.2706070751533,1994.2706070751533,1.0,
fashion_mnist,cut_gaussian,attacked,137,26,density_gap+l0_outlier_support,L0+L2_SNNC,1,1,False,18,1.0608495399355888,1886.397307521873,1886.397307521873,1.0,
fashion_mnist,cut_gaussian,attacked,137,27,density_gap+l0_outlier_support,L0+L2_SNNC,1,1,False,18,0.9907970204949379,2015.774150656261,2015.774150656261,1.0,
fashion_mnist,cut_gaussian,attacked,137,28,density_gap+l0_outlier_support,L0+L2_SNNC,1,1,False,18,1.0550058260560036,1893.7295914487863,1893.7295914487863,1.0,
fashion_mnist,cut_gaussian,attacked,137,29,density_gap+l0_outlier_support,L0+L2_SNNC,1,1,False,18,1.011272557079792,1975.9871685334574,1975.9871685334574,1.0,
fashion_mnist,cut_gaussian,attacked,2024,0,density_gap+l0_outlier_support,L0+L2_SNNC,1,1,False,18,1.7695070803165436,1130.2592983673799,1130.2592983673799,1.0,
fashion_mnist,cut_gaussian,attacked,2024,1,density_gap+l0_outlier_support,L0+L2_SNNC,1,1,False,18,1.480746865272522,1349.0081239602123,1349.0081239602123,1.0,
fashion_mnist,cut_gaussian,attacked,2024,2,density_gap+l0_outlier_support,L0+L2_SNNC,1,1,False,18,1.2046226114034653,1659.599666529999,1659.599666529999,1.0,
fashion_mnist,cut_gaussian,attacked,2024,3,density_gap+l0_outlier_support,L0+L2_SNNC,1,1,False,18,1.0997795313596725,1818.7339951904314,1818.7339951904314,1.0,
fashion_mnist,cut_gaussian,attacked,2024,4,density_gap+l0_outlier_support,L0+L2_SNNC,1,1,False,20,0.9736599773168564,2051.965191525747,2051.965191525747,1.0,
fashion_mnist,cut_gaussian,attacked,2024,5,density_gap+l0_outlier_support,L0+L2_SNNC,1,1,False,18,1.059001088142395,1888.0292675953124,1888.0292675953124,1.0,
fashion_mnist,cut_gaussian,attacked,2024,6,density_gap+l0_outlier_support,L0+L2_SNNC,1,1,False,18,0.9719491377472878,2058.4906053649056,2058.4906053649056,1.0,
fashion_mnist,cut_gaussian,attacked,2024,7,density_gap+l0_outlier_support,L0+L2_SNNC,1,1,False,20,0.9350148215889931,2137.733361844301,2137.733361844301,1.0,
fashion_mnist,cut_gaussian,attacked,2024,8,density_gap+l0_outlier_support,L0+L2_SNNC,1,1,False,22,0.8950547128915787,2236.5435638618487,2236.5435638618487,1.0,
fashion_mnist,cut_gaussian,attacked,2024,9,density_gap+l0_outlier_support,L0+L2_SNNC,1,1,False,23,0.8562164008617401,2333.461489450608,2333.461489450608,1.0,
fashion_mnist,cut_gaussian,attacked,2024,10,density_gap+l0_outlier_support,L0+L2_SNNC,1,1,False,22,0.8563857525587082,2334.860919862731,2334.860919862731,1.0,
fashion_mnist,cut_gaussian,attacked,2024,11,density_gap+l0_outlier_support,L0+L2_SNNC,1,1,False,21,0.8580690994858742,2327.7074812522933,2327.7074812522933,1.0,
fashion_mnist,cut_gaussian,attacked,2024,12,density_gap+l0_outlier_support,L0+L2_SNNC,1,1,False,23,0.82813810557127,2419.2997143205835,2419.2997143205835,1.0,
fashion_mnist,cut_gaussian,attacked,2024,13,density_gap+l0_outlier_support,L0+L2_SNNC,1,1,False,23,0.849246010184288,2355.243364451479,2355.243364451479,1.0,
fashion_mnist,cut_gaussian,attacked,2024,14,density_gap+l0_outlier_support,L0+L2_SNNC,1,1,False,22,0.8326734229922295,2404.1874026766486,2404.1874026766486,1.0,
fashion_mnist,cut_gaussian,attacked,2024,15,density_gap+l0_outlier_support,L0+L2_SNNC,1,1,False,23,0.8461820334196091,2361.7902976799955,2361.7902976799955,1.0,
fashion_mnist,cut_gaussian,attacked,2024,16,density_gap+l0_outlier_support,L0+L2_SNNC,1,1,False,20,0.8087809011340141,2475.5441785966977,2475.5441785966977,1.0,
fashion_mnist,cut_gaussian,attacked,2024,17,density_gap+l0_outlier_support,L0+L2_SNNC,1,1,False,20,0.837155319750309,2387.741090680995,2387.741090680995,1.0,
fashion_mnist,cut_gaussian,attacked,2024,18,density_gap+l0_outlier_support,L0+L2_SNNC,1,1,False,22,0.8188384026288986,2442.6829411452663,2442.6829411452663,1.0,
fashion_mnist,cut_gaussian,attacked,2024,19,density_gap+l0_outlier_support,L0+L2_SNNC,1,1,False,22,0.8142362907528877,2457.4612115511427,2457.4612115511427,1.0,
fashion_mnist,cut_gaussian,attacked,2024,20,density_gap+l0_outlier_support,L0+L2_SNNC,1,1,False,21,0.7857397198677063,2540.9161950385073,2540.9161950385073,1.0,
fashion_mnist,cut_gaussian,attacked,2024,21,density_gap+l0_outlier_support,L0+L2_SNNC,1,1,False,23,0.8063370361924171,2480.4398990341624,2480.4398990341624,1.0,
fashion_mnist,cut_gaussian,attacked,2024,22,density_gap+l0_outlier_support,L0+L2_SNNC,1,1,False,23,0.7812688499689102,2557.0806466099175,2557.0806466099175,1.0,
fashion_mnist,cut_gaussian,attacked,2024,23,density_gap+l0_outlier_support,L0+L2_SNNC,1,1,False,23,0.7866111397743225,2540.9834263395605,2540.9834263395605,1.0,
fashion_mnist,cut_gaussian,attacked,2024,24,density_gap+l0_outlier_support,L0+L2_SNNC,1,1,False,21,0.7641857117414474,2619.7175016942538,2619.7175016942538,1.0,
fashion_mnist,cut_gaussian,attacked,2024,25,density_gap+l0_outlier_support,L0+L2_SNNC,1,1,False,22,0.7791336253285408,2565.0713308035984,2565.0713308035984,1.0,
fashion_mnist,cut_gaussian,attacked,2024,26,density_gap+l0_outlier_support,L0+L2_SNNC,1,1,False,23,0.7761581987142563,2576.6318060932367,2576.6318060932367,1.0,
fashion_mnist,cut_gaussian,attacked,2024,27,density_gap+l0_outlier_support,L0+L2_SNNC,1,1,False,23,0.7713080570101738,2591.2333496211454,2591.2333496211454,1.0,
fashion_mnist,cut_gaussian,attacked,2024,28,density_gap+l0_outlier_support,L0+L2_SNNC,1,1,False,23,0.7983028516173363,2504.4058003071405,2504.4058003071405,1.0,
fashion_mnist,cut_gaussian,attacked,2024,29,density_gap+l0_outlier_support,L0+L2_SNNC,1,1,False,23,0.7851729542016983,2547.404448240926,2547.404448240926,1.0,
fashion_mnist,cut_gaussian,attacked,42,0,density_gap+l0_outlier_support,L0+L2_SNNC,1,1,False,18,1.8159226328134537,1101.839264648882,1101.839264648882,1.0,
fashion_mnist,cut_gaussian,attacked,42,1,density_gap+l0_outlier_support,L0+L2_SNNC,1,1,False,18,1.6733471304178238,1195.0261647243,1195.0261647243,1.0,
fashion_mnist,cut_gaussian,attacked,42,2,density_gap+l0_outlier_support,L0+L2_SNNC,1,1,False,18,1.5206775814294815,1316.8022367651765,1316.8022367651765,1.0,
fashion_mnist,cut_gaussian,attacked,42,3,density_gap+l0_outlier_support,L0+L2_SNNC,1,1,False,18,1.6181430965662003,1236.49354038836,1236.49354038836,1.0,
fashion_mnist,cut_gaussian,attacked,42,4,density_gap+l0_outlier_support,L0+L2_SNNC,1,1,False,18,1.6817407310009003,1190.1689155146687,1190.1689155146687,1.0,
fashion_mnist,cut_gaussian,attacked,42,5,density_gap+l0_outlier_support,L0+L2_SNNC,1,1,False,18,1.5428698062896729,1297.7517316938806,1297.7517316938806,1.0,
fashion_mnist,cut_gaussian,attacked,42,6,density_gap+l0_outlier_support,L0+L2_SNNC,1,1,False,18,1.6011326014995575,1249.783948153093,1249.783948153093,1.0,
fashion_mnist,cut_gaussian,attacked,42,7,density_gap+l0_outlier_support,L0+L2_SNNC,1,1,False,18,1.1823341995477676,1692.9013776968345,1692.9013776968345,1.0,
fashion_mnist,cut_gaussian,attacked,42,8,density_gap+l0_outlier_support,L0+L2_SNNC,1,1,False,18,1.7199835926294327,1162.3345115788109,1162.3345115788109,1.0,
fashion_mnist,cut_gaussian,attacked,42,9,density_gap+l0_outlier_support,L0+L2_SNNC,1,1,False,18,1.4673823118209839,1365.9761082986474,1365.9761082986474,1.0,
fashion_mnist,cut_gaussian,attacked,42,10,density_gap+l0_outlier_support,L0+L2_SNNC,1,1,False,18,1.492614597082138,1338.065641658631,1338.065641658631,1.0,
fashion_mnist,cut_gaussian,attacked,42,11,density_gap+l0_outlier_support,L0+L2_SNNC,1,1,False,18,1.4556707441806793,1373.5030205527964,1373.5030205527964,1.0,
fashion_mnist,cut_gaussian,attacked,42,12,density_gap+l0_outlier_support,L0+L2_SNNC,1,1,False,18,1.5244345366954803,1311.923523233467,1311.923523233467,1.0,
fashion_mnist,cut_gaussian,attacked,42,13,density_gap+l0_outlier_support,L0+L2_SNNC,1,1,False,18,1.3852134346961975,1441.7745867312965,1441.7745867312965,1.0,
fashion_mnist,cut_gaussian,attacked,42,14,density_gap+l0_outlier_support,L0+L2_SNNC,1,1,False,18,1.4871860295534134,1344.6834450120996,1344.6834450120996,1.0,
fashion_mnist,cut_gaussian,attacked,42,15,density_gap+l0_outlier_support,L0+L2_SNNC,1,1,False,18,1.3387899100780487,1492.7361402740976,1492.7361402740976,1.0,
fashion_mnist,cut_gaussian,attacked,42,16,density_gap+l0_outlier_support,L0+L2_SNNC,1,1,False,18,1.3914898782968521,1435.8617275695601,1435.8617275695601,1.0,
fashion_mnist,cut_gaussian,attacked,42,17,density_gap+l0_outlier_support,L0+L2_SNNC,1,1,False,18,1.3778530061244965,1449.6027287823706,1449.6027287823706,1.0,
fashion_mnist,cut_gaussian,attacked,42,18,density_gap+l0_outlier_support,L0+L2_SNNC,1,1,False,18,1.355525180697441,1473.0561090795304,1473.0561090795304,1.0,
fashion_mnist,cut_gaussian,attacked,42,19,density_gap+l0_outlier_support,L0+L2_SNNC,1,1,False,18,1.2318957224488258,1625.3260249611344,1625.3260249611344,1.0,
fashion_mnist,cut_gaussian,attacked,42,20,density_gap+l0_outlier_support,L0+L2_SNNC,1,1,False,18,1.163232959806919,1718.085718512141,1718.085718512141,1.0,
fashion_mnist,cut_gaussian,attacked,42,21,density_gap+l0_outlier_support,L0+L2_SNNC,1,1,False,18,1.2529688701033592,1597.0159181238746,1597.0159181238746,1.0,
fashion_mnist,cut_gaussian,attacked,42,22,density_gap+l0_outlier_support,L0+L2_SNNC,1,1,False,18,0.9779505431652069,2047.8455320539729,2047.8455320539729,1.0,
fashion_mnist,cut_gaussian,attacked,42,23,density_gap+l0_outlier_support,L0+L2_SNNC,1,1,False,18,1.267794519662857,1578.0942319280914,1578.0942319280914,1.0,
fashion_mnist,cut_gaussian,attacked,42,24,density_gap+l0_outlier_support,L0+L2_SNNC,1,1,False,18,1.1827155947685242,1690.066221011028,1690.066221011028,1.0,
fashion_mnist,cut_gaussian,attacked,42,25,density_gap+l0_outlier_support,L0+L2_SNNC,1,1,False,29,0.5938843823969364,3368.7110441515592,3368.7110441515592,1.0,
fashion_mnist,cut_gaussian,attacked,42,26,density_gap+l0_outlier_support,L0+L2_SNNC,1,1,False,18,1.3678324222564697,1461.5410162442556,1461.5410162442556,1.0,
fashion_mnist,cut_gaussian,attacked,42,27,density_gap+l0_outlier_support,L0+L2_SNNC,1,1,False,18,1.092946119606495,1828.734813463338,1828.734813463338,1.0,
fashion_mnist,cut_gaussian,attacked,42,28,density_gap+l0_outlier_support,L0+L2_SNNC,1,1,False,18,1.188555359840393,1681.9414845554181,1681.9414845554181,1.0,
fashion_mnist,cut_gaussian,attacked,42,29,density_gap+l0_outlier_support,L0+L2_SNNC,1,1,False,18,1.0723379999399185,1865.3503007953282,1865.3503007953282,1.0,
fashion_mnist,cut_minmax,attacked,137,0,density_gap_without_l0_support,L0_only,1,0,False,0,1.687910407781601,0.47981538529447465,0.4263456272967038,0.6805555555555556,0.9999986656470574
fashion_mnist,cut_minmax,attacked,137,1,density_gap_without_l0_support,L0_only,1,0,False,0,1.7267682403326035,0.47139446083068254,0.45202877371534556,0.9166666666666666,0.9999988465806837
fashion_mnist,cut_minmax,attacked,137,2,density_gap_without_l0_support,L0_only,1,0,False,0,1.5885162353515625,0.5179719018659046,0.4,0.4305555555555556,0.9999989020939369
fashion_mnist,cut_minmax,attacked,137,3,density_gap_without_l0_support,L0_only,1,0,False,0,1.632528305053711,0.500398367536496,0.4,0.5,0.9999988370420174
fashion_mnist,cut_minmax,attacked,137,4,density_gap_without_l0_support,L0_only,1,0,False,0,1.7051487416028976,0.490825727158021,0.41958981337115303,0.75,0.9999988877627698
fashion_mnist,cut_minmax,attacked,137,5,density_gap_without_l0_support,L0_only,1,0,False,0,1.6978847235441208,0.5015858307893373,0.41714074606438484,0.7222222222222222,0.99999879783524
fashion_mnist,cut_minmax,attacked,137,6,density_gap_without_l0_support,L0_only,1,0,False,0,1.6783878952264786,0.49507522570419127,0.4020568616040678,0.6388888888888888,0.9999987875771132
fashion_mnist,cut_minmax,attacked,137,7,density_gap_without_l0_support,L0_only,1,0,False,0,1.6920093446969986,0.49834904059993573,0.4231626351043263,0.7361111111111112,0.9999988334393175
fashion_mnist,cut_minmax,attacked,137,8,density_gap_without_l0_support,L0_only,1,0,False,0,1.6647234559059143,0.5003922565537958,0.44146308060405826,0.8611111111111112,0.9999987295670073
fashion_mnist,cut_minmax,attacked,137,9,density_gap_without_l0_support,L0_only,1,0,False,0,1.6656462103128433,0.5017235296683094,0.4243388363487532,0.7916666666666666,0.9999987559758449
fashion_mnist,cut_minmax,attacked,137,10,density_gap_without_l0_support,L0_only,1,0,False,0,1.6695386171340942,0.5182949360251137,0.4666486970286906,0.9583333333333334,0.9999987991176441
fashion_mnist,cut_minmax,attacked,137,11,density_gap_without_l0_support,L0_only,1,0,False,0,1.6042526066303253,0.5062135395859374,0.4,0.5416666666666667,0.9999988013294571
fashion_mnist,cut_minmax,attacked,137,12,density_gap_without_l0_support,L0_only,1,0,False,0,1.633995696902275,0.5095181508978178,0.46389724117588343,0.9305555555555556,0.9999987825886357
fashion_mnist,cut_minmax,attacked,137,13,density_gap_without_l0_support,L0_only,1,0,False,0,1.6509892046451569,0.5061586243042506,0.4065935226367809,0.6666666666666667,0.9999987577432271
fashion_mnist,cut_minmax,attacked,137,14,density_gap_without_l0_support,L0_only,1,0,False,0,1.6130916774272919,0.5195119015452263,0.43897271893785605,0.7638888888888888,0.9999988430755744
fashion_mnist,cut_minmax,attacked,137,15,density_gap_without_l0_support,L0_only,1,0,False,0,1.6603291779756546,0.49949333083115255,0.42538347513329966,0.7361111111111112,0.9999987269443513
fashion_mnist,cut_minmax,attacked,137,16,density_gap_without_l0_support,L0_only,1,0,False,0,1.6106274724006653,0.5201335067979259,0.48782501712965937,0.9583333333333334,0.9999987898654856
fashion_mnist,cut_minmax,attacked,137,17,density_gap_without_l0_support,L0_only,1,0,False,0,1.6294453293085098,0.5161936155138227,0.4165502905915374,0.6944444444444444,0.999998755724996
fashion_mnist,cut_minmax,attacked,137,18,density_gap_without_l0_support,L0_only,1,0,False,0,1.6335447877645493,0.5110875875544645,0.44467563998778203,0.7777777777777778,0.9999987338007568
fashion_mnist,cut_minmax,attacked,137,19,density_gap_without_l0_support,L0_only,1,0,False,0,1.641237959265709,0.506177578747143,0.4295047970742031,0.7361111111111112,0.9999988487847703
fashion_mnist,cut_minmax,attacked,137,20,density_gap_without_l0_support,L0_only,1,0,False,0,1.623389795422554,0.5122809829228994,0.4763224209683438,0.9583333333333334,0.9999986952313226
fashion_mnist,cut_minmax,attacked,137,21,density_gap_without_l0_support,L0_only,1,0,False,0,1.6535361856222153,0.49397835490364767,0.44748464936875115,0.8888888888888888,0.9999988399986977
fashion_mnist,cut_minmax,attacked,137,22,density_gap_without_l0_support,L0_only,1,0,False,0,1.6562973707914352,0.50440400051335,0.46834027224013985,0.9305555555555556,0.9999987580917397
fashion_mnist,cut_minmax,attacked,137,23,density_gap_without_l0_support,L0_only,1,0,False,0,1.6699201613664627,0.5027845757041727,0.4291215626586531,0.7916666666666666,0.9999987480638107
fashion_mnist,cut_minmax,attacked,137,24,density_gap_without_l0_support,L0_only,1,0,False,0,1.6661440581083298,0.49662903792925395,0.4330818495357004,0.7916666666666666,0.99999877699237
fashion_mnist,cut_minmax,attacked,137,25,density_gap_without_l0_support,L0_only,1,0,False,0,1.6256096214056015,0.5314578049892653,0.471530008644474,0.9722222222222222,0.9999987046017791
fashion_mnist,cut_minmax,attacked,137,26,density_gap_without_l0_support,L0_only,1,0,False,0,1.6682381927967072,0.4969993542858883,0.4623075083715508,0.9583333333333334,0.9999988241432538
fashion_mnist,cut_minmax,attacked,137,27,density_gap_without_l0_support,L0_only,1,0,False,0,1.6372457146644592,0.5262786999982707,0.444197838063158,0.8333333333333334,0.9999987924992276
fashion_mnist,cut_minmax,attacked,137,28,density_gap_without_l0_support,L0_only,1,0,False,0,1.6197970509529114,0.5072473794128832,0.42129050288888764,0.7222222222222222,0.9999988756886583
fashion_mnist,cut_minmax,attacked,137,29,density_gap_without_l0_support,L0_only,1,0,False,0,1.6359058767557144,0.5085081371534057,0.42281027202696647,0.75,0.9999987270190727
fashion_mnist,cut_minmax,attacked,2024,0,density_gap_without_l0_support,L0_only,1,0,False,0,1.7777792364358902,0.4466167711938029,0.3060240730576139,0.01388888888888884,0.9999989532900179
fashion_mnist,cut_minmax,attacked,2024,1,density_gap_without_l0_support,L0_only,1,0,False,0,1.6397690773010254,0.493650847886427,0.4,0.4305555555555556,0.9999987574339705
fashion_mnist,cut_minmax,attacked,2024,2,density_gap_without_l0_support,L0_only,1,0,False,0,1.6071060299873352,0.5307168237382183,0.47679546218646346,0.9305555555555556,0.9999986436967623
fashion_mnist,cut_minmax,attacked,2024,3,density_gap_without_l0_support,L0_only,1,0,False,0,1.556733101606369,0.542712393985714,0.5280321284679258,0.9583333333333334,0.9999986058996663
fashion_mnist,cut_minmax,attacked,2024,4,density_gap_without_l0_support,L0_only,1,0,False,0,1.5415217727422714,0.5569372770506268,0.5136943410461743,0.9444444444444444,0.9999986005682683
fashion_mnist,cut_minmax,attacked,2024,5,density_gap_without_l0_support,L0_only,1,0,False,0,1.5317059308290482,0.551770166360309,0.4953865776926385,0.9027777777777778,0.9999986156095256
fashion_mnist,cut_minmax,attacked,2024,6,density_gap_without_l0_support,L0_only,1,0,False,0,1.5119238197803497,0.5685129104074776,0.5181691266484132,0.9583333333333334,0.9999985901706545
fashion_mnist,cut_minmax,attacked,2024,7,density_gap_without_l0_support,L0_only,1,0,False,0,1.5125222504138947,0.5636351402141696,0.5210451840894391,0.9305555555555556,0.9999988998300996
fashion_mnist,cut_minmax,attacked,2024,8,density_gap_without_l0_support,L0_only,1,0,False,0,1.5031518787145615,0.5742133752612086,0.5359219940081179,0.9583333333333334,0.9999988951767005
fashion_mnist,cut_minmax,attacked,2024,9,density_gap_without_l0_support,L0_only,1,0,False,0,1.4915944635868073,0.5816170976773942,0.5233855891569973,0.9305555555555556,0.9999989270965841
fashion_mnist,cut_minmax,attacked,2024,10,density_gap_without_l0_support,L0_only,1,0,False,0,1.491757556796074,0.5696992477935929,0.5310953718930912,0.9722222222222222,0.9999985671952422
fashion_mnist,cut_minmax,attacked,2024,11,density_gap_without_l0_support,L0_only,1,0,False,0,1.4901020377874374,0.5758010413198404,0.5502173195536698,0.9722222222222222,0.9999985523630004
fashion_mnist,cut_minmax,attacked,2024,12,density_gap_without_l0_support,L0_only,1,0,False,0,1.4829637855291367,0.587772459640405,0.5632024874594321,0.9583333333333334,0.999998543228013
fashion_mnist,cut_minmax,attacked,2024,13,density_gap_without_l0_support,L0_only,1,0,False,0,1.5007620304822922,0.565949061820185,0.5102361344726801,0.9027777777777778,0.9999985982841044
fashion_mnist,cut_minmax,attacked,2024,14,density_gap_without_l0_support,L0_only,1,0,False,0,1.4841878414154053,0.5784320741638534,0.5315416452815883,0.9444444444444444,0.9999989038088124
fashion_mnist,cut_minmax,attacked,2024,15,density_gap_without_l0_support,L0_only,1,0,False,0,1.489613726735115,0.5747972729005584,0.5510332208504097,0.9583333333333334,0.9999988700449748
fashion_mnist,cut_minmax,attacked,2024,16,density_gap_without_l0_support,L0_only,1,0,False,0,1.5085852891206741,0.5638561531031704,0.5558623913831214,0.9722222222222222,0.9999985399218926
fashion_mnist,cut_minmax,attacked,2024,17,density_gap_without_l0_support,L0_only,1,0,False,0,1.5151189267635345,0.5567671876811787,0.5271330616453466,0.9722222222222222,0.9999985735625674
fashion_mnist,cut_minmax,attacked,2024,18,density_gap_without_l0_support,L0_only,1,0,False,0,1.4930219203233719,0.5728131457251786,0.5506604246389328,0.9722222222222222,0.9999985437922125
fashion_mnist,cut_minmax,attacked,2024,19,density_gap_without_l0_support,L0_only,1,0,False,0,1.4933186024427414,0.5688835040173411,0.5477774640631088,0.9722222222222222,0.9999985472408311
fashion_mnist,cut_minmax,attacked,2024,20,density_gap_without_l0_support,L0_only,1,0,False,0,1.487543061375618,0.5737000365380921,0.5497882268206625,0.9861111111111112,0.9999985750332244
fashion_mnist,cut_minmax,attacked,2024,21,density_gap_without_l0_support,L0_only,1,0,False,0,1.5274173766374588,0.5627855001078259,0.514544100530671,0.9305555555555556,0.9999989074062251
fashion_mnist,cut_minmax,attacked,2024,22,density_gap_without_l0_support,L0_only,1,0,False,0,1.4902812987565994,0.5898828514859128,0.5267862457446592,0.9444444444444444,0.9999989415647479
fashion_mnist,cut_minmax,attacked,2024,23,density_gap_without_l0_support,L0_only,1,0,False,0,1.4859171956777573,0.5758781783247925,0.5440386994492431,0.9583333333333334,0.9999988829055152
fashion_mnist,cut_minmax,attacked,2024,24,density_gap_without_l0_support,L0_only,1,0,False,0,1.4900808036327362,0.5720866384533313,0.5461661441376161,0.9861111111111112,0.9999985589339002
fashion_mnist,cut_minmax,attacked,2024,25,density_gap_without_l0_support,L0_only,1,0,False,0,1.4941395819187164,0.5777952151396015,0.5478034758348982,0.9583333333333334,0.9999985524330252
fashion_mnist,cut_minmax,attacked,2024,26,density_gap_without_l0_support,L0_only,1,0,False,0,1.50185227394104,0.5713235755192106,0.5503842139310788,0.9583333333333334,0.9999985801760138
fashion_mnist,cut_minmax,attacked,2024,27,density_gap_without_l0_support,L0_only,1,0,False,0,1.530454307794571,0.5581999677724168,0.5194980870349212,0.9305555555555556,0.9999988915722565
fashion_mnist,cut_minmax,attacked,2024,28,density_gap_without_l0_support,L0_only,1,0,False,0,1.5281514823436737,0.5677528126810353,0.5238930963269451,0.9583333333333334,0.9999989086604235
fashion_mnist,cut_minmax,attacked,2024,29,density_gap_without_l0_support,L0_only,1,0,False,0,1.517665907740593,0.5801921642009945,0.5206612721686998,0.9305555555555556,0.9999989303799511
fashion_mnist,cut_minmax,attacked,42,0,density_gap_without_l0_support,L0_only,1,0,False,0,1.7596093565225601,0.4637491083253021,0.3298059620163833,0.01388888888888884,0.9999989093166148
fashion_mnist,cut_minmax,attacked,42,1,density_gap_without_l0_support,L0_only,1,0,False,0,1.6324910521507263,0.5103746788588195,0.4599374814133808,0.7916666666666666,0.9999986560759713
fashion_mnist,cut_minmax,attacked,42,2,density_gap_without_l0_support,L0_only,1,0,False,0,1.4615299552679062,0.5826408139792559,0.5491028670357845,0.9305555555555556,0.9999985761868153
fashion_mnist,cut_minmax,attacked,42,3,density_gap_without_l0_support,L0_only,1,0,False,0,1.7409653216600418,0.4957082559854796,0.4853174633233478,0.9861111111111112,0.9999985326628154
fashion_mnist,cut_minmax,attacked,42,4,density_gap_without_l0_support,L0_only,1,0,False,0,1.7555249482393265,0.5114622763006108,0.47434151999954843,0.9444444444444444,0.999998552939239
fashion_mnist,cut_minmax,attacked,42,5,density_gap_without_l0_support,L0_only,1,0,False,0,1.7644304037094116,0.508964223303447,0.4803049972924337,0.9722222222222222,0.9999985521513235
fashion_mnist,cut_minmax,attacked,42,6,density_gap_without_l0_support,L0_only,1,0,False,0,1.7417867481708527,0.5152342647528222,0.4923172713882439,0.9861111111111112,0.9999985418138759
fashion_mnist,cut_minmax,attacked,42,7,density_gap_without_l0_support,L0_only,1,0,False,0,1.4631228148937225,0.5915394377610985,0.5541238175423988,0.9444444444444444,0.9999985805806157
fashion_mnist,cut_minmax,attacked,42,8,density_gap_without_l0_support,L0_only,1,0,False,0,1.7700094729661942,0.5100481570119375,0.4885723816874128,0.9722222222222222,0.9999985198303915
fashion_mnist,cut_minmax,attacked,42,9,density_gap_without_l0_support,L0_only,1,0,False,0,1.7698699980974197,0.5040164147083916,0.4546793061930702,0.9027777777777778,0.9999985815637987
fashion_mnist,cut_minmax,attacked,42,10,density_gap_without_l0_support,L0_only,1,0,False,0,1.628708764910698,0.5414436738543393,0.5288362998640587,0.9861111111111112,0.9999985358341187
fashion_mnist,cut_minmax,attacked,42,11,density_gap_without_l0_support,L0_only,1,0,False,0,1.7521308362483978,0.5176379579075331,0.5176379579075331,1.0,0.9999985027069842
fashion_mnist,cut_minmax,attacked,42,12,density_gap_without_l0_support,L0_only,1,0,False,0,1.762266457080841,0.5049910665741052,0.484057880820573,0.9861111111111112,0.9999985483920728
fashion_mnist,cut_minmax,attacked,42,13,density_gap_without_l0_support,L0_only,1,0,False,0,1.7605788260698318,0.46754667745855716,0.45591394937192153,0.9444444444444444,0.9999985767575256
fashion_mnist,cut_minmax,attacked,42,14,density_gap_without_l0_support,L0_only,1,0,False,0,1.7222218960523605,0.522669502771566,0.49502184075626887,0.9722222222222222,0.9999985366196615
fashion_mnist,cut_minmax,attacked,42,15,density_gap_without_l0_support,L0_only,1,0,False,0,1.7678993195295334,0.5061747463782026,0.48722808836672665,0.9861111111111112,0.999998535005492
fashion_mnist,cut_minmax,attacked,42,16,density_gap_without_l0_support,L0_only,1,0,False,0,1.7226039618253708,0.5174836299321651,0.494994225661936,0.9861111111111112,0.9999985394928782
fashion_mnist,cut_minmax,attacked,42,17,density_gap_without_l0_support,L0_only,1,0,False,0,1.7577490210533142,0.5152204627072748,0.5152204627072748,1.0,0.9999985071446059
fashion_mnist,cut_minmax,attacked,42,18,density_gap_without_l0_support,L0_only,1,0,False,0,1.7446071654558182,0.5068132473905032,0.46686422339931366,0.9583333333333334,0.9999985790802867
fashion_mnist,cut_minmax,attacked,42,19,density_gap_without_l0_support,L0_only,1,0,False,0,1.5983884036540985,0.5577296372393012,0.522943451901781,0.9722222222222222,0.9999985584169313
fashion_mnist,cut_minmax,attacked,42,20,density_gap_without_l0_support,L0_only,1,0,False,0,1.6355829685926437,0.5123271540458199,0.48422744040600896,0.875,0.9999985777478254
fashion_mnist,cut_minmax,attacked,42,21,density_gap_without_l0_support,L0_only,1,0,False,0,1.7689520120620728,0.510709348209403,0.4962355731113424,0.9861111111111112,0.9999985046147332
fashion_mnist,cut_minmax,attacked,42,22,density_gap_without_l0_support,L0_only,1,0,False,0,1.4508679509162903,0.6179214736956703,0.5727261952568707,0.9722222222222222,0.9999985552220195
fashion_mnist,cut_minmax,attacked,42,23,density_gap_without_l0_support,L0_only,1,0,False,0,1.7654791474342346,0.5082440898958721,0.487795454564637,0.9861111111111112,0.9999985312578067
fashion_mnist,cut_minmax,attacked,42,24,density_gap_without_l0_support,L0_only,1,0,False,0,1.6322991251945496,0.5741476080259452,0.5741476080259452,1.0,0.9999984535368336
fashion_mnist,cut_minmax,attacked,42,25,density_gap_without_l0_support,L0_only,1,0,False,0,1.386823058128357,0.6438583695469512,0.603817161021411,0.9722222222222222,0.9999985525537907
fashion_mnist,cut_minmax,attacked,42,26,density_gap_without_l0_support,L0_only,1,0,False,0,1.6285066306591034,0.5540986993631369,0.5196644475296885,0.9722222222222222,0.9999985309534315
fashion_mnist,cut_minmax,attacked,42,27,density_gap_without_l0_support,L0_only,1,0,False,0,1.4756308495998383,0.5927512354850264,0.5848229655659702,0.9861111111111112,0.9999988347193215
fashion_mnist,cut_minmax,attacked,42,28,density_gap_without_l0_support,L0_only,1,0,False,0,1.739591509103775,0.5173902008368709,0.5040242839745521,0.9722222222222222,0.9999985191960125
fashion_mnist,cut_minmax,attacked,42,29,density_gap_without_l0_support,L0_only,1,0,False,0,1.644752323627472,0.5442362235913021,0.5231509404184513,0.9861111111111112,0.9999985388230457
mnist,cut_backdoor,attacked,137,0,density_gap_without_l0_support,L0_only,1,0,False,0,1.270558163523674,0.5851032152841268,0.5420946039096722,0.2384259259259259,
mnist,cut_backdoor,attacked,137,1,density_gap_without_l0_support,L0_only,1,0,False,0,1.3055183738470078,0.5519768529042103,0.5034023306549097,0.21296296296296294,
mnist,cut_backdoor,attacked,137,2,density_gap_without_l0_support,L0_only,1,0,False,0,1.290258839726448,0.5354319352476945,0.4610668673261783,0.24382716049382713,
mnist,cut_backdoor,attacked,137,3,density_gap_without_l0_support,L0_only,1,0,False,0,1.2405277416110039,0.5630873098128679,0.460186912598596,0.23765432098765432,
mnist,cut_backdoor,attacked,137,4,density_gap_without_l0_support,L0_only,1,0,False,0,1.2169118598103523,0.5982383825203699,0.4359491877681994,0.21604938271604937,
mnist,cut_backdoor,attacked,137,5,density_gap_without_l0_support,L0_only,1,0,False,0,1.1763500422239304,0.6328643967778734,0.48695419756771663,0.2453703703703704,
mnist,cut_backdoor,attacked,137,6,density_gap_without_l0_support,L0_only,1,0,False,0,1.1066651344299316,0.6300637806488585,0.475012980186096,0.2770061728395062,
mnist,cut_backdoor,attacked,137,7,density_gap_without_l0_support,L0_only,1,0,False,0,1.0450928658246994,0.6529468491442824,0.45993949240318616,0.279320987654321,
mnist,cut_backdoor,attacked,137,8,density_gap_without_l0_support,L0_only,1,0,False,0,1.0084030032157898,0.6653233397534429,0.4991686169830765,0.3109567901234568,
mnist,cut_backdoor,attacked,137,9,density_gap_without_l0_support,L0_only,1,0,False,0,0.9792853519320488,0.6659018770562775,0.45598591360430707,0.3001543209876544,
mnist,cut_backdoor,attacked,137,10,density_gap_without_l0_support,L0_only,1,0,False,0,0.9601234272122383,0.6945685614976256,0.5059466575191507,0.3333333333333333,
mnist,cut_backdoor,attacked,137,11,density_gap_without_l0_support,L0_only,1,0,False,0,0.9424615278840065,0.6832891833826377,0.521725764040797,0.3395061728395062,
mnist,cut_backdoor,attacked,137,12,density_gap_without_l0_support,L0_only,1,0,False,0,0.9185310080647469,0.6783573212704787,0.46909611204354007,0.3657407407407407,
mnist,cut_backdoor,attacked,137,13,density_gap_without_l0_support,L0_only,1,0,False,0,0.8726051077246666,0.7528796483408019,0.5288031518350021,0.3966049382716049,
mnist,cut_backdoor,attacked,137,14,density_gap_without_l0_support,L0_only,1,0,False,0,0.859515480697155,0.6971697622137369,0.48558089839034385,0.3942901234567901,
mnist,cut_backdoor,attacked,137,15,density_gap_without_l0_support,L0_only,1,0,False,0,0.8550448715686798,0.7138279178732924,0.5040984407929511,0.4552469135802469,
mnist,cut_backdoor,attacked,137,16,density_gap_without_l0_support,L0_only,1,0,False,0,0.8544217050075531,0.7289105703647779,0.4573236457317995,0.42901234567901236,
mnist,cut_backdoor,attacked,137,17,density_gap_without_l0_support,L0_only,1,0,False,0,0.8369623124599457,0.694587465832164,0.4712823177921645,0.4243827160493827,
mnist,cut_backdoor,attacked,137,18,density_gap_without_l0_support,L0_only,1,0,False,0,0.8150743693113327,0.7688115525200181,0.5310919644090359,0.41975308641975306,
mnist,cut_backdoor,attacked,137,19,density_gap_without_l0_support,L0_only,1,0,False,0,0.8208851143717766,0.7411600580101162,0.48772089105259264,0.3896604938271604,
mnist,cut_backdoor,attacked,137,20,density_gap_without_l0_support,L0_only,1,0,False,0,0.7908667251467705,0.7283106230540498,0.48031276232453385,0.38040123456790126,
mnist,cut_backdoor,attacked,137,21,density_gap_without_l0_support,L0_only,1,0,False,0,0.7657428458333015,0.671085683061162,0.501983760550162,0.4560185185185185,
mnist,cut_backdoor,attacked,137,22,density_gap_without_l0_support,L0_only,1,0,False,0,0.7667870074510574,0.7296086600766584,0.5281358725979657,0.4205246913580247,
mnist,cut_backdoor,attacked,137,23,density_gap_without_l0_support,L0_only,1,0,False,0,0.7643219828605652,0.670300810367463,0.5309516855978561,0.3942901234567901,
mnist,cut_backdoor,attacked,137,24,density_gap_without_l0_support,L0_only,1,0,False,0,0.7560348883271217,0.7497905680298022,0.5690295332411875,0.45833333333333337,
mnist,cut_backdoor,attacked,137,25,density_gap_without_l0_support,L0_only,1,0,False,0,0.7435120269656181,0.782072038583663,0.5265838478134052,0.371141975308642,
mnist,cut_backdoor,attacked,137,26,density_gap_without_l0_support,L0_only,1,0,False,0,0.73749840259552,0.7703830950354679,0.5214142778285596,0.38503086419753085,
mnist,cut_backdoor,attacked,137,27,density_gap_without_l0_support,L0_only,1,0,False,0,0.7067732885479927,0.7824401267932656,0.5095825962280485,0.4575617283950617,
mnist,cut_backdoor,attacked,137,28,density_gap_without_l0_support,L0_only,1,0,False,0,0.7073989510536194,0.7339326948476115,0.5543879287355228,0.41512345679012347,
mnist,cut_backdoor,attacked,137,29,density_gap_without_l0_support,L0_only,1,0,False,0,0.7161812484264374,0.7264842097028199,0.5022456983266028,0.3433641975308642,
mnist,cut_backdoor,attacked,2024,0,no_density_gap,L0_only,0,0,False,0,1.2089548259973526,0.5490471805770835,0.5490471805770835,0.2901234567901234,
mnist,cut_backdoor,attacked,2024,1,density_gap_without_l0_support,L0_only,1,0,False,0,1.2370114400982857,0.522460766084259,0.49192472646247387,0.2723765432098766,
mnist,cut_backdoor,attacked,2024,2,density_gap_without_l0_support,L0_only,1,0,False,0,1.2404093518853188,0.5502410023009591,0.4489841227366382,0.2384259259259259,
mnist,cut_backdoor,attacked,2024,3,density_gap_without_l0_support,L0_only,1,0,False,0,1.1893637850880623,0.5729366489363885,0.4589313015067839,0.25617283950617287,
mnist,cut_backdoor,attacked,2024,4,density_gap_without_l0_support,L0_only,1,0,False,0,1.1623280867934227,0.5973937956553774,0.4348891431613089,0.22376543209876545,
mnist,cut_backdoor,attacked,2024,5,density_gap_without_l0_support,L0_only,1,0,False,0,1.1182795837521553,0.5996194957731025,0.4832844874887357,0.24614197530864196,
mnist,cut_backdoor,attacked,2024,6,density_gap_without_l0_support,L0_only,1,0,False,0,1.0707147791981697,0.6214854952795027,0.4711897846553072,0.253858024691358,
mnist,cut_backdoor,attacked,2024,7,density_gap_without_l0_support,L0_only,1,0,False,0,1.0345110669732094,0.6167684955803837,0.45956034842704946,0.2908950617283951,
mnist,cut_backdoor,attacked,2024,8,density_gap_without_l0_support,L0_only,1,0,False,0,0.9986003860831261,0.6267476113068076,0.46965890253945247,0.34490740740740744,
mnist,cut_backdoor,attacked,2024,9,density_gap_without_l0_support,L0_only,1,0,False,0,0.9819755703210831,0.6101334210631939,0.497925341048948,0.31172839506172845,
mnist,cut_backdoor,attacked,2024,10,density_gap_without_l0_support,L0_only,1,0,False,0,0.9453142061829567,0.6709066845158447,0.45941306180724506,0.3479938271604938,
mnist,cut_backdoor,attacked,2024,11,density_gap_without_l0_support,L0_only,1,0,False,0,0.9079793095588684,0.6327550084961531,0.4769688771981765,0.37268518518518523,
mnist,cut_backdoor,attacked,2024,12,density_gap_without_l0_support,L0_only,1,0,False,0,0.8727819472551346,0.6698439964006327,0.49943104489298146,0.4367283950617284,
mnist,cut_backdoor,attacked,2024,13,density_gap_without_l0_support,L0_only,1,0,False,0,0.8813420310616493,0.6712232829473067,0.48026037324250703,0.41898148148148145,
mnist,cut_backdoor,attacked,2024,14,density_gap_without_l0_support,L0_only,1,0,False,0,0.8457944542169571,0.669805914538338,0.4913470073848264,0.3680555555555556,
mnist,cut_backdoor,attacked,2024,15,density_gap_without_l0_support,L0_only,1,0,False,0,0.8483214676380157,0.6441010161797256,0.4630419275357813,0.39506172839506176,
mnist,cut_backdoor,attacked,2024,16,density_gap_without_l0_support,L0_only,1,0,False,0,0.8135591819882393,0.7240666056346561,0.527285434423565,0.4652777777777778,
mnist,cut_backdoor,attacked,2024,17,density_gap_without_l0_support,L0_only,1,0,False,0,0.7962626218795776,0.6511249660343122,0.5384250550375138,0.4274691358024691,
mnist,cut_backdoor,attacked,2024,18,density_gap_without_l0_support,L0_only,1,0,False,0,0.7914520427584648,0.6893254669638984,0.5023710803182189,0.4483024691358025,
mnist,cut_backdoor,attacked,2024,19,density_gap_without_l0_support,L0_only,1,0,False,0,0.8065252378582954,0.6416240334813903,0.4999700277094727,0.47608024691358025,
mnist,cut_backdoor,attacked,2024,20,density_gap_without_l0_support,L0_only,1,0,False,0,0.7724439352750778,0.6449151281105779,0.4939822043108089,0.3973765432098766,
mnist,cut_backdoor,attacked,2024,21,density_gap_without_l0_support,L0_only,1,0,False,0,0.7593133673071861,0.7566625813319878,0.5025249939127189,0.41435185185185186,
mnist,cut_backdoor,attacked,2024,22,density_gap_without_l0_support,L0_only,1,0,False,0,0.7654230669140816,0.7013015686386928,0.5301050793196698,0.43518518518518523,
mnist,cut_backdoor,attacked,2024,23,density_gap_without_l0_support,L0_only,1,0,False,0,0.7418493926525116,0.6694611413513437,0.5275239144901432,0.4675925925925926,
mnist,cut_backdoor,attacked,2024,24,density_gap_without_l0_support,L0_only,1,0,False,0,0.7439573109149933,0.6782792898227842,0.5040209205079584,0.40740740740740733,
mnist,cut_backdoor,attacked,2024,25,density_gap_without_l0_support,L0_only,1,0,False,0,0.7285000011324883,0.6948999932141933,0.517870762137121,0.40817901234567894,
mnist,cut_backdoor,attacked,2024,26,density_gap_without_l0_support,L0_only,1,0,False,0,0.7331883907318115,0.6574112704314983,0.48894280562497255,0.41512345679012347,
mnist,cut_backdoor,attacked,2024,27,density_gap_without_l0_support,L0_only,1,0,False,0,0.7035227492451668,0.6778665340749783,0.5347642221662696,0.3804012345679012,
mnist,cut_backdoor,attacked,2024,28,density_gap_without_l0_support,L0_only,1,0,False,0,0.6971733272075653,0.8440887768717948,0.5803737017358208,0.474537037037037,
mnist,cut_backdoor,attacked,2024,29,density_gap_without_l0_support,L0_only,1,0,False,0,0.6948290020227432,0.7304463931762908,0.5737837365160896,0.38117283950617276,
mnist,cut_backdoor,attacked,42,0,density_gap_without_l0_support,L0_only,1,0,False,0,1.335950791835785,0.5782837022361711,0.4415265597327686,0.26388888888888884,
mnist,cut_backdoor,attacked,42,1,density_gap_without_l0_support,L0_only,1,0,False,0,1.333433836698532,0.6012924367518528,0.4446297562178697,0.2800925925925926,
mnist,cut_backdoor,attacked,42,2,density_gap_without_l0_support,L0_only,1,0,False,0,1.2911278009414673,0.6198234381412578,0.4952953461736082,0.32098765432098764,
mnist,cut_backdoor,attacked,42,3,density_gap_without_l0_support,L0_only,1,0,False,0,1.2440718337893486,0.6442492879012702,0.48405275245476914,0.2993827160493827,
mnist,cut_backdoor,attacked,42,4,density_gap_without_l0_support,L0_only,1,0,False,0,1.2384742870926857,0.6320318028785105,0.4602119395791992,0.287037037037037,
mnist,cut_backdoor,attacked,42,5,density_gap_without_l0_support,L0_only,1,0,False,0,1.2116681039333344,0.6146317095268237,0.473461596309698,0.25771604938271603,
mnist,cut_backdoor,attacked,42,6,density_gap_without_l0_support,L0_only,1,0,False,0,1.1284548789262772,0.6649606872898973,0.49599507192227055,0.3132716049382716,
mnist,cut_backdoor,attacked,42,7,density_gap_without_l0_support,L0_only,1,0,False,0,1.0934440419077873,0.6743623780594895,0.5015206128799433,0.30478395061728397,
mnist,cut_backdoor,attacked,42,8,density_gap_without_l0_support,L0_only,1,0,False,0,1.0452350601553917,0.680916828341765,0.5378374046589158,0.3310185185185185,
mnist,cut_backdoor,attacked,42,9,density_gap_without_l0_support,L0_only,1,0,False,0,1.031784787774086,0.6920389610886645,0.4704626771894852,0.28703703703703703,
mnist,cut_backdoor,attacked,42,10,density_gap_without_l0_support,L0_only,1,0,False,0,1.0060873255133629,0.6816066871080708,0.484382231818764,0.35030864197530864,
mnist,cut_backdoor,attacked,42,11,density_gap_without_l0_support,L0_only,1,0,False,0,0.9861544519662857,0.658153371943861,0.5184435923369559,0.34336419753086417,
mnist,cut_backdoor,attacked,42,12,density_gap_without_l0_support,L0_only,1,0,False,0,0.9451107680797577,0.7207223110143254,0.5327348340906808,0.3688271604938272,
mnist,cut_backdoor,attacked,42,13,density_gap_without_l0_support,L0_only,1,0,False,0,0.938069187104702,0.7004247272250147,0.5053577835728641,0.3526234567901234,
mnist,cut_backdoor,attacked,42,14,density_gap_without_l0_support,L0_only,1,0,False,0,0.8819818869233131,0.7331779351339301,0.5434881369664474,0.37268518518518523,
mnist,cut_backdoor,attacked,42,15,density_gap_without_l0_support,L0_only,1,0,False,0,0.9135844558477402,0.6648959710479343,0.5135116898059138,0.28163580246913583,
mnist,cut_backdoor,attacked,42,16,density_gap_without_l0_support,L0_only,1,0,False,0,0.8329584449529648,0.726589532762678,0.5298891507604936,0.3912037037037037,
mnist,cut_backdoor,attacked,42,17,density_gap_without_l0_support,L0_only,1,0,False,0,0.8413676172494888,0.7482854902460849,0.5448096172331637,0.3487654320987654,
mnist,cut_backdoor,attacked,42,18,density_gap_without_l0_support,L0_only,1,0,False,0,0.827338807284832,0.7561231187389703,0.5193000024720035,0.3248456790123457,
mnist,cut_backdoor,attacked,42,19,density_gap_without_l0_support,L0_only,1,0,False,0,0.8508472889661789,0.7321527662420941,0.5008847116506225,0.29552469135802467,
mnist,cut_backdoor,attacked,42,20,density_gap_without_l0_support,L0_only,1,0,False,0,0.7852037996053696,0.7795603818147883,0.5319237140907617,0.3410493827160494,
mnist,cut_backdoor,attacked,42,21,density_gap_without_l0_support,L0_only,1,0,False,0,0.810011625289917,0.7555725863776643,0.5287444792909946,0.3125,
mnist,cut_backdoor,attacked,42,22,density_gap_without_l0_support,L0_only,1,0,False,0,0.7923902198672295,0.7288882010316323,0.5358263812763207,0.37808641975308643,
mnist,cut_backdoor,attacked,42,23,density_gap_without_l0_support,L0_only,1,0,False,0,0.7737647369503975,0.7460436678035467,0.5411725589486172,0.32253086419753085,
mnist,cut_backdoor,attacked,42,24,density_gap_without_l0_support,L0_only,1,0,False,0,0.7708610221743584,0.7202530483901936,0.5298654985735751,0.2800925925925926,
mnist,cut_backdoor,attacked,42,25,density_gap_without_l0_support,L0_only,1,0,False,0,0.7775260508060455,0.7025445731022641,0.5396129354227351,0.30092592592592593,
mnist,cut_backdoor,attacked,42,26,density_gap_without_l0_support,L0_only,1,0,False,0,0.7655214890837669,0.7429322374847507,0.5087354218348246,0.3387345679012346,
mnist,cut_backdoor,attacked,42,27,density_gap_without_l0_support,L0_only,1,0,False,0,0.7559281215071678,0.6987642244097626,0.5630227514170631,0.28703703703703703,
mnist,cut_backdoor,attacked,42,28,density_gap_without_l0_support,L0_only,1,0,False,0,0.7457766309380531,0.7335291877748505,0.5076177880243399,0.31404320987654316,
mnist,cut_backdoor,attacked,42,29,density_gap_without_l0_support,L0_only,1,0,False,0,0.7681649923324585,0.6667181111868942,0.4955889233662873,0.2523148148148148,
mnist,cut_gaussian,attacked,137,0,density_gap+l0_outlier_support,L0+L2_SNNC,1,1,False,18,1.718672513961792,1163.528946603622,1163.528946603622,1.0,
mnist,cut_gaussian,attacked,137,1,density_gap+l0_outlier_support,L0+L2_SNNC,1,1,False,18,1.5254531055688858,1311.3979491835735,1311.3979491835735,1.0,
mnist,cut_gaussian,attacked,137,2,density_gap+l0_outlier_support,L0+L2_SNNC,1,1,False,18,1.3967717438936234,1430.3681584931855,1430.3681584931855,1.0,
mnist,cut_gaussian,attacked,137,3,density_gap+l0_outlier_support,L0+L2_SNNC,1,1,False,18,1.4590632915496826,1371.371772889601,1371.371772889601,1.0,
mnist,cut_gaussian,attacked,137,4,density_gap+l0_outlier_support,L0+L2_SNNC,1,1,False,18,1.4892694354057312,1342.5419811536915,1342.5419811536915,1.0,
mnist,cut_gaussian,attacked,137,5,density_gap+l0_outlier_support,L0+L2_SNNC,1,1,False,33,0.9989842027425766,2002.2577648993645,2002.2577648993645,1.0,
mnist,cut_gaussian,attacked,137,6,density_gap+l0_outlier_support,L0+L2_SNNC,1,1,False,18,1.447470262646675,1382.995155072287,1382.995155072287,1.0,
mnist,cut_gaussian,attacked,137,7,density_gap+l0_outlier_support,L3_safety_fallback_L0,1,1,False,32,0.8996714651584625,2224.081325654114,2224.081325654114,1.0,
mnist,cut_gaussian,attacked,137,8,density_gap+l0_outlier_support,L0+L2_SNNC,1,1,False,18,1.2972548231482506,1543.0109096598135,1543.0109096598135,1.0,
mnist,cut_gaussian,attacked,137,9,density_gap+l0_outlier_support,L0+L2_SNNC,1,1,False,32,0.8940842747688293,2239.963550462009,2239.963550462009,1.0,
mnist,cut_gaussian,attacked,137,10,density_gap+l0_outlier_support,L0+L2_SNNC,1,1,False,33,0.9724446758627892,2059.1344030268624,2059.1344030268624,1.0,
mnist,cut_gaussian,attacked,137,11,density_gap+l0_outlier_support,L0+L2_SNNC,1,1,False,38,0.6848719343543053,2923.8381826844306,2923.8381826844306,1.0,
mnist,cut_gaussian,attacked,137,12,density_gap+l0_outlier_support,L0+L2_SNNC,1,1,False,35,0.7550563290715218,2649.417527717669,2649.417527717669,1.0,
mnist,cut_gaussian,attacked,137,13,density_gap+l0_outlier_support,L0+L2_SNNC,1,1,False,34,0.8912708610296249,2245.783004547151,2245.783004547151,1.0,
mnist,cut_gaussian,attacked,137,14,density_gap+l0_outlier_support,L0+L2_SNNC,1,1,False,35,0.6853479519486427,2921.4376263217455,2921.4376263217455,1.0,
mnist,cut_gaussian,attacked,137,15,density_gap+l0_outlier_support,L0+L2_SNNC,1,1,False,36,0.6809112802147865,2937.64717626415,2937.64717626415,1.0,
mnist,cut_gaussian,attacked,137,16,density_gap+l0_outlier_support,L0+L2_SNNC,1,1,False,35,0.8031409233808517,2490.764392919016,2490.764392919016,1.0,
mnist,cut_gaussian,attacked,137,17,density_gap+l0_outlier_support,L0+L2_SNNC,1,1,False,35,1.0555100440979004,1897.3849405822734,1897.3849405822734,1.0,
mnist,cut_gaussian,attacked,137,18,density_gap+l0_outlier_support,L0+L2_SNNC,1,1,False,35,0.7730678096413612,2589.070234857264,2589.070234857264,1.0,
mnist,cut_gaussian,attacked,137,19,density_gap+l0_outlier_support,L0+L2_SNNC,1,1,False,34,0.7371463626623154,2711.340496801485,2711.340496801485,1.0,
mnist,cut_gaussian,attacked,137,20,density_gap+l0_outlier_support,L0+L2_SNNC,1,1,False,34,0.681411549448967,2937.4309356115205,2937.4309356115205,1.0,
mnist,cut_gaussian,attacked,137,21,density_gap+l0_outlier_support,L0+L2_SNNC,1,1,False,35,0.7545861601829529,2647.9657215663215,2647.9657215663215,1.0,
mnist,cut_gaussian,attacked,137,22,density_gap+l0_outlier_support,L0+L2_SNNC,1,1,False,37,0.6068386137485504,3293.255913908789,3293.255913908789,1.0,
mnist,cut_gaussian,attacked,137,23,density_gap+l0_outlier_support,L0+L2_SNNC,1,1,False,36,0.7423700392246246,2694.899202623224,2694.899202623224,1.0,
mnist,cut_gaussian,attacked,137,24,density_gap+l0_outlier_support,L0+L2_SNNC,1,1,False,35,0.7213486731052399,2766.6536284554345,2766.6536284554345,1.0,
mnist,cut_gaussian,attacked,137,25,density_gap+l0_outlier_support,L0+L2_SNNC,1,1,False,35,0.5312169529497623,3764.2925263503107,3764.2925263503107,1.0,
mnist,cut_gaussian,attacked,137,26,density_gap+l0_outlier_support,L0+L2_SNNC,1,1,False,37,0.690249539911747,2899.2211069233235,2899.2211069233235,1.0,
mnist,cut_gaussian,attacked,137,27,density_gap+l0_outlier_support,L0+L2_SNNC,1,1,False,34,0.6552332267165184,3048.1117862446763,3048.1117862446763,1.0,
mnist,cut_gaussian,attacked,137,28,density_gap+l0_outlier_support,L0+L2_SNNC,1,1,False,36,0.7299577444791794,2737.003430262152,2737.003430262152,1.0,
mnist,cut_gaussian,attacked,137,29,density_gap+l0_outlier_support,L0+L2_SNNC,1,1,False,36,0.5916851572692394,3377.241093822282,3377.241093822282,1.0,
mnist,cut_gaussian,attacked,2024,0,density_gap+l0_outlier_support,L0+L2_SNNC,1,1,False,18,1.8668583035469055,1071.3217910783242,1071.3217910783242,1.0,
mnist,cut_gaussian,attacked,2024,1,density_gap+l0_outlier_support,L0+L2_SNNC,1,1,False,18,1.9038449972867966,1049.2149977840154,1049.2149977840154,1.0,
mnist,cut_gaussian,attacked,2024,2,density_gap+l0_outlier_support,L0+L2_SNNC,1,1,False,18,1.8774306029081345,1064.854892112994,1064.854892112994,1.0,
mnist,cut_gaussian,attacked,2024,3,density_gap+l0_outlier_support,L0+L2_SNNC,1,1,False,18,1.7785387486219406,1124.6345789809898,1124.6345789809898,1.0,
mnist,cut_gaussian,attacked,2024,4,density_gap+l0_outlier_support,L0+L2_SNNC,1,1,False,18,1.70917347073555,1168.9376593636882,1168.9376593636882,1.0,
mnist,cut_gaussian,attacked,2024,5,density_gap+l0_outlier_support,L0+L2_SNNC,1,1,False,18,1.5691884607076645,1274.1773780154313,1274.1773780154313,1.0,
mnist,cut_gaussian,attacked,2024,6,density_gap+l0_outlier_support,L0+L2_SNNC,1,1,False,18,1.474740356206894,1356.6801560299955,1356.6801560299955,1.0,
mnist,cut_gaussian,attacked,2024,7,density_gap+l0_outlier_support,L0+L2_SNNC,1,1,False,18,1.4029085636138916,1424.7633780149467,1424.7633780149467,1.0,
mnist,cut_gaussian,attacked,2024,8,density_gap+l0_outlier_support,L0+L2_SNNC,1,1,False,18,1.283702328801155,1559.4193102888692,1559.4193102888692,1.0,
mnist,cut_gaussian,attacked,2024,9,density_gap+l0_outlier_support,L0+L2_SNNC,1,1,False,18,1.2478573620319366,1601.1027676458334,1601.1027676458334,1.0,
mnist,cut_gaussian,attacked,2024,10,density_gap+l0_outlier_support,L0+L2_SNNC,1,1,False,18,1.1802040040493011,1694.2341012712407,1694.2341012712407,1.0,
mnist,cut_gaussian,attacked,2024,11,density_gap+l0_outlier_support,L0+L2_SNNC,1,1,False,18,1.1256986856460571,1774.303877615748,1774.303877615748,1.0,
mnist,cut_gaussian,attacked,2024,12,density_gap+l0_outlier_support,L0+L2_SNNC,1,1,False,18,1.1459754779934883,1748.3036068375818,1748.3036068375818,1.0,
mnist,cut_gaussian,attacked,2024,13,density_gap+l0_outlier_support,L0+L2_SNNC,1,1,False,18,1.1460788920521736,1745.239053346028,1745.239053346028,1.0,
mnist,cut_gaussian,attacked,2024,14,density_gap+l0_outlier_support,L0+L2_SNNC,1,1,False,18,1.0512371361255646,1904.330976891684,1904.330976891684,1.0,
mnist,cut_gaussian,attacked,2024,15,density_gap+l0_outlier_support,L0+L2_SNNC,1,1,False,18,1.0400594770908356,1921.5278932782558,1921.5278932782558,1.0,
mnist,cut_gaussian,attacked,2024,16,density_gap+l0_outlier_support,L0+L2_SNNC,1,1,False,18,1.018645279109478,1965.524967869611,1965.524967869611,1.0,
mnist,cut_gaussian,attacked,2024,17,density_gap+l0_outlier_support,L0+L2_SNNC,1,1,False,18,0.9934920445084572,2012.0032070075465,2012.0032070075465,1.0,
mnist,cut_gaussian,attacked,2024,18,density_gap+l0_outlier_support,L0+L2_SNNC,1,1,False,18,0.9339899197220802,2141.52547663789,2141.52547663789,1.0,
mnist,cut_gaussian,attacked,2024,19,density_gap+l0_outlier_support,L0+L2_SNNC,1,1,False,19,0.951443687081337,2103.0714993765496,2103.0714993765496,1.0,
mnist,cut_gaussian,attacked,2024,20,density_gap+l0_outlier_support,L0+L2_SNNC,1,1,False,19,0.9203292429447174,2169.332085408158,2169.332085408158,1.0,
mnist,cut_gaussian,attacked,2024,21,density_gap+l0_outlier_support,L0+L2_SNNC,1,1,False,19,0.8778153732419014,2278.464779838902,2278.464779838902,1.0,
mnist,cut_gaussian,attacked,2024,22,density_gap+l0_outlier_support,L0+L2_SNNC,1,1,False,19,0.8743761479854584,2284.794176800011,2284.794176800011,1.0,
mnist,cut_gaussian,attacked,2024,23,density_gap+l0_outlier_support,L0+L2_SNNC,1,1,False,19,0.8962908759713173,2230.041658122269,2230.041658122269,1.0,
mnist,cut_gaussian,attacked,2024,24,density_gap+l0_outlier_support,L0+L2_SNNC,1,1,False,19,0.8354979753494263,2396.1176149808844,2396.1176149808844,1.0,
mnist,cut_gaussian,attacked,2024,25,density_gap+l0_outlier_support,L0+L2_SNNC,1,1,False,20,0.8273359015583992,2415.6246032837057,2415.6246032837057,1.0,
mnist,cut_gaussian,attacked,2024,26,density_gap+l0_outlier_support,L0+L2_SNNC,1,1,False,19,0.8029640838503838,2490.6149974462296,2490.6149974462296,1.0,
mnist,cut_gaussian,attacked,2024,27,density_gap+l0_outlier_support,L0+L2_SNNC,1,1,False,20,0.8133349195122719,2457.338887608196,2457.338887608196,1.0,
mnist,cut_gaussian,attacked,2024,28,density_gap+l0_outlier_support,L0+L2_SNNC,1,1,False,25,0.809757225215435,2468.9810801290255,2468.9810801290255,1.0,
mnist,cut_gaussian,attacked,2024,29,density_gap+l0_outlier_support,L0+L2_SNNC,1,1,False,25,0.7764879614114761,2575.897084786811,2575.897084786811,1.0,
mnist,cut_gaussian,attacked,42,0,density_gap+l0_outlier_support,L0+L2_SNNC,1,1,False,18,1.947903260588646,1027.186213752397,1027.186213752397,1.0,
mnist,cut_gaussian,attacked,42,1,density_gap+l0_outlier_support,L0+L2_SNNC,1,1,False,18,1.8369367718696594,1088.6025040977577,1088.6025040977577,1.0,
mnist,cut_gaussian,attacked,42,2,density_gap+l0_outlier_support,L0+L2_SNNC,1,1,False,18,1.7621951550245285,1136.3272065196945,1136.3272065196945,1.0,
mnist,cut_gaussian,attacked,42,3,density_gap+l0_outlier_support,L0+L2_SNNC,1,1,False,18,1.6171219944953918,1237.2751319395056,1237.2751319395056,1.0,
mnist,cut_gaussian,attacked,42,4,density_gap+l0_outlier_support,L0+L2_SNNC,1,1,False,18,1.803479716181755,1109.8283160527633,1109.8283160527633,1.0,
mnist,cut_gaussian,attacked,42,5,density_gap+l0_outlier_support,L0+L2_SNNC,1,1,False,18,1.6441857814788818,1217.7827657635385,1217.7827657635385,1.0,
mnist,cut_gaussian,attacked,42,6,density_gap+l0_outlier_support,L0+L2_SNNC,1,1,False,18,1.5254012495279312,1311.8319320760029,1311.8319320760029,1.0,
mnist,cut_gaussian,attacked,42,7,density_gap+l0_outlier_support,L0+L2_SNNC,1,1,False,18,1.584431231021881,1263.2728581319668,1263.2728581319668,1.0,
mnist,cut_gaussian,attacked,42,8,density_gap+l0_outlier_support,L0+L2_SNNC,1,1,False,18,1.4219506829977036,1405.9520361094276,1405.9520361094276,1.0,
mnist,cut_gaussian,attacked,42,9,density_gap+l0_outlier_support,L0+L2_SNNC,1,1,False,18,1.5593643486499786,1285.4040235966247,1285.4040235966247,1.0,
mnist,cut_gaussian,attacked,42,10,density_gap+l0_outlier_support,L0+L2_SNNC,1,1,False,18,1.2981821596622467,1538.4718238034573,1538.4718238034573,1.0,
mnist,cut_gaussian,attacked,42,11,density_gap+l0_outlier_support,L0+L2_SNNC,1,1,False,18,1.4531540870666504,1375.8822373202822,1375.8822373202822,1.0,
mnist,cut_gaussian,attacked,42,12,density_gap+l0_outlier_support,L0+L2_SNNC,1,1,False,18,1.36683851480484,1463.1875077975967,1463.1875077975967,1.0,
mnist,cut_gaussian,attacked,42,13,density_gap+l0_outlier_support,L0+L2_SNNC,1,1,False,18,1.2004777789115906,1663.643550377532,1663.643550377532,1.0,
mnist,cut_gaussian,attacked,42,14,density_gap+l0_outlier_support,L0+L2_SNNC,1,1,False,18,1.4018642157316208,1426.5244498433021,1426.5244498433021,1.0,
mnist,cut_gaussian,attacked,42,15,density_gap+l0_outlier_support,L0+L2_SNNC,1,1,False,18,1.1638935655355453,1717.0473197253916,1717.0473197253916,1.0,
mnist,cut_gaussian,attacked,42,16,density_gap+l0_outlier_support,L0+L2_SNNC,1,1,False,18,1.2414977326989174,1609.3361510002296,1609.3361510002296,1.0,
mnist,cut_gaussian,attacked,42,17,density_gap+l0_outlier_support,L0+L2_SNNC,1,1,False,18,1.1194626614451408,1784.193943903543,1784.193943903543,1.0,
mnist,cut_gaussian,attacked,42,18,density_gap+l0_outlier_support,L0+L2_SNNC,1,1,False,18,1.2849380820989609,1553.9789437721945,1553.9789437721945,1.0,
mnist,cut_gaussian,attacked,42,19,density_gap+l0_outlier_support,L0+L2_SNNC,1,1,False,18,1.2643155455589294,1583.6491980485293,1583.6491980485293,1.0,
mnist,cut_gaussian,attacked,42,20,density_gap+l0_outlier_support,L0+L2_SNNC,1,1,False,18,1.2253494560718536,1630.9898052347382,1630.9898052347382,1.0,
mnist,cut_gaussian,attacked,42,21,density_gap+l0_outlier_support,L0+L2_SNNC,1,1,False,18,1.1028636246919632,1814.3776470616053,1814.3776470616053,1.0,
mnist,cut_gaussian,attacked,42,22,density_gap+l0_outlier_support,L0+L2_SNNC,1,1,False,18,1.107417419552803,1808.4336426435084,1808.4336426435084,1.0,
mnist,cut_gaussian,attacked,42,23,density_gap+l0_outlier_support,L0+L2_SNNC,1,1,False,18,1.2006555125117302,1666.3377721479383,1666.3377721479383,1.0,
mnist,cut_gaussian,attacked,42,24,density_gap+l0_outlier_support,L0+L2_SNNC,1,1,False,18,1.1197661235928535,1785.0761473637417,1785.0761473637417,1.0,
mnist,cut_gaussian,attacked,42,25,density_gap+l0_outlier_support,L0+L2_SNNC,1,1,False,18,1.147700473666191,1743.159833175097,1743.159833175097,1.0,
mnist,cut_gaussian,attacked,42,26,density_gap+l0_outlier_support,L0+L2_SNNC,1,1,False,18,1.0613803192973137,1883.5313130073691,1883.5313130073691,1.0,
mnist,cut_gaussian,attacked,42,27,density_gap+l0_outlier_support,L0+L2_SNNC,1,1,False,18,1.0446088016033173,1913.3567968393713,1913.3567968393713,1.0,
mnist,cut_gaussian,attacked,42,28,density_gap+l0_outlier_support,L0+L2_SNNC,1,1,False,18,1.0764570534229279,1857.0927284554043,1857.0927284554043,1.0,
mnist,cut_gaussian,attacked,42,29,density_gap+l0_outlier_support,L0+L2_SNNC,1,1,False,18,1.101076789200306,1816.6629430481407,1816.6629430481407,1.0,
mnist,cut_minmax,attacked,137,0,density_gap_without_l0_support,L0_only,1,0,False,0,1.6083790361881256,0.5389120583780332,0.46988891337859884,0.7638888888888888,0.9999986991832963
mnist,cut_minmax,attacked,137,1,density_gap_without_l0_support,L0_only,1,0,False,0,1.5552286803722382,0.555207218804934,0.5293928128326219,0.9305555555555556,0.9999986043556212
mnist,cut_minmax,attacked,137,2,density_gap_without_l0_support,L0_only,1,0,False,0,1.528959646821022,0.6243555236061723,0.6243555236061723,1.0,0.99999862244006
mnist,cut_minmax,attacked,137,3,density_gap_without_l0_support,L0_only,1,0,False,0,1.4977210015058517,0.6162132050971265,0.6147759402501364,0.9861111111111112,0.9999986402702051
mnist,cut_minmax,attacked,137,4,density_gap_without_l0_support,L0_only,1,0,False,0,1.4626936614513397,0.637979553933075,0.6100544103074469,0.9861111111111112,0.9999986625353215
mnist,cut_minmax,attacked,137,5,density_gap_without_l0_support,L0_only,1,0,False,0,1.4496656507253647,0.6515400073073646,0.643302390188704,0.9861111111111112,0.9999986360065471
mnist,cut_minmax,attacked,137,6,density_gap_without_l0_support,L0_only,1,0,False,0,1.5207591652870178,0.6247800579326611,0.6247800579326611,1.0,0.9999986033414017
mnist,cut_minmax,attacked,137,7,density_gap_without_l0_support,L0_only,1,0,False,0,1.4386192709207535,0.7049900353833101,0.7049900353833101,1.0,0.9999985615895287
mnist,cut_minmax,attacked,137,8,density_gap_without_l0_support,L0_only,1,0,False,0,1.4948197454214096,0.6578881033075047,0.6578881033075047,1.0,0.9999985959466295
mnist,cut_minmax,attacked,137,9,density_gap_without_l0_support,L0_only,1,0,False,0,1.4474064111709595,0.6489351389526612,0.6489351389526612,1.0,0.9999986269299377
mnist,cut_minmax,attacked,137,10,density_gap_without_l0_support,L0_only,1,0,False,0,1.4768213778734207,0.6373085954229336,0.6340128711356285,0.9861111111111112,0.9999986238939742
mnist,cut_minmax,attacked,137,11,density_gap_without_l0_support,L0_only,1,0,False,0,1.4071966707706451,0.683593827185725,0.683593827185725,1.0,0.9999986002718803
mnist,cut_minmax,attacked,137,12,density_gap_without_l0_support,L0_only,1,0,False,0,1.4169082045555115,0.6679559687907193,0.6561348910630359,0.9861111111111112,0.9999986192628535
mnist,cut_minmax,attacked,137,13,density_gap_without_l0_support,L0_only,1,0,False,0,1.4449938386678696,0.6551392648354454,0.6375241403707744,0.9583333333333334,0.9999986244997962
mnist,cut_minmax,attacked,137,14,density_gap_without_l0_support,L0_only,1,0,False,0,1.4400102198123932,0.6658390096179069,0.6658390096179069,1.0,0.9999986039561235
mnist,cut_minmax,attacked,137,15,density_gap_without_l0_support,L0_only,1,0,False,0,1.4055098593235016,0.6661317906490065,0.6543119608041248,0.9722222222222222,0.9999986222800324
mnist,cut_minmax,attacked,137,16,density_gap_without_l0_support,L0_only,1,0,False,0,1.4517220854759216,0.6544545038554385,0.6156162039887328,0.9444444444444444,0.9999986516482742
mnist,cut_minmax,attacked,137,17,density_gap_without_l0_support,L0_only,1,0,False,0,1.6218454390764236,0.5801174299515515,0.5353609909132384,0.9027777777777778,0.9999986516775631
mnist,cut_minmax,attacked,137,18,density_gap_without_l0_support,L0_only,1,0,False,0,1.4324916154146194,0.6422094999021407,0.6346959835856377,0.9861111111111112,0.9999986289474171
mnist,cut_minmax,attacked,137,19,density_gap_without_l0_support,L0_only,1,0,False,0,1.4575199782848358,0.6519929199240465,0.6399376930415138,0.9722222222222222,0.9999986226297735
mnist,cut_minmax,attacked,137,20,density_gap_without_l0_support,L0_only,1,0,False,0,1.4306920021772385,0.6448958654853089,0.6303644909811642,0.9722222222222222,0.9999986456428794
mnist,cut_minmax,attacked,137,21,density_gap_without_l0_support,L0_only,1,0,False,0,1.4609785377979279,0.6513978075898308,0.6269051200264859,0.9722222222222222,0.9999986345298618
mnist,cut_minmax,attacked,137,22,density_gap_without_l0_support,L0_only,1,0,False,0,1.4543882012367249,0.6575128424175076,0.6575128424175076,1.0,0.999998924675983
mnist,cut_minmax,attacked,137,23,density_gap_without_l0_support,L0_only,1,0,False,0,1.421436071395874,0.6664092698092147,0.6388554638720483,0.9583333333333334,0.9999986419244293
mnist,cut_minmax,attacked,137,24,density_gap_without_l0_support,L0_only,1,0,False,0,1.4307551831007004,0.6483208407567648,0.6270847503011336,0.9861111111111112,0.9999986361825596
mnist,cut_minmax,attacked,137,25,density_gap_without_l0_support,L0_only,1,0,False,0,1.3410801440477371,0.716519283433649,0.716519283433649,1.0,0.9999986059795783
mnist,cut_minmax,attacked,137,26,density_gap_without_l0_support,L0_only,1,0,False,0,1.6122159361839294,0.5898930421082578,0.5685186551044706,0.9722222222222222,0.9999986388236477
mnist,cut_minmax,attacked,137,27,density_gap_without_l0_support,L0_only,1,0,False,0,1.4594203233718872,0.6535365923885675,0.6535365923885675,1.0,0.9999986035129951
mnist,cut_minmax,attacked,137,28,density_gap_without_l0_support,L0_only,1,0,False,0,1.5041206777095795,0.6231190601371134,0.6139053731316964,0.9861111111111112,0.9999986294742224
mnist,cut_minmax,attacked,137,29,density_gap_without_l0_support,L0_only,1,0,False,0,1.4608389884233475,0.6433121883869418,0.6225339876490338,0.9583333333333334,0.9999986438651639
mnist,cut_minmax,attacked,2024,0,density_gap_without_l0_support,L0_only,1,0,False,0,1.7127951979637146,0.4764619630438334,0.40016968301188044,0.625,0.9999987307510737
mnist,cut_minmax,attacked,2024,1,density_gap_without_l0_support,L0_only,1,0,False,0,1.758221983909607,0.5028278121246577,0.4740392846040436,0.9861111111111112,0.9999985798526627
mnist,cut_minmax,attacked,2024,2,density_gap_without_l0_support,L0_only,1,0,False,0,1.7634518444538116,0.4825886732027386,0.4607516525023607,0.9444444444444444,0.9999987647289756
mnist,cut_minmax,attacked,2024,3,density_gap_without_l0_support,L0_only,1,0,False,0,1.777985692024231,0.47553705792726364,0.419825106898673,0.7916666666666666,0.9999988325263569
mnist,cut_minmax,attacked,2024,4,density_gap_without_l0_support,L0_only,1,0,False,0,1.8039839714765549,0.48901661085358517,0.44689518042687004,0.9166666666666666,0.9999987436573948
mnist,cut_minmax,attacked,2024,5,density_gap_without_l0_support,L0_only,1,0,False,0,1.7916828393936157,0.4916897348421212,0.4420081205743951,0.9027777777777778,0.9999987897407656
mnist,cut_minmax,attacked,2024,6,density_gap_without_l0_support,L0_only,1,0,False,0,1.79873488843441,0.4892608054829775,0.4603256263479762,0.9305555555555556,0.9999987352160151
mnist,cut_minmax,attacked,2024,7,density_gap_without_l0_support,L0_only,1,0,False,0,1.8145907670259476,0.4780496837921538,0.4376675121458508,0.9027777777777778,0.9999987663937067
mnist,cut_minmax,attacked,2024,8,density_gap_without_l0_support,L0_only,1,0,False,0,1.8111276626586914,0.49685733542905736,0.43896884980030065,0.9305555555555556,0.9999987870664436
mnist,cut_minmax,attacked,2024,9,density_gap_without_l0_support,L0_only,1,0,False,0,1.824573203921318,0.49278561601129844,0.4695319495804791,0.9305555555555556,0.9999987152110901
mnist,cut_minmax,attacked,2024,10,density_gap_without_l0_support,L0_only,1,0,False,0,1.8127842992544174,0.506846607747331,0.506846607747331,1.0,0.9999986641308864
mnist,cut_minmax,attacked,2024,11,density_gap_without_l0_support,L0_only,1,0,False,0,1.829392984509468,0.4999376509370463,0.4568240456824078,0.9166666666666666,0.9999987564613692
mnist,cut_minmax,attacked,2024,12,density_gap_without_l0_support,L0_only,1,0,False,0,1.8024444580078125,0.503294708994709,0.42623353174603174,0.8333333333333334,0.999998786228286
mnist,cut_minmax,attacked,2024,13,density_gap_without_l0_support,L0_only,1,0,False,0,1.8103309720754623,0.5082912064939406,0.4845445467584767,0.9861111111111112,0.9999986920754398
mnist,cut_minmax,attacked,2024,14,density_gap_without_l0_support,L0_only,1,0,False,0,1.8096555024385452,0.4987884243695187,0.4573381500968451,0.9305555555555556,0.9999987548204516
mnist,cut_minmax,attacked,2024,15,density_gap_without_l0_support,L0_only,1,0,False,0,1.8289975821971893,0.4883424452683048,0.45487972123630105,0.9305555555555556,0.9999987219445083
mnist,cut_minmax,attacked,2024,16,density_gap_without_l0_support,L0_only,1,0,False,0,1.7918740212917328,0.4894018434664334,0.4687339766951741,0.9305555555555556,0.9999987167860066
mnist,cut_minmax,attacked,2024,17,density_gap_without_l0_support,L0_only,1,0,False,0,1.8148640543222427,0.48480502627952987,0.4409945640351065,0.9166666666666666,0.9999987635771195
mnist,cut_minmax,attacked,2024,18,density_gap_without_l0_support,L0_only,1,0,False,0,1.810639575123787,0.47969418804457725,0.4333130702490121,0.9166666666666666,0.9999987786908647
mnist,cut_minmax,attacked,2024,19,density_gap_without_l0_support,L0_only,1,0,False,0,1.8163100630044937,0.5152753448679206,0.500359761410456,0.9722222222222222,0.9999986627755483
mnist,cut_minmax,attacked,2024,20,density_gap_without_l0_support,L0_only,1,0,False,0,1.8216095119714737,0.4930750168031884,0.4729243609277004,0.9722222222222222,0.9999987075224271
mnist,cut_minmax,attacked,2024,21,density_gap_without_l0_support,L0_only,1,0,False,0,1.8102041631937027,0.48504575766307656,0.4606085021951421,0.9444444444444444,0.9999987296703501
mnist,cut_minmax,attacked,2024,22,density_gap_without_l0_support,L0_only,1,0,False,0,1.8085730075836182,0.482055688957058,0.438946445979642,0.9305555555555556,0.999998769999001
mnist,cut_minmax,attacked,2024,23,density_gap_without_l0_support,L0_only,1,0,False,0,1.8102796375751495,0.5017104137512027,0.4712085469076594,0.9305555555555556,0.9999987273778647
mnist,cut_minmax,attacked,2024,24,density_gap_without_l0_support,L0_only,1,0,False,0,1.8234971910715103,0.4866641593017077,0.46412814282909626,0.9444444444444444,0.9999987174140507
mnist,cut_minmax,attacked,2024,25,density_gap_without_l0_support,L0_only,1,0,False,0,1.8096593022346497,0.5041714143897221,0.4701304582895615,0.9166666666666666,0.9999987274633116
mnist,cut_minmax,attacked,2024,26,density_gap_without_l0_support,L0_only,1,0,False,0,1.8086618930101395,0.48917547930833327,0.46176292763936105,0.9305555555555556,0.9999987362419022
mnist,cut_minmax,attacked,2024,27,density_gap_without_l0_support,L0_only,1,0,False,0,1.8207106739282608,0.488574480714109,0.4545596021469757,0.9166666666666666,0.999998738932291
mnist,cut_minmax,attacked,2024,28,density_gap_without_l0_support,L0_only,1,0,False,0,1.819014921784401,0.4964290548960747,0.4810030799439921,0.9444444444444444,0.9999986899740717
mnist,cut_minmax,attacked,2024,29,density_gap_without_l0_support,L0_only,1,0,False,0,1.8072646111249924,0.5019677742577874,0.4990268624806471,0.9722222222222222,0.9999986725772779
mnist,cut_minmax,attacked,42,0,density_gap_without_l0_support,L0_only,1,0,False,0,1.5161968767642975,0.5255851066704996,0.4,0.5138888888888888,0.9999988629603912
mnist,cut_minmax,attacked,42,1,density_gap_without_l0_support,L0_only,1,0,False,0,1.7924270033836365,0.458661273376655,0.4260166164897603,0.7916666666666666,0.9999988550754783
mnist,cut_minmax,attacked,42,2,density_gap_without_l0_support,L0_only,1,0,False,0,1.7352935671806335,0.4869028843939362,0.4463794758392142,0.7916666666666666,0.999998828096657
mnist,cut_minmax,attacked,42,3,density_gap_without_l0_support,L0_only,1,0,False,0,1.7031575739383698,0.499238081289469,0.46726092563958604,0.8472222222222222,0.9999988017602868
mnist,cut_minmax,attacked,42,4,density_gap_without_l0_support,L0_only,1,0,False,0,1.8175001442432404,0.46438986780149966,0.41944039359723184,0.7222222222222222,0.9999989280619166
mnist,cut_minmax,attacked,42,5,density_gap_without_l0_support,L0_only,1,0,False,0,1.7644894123077393,0.48265094135029907,0.45059382053709024,0.8055555555555556,0.9999987814858532
mnist,cut_minmax,attacked,42,6,density_gap_without_l0_support,L0_only,1,0,False,0,1.7495028674602509,0.48549959691552,0.46544425957022206,0.875,0.9999987917618566
mnist,cut_minmax,attacked,42,7,density_gap_without_l0_support,L0_only,1,0,False,0,1.823912113904953,0.4703422620153958,0.4610385220930572,0.9444444444444444,0.9999988788265701
mnist,cut_minmax,attacked,42,8,density_gap_without_l0_support,L0_only,1,0,False,0,1.7814958095550537,0.48086795139541777,0.4536840541558738,0.8194444444444444,0.9999987811125882
mnist,cut_minmax,attacked,42,9,density_gap_without_l0_support,L0_only,1,0,False,0,1.7958591133356094,0.4743770487851759,0.4709179822958492,0.9861111111111112,0.9999988484351001
mnist,cut_minmax,attacked,42,10,density_gap_without_l0_support,L0_only,1,0,False,0,1.815113052725792,0.4742219933597501,0.4695660933087076,0.9861111111111112,0.9999987357028274
mnist,cut_minmax,attacked,42,11,density_gap_without_l0_support,L0_only,1,0,False,0,1.7130829393863678,0.501306254487855,0.46363282811303286,0.8194444444444444,0.9999988037879947
mnist,cut_minmax,attacked,42,12,density_gap_without_l0_support,L0_only,1,0,False,0,1.7602136731147766,0.4962050164426205,0.4962050164426205,1.0,0.9999986987687809
mnist,cut_minmax,attacked,42,13,density_gap_without_l0_support,L0_only,1,0,False,0,1.6799727827310562,0.5139394771550189,0.4810704245165681,0.8472222222222222,0.9999987787992133
mnist,cut_minmax,attacked,42,14,density_gap_without_l0_support,L0_only,1,0,False,0,1.8365630507469177,0.46310005236525603,0.4360651055751391,0.8194444444444444,0.9999988985637791
mnist,cut_minmax,attacked,42,15,density_gap_without_l0_support,L0_only,1,0,False,0,1.7166589200496674,0.500406074388842,0.4881980968729729,0.9444444444444444,0.9999987569702329
mnist,cut_minmax,attacked,42,16,density_gap_without_l0_support,L0_only,1,0,False,0,1.7397930473089218,0.49157525593968626,0.46073372024718146,0.7916666666666666,0.9999987791482847
mnist,cut_minmax,attacked,42,17,density_gap_without_l0_support,L0_only,1,0,False,0,1.657887026667595,0.5269411084945418,0.49498203357456794,0.8888888888888888,0.9999987572553946
mnist,cut_minmax,attacked,42,18,density_gap_without_l0_support,L0_only,1,0,False,0,1.818852499127388,0.4688994960516708,0.4344384012518318,0.7916666666666666,0.9999987626142994
mnist,cut_minmax,attacked,42,19,density_gap_without_l0_support,L0_only,1,0,False,0,1.8417338281869888,0.4622495598890148,0.4528159072900551,0.9166666666666666,0.9999988890328197
mnist,cut_minmax,attacked,42,20,density_gap_without_l0_support,L0_only,1,0,False,0,1.8335184454917908,0.46872939682234205,0.4280321383971144,0.7916666666666666,0.9999988062164186
mnist,cut_minmax,attacked,42,21,density_gap_without_l0_support,L0_only,1,0,False,0,1.691131368279457,0.5052615032147573,0.4835683667194893,0.8611111111111112,0.9999987607131043
mnist,cut_minmax,attacked,42,22,density_gap_without_l0_support,L0_only,1,0,False,0,1.7883814126253128,0.48108403991476323,0.4767846886061133,0.9444444444444444,0.9999987171243164
mnist,cut_minmax,attacked,42,23,density_gap_without_l0_support,L0_only,1,0,False,0,1.8290336430072784,0.4675236509829331,0.4583159944525358,0.9722222222222222,0.9999987250016736
mnist,cut_minmax,attacked,42,24,density_gap_without_l0_support,L0_only,1,0,False,0,1.7073484510183334,0.4958097837359397,0.4815960520941961,0.8888888888888888,0.9999987504145723
mnist,cut_minmax,attacked,42,25,density_gap_without_l0_support,L0_only,1,0,False,0,1.812288612127304,0.46974362819860416,0.46290814313328255,0.9305555555555556,0.9999987364696654
mnist,cut_minmax,attacked,42,26,density_gap_without_l0_support,L0_only,1,0,False,0,1.7096621543169022,0.5002178396306884,0.47705595275869117,0.8888888888888888,0.9999987553630784
mnist,cut_minmax,attacked,42,27,density_gap_without_l0_support,L0_only,1,0,False,0,1.7679430544376373,0.4913832692835286,0.4668987602896549,0.8888888888888888,0.9999987477372144
mnist,cut_minmax,attacked,42,28,density_gap_without_l0_support,L0_only,1,0,False,0,1.7917072772979736,0.4725633120047798,0.44861226898595,0.8472222222222222,0.9999987545738682
mnist,cut_minmax,attacked,42,29,density_gap_without_l0_support,L0_only,1,0,False,0,1.7823296785354614,0.47666401471714936,0.4669627620137828,0.9305555555555556,0.9999987326439869
fashion_mnist,cut_backdoor,clean,137,0,density_gap_without_l0_support,L0_only,1,0,False,0,1.3028744608163834,0.5797218658440311,,,
fashion_mnist,cut_backdoor,clean,137,1,density_gap_without_l0_support,L0_only,1,0,False,0,1.2900132685899734,0.552164403166984,,,
fashion_mnist,cut_backdoor,clean,137,2,density_gap_without_l0_support,L0_only,1,0,False,0,1.2659283727407455,0.5660472427672457,,,
fashion_mnist,cut_backdoor,clean,137,3,density_gap_without_l0_support,L0_only,1,0,False,0,1.1994681879878044,0.5777899538353013,,,
fashion_mnist,cut_backdoor,clean,137,4,density_gap_without_l0_support,L0_only,1,0,False,0,1.1510653421282768,0.5924953092648795,,,
fashion_mnist,cut_backdoor,clean,137,5,density_gap_without_l0_support,L0_only,1,0,False,0,1.1343065649271011,0.6097919229027341,,,
fashion_mnist,cut_backdoor,clean,137,6,density_gap_without_l0_support,L0_only,1,0,False,0,1.0782846808433533,0.6189465642820877,,,
fashion_mnist,cut_backdoor,clean,137,7,density_gap_without_l0_support,L0_only,1,0,False,0,1.0195739194750786,0.6805547258449064,,,
fashion_mnist,cut_backdoor,clean,137,8,density_gap_without_l0_support,L0_only,1,0,False,0,1.0264066606760025,0.6532809018337935,,,
fashion_mnist,cut_backdoor,clean,137,9,density_gap_without_l0_support,L0_only,1,0,False,0,0.969444215297699,0.7035851843654076,,,
fashion_mnist,cut_backdoor,clean,137,10,density_gap_without_l0_support,L0_only,1,0,False,0,0.9633148461580276,0.7180264688373228,,,
fashion_mnist,cut_backdoor,clean,137,11,density_gap_without_l0_support,L0_only,1,0,False,0,0.9627041593194008,0.6640542924952809,,,
fashion_mnist,cut_backdoor,clean,137,12,density_gap_without_l0_support,L0_only,1,0,False,0,0.9531842172145844,0.7114134122989142,,,
fashion_mnist,cut_backdoor,clean,137,13,density_gap_without_l0_support,L0_only,1,0,False,0,0.9323709458112717,0.6987645187565261,,,
fashion_mnist,cut_backdoor,clean,137,14,density_gap_without_l0_support,L0_only,1,0,False,0,0.9313179180026054,0.7285338186690934,,,
fashion_mnist,cut_backdoor,clean,137,15,density_gap_without_l0_support,L0_only,1,0,False,0,0.8771957829594612,0.7419978175605474,,,
fashion_mnist,cut_backdoor,clean,137,16,density_gap_without_l0_support,L0_only,1,0,False,0,0.8996158838272095,0.6960832966166547,,,
fashion_mnist,cut_backdoor,clean,137,17,density_gap_without_l0_support,L0_only,1,0,False,0,0.9213319793343544,0.6685139551210492,,,
fashion_mnist,cut_backdoor,clean,137,18,density_gap_without_l0_support,L0_only,1,0,False,0,0.8568333834409714,0.8231424381944593,,,
fashion_mnist,cut_backdoor,clean,137,19,density_gap_without_l0_support,L0_only,1,0,False,0,0.8409925550222397,0.7809792878227289,,,
fashion_mnist,cut_backdoor,clean,137,20,density_gap_without_l0_support,L0_only,1,0,False,0,0.8730168268084526,0.761649246825254,,,
fashion_mnist,cut_backdoor,clean,137,21,density_gap_without_l0_support,L0_only,1,0,False,0,0.8200735971331596,0.7586006212590597,,,
fashion_mnist,cut_backdoor,clean,137,22,density_gap_without_l0_support,L0_only,1,0,False,0,0.8431880176067352,0.7225279882315913,,,
fashion_mnist,cut_backdoor,clean,137,23,density_gap_without_l0_support,L0_only,1,0,False,0,0.8487521111965179,0.7767641833683616,,,
fashion_mnist,cut_backdoor,clean,137,24,density_gap_without_l0_support,L0_only,1,0,False,0,0.8587284758687019,0.7067336239400117,,,
fashion_mnist,cut_backdoor,clean,137,25,density_gap_without_l0_support,L0_only,1,0,False,0,0.8219769969582558,0.7944371429631942,,,
fashion_mnist,cut_backdoor,clean,137,26,density_gap_without_l0_support,L0_only,1,0,False,0,0.8517055213451385,0.7977027481678094,,,
fashion_mnist,cut_backdoor,clean,137,27,density_gap_without_l0_support,L0_only,1,0,False,0,0.8238131552934647,0.7747341262344066,,,
fashion_mnist,cut_backdoor,clean,137,28,density_gap_without_l0_support,L0_only,1,0,False,0,0.8353244885802269,0.8125409048564312,,,
fashion_mnist,cut_backdoor,clean,137,29,density_gap_without_l0_support,L0_only,1,0,False,0,0.8038447797298431,0.8450104189239767,,,
fashion_mnist,cut_backdoor,clean,2024,0,no_density_gap,L0_only,0,0,False,0,1.3904596120119095,0.5433644369948977,,,
fashion_mnist,cut_backdoor,clean,2024,1,no_density_gap,L0_only,0,0,False,0,1.3005363196134567,0.5451806458971706,,,
fashion_mnist,cut_backdoor,clean,2024,2,no_density_gap,L0_only,0,0,False,0,1.246965080499649,0.5724575570899547,,,
fashion_mnist,cut_backdoor,clean,2024,3,density_gap_without_l0_support,L0_only,1,0,False,0,1.1913694068789482,0.6071916584124384,,,
fashion_mnist,cut_backdoor,clean,2024,4,density_gap_without_l0_support,L0_only,1,0,False,0,1.1398397013545036,0.6403842634812131,,,
fashion_mnist,cut_backdoor,clean,2024,5,density_gap_without_l0_support,L0_only,1,0,False,0,1.0922745242714882,0.660818489548668,,,
fashion_mnist,cut_backdoor,clean,2024,6,density_gap_without_l0_support,L0_only,1,0,False,0,1.0570351034402847,0.7316679970833038,,,
fashion_mnist,cut_backdoor,clean,2024,7,density_gap_without_l0_support,L0_only,1,0,False,0,0.9995536506175995,0.7331659384447362,,,
fashion_mnist,cut_backdoor,clean,2024,8,density_gap_without_l0_support,L0_only,1,0,False,0,0.9773912280797958,0.7563409438843669,,,
fashion_mnist,cut_backdoor,clean,2024,9,density_gap_without_l0_support,L0_only,1,0,False,0,0.9630914032459259,0.7976798479142753,,,
fashion_mnist,cut_backdoor,clean,2024,10,density_gap_without_l0_support,L0_only,1,0,False,0,0.921112559735775,0.773772663811553,,,
fashion_mnist,cut_backdoor,clean,2024,11,density_gap_without_l0_support,L0_only,1,0,False,0,0.9198728576302528,0.7821015882095113,,,
fashion_mnist,cut_backdoor,clean,2024,12,density_gap_without_l0_support,L0_only,1,0,False,0,0.8906906470656395,0.8253703841957699,,,
fashion_mnist,cut_backdoor,clean,2024,13,density_gap_without_l0_support,L0_only,1,0,False,0,0.9079766646027565,0.7671938566578946,,,
fashion_mnist,cut_backdoor,clean,2024,14,density_gap_without_l0_support,L0_only,1,0,False,0,0.8612367138266563,0.8953649233884665,,,
fashion_mnist,cut_backdoor,clean,2024,15,density_gap_without_l0_support,L0_only,1,0,False,0,0.8238666132092476,0.9133064812775438,,,
fashion_mnist,cut_backdoor,clean,2024,16,density_gap_without_l0_support,L0_only,1,0,False,0,0.8564590662717819,0.8744819467675157,,,
fashion_mnist,cut_backdoor,clean,2024,17,density_gap_without_l0_support,L0_only,1,0,False,0,0.8396700024604797,0.8849092357846504,,,
fashion_mnist,cut_backdoor,clean,2024,18,density_gap_without_l0_support,L0_only,1,0,False,0,0.8092676103115082,0.8596143956170824,,,
fashion_mnist,cut_backdoor,clean,2024,19,density_gap_without_l0_support,L0_only,1,0,False,0,0.8638491481542587,0.8498744090567272,,,
fashion_mnist,cut_backdoor,clean,2024,20,density_gap_without_l0_support,L0_only,1,0,False,0,0.8265599608421326,0.8698101839749772,,,
fashion_mnist,cut_backdoor,clean,2024,21,density_gap_without_l0_support,L0_only,1,0,False,0,0.8057676255702972,0.8500197599037618,,,
fashion_mnist,cut_backdoor,clean,2024,22,density_gap_without_l0_support,L0_only,1,0,False,0,0.7627526670694351,0.9385544683644717,,,
fashion_mnist,cut_backdoor,clean,2024,23,density_gap_without_l0_support,L0_only,1,0,False,0,0.8599122241139412,0.8387403542497532,,,
fashion_mnist,cut_backdoor,clean,2024,24,density_gap_without_l0_support,L0_only,1,0,False,0,0.7802066951990128,0.9644672999955977,,,
fashion_mnist,cut_backdoor,clean,2024,25,density_gap_without_l0_support,L0_only,1,0,False,0,0.7774344086647034,0.9564144800522265,,,
fashion_mnist,cut_backdoor,clean,2024,26,density_gap_without_l0_support,L0_only,1,0,False,0,0.7938052341341972,0.9551127066524058,,,
fashion_mnist,cut_backdoor,clean,2024,27,density_gap_without_l0_support,L0_only,1,0,False,0,0.796000212430954,0.8707748058871552,,,
fashion_mnist,cut_backdoor,clean,2024,28,density_gap_without_l0_support,L0_only,1,0,False,0,0.7425234466791153,0.9922453594884437,,,
fashion_mnist,cut_backdoor,clean,2024,29,density_gap_without_l0_support,L0_only,1,0,False,1,0.7769946381449699,1.024509808104993,,,
fashion_mnist,cut_backdoor,clean,42,0,density_gap_without_l0_support,L0_only,1,0,False,0,1.4247119426727295,0.5217605542470097,,,
fashion_mnist,cut_backdoor,clean,42,1,no_density_gap,L0_only,0,0,False,0,1.3552136719226837,0.5528135608874853,,,
fashion_mnist,cut_backdoor,clean,42,2,density_gap_without_l0_support,L0_only,1,0,False,0,1.2529344856739044,0.5612358549010079,,,
fashion_mnist,cut_backdoor,clean,42,3,density_gap_without_l0_support,L0_only,1,0,False,0,1.2009824067354202,0.6047429440696387,,,
fashion_mnist,cut_backdoor,clean,42,4,density_gap_without_l0_support,L0_only,1,0,False,0,1.1639613285660744,0.6128291290509997,,,
fashion_mnist,cut_backdoor,clean,42,5,density_gap_without_l0_support,L0_only,1,0,False,0,1.0953830927610397,0.6221302799765175,,,
fashion_mnist,cut_backdoor,clean,42,6,density_gap_without_l0_support,L0_only,1,0,False,0,1.0895869880914688,0.6467462366631066,,,
fashion_mnist,cut_backdoor,clean,42,7,density_gap_without_l0_support,L0_only,1,0,False,0,1.0490143671631813,0.6560246796214318,,,
fashion_mnist,cut_backdoor,clean,42,8,density_gap_without_l0_support,L0_only,1,0,False,0,1.0152502730488777,0.7197390576575711,,,
fashion_mnist,cut_backdoor,clean,42,9,density_gap_without_l0_support,L0_only,1,0,False,0,1.0012273490428925,0.7157040584016694,,,
fashion_mnist,cut_backdoor,clean,42,10,density_gap_without_l0_support,L0_only,1,0,False,0,0.985335148870945,0.6630522797279036,,,
fashion_mnist,cut_backdoor,clean,42,11,density_gap_without_l0_support,L0_only,1,0,False,0,0.9792995452880859,0.6995461937733112,,,
fashion_mnist,cut_backdoor,clean,42,12,density_gap_without_l0_support,L0_only,1,0,False,0,0.954560786485672,0.6829583563653098,,,
fashion_mnist,cut_backdoor,clean,42,13,density_gap_without_l0_support,L0_only,1,0,False,0,0.9811777994036674,0.7108104622277884,,,
fashion_mnist,cut_backdoor,clean,42,14,density_gap_without_l0_support,L0_only,1,0,False,0,0.919455997645855,0.776667862301009,,,
fashion_mnist,cut_backdoor,clean,42,15,density_gap_without_l0_support,L0_only,1,0,False,0,0.9495532885193825,0.7431297830464825,,,
fashion_mnist,cut_backdoor,clean,42,16,density_gap_without_l0_support,L0_only,1,0,False,0,0.9345737844705582,0.7239203749279416,,,
fashion_mnist,cut_backdoor,clean,42,17,density_gap_without_l0_support,L0_only,1,0,False,0,0.9253795817494392,0.7636623608032521,,,
fashion_mnist,cut_backdoor,clean,42,18,density_gap_without_l0_support,L0_only,1,0,False,0,0.8732761070132256,0.749398585698973,,,
fashion_mnist,cut_backdoor,clean,42,19,density_gap_without_l0_support,L0_only,1,0,False,0,0.9156802296638489,0.752516913679454,,,
fashion_mnist,cut_backdoor,clean,42,20,density_gap_without_l0_support,L0_only,1,0,False,0,0.8857934549450874,0.7709363303314763,,,
fashion_mnist,cut_backdoor,clean,42,21,density_gap_without_l0_support,L0_only,1,0,False,0,0.9072034806013107,0.7737976437629263,,,
fashion_mnist,cut_backdoor,clean,42,22,density_gap_without_l0_support,L0_only,1,0,False,0,0.8944031223654747,0.7903888845456013,,,
fashion_mnist,cut_backdoor,clean,42,23,density_gap_without_l0_support,L0_only,1,0,False,0,0.8683335036039352,0.8104130094834003,,,
fashion_mnist,cut_backdoor,clean,42,24,density_gap_without_l0_support,L0_only,1,0,False,0,0.8989310637116432,0.7759216894703826,,,
fashion_mnist,cut_backdoor,clean,42,25,density_gap_without_l0_support,L0_only,1,0,False,0,0.8698786795139313,0.7629969352430265,,,
fashion_mnist,cut_backdoor,clean,42,26,density_gap_without_l0_support,L0_only,1,0,False,0,0.8718699216842651,0.7271370120081627,,,
fashion_mnist,cut_backdoor,clean,42,27,density_gap_without_l0_support,L0_only,1,0,False,0,0.8735779672861099,0.805067818965771,,,
fashion_mnist,cut_backdoor,clean,42,28,density_gap_without_l0_support,L0_only,1,0,False,0,0.8481860905885696,0.7994641678029677,,,
fashion_mnist,cut_backdoor,clean,42,29,density_gap_without_l0_support,L0_only,1,0,False,0,0.8677418529987335,0.7503344228040479,,,
fashion_mnist,cut_gaussian,clean,137,0,density_gap_without_l0_support,L0_only,1,0,False,0,1.6949286311864853,0.507135420377919,,,
fashion_mnist,cut_gaussian,clean,137,1,density_gap_without_l0_support,L0_only,1,0,False,0,1.6890925168991089,0.5247303381610804,,,
fashion_mnist,cut_gaussian,clean,137,2,density_gap_without_l0_support,L0_only,1,0,False,0,1.375919133424759,0.651301626867073,,,
fashion_mnist,cut_gaussian,clean,137,3,density_gap_without_l0_support,L0_only,1,0,False,0,1.1718032136559486,0.7498154733790462,,,
fashion_mnist,cut_gaussian,clean,137,4,density_gap_without_l0_support,L0_only,1,0,False,0,1.2029153481125832,0.7429471312518324,,,
fashion_mnist,cut_gaussian,clean,137,5,density_gap_without_l0_support,L0_only,1,0,False,0,1.164342649281025,0.7686227057133264,,,
fashion_mnist,cut_gaussian,clean,137,6,density_gap_without_l0_support,L0_only,1,0,False,0,1.0734235495328903,0.8214030619451447,,,
fashion_mnist,cut_gaussian,clean,137,7,density_gap_without_l0_support,L0_only,1,0,False,0,1.1444374918937683,0.8017060515429957,,,
fashion_mnist,cut_gaussian,clean,137,8,density_gap_without_l0_support,L0_only,1,0,False,0,1.0489307343959808,0.8559068821913682,,,
fashion_mnist,cut_gaussian,clean,137,9,density_gap_without_l0_support,L0_only,1,0,False,0,1.044408231973648,0.8605651810090164,,,
fashion_mnist,cut_gaussian,clean,137,10,density_gap_without_l0_support,L0_only,1,0,False,0,1.06759674847126,0.8635513290805714,,,
fashion_mnist,cut_gaussian,clean,137,11,density_gap_without_l0_support,L0_only,1,0,False,0,1.0110180079936981,0.8618534857263126,,,
fashion_mnist,cut_gaussian,clean,137,12,density_gap_without_l0_support,L0_only,1,0,False,0,0.9911372140049934,0.9018949480517982,,,
fashion_mnist,cut_gaussian,clean,137,13,density_gap_without_l0_support,L0_only,1,0,False,0,1.062958464026451,0.7243555539169401,,,
fashion_mnist,cut_gaussian,clean,137,14,density_gap_without_l0_support,L0_only,1,0,False,0,0.9602279216051102,0.8981728607031011,,,
fashion_mnist,cut_gaussian,clean,137,15,density_gap_without_l0_support,L0_only,1,0,False,0,0.949995182454586,0.875835656455751,,,
fashion_mnist,cut_gaussian,clean,137,16,density_gap_without_l0_support,L0_only,1,0,False,0,0.9762533381581306,0.8537602751359311,,,
fashion_mnist,cut_gaussian,clean,137,17,density_gap_without_l0_support,L0_only,1,0,False,0,0.9747209399938583,0.8180263028050562,,,
fashion_mnist,cut_gaussian,clean,137,18,density_gap_without_l0_support,L0_only,1,0,False,0,0.9703085944056511,0.7601187766981412,,,
fashion_mnist,cut_gaussian,clean,137,19,density_gap_without_l0_support,L0_only,1,0,False,0,0.9804874286055565,0.7827998121107416,,,
fashion_mnist,cut_gaussian,clean,137,20,density_gap_without_l0_support,L0_only,1,0,False,0,0.9392290562391281,0.8081837082451784,,,
fashion_mnist,cut_gaussian,clean,137,21,density_gap_without_l0_support,L0_only,1,0,False,0,0.9260401129722595,0.8560535517455005,,,
fashion_mnist,cut_gaussian,clean,137,22,density_gap_without_l0_support,L0_only,1,0,False,0,0.9524906799197197,0.8280766906520346,,,
fashion_mnist,cut_gaussian,clean,137,23,density_gap_without_l0_support,L0_only,1,0,False,0,0.9204154089093208,0.8338807294857579,,,
fashion_mnist,cut_gaussian,clean,137,24,density_gap_without_l0_support,L0_only,1,0,False,0,0.9339427202939987,0.8042466127495549,,,
fashion_mnist,cut_gaussian,clean,137,25,density_gap_without_l0_support,L0_only,1,0,False,0,0.9341439232230186,0.8066964178716994,,,
fashion_mnist,cut_gaussian,clean,137,26,density_gap_without_l0_support,L0_only,1,0,False,0,0.954328179359436,0.8080897034970398,,,
fashion_mnist,cut_gaussian,clean,137,27,density_gap_without_l0_support,L0_only,1,0,False,0,0.914507620036602,0.8594396745691725,,,
fashion_mnist,cut_gaussian,clean,137,28,no_density_gap,L0_only,0,0,False,0,0.8824042230844498,0.8215318046825797,,,
fashion_mnist,cut_gaussian,clean,137,29,no_density_gap,L0_only,0,0,False,0,0.8770111203193665,0.9541191418535179,,,
fashion_mnist,cut_gaussian,clean,2024,0,no_density_gap,L0_only,0,0,False,0,1.6799751669168472,0.4935252743617075,,,
fashion_mnist,cut_gaussian,clean,2024,1,density_gap_without_l0_support,L0_only,1,0,False,0,1.4049801230430603,0.621562635292261,,,
fashion_mnist,cut_gaussian,clean,2024,2,density_gap_without_l0_support,L0_only,1,0,False,0,1.1444925889372826,0.820965581317169,,,
fashion_mnist,cut_gaussian,clean,2024,3,no_density_gap,L0_only,0,0,False,0,1.0047781467437744,0.9050419460200814,,,
fashion_mnist,cut_gaussian,clean,2024,4,density_gap_without_l0_support,L0_only,1,0,False,0,0.9923838824033737,0.913887983160994,,,
fashion_mnist,cut_gaussian,clean,2024,5,density_gap_without_l0_support,L0_only,1,0,False,0,1.0678284242749214,0.8716688259727666,,,
fashion_mnist,cut_gaussian,clean,2024,6,density_gap_without_l0_support,L0_only,1,0,False,1,0.9146099537611008,1.025766525327666,,,
fashion_mnist,cut_gaussian,clean,2024,7,density_gap_without_l0_support,L0_only,1,0,False,1,0.9195620566606522,1.0135418674521375,,,
fashion_mnist,cut_gaussian,clean,2024,8,density_gap_without_l0_support,L0_only,1,0,False,1,0.9256450831890106,1.0172338603702347,,,
fashion_mnist,cut_gaussian,clean,2024,9,density_gap_without_l0_support,L0_only,1,0,False,2,0.8495673909783363,1.1128531526369565,,,
fashion_mnist,cut_gaussian,clean,2024,10,density_gap_without_l0_support,L0_only,1,0,False,3,0.8576558902859688,1.1463073489984266,,,
fashion_mnist,cut_gaussian,clean,2024,11,density_gap_without_l0_support,L0_only,1,0,False,4,0.7794138416647911,1.2510096079141846,,,
fashion_mnist,cut_gaussian,clean,2024,12,density_gap+l0_outlier_support,L0+L2_SNNC,1,1,False,11,0.6944430619478226,1.426319711153409,,,
fashion_mnist,cut_gaussian,clean,2024,13,density_gap+l0_outlier_support,L0+L2_SNNC,1,1,False,8,0.781334824860096,1.2528464540779145,,,
fashion_mnist,cut_gaussian,clean,2024,14,density_gap+l0_outlier_support,L0+L2_SNNC,1,1,False,8,0.7939066365361214,1.2695857388877219,,,
fashion_mnist,cut_gaussian,clean,2024,15,density_gap+l0_outlier_support,L0+L2_SNNC,1,1,False,10,0.7541349157691002,1.3779099080674908,,,
fashion_mnist,cut_gaussian,clean,2024,16,density_gap+l0_outlier_support,L0+L2_SNNC,1,1,False,8,0.699363611638546,1.5027961638699523,,,
fashion_mnist,cut_gaussian,clean,2024,17,density_gap+l0_outlier_support,L0+L2_SNNC,1,1,False,8,0.6979168578982353,1.4691224129433924,,,
fashion_mnist,cut_gaussian,clean,2024,18,density_gap+l0_outlier_support,L0+L2_SNNC,1,1,False,12,0.6608543545007706,1.5472096725114566,,,
fashion_mnist,cut_gaussian,clean,2024,19,temporal_momentum,L0+L2_SNNC,0,1,False,9,0.7158266380429268,1.457720980519455,,,
fashion_mnist,cut_gaussian,clean,2024,20,density_gap+l0_outlier_support,L0+L2_SNNC,1,1,False,11,0.6741189584136009,1.5727118140437781,,,
fashion_mnist,cut_gaussian,clean,2024,21,density_gap+l0_outlier_support,L0+L2_SNNC,1,1,False,14,0.6824689358472824,1.5397601491625001,,,
fashion_mnist,cut_gaussian,clean,2024,22,density_gap+l0_outlier_support,L0+L2_SNNC,1,1,False,12,0.6618352979421616,1.6350609360370587,,,
fashion_mnist,cut_gaussian,clean,2024,23,density_gap+l0_outlier_support,L0+L2_SNNC,1,1,False,14,0.6826728209853172,1.6141185774314162,,,
fashion_mnist,cut_gaussian,clean,2024,24,density_gap+l0_outlier_support,L0+L2_SNNC,1,1,False,12,0.6520429253578186,1.6806986447691912,,,
fashion_mnist,cut_gaussian,clean,2024,25,density_gap+l0_outlier_support,L0+L2_SNNC,1,1,False,12,0.6365032494068146,1.6797078123123463,,,
fashion_mnist,cut_gaussian,clean,2024,26,density_gap+l0_outlier_support,L0+L2_SNNC,1,1,False,15,0.6613073870539665,1.6599112373453224,,,
fashion_mnist,cut_gaussian,clean,2024,27,density_gap+l0_outlier_support,L0+L2_SNNC,1,1,False,14,0.6628185138106346,1.5495289196246105,,,
fashion_mnist,cut_gaussian,clean,2024,28,density_gap+l0_outlier_support,L0+L2_SNNC,1,1,False,15,0.6496948003768921,1.6620684087349897,,,
fashion_mnist,cut_gaussian,clean,2024,29,density_gap+l0_outlier_support,L0+L2_SNNC,1,1,False,14,0.6388193368911743,1.6922084307975378,,,
fashion_mnist,cut_gaussian,clean,42,0,density_gap_without_l0_support,L0_only,1,0,False,0,1.89778633415699,0.48672850768993947,,,
fashion_mnist,cut_gaussian,clean,42,1,density_gap_without_l0_support,L0_only,1,0,False,0,1.2107938900589943,0.8768106062146759,,,
fashion_mnist,cut_gaussian,clean,42,2,density_gap+l0_outlier_support,L0+L2_SNNC,1,1,False,25,0.7540496066212654,1.3822365833529509,,,
fashion_mnist,cut_gaussian,clean,42,3,density_gap+l0_outlier_support,L0+L2_SNNC,1,1,False,35,0.4966479726135731,2.5146292368411824,,,
fashion_mnist,cut_gaussian,clean,42,4,density_gap+l0_outlier_support,L0+L2_SNNC,1,1,False,37,0.34882668405771255,3.7134144084444847,,,
fashion_mnist,cut_gaussian,clean,42,5,density_gap+l0_outlier_support,L3_safety_fallback_L0,1,1,False,36,0.32263487577438354,4.540519849286382,,,
fashion_mnist,cut_gaussian,clean,42,6,density_gap+l0_outlier_support,L0+L2_SNNC,1,1,False,38,0.26605251245200634,5.2256535167588,,,
fashion_mnist,cut_gaussian,clean,42,7,density_gap+l0_outlier_support,L0+L2_SNNC,1,1,False,35,0.24091276340186596,6.2927705169950405,,,
fashion_mnist,cut_gaussian,clean,42,8,density_gap+l0_outlier_support,L0+L2_SNNC,1,1,False,39,0.2931450679898262,5.138436251477783,,,
fashion_mnist,cut_gaussian,clean,42,9,density_gap+l0_outlier_support,L0+L2_SNNC,1,1,False,38,0.25605649687349796,5.790798722783784,,,
fashion_mnist,cut_gaussian,clean,42,10,density_gap+l0_outlier_support,L0+L2_SNNC,1,1,False,39,0.22555259056389332,6.604278931107489,,,
fashion_mnist,cut_gaussian,clean,42,11,density_gap+l0_outlier_support,L0+L2_SNNC,1,1,False,39,0.25062947534024715,6.142134636833415,,,
fashion_mnist,cut_gaussian,clean,42,12,density_gap+l0_outlier_support,L0+L2_SNNC,1,1,False,37,0.18929940648376942,8.420626778613991,,,
fashion_mnist,cut_gaussian,clean,42,13,density_gap+l0_outlier_support,L0+L2_SNNC,1,1,False,39,0.23336440324783325,6.743942143514835,,,
fashion_mnist,cut_gaussian,clean,42,14,density_gap+l0_outlier_support,L3_safety_fallback_L0,1,1,False,40,0.2301954198628664,6.74827490098432,,,
fashion_mnist,cut_gaussian,clean,42,15,density_gap+l0_outlier_support,L0+L2_SNNC,1,1,False,40,0.28235658071935177,5.395832594356182,,,
fashion_mnist,cut_gaussian,clean,42,16,density_gap+l0_outlier_support,L0+L2_SNNC,1,1,False,39,0.2132558636367321,7.312792155391954,,,
fashion_mnist,cut_gaussian,clean,42,17,density_gap+l0_outlier_support,L0+L2_SNNC,1,1,False,40,0.24058696813881397,6.818934589006879,,,
fashion_mnist,cut_gaussian,clean,42,18,density_gap+l0_outlier_support,L3_safety_fallback_L0,1,1,False,40,0.20548788830637932,8.139609702532994,,,
fashion_mnist,cut_gaussian,clean,42,19,density_gap+l0_outlier_support,L0+L2_SNNC,1,1,False,37,0.178524823859334,8.791072273780989,,,
fashion_mnist,cut_gaussian,clean,42,20,density_gap+l0_outlier_support,L0+L2_SNNC,1,1,False,39,0.2038289327174425,7.885963593563273,,,
fashion_mnist,cut_gaussian,clean,42,21,density_gap+l0_outlier_support,L0+L2_SNNC,1,1,False,40,0.24394582957029343,6.369535751715961,,,
fashion_mnist,cut_gaussian,clean,42,22,density_gap+l0_outlier_support,L0+L2_SNNC,1,1,False,39,0.14299046713858843,11.11273970413687,,,
fashion_mnist,cut_gaussian,clean,42,23,density_gap+l0_outlier_support,L0+L2_SNNC,1,1,False,40,0.2395198680460453,7.375006806450672,,,
fashion_mnist,cut_gaussian,clean,42,24,density_gap+l0_outlier_support,L0+L2_SNNC,1,1,False,38,0.19936464726924896,8.089114879250415,,,
fashion_mnist,cut_gaussian,clean,42,25,density_gap+l0_outlier_support,L0+L2_SNNC,1,1,False,38,0.1308046467602253,12.425158429572514,,,
fashion_mnist,cut_gaussian,clean,42,26,density_gap+l0_outlier_support,L0+L2_SNNC,1,1,False,38,0.1606229180470109,10.110134147268113,,,
fashion_mnist,cut_gaussian,clean,42,27,density_gap+l0_outlier_support,L3_safety_fallback_L0,1,1,False,38,0.15828438568860292,9.896448919169435,,,
fashion_mnist,cut_gaussian,clean,42,28,density_gap+l0_outlier_support,L0+L2_SNNC,1,1,False,39,0.20601016469299793,7.9455910946085275,,,
fashion_mnist,cut_gaussian,clean,42,29,density_gap+l0_outlier_support,L0+L2_SNNC,1,1,False,39,0.24392981082201004,6.699139653213124,,,
fashion_mnist,cut_minmax,clean,137,0,density_gap_without_l0_support,L0_only,1,0,False,0,1.6949286311864853,0.507135420377919,,,
fashion_mnist,cut_minmax,clean,137,1,density_gap_without_l0_support,L0_only,1,0,False,0,1.6890925168991089,0.5247303381610804,,,
fashion_mnist,cut_minmax,clean,137,2,density_gap_without_l0_support,L0_only,1,0,False,0,1.375919133424759,0.651301626867073,,,
fashion_mnist,cut_minmax,clean,137,3,density_gap_without_l0_support,L0_only,1,0,False,0,1.1718032136559486,0.7498154733790462,,,
fashion_mnist,cut_minmax,clean,137,4,density_gap_without_l0_support,L0_only,1,0,False,0,1.2029153481125832,0.7429471312518324,,,
fashion_mnist,cut_minmax,clean,137,5,density_gap_without_l0_support,L0_only,1,0,False,0,1.164342649281025,0.7686227057133264,,,
fashion_mnist,cut_minmax,clean,137,6,density_gap_without_l0_support,L0_only,1,0,False,0,1.0734235495328903,0.8214030619451447,,,
fashion_mnist,cut_minmax,clean,137,7,density_gap_without_l0_support,L0_only,1,0,False,0,1.1444374918937683,0.8017060515429957,,,
fashion_mnist,cut_minmax,clean,137,8,density_gap_without_l0_support,L0_only,1,0,False,0,1.0489307343959808,0.8559068821913682,,,
fashion_mnist,cut_minmax,clean,137,9,density_gap_without_l0_support,L0_only,1,0,False,0,1.044408231973648,0.8605651810090164,,,
fashion_mnist,cut_minmax,clean,137,10,density_gap_without_l0_support,L0_only,1,0,False,0,1.06759674847126,0.8635513290805714,,,
fashion_mnist,cut_minmax,clean,137,11,density_gap_without_l0_support,L0_only,1,0,False,0,1.0110180079936981,0.8618534857263126,,,
fashion_mnist,cut_minmax,clean,137,12,density_gap_without_l0_support,L0_only,1,0,False,0,0.9911372140049934,0.9018949480517982,,,
fashion_mnist,cut_minmax,clean,137,13,density_gap_without_l0_support,L0_only,1,0,False,0,1.062958464026451,0.7243555539169401,,,
fashion_mnist,cut_minmax,clean,137,14,density_gap_without_l0_support,L0_only,1,0,False,0,0.9602279216051102,0.8981728607031011,,,
fashion_mnist,cut_minmax,clean,137,15,density_gap_without_l0_support,L0_only,1,0,False,0,0.949995182454586,0.875835656455751,,,
fashion_mnist,cut_minmax,clean,137,16,density_gap_without_l0_support,L0_only,1,0,False,0,0.9762533381581306,0.8537602751359311,,,
fashion_mnist,cut_minmax,clean,137,17,density_gap_without_l0_support,L0_only,1,0,False,0,0.9747209399938583,0.8180263028050562,,,
fashion_mnist,cut_minmax,clean,137,18,density_gap_without_l0_support,L0_only,1,0,False,0,0.9703085944056511,0.7601187766981412,,,
fashion_mnist,cut_minmax,clean,137,19,density_gap_without_l0_support,L0_only,1,0,False,0,0.9804874286055565,0.7827998121107416,,,
fashion_mnist,cut_minmax,clean,137,20,density_gap_without_l0_support,L0_only,1,0,False,0,0.9392290562391281,0.8081837082451784,,,
fashion_mnist,cut_minmax,clean,137,21,density_gap_without_l0_support,L0_only,1,0,False,0,0.9260401129722595,0.8560535517455005,,,
fashion_mnist,cut_minmax,clean,137,22,density_gap_without_l0_support,L0_only,1,0,False,0,0.9524906799197197,0.8280766906520346,,,
fashion_mnist,cut_minmax,clean,137,23,density_gap_without_l0_support,L0_only,1,0,False,0,0.9204154089093208,0.8338807294857579,,,
fashion_mnist,cut_minmax,clean,137,24,density_gap_without_l0_support,L0_only,1,0,False,0,0.9339427202939987,0.8042466127495549,,,
fashion_mnist,cut_minmax,clean,137,25,density_gap_without_l0_support,L0_only,1,0,False,0,0.9341439232230186,0.8066964178716994,,,
fashion_mnist,cut_minmax,clean,137,26,density_gap_without_l0_support,L0_only,1,0,False,0,0.954328179359436,0.8080897034970398,,,
fashion_mnist,cut_minmax,clean,137,27,density_gap_without_l0_support,L0_only,1,0,False,0,0.914507620036602,0.8594396745691725,,,
fashion_mnist,cut_minmax,clean,137,28,no_density_gap,L0_only,0,0,False,0,0.8824042230844498,0.8215318046825797,,,
fashion_mnist,cut_minmax,clean,137,29,no_density_gap,L0_only,0,0,False,0,0.8770111203193665,0.9541191418535179,,,
fashion_mnist,cut_minmax,clean,2024,0,no_density_gap,L0_only,0,0,False,0,1.6799751669168472,0.4935252743617075,,,
fashion_mnist,cut_minmax,clean,2024,1,density_gap_without_l0_support,L0_only,1,0,False,0,1.4049801230430603,0.621562635292261,,,
fashion_mnist,cut_minmax,clean,2024,2,density_gap_without_l0_support,L0_only,1,0,False,0,1.1444925889372826,0.820965581317169,,,
fashion_mnist,cut_minmax,clean,2024,3,no_density_gap,L0_only,0,0,False,0,1.0047781467437744,0.9050419460200814,,,
fashion_mnist,cut_minmax,clean,2024,4,density_gap_without_l0_support,L0_only,1,0,False,0,0.9923838824033737,0.913887983160994,,,
fashion_mnist,cut_minmax,clean,2024,5,density_gap_without_l0_support,L0_only,1,0,False,0,1.0678284242749214,0.8716688259727666,,,
fashion_mnist,cut_minmax,clean,2024,6,density_gap_without_l0_support,L0_only,1,0,False,1,0.9146099537611008,1.025766525327666,,,
fashion_mnist,cut_minmax,clean,2024,7,density_gap_without_l0_support,L0_only,1,0,False,1,0.9195620566606522,1.0135418674521375,,,
fashion_mnist,cut_minmax,clean,2024,8,density_gap_without_l0_support,L0_only,1,0,False,1,0.9256450831890106,1.0172338603702347,,,
fashion_mnist,cut_minmax,clean,2024,9,density_gap_without_l0_support,L0_only,1,0,False,2,0.8495673909783363,1.1128531526369565,,,
fashion_mnist,cut_minmax,clean,2024,10,density_gap_without_l0_support,L0_only,1,0,False,3,0.8576558902859688,1.1463073489984266,,,
fashion_mnist,cut_minmax,clean,2024,11,density_gap_without_l0_support,L0_only,1,0,False,4,0.7794138416647911,1.2510096079141846,,,
fashion_mnist,cut_minmax,clean,2024,12,density_gap+l0_outlier_support,L0+L2_SNNC,1,1,False,11,0.6944430619478226,1.426319711153409,,,
fashion_mnist,cut_minmax,clean,2024,13,density_gap+l0_outlier_support,L0+L2_SNNC,1,1,False,8,0.781334824860096,1.2528464540779145,,,
fashion_mnist,cut_minmax,clean,2024,14,density_gap+l0_outlier_support,L0+L2_SNNC,1,1,False,8,0.7939066365361214,1.2695857388877219,,,
fashion_mnist,cut_minmax,clean,2024,15,density_gap+l0_outlier_support,L0+L2_SNNC,1,1,False,10,0.7541349157691002,1.3779099080674908,,,
fashion_mnist,cut_minmax,clean,2024,16,density_gap+l0_outlier_support,L0+L2_SNNC,1,1,False,8,0.699363611638546,1.5027961638699523,,,
fashion_mnist,cut_minmax,clean,2024,17,density_gap+l0_outlier_support,L0+L2_SNNC,1,1,False,8,0.6979168578982353,1.4691224129433924,,,
fashion_mnist,cut_minmax,clean,2024,18,density_gap+l0_outlier_support,L0+L2_SNNC,1,1,False,12,0.6608543545007706,1.5472096725114566,,,
fashion_mnist,cut_minmax,clean,2024,19,temporal_momentum,L0+L2_SNNC,0,1,False,9,0.7158266380429268,1.457720980519455,,,
fashion_mnist,cut_minmax,clean,2024,20,density_gap+l0_outlier_support,L0+L2_SNNC,1,1,False,11,0.6741189584136009,1.5727118140437781,,,
fashion_mnist,cut_minmax,clean,2024,21,density_gap+l0_outlier_support,L0+L2_SNNC,1,1,False,14,0.6824689358472824,1.5397601491625001,,,
fashion_mnist,cut_minmax,clean,2024,22,density_gap+l0_outlier_support,L0+L2_SNNC,1,1,False,12,0.6618352979421616,1.6350609360370587,,,
fashion_mnist,cut_minmax,clean,2024,23,density_gap+l0_outlier_support,L0+L2_SNNC,1,1,False,14,0.6826728209853172,1.6141185774314162,,,
fashion_mnist,cut_minmax,clean,2024,24,density_gap+l0_outlier_support,L0+L2_SNNC,1,1,False,12,0.6520429253578186,1.6806986447691912,,,
fashion_mnist,cut_minmax,clean,2024,25,density_gap+l0_outlier_support,L0+L2_SNNC,1,1,False,12,0.6365032494068146,1.6797078123123463,,,
fashion_mnist,cut_minmax,clean,2024,26,density_gap+l0_outlier_support,L0+L2_SNNC,1,1,False,15,0.6613073870539665,1.6599112373453224,,,
fashion_mnist,cut_minmax,clean,2024,27,density_gap+l0_outlier_support,L0+L2_SNNC,1,1,False,14,0.6628185138106346,1.5495289196246105,,,
fashion_mnist,cut_minmax,clean,2024,28,density_gap+l0_outlier_support,L0+L2_SNNC,1,1,False,15,0.6496948003768921,1.6620684087349897,,,
fashion_mnist,cut_minmax,clean,2024,29,density_gap+l0_outlier_support,L0+L2_SNNC,1,1,False,14,0.6388193368911743,1.6922084307975378,,,
fashion_mnist,cut_minmax,clean,42,0,density_gap_without_l0_support,L0_only,1,0,False,0,1.89778633415699,0.48672850768993947,,,
fashion_mnist,cut_minmax,clean,42,1,density_gap_without_l0_support,L0_only,1,0,False,0,1.2107938900589943,0.8768106062146759,,,
fashion_mnist,cut_minmax,clean,42,2,density_gap+l0_outlier_support,L0+L2_SNNC,1,1,False,25,0.7540496066212654,1.3822365833529509,,,
fashion_mnist,cut_minmax,clean,42,3,density_gap+l0_outlier_support,L0+L2_SNNC,1,1,False,35,0.4966479726135731,2.5146292368411824,,,
fashion_mnist,cut_minmax,clean,42,4,density_gap+l0_outlier_support,L0+L2_SNNC,1,1,False,37,0.34882668405771255,3.7134144084444847,,,
fashion_mnist,cut_minmax,clean,42,5,density_gap+l0_outlier_support,L3_safety_fallback_L0,1,1,False,36,0.32263487577438354,4.540519849286382,,,
fashion_mnist,cut_minmax,clean,42,6,density_gap+l0_outlier_support,L0+L2_SNNC,1,1,False,38,0.26605251245200634,5.2256535167588,,,
fashion_mnist,cut_minmax,clean,42,7,density_gap+l0_outlier_support,L0+L2_SNNC,1,1,False,35,0.24091276340186596,6.2927705169950405,,,
fashion_mnist,cut_minmax,clean,42,8,density_gap+l0_outlier_support,L0+L2_SNNC,1,1,False,39,0.2931450679898262,5.138436251477783,,,
fashion_mnist,cut_minmax,clean,42,9,density_gap+l0_outlier_support,L0+L2_SNNC,1,1,False,38,0.25605649687349796,5.790798722783784,,,
fashion_mnist,cut_minmax,clean,42,10,density_gap+l0_outlier_support,L0+L2_SNNC,1,1,False,39,0.22555259056389332,6.604278931107489,,,
fashion_mnist,cut_minmax,clean,42,11,density_gap+l0_outlier_support,L0+L2_SNNC,1,1,False,39,0.25062947534024715,6.142134636833415,,,
fashion_mnist,cut_minmax,clean,42,12,density_gap+l0_outlier_support,L0+L2_SNNC,1,1,False,37,0.18929940648376942,8.420626778613991,,,
fashion_mnist,cut_minmax,clean,42,13,density_gap+l0_outlier_support,L0+L2_SNNC,1,1,False,39,0.23336440324783325,6.743942143514835,,,
fashion_mnist,cut_minmax,clean,42,14,density_gap+l0_outlier_support,L3_safety_fallback_L0,1,1,False,40,0.2301954198628664,6.74827490098432,,,
fashion_mnist,cut_minmax,clean,42,15,density_gap+l0_outlier_support,L0+L2_SNNC,1,1,False,40,0.28235658071935177,5.395832594356182,,,
fashion_mnist,cut_minmax,clean,42,16,density_gap+l0_outlier_support,L0+L2_SNNC,1,1,False,39,0.2132558636367321,7.312792155391954,,,
fashion_mnist,cut_minmax,clean,42,17,density_gap+l0_outlier_support,L0+L2_SNNC,1,1,False,40,0.24058696813881397,6.818934589006879,,,
fashion_mnist,cut_minmax,clean,42,18,density_gap+l0_outlier_support,L3_safety_fallback_L0,1,1,False,40,0.20548788830637932,8.139609702532994,,,
fashion_mnist,cut_minmax,clean,42,19,density_gap+l0_outlier_support,L0+L2_SNNC,1,1,False,37,0.178524823859334,8.791072273780989,,,
fashion_mnist,cut_minmax,clean,42,20,density_gap+l0_outlier_support,L0+L2_SNNC,1,1,False,39,0.2038289327174425,7.885963593563273,,,
fashion_mnist,cut_minmax,clean,42,21,density_gap+l0_outlier_support,L0+L2_SNNC,1,1,False,40,0.24394582957029343,6.369535751715961,,,
fashion_mnist,cut_minmax,clean,42,22,density_gap+l0_outlier_support,L0+L2_SNNC,1,1,False,39,0.14299046713858843,11.11273970413687,,,
fashion_mnist,cut_minmax,clean,42,23,density_gap+l0_outlier_support,L0+L2_SNNC,1,1,False,40,0.2395198680460453,7.375006806450672,,,
fashion_mnist,cut_minmax,clean,42,24,density_gap+l0_outlier_support,L0+L2_SNNC,1,1,False,38,0.19936464726924896,8.089114879250415,,,
fashion_mnist,cut_minmax,clean,42,25,density_gap+l0_outlier_support,L0+L2_SNNC,1,1,False,38,0.1308046467602253,12.425158429572514,,,
fashion_mnist,cut_minmax,clean,42,26,density_gap+l0_outlier_support,L0+L2_SNNC,1,1,False,38,0.1606229180470109,10.110134147268113,,,
fashion_mnist,cut_minmax,clean,42,27,density_gap+l0_outlier_support,L3_safety_fallback_L0,1,1,False,38,0.15828438568860292,9.896448919169435,,,
fashion_mnist,cut_minmax,clean,42,28,density_gap+l0_outlier_support,L0+L2_SNNC,1,1,False,39,0.20601016469299793,7.9455910946085275,,,
fashion_mnist,cut_minmax,clean,42,29,density_gap+l0_outlier_support,L0+L2_SNNC,1,1,False,39,0.24392981082201004,6.699139653213124,,,
mnist,cut_backdoor,clean,137,0,no_density_gap,L0_only,0,0,False,0,1.293824017047882,0.571490731115392,,,
mnist,cut_backdoor,clean,137,1,density_gap_without_l0_support,L0_only,1,0,False,0,1.3519997894763947,0.5283521418273345,,,
mnist,cut_backdoor,clean,137,2,no_density_gap,L0_only,0,0,False,0,1.2988782674074173,0.5244609997826567,,,
mnist,cut_backdoor,clean,137,3,no_density_gap,L0_only,0,0,False,0,1.2924245744943619,0.5343105222346083,,,
mnist,cut_backdoor,clean,137,4,density_gap_without_l0_support,L0_only,1,0,False,0,1.2667559087276459,0.5663724325980717,,,
mnist,cut_backdoor,clean,137,5,density_gap_without_l0_support,L0_only,1,0,False,0,1.217326782643795,0.6025286431431272,,,
mnist,cut_backdoor,clean,137,6,density_gap_without_l0_support,L0_only,1,0,False,0,1.1632665246725082,0.5887671627522505,,,
mnist,cut_backdoor,clean,137,7,density_gap_without_l0_support,L0_only,1,0,False,0,1.0923846065998077,0.6108547840644813,,,
mnist,cut_backdoor,clean,137,8,density_gap_without_l0_support,L0_only,1,0,False,0,1.0523470863699913,0.6254684113730151,,,
mnist,cut_backdoor,clean,137,9,density_gap_without_l0_support,L0_only,1,0,False,0,0.9997652098536491,0.6369999183597213,,,
mnist,cut_backdoor,clean,137,10,density_gap_without_l0_support,L0_only,1,0,False,0,0.9820961207151413,0.6623093279953353,,,
mnist,cut_backdoor,clean,137,11,density_gap_without_l0_support,L0_only,1,0,False,0,0.9472539648413658,0.6640793576914584,,,
mnist,cut_backdoor,clean,137,12,density_gap_without_l0_support,L0_only,1,0,False,0,0.9202678501605988,0.6575253492940929,,,
mnist,cut_backdoor,clean,137,13,density_gap_without_l0_support,L0_only,1,0,False,0,0.8816041797399521,0.7245268553028217,,,
mnist,cut_backdoor,clean,137,14,density_gap_without_l0_support,L0_only,1,0,False,0,0.8599662408232689,0.6792967224865574,,,
mnist,cut_backdoor,clean,137,15,density_gap_without_l0_support,L0_only,1,0,False,0,0.8663973212242126,0.6815693186481454,,,
mnist,cut_backdoor,clean,137,16,density_gap_without_l0_support,L0_only,1,0,False,0,0.8328220248222351,0.7233548053721488,,,
mnist,cut_backdoor,clean,137,17,density_gap_without_l0_support,L0_only,1,0,False,0,0.817350372672081,0.6890105649886589,,,
mnist,cut_backdoor,clean,137,18,density_gap_without_l0_support,L0_only,1,0,False,0,0.808187797665596,0.7510094343179735,,,
mnist,cut_backdoor,clean,137,19,density_gap_without_l0_support,L0_only,1,0,False,0,0.8049646764993668,0.7289473311543363,,,
mnist,cut_backdoor,clean,137,20,density_gap_without_l0_support,L0_only,1,0,False,0,0.7885635271668434,0.7041588039139183,,,
mnist,cut_backdoor,clean,137,21,density_gap_without_l0_support,L0_only,1,0,False,0,0.7618559524416924,0.6530650780172916,,,
mnist,cut_backdoor,clean,137,22,density_gap_without_l0_support,L0_only,1,0,False,0,0.7493545114994049,0.7188692883617332,,,
mnist,cut_backdoor,clean,137,23,density_gap_without_l0_support,L0_only,1,0,False,0,0.747927837073803,0.6845217134900646,,,
mnist,cut_backdoor,clean,137,24,density_gap_without_l0_support,L0_only,1,0,False,0,0.7478856295347214,0.7281033350332154,,,
mnist,cut_backdoor,clean,137,25,density_gap_without_l0_support,L0_only,1,0,False,0,0.735708475112915,0.756185055018415,,,
mnist,cut_backdoor,clean,137,26,density_gap_without_l0_support,L0_only,1,0,False,0,0.7243231311440468,0.7550507033208851,,,
mnist,cut_backdoor,clean,137,27,density_gap_without_l0_support,L0_only,1,0,False,0,0.6953062117099762,0.7689360820261626,,,
mnist,cut_backdoor,clean,137,28,density_gap_without_l0_support,L0_only,1,0,False,0,0.687919445335865,0.726897043284007,,,
mnist,cut_backdoor,clean,137,29,density_gap_without_l0_support,L0_only,1,0,False,0,0.721113458275795,0.6908151481497209,,,
mnist,cut_backdoor,clean,2024,0,no_density_gap,L0_only,0,0,False,0,1.237594597041607,0.5436731661165548,,,
mnist,cut_backdoor,clean,2024,1,density_gap_without_l0_support,L0_only,1,0,False,0,1.2369441613554955,0.5187754583661645,,,
mnist,cut_backdoor,clean,2024,2,density_gap_without_l0_support,L0_only,1,0,False,0,1.2534550204873085,0.5416562821897362,,,
mnist,cut_backdoor,clean,2024,3,density_gap_without_l0_support,L0_only,1,0,False,0,1.2100113183259964,0.5598413398309178,,,
mnist,cut_backdoor,clean,2024,4,density_gap_without_l0_support,L0_only,1,0,False,0,1.1715658754110336,0.58914741342025,,,
mnist,cut_backdoor,clean,2024,5,density_gap_without_l0_support,L0_only,1,0,False,0,1.1298524960875511,0.5856096855948979,,,
mnist,cut_backdoor,clean,2024,6,density_gap_without_l0_support,L0_only,1,0,False,0,1.077040657401085,0.6008776411120939,,,
mnist,cut_backdoor,clean,2024,7,density_gap_without_l0_support,L0_only,1,0,False,0,1.030225120484829,0.6045237777977461,,,
mnist,cut_backdoor,clean,2024,8,density_gap_without_l0_support,L0_only,1,0,False,0,0.9847329556941986,0.618348349252644,,,
mnist,cut_backdoor,clean,2024,9,density_gap_without_l0_support,L0_only,1,0,False,0,0.9701882675290108,0.6071566448989381,,,
mnist,cut_backdoor,clean,2024,10,density_gap_without_l0_support,L0_only,1,0,False,0,0.9182959049940109,0.6845765154023571,,,
mnist,cut_backdoor,clean,2024,11,no_density_gap,L0_only,0,0,False,0,0.8885052427649498,0.6287771254353816,,,
mnist,cut_backdoor,clean,2024,12,density_gap_without_l0_support,L0_only,1,0,False,0,0.8581966906785965,0.6518322274187806,,,
mnist,cut_backdoor,clean,2024,13,density_gap_without_l0_support,L0_only,1,0,False,0,0.8380249515175819,0.6741180626702308,,,
mnist,cut_backdoor,clean,2024,14,density_gap_without_l0_support,L0_only,1,0,False,0,0.8194150775671005,0.6733530078142368,,,
mnist,cut_backdoor,clean,2024,15,no_density_gap,L0_only,0,0,False,0,0.8009065687656403,0.6469584968202496,,,
mnist,cut_backdoor,clean,2024,16,density_gap_without_l0_support,L0_only,1,0,False,0,0.7798448950052261,0.7204913851769497,,,
mnist,cut_backdoor,clean,2024,17,density_gap_without_l0_support,L0_only,1,0,False,0,0.7759711518883705,0.6898822010774267,,,
mnist,cut_backdoor,clean,2024,18,density_gap_without_l0_support,L0_only,1,0,False,0,0.7533620297908783,0.6830291271660831,,,
mnist,cut_backdoor,clean,2024,19,density_gap_without_l0_support,L0_only,1,0,False,0,0.771055668592453,0.668228978946044,,,
mnist,cut_backdoor,clean,2024,20,no_density_gap,L0_only,0,0,False,0,0.7447881996631622,0.637207196446553,,,
mnist,cut_backdoor,clean,2024,21,density_gap_without_l0_support,L0_only,1,0,False,0,0.7227981463074684,0.7856580285030794,,,
mnist,cut_backdoor,clean,2024,22,density_gap_without_l0_support,L0_only,1,0,False,0,0.7345933839678764,0.6923279779985801,,,
mnist,cut_backdoor,clean,2024,23,density_gap_without_l0_support,L0_only,1,0,False,0,0.7116104289889336,0.7026909383536835,,,
mnist,cut_backdoor,clean,2024,24,density_gap_without_l0_support,L0_only,1,0,False,0,0.7239145413041115,0.6596619167553543,,,
mnist,cut_backdoor,clean,2024,25,density_gap_without_l0_support,L0_only,1,0,False,0,0.7066104561090469,0.6778827631692019,,,
mnist,cut_backdoor,clean,2024,26,density_gap_without_l0_support,L0_only,1,0,False,0,0.6943921744823456,0.651411173464647,,,
mnist,cut_backdoor,clean,2024,27,density_gap_without_l0_support,L0_only,1,0,False,0,0.6731128320097923,0.7074172707718609,,,
mnist,cut_backdoor,clean,2024,28,density_gap_without_l0_support,L0_only,1,0,False,0,0.6725852191448212,0.8742629401572078,,,
mnist,cut_backdoor,clean,2024,29,density_gap_without_l0_support,L0_only,1,0,False,0,0.675407163798809,0.7211973884855775,,,
mnist,cut_backdoor,clean,42,0,density_gap_without_l0_support,L0_only,1,0,False,0,1.3816352188587189,0.5585146759646277,,,
mnist,cut_backdoor,clean,42,1,density_gap_without_l0_support,L0_only,1,0,False,0,1.3775750994682312,0.5827930014332459,,,
mnist,cut_backdoor,clean,42,2,density_gap_without_l0_support,L0_only,1,0,False,0,1.322925016283989,0.6070759521894544,,,
mnist,cut_backdoor,clean,42,3,no_density_gap,L0_only,0,0,False,0,1.2701980024576187,0.6333186006893704,,,
mnist,cut_backdoor,clean,42,4,density_gap_without_l0_support,L0_only,1,0,False,0,1.2334780022501945,0.6193469387730448,,,
mnist,cut_backdoor,clean,42,5,density_gap_without_l0_support,L0_only,1,0,False,0,1.2014828249812126,0.6216131007325765,,,
mnist,cut_backdoor,clean,42,6,density_gap_without_l0_support,L0_only,1,0,False,0,1.1235082894563675,0.6683883448712034,,,
mnist,cut_backdoor,clean,42,7,density_gap_without_l0_support,L0_only,1,0,False,0,1.0601010173559189,0.6951858865715028,,,
mnist,cut_backdoor,clean,42,8,density_gap_without_l0_support,L0_only,1,0,False,0,1.0238031670451164,0.6890796098041565,,,
mnist,cut_backdoor,clean,42,9,density_gap_without_l0_support,L0_only,1,0,False,0,1.0033585503697395,0.6959298464032107,,,
mnist,cut_backdoor,clean,42,10,density_gap_without_l0_support,L0_only,1,0,False,0,0.9874667599797249,0.6712771883195561,,,
mnist,cut_backdoor,clean,42,11,density_gap_without_l0_support,L0_only,1,0,False,0,0.9516498446464539,0.6932974279462621,,,
mnist,cut_backdoor,clean,42,12,density_gap_without_l0_support,L0_only,1,0,False,0,0.9303281456232071,0.734715956309509,,,
mnist,cut_backdoor,clean,42,13,density_gap_without_l0_support,L0_only,1,0,False,0,0.9195373579859734,0.6872226437564342,,,
mnist,cut_backdoor,clean,42,14,density_gap_without_l0_support,L0_only,1,0,False,0,0.8841866627335548,0.723049222646753,,,
mnist,cut_backdoor,clean,42,15,density_gap_without_l0_support,L0_only,1,0,False,0,0.8741714060306549,0.6930707333973696,,,
mnist,cut_backdoor,clean,42,16,density_gap_without_l0_support,L0_only,1,0,False,0,0.8074688911437988,0.7515178178618566,,,
mnist,cut_backdoor,clean,42,17,density_gap_without_l0_support,L0_only,1,0,False,0,0.8162293583154678,0.7448179570607504,,,
mnist,cut_backdoor,clean,42,18,density_gap_without_l0_support,L0_only,1,0,False,0,0.8033797889947891,0.7350928855923161,,,
mnist,cut_backdoor,clean,42,19,density_gap_without_l0_support,L0_only,1,0,False,0,0.8226931840181351,0.7084286262969909,,,
mnist,cut_backdoor,clean,42,20,density_gap_without_l0_support,L0_only,1,0,False,0,0.7635863870382309,0.7586371829434084,,,
mnist,cut_backdoor,clean,42,21,density_gap_without_l0_support,L0_only,1,0,False,0,0.8036299422383308,0.7170762734040547,,,
mnist,cut_backdoor,clean,42,22,no_density_gap,L0_only,0,0,False,0,0.7819501310586929,0.7269263718494159,,,
mnist,cut_backdoor,clean,42,23,density_gap_without_l0_support,L0_only,1,0,False,0,0.7496714219450951,0.7392435210796509,,,
mnist,cut_backdoor,clean,42,24,density_gap_without_l0_support,L0_only,1,0,False,0,0.7590696588158607,0.7318879191971819,,,
mnist,cut_backdoor,clean,42,25,density_gap_without_l0_support,L0_only,1,0,False,0,0.7505828887224197,0.7182775167301906,,,
mnist,cut_backdoor,clean,42,26,density_gap_without_l0_support,L0_only,1,0,False,0,0.7337198406457901,0.7256471456985256,,,
mnist,cut_backdoor,clean,42,27,density_gap_without_l0_support,L0_only,1,0,False,0,0.730743370950222,0.7240777573401119,,,
mnist,cut_backdoor,clean,42,28,density_gap_without_l0_support,L0_only,1,0,False,0,0.7241997867822647,0.752813304876675,,,
mnist,cut_backdoor,clean,42,29,density_gap_without_l0_support,L0_only,1,0,False,0,0.7283424213528633,0.6853226535963631,,,
mnist,cut_gaussian,clean,137,0,density_gap+l0_outlier_support,L0+L2_SNNC,1,1,False,17,0.8520207554101944,1.095637432798843,,,
mnist,cut_gaussian,clean,137,1,density_gap+l0_outlier_support,L0+L2_SNNC,1,1,False,33,0.6004695408046246,1.7137489510263262,,,
mnist,cut_gaussian,clean,137,2,density_gap+l0_outlier_support,L0+L2_SNNC,1,1,False,39,0.4670119658112526,2.5874545488338345,,,
mnist,cut_gaussian,clean,137,3,density_gap+l0_outlier_support,L0+L2_SNNC,1,1,False,37,0.3635295107960701,3.544986960492891,,,
mnist,cut_gaussian,clean,137,4,density_gap+l0_outlier_support,L0+L2_SNNC,1,1,False,38,0.3527369908988476,3.820998876140645,,,
mnist,cut_gaussian,clean,137,5,density_gap+l0_outlier_support,L3_safety_fallback_L0,1,1,False,37,0.35550039261579514,3.9052832941296303,,,
mnist,cut_gaussian,clean,137,6,density_gap+l0_outlier_support,L0+L2_SNNC,1,1,False,38,0.43918831273913383,3.1995430460393925,,,
mnist,cut_gaussian,clean,137,7,density_gap+l0_outlier_support,L0+L2_SNNC,1,1,False,36,0.3482893854379654,4.079157825562111,,,
mnist,cut_gaussian,clean,137,8,density_gap+l0_outlier_support,L3_safety_fallback_L0,1,1,False,37,0.345991887152195,4.395697899436122,,,
mnist,cut_gaussian,clean,137,9,density_gap+l0_outlier_support,L3_safety_fallback_L0,1,1,False,36,0.3362587280571461,4.302928157273298,,,
mnist,cut_gaussian,clean,137,10,density_gap+l0_outlier_support,L3_safety_fallback_L0,1,1,False,38,0.35996999591588974,4.034375621903677,,,
mnist,cut_gaussian,clean,137,11,density_gap+l0_outlier_support,L0+L2_SNNC,1,1,False,37,0.3507949970662594,4.236752796118209,,,
mnist,cut_gaussian,clean,137,12,density_gap+l0_outlier_support,L0+L2_SNNC,1,1,False,36,0.34950491040945053,4.197542963078789,,,
mnist,cut_gaussian,clean,137,13,density_gap+l0_outlier_support,L0+L2_SNNC,1,1,False,38,0.3571631573140621,4.108710302778334,,,
mnist,cut_gaussian,clean,137,14,density_gap+l0_outlier_support,L0+L2_SNNC,1,1,False,36,0.3477811627089977,4.24097712437536,,,
mnist,cut_gaussian,clean,137,15,density_gap+l0_outlier_support,L3_safety_fallback_L0,1,1,False,37,0.31201569363474846,4.665617294029119,,,
mnist,cut_gaussian,clean,137,16,density_gap+l0_outlier_support,L0+L2_SNNC,1,1,False,38,0.3541811928153038,4.170068132677443,,,
mnist,cut_gaussian,clean,137,17,density_gap+l0_outlier_support,L0+L2_SNNC,1,1,False,41,0.3897251933813095,3.7852761038792706,,,
mnist,cut_gaussian,clean,137,18,density_gap+l0_outlier_support,L0+L2_SNNC,1,1,False,38,0.35222506150603294,4.156272571794124,,,
mnist,cut_gaussian,clean,137,19,density_gap+l0_outlier_support,L0+L2_SNNC,1,1,False,37,0.32369643449783325,4.58029489616948,,,
mnist,cut_gaussian,clean,137,20,density_gap+l0_outlier_support,L0+L2_SNNC,1,1,False,37,0.3478050231933594,4.145462023581025,,,
mnist,cut_gaussian,clean,137,21,density_gap+l0_outlier_support,L0+L2_SNNC,1,1,False,37,0.3436243161559105,4.313166332306855,,,
mnist,cut_gaussian,clean,137,22,density_gap+l0_outlier_support,L0+L2_SNNC,1,1,False,37,0.33455418422818184,4.433316829276997,,,
mnist,cut_gaussian,clean,137,23,density_gap+l0_outlier_support,L0+L2_SNNC,1,1,False,37,0.3415356017649174,4.356464894598636,,,
mnist,cut_gaussian,clean,137,24,density_gap+l0_outlier_support,L0+L2_SNNC,1,1,False,37,0.34369444474577904,4.251018214601109,,,
mnist,cut_gaussian,clean,137,25,density_gap+l0_outlier_support,L0+L2_SNNC,1,1,False,35,0.3149246424436569,4.717759975698198,,,
mnist,cut_gaussian,clean,137,26,density_gap+l0_outlier_support,L0+L2_SNNC,1,1,False,38,0.3261144086718559,4.558656450767398,,,
mnist,cut_gaussian,clean,137,27,density_gap+l0_outlier_support,L3_safety_fallback_L0,1,1,False,38,0.3287521284073591,4.535606884529865,,,
mnist,cut_gaussian,clean,137,28,density_gap+l0_outlier_support,L0+L2_SNNC,1,1,False,40,0.3519991785287857,4.233513763392291,,,
mnist,cut_gaussian,clean,137,29,density_gap+l0_outlier_support,L0+L2_SNNC,1,1,False,38,0.3221054282039404,4.693934896473574,,,
mnist,cut_gaussian,clean,2024,0,density_gap_without_l0_support,L0_only,1,0,False,0,0.9885216504335403,0.9288703184942273,,,
mnist,cut_gaussian,clean,2024,1,density_gap+l0_outlier_support,L0+L2_SNNC,1,1,False,7,0.8975975215435028,1.186958990981419,,,
mnist,cut_gaussian,clean,2024,2,temporal_momentum,L0+L2_SNNC,1,1,False,3,1.0494208335876465,1.040195247626426,,,
mnist,cut_gaussian,clean,2024,3,density_gap+l0_outlier_support,L0+L2_SNNC,1,1,False,9,0.8192601427435875,1.293142790598716,,,
mnist,cut_gaussian,clean,2024,4,temporal_momentum,L0+L2_SNNC,0,1,False,7,0.9793593361973763,1.1557931258959622,,,
mnist,cut_gaussian,clean,2024,5,temporal_momentum,L0+L2_SNNC,0,1,False,7,0.9457331895828247,1.216649261317836,,,
mnist,cut_gaussian,clean,2024,6,temporal_momentum,L0+L2_SNNC,0,1,False,6,0.913015715777874,1.2967292799798797,,,
mnist,cut_gaussian,clean,2024,7,no_density_gap,L0_only,0,0,False,8,0.9130530059337616,1.3120445474789857,,,
mnist,cut_gaussian,clean,2024,8,density_gap+l0_outlier_support,L0+L2_SNNC,1,1,False,32,0.5202156119048595,2.3559750928636087,,,
mnist,cut_gaussian,clean,2024,9,density_gap+l0_outlier_support,L0+L2_SNNC,1,1,False,19,0.7067658379673958,1.8568521852165978,,,
mnist,cut_gaussian,clean,2024,10,density_gap+l0_outlier_support,L0+L2_SNNC,1,1,False,35,0.5417720042169094,2.423815557933853,,,
mnist,cut_gaussian,clean,2024,11,density_gap+l0_outlier_support,L0+L2_SNNC,1,1,False,35,0.49743784591555595,2.7012528836694356,,,
mnist,cut_gaussian,clean,2024,12,density_gap+l0_outlier_support,L0+L2_SNNC,1,1,False,32,0.6181656755506992,2.34686640763152,,,
mnist,cut_gaussian,clean,2024,13,density_gap+l0_outlier_support,L0+L2_SNNC,1,1,False,36,0.553165003657341,2.4308682590169917,,,
mnist,cut_gaussian,clean,2024,14,density_gap+l0_outlier_support,L0+L2_SNNC,1,1,False,34,0.5909501202404499,2.3045072410216942,,,
mnist,cut_gaussian,clean,2024,15,density_gap+l0_outlier_support,L0+L2_SNNC,1,1,False,37,0.5148243345320225,2.685045652729122,,,
mnist,cut_gaussian,clean,2024,16,density_gap+l0_outlier_support,L0+L2_SNNC,1,1,False,34,0.5786442197859287,2.3873002416650504,,,
mnist,cut_gaussian,clean,2024,17,density_gap+l0_outlier_support,L0+L2_SNNC,1,1,False,23,0.6118127331137657,2.2448009869926264,,,
mnist,cut_gaussian,clean,2024,18,density_gap+l0_outlier_support,L0+L2_SNNC,1,1,False,21,0.5574212595820427,2.4496003685851715,,,
mnist,cut_gaussian,clean,2024,19,density_gap+l0_outlier_support,L0+L2_SNNC,1,1,False,21,0.5441382713615894,2.6467484203459937,,,
mnist,cut_gaussian,clean,2024,20,density_gap+l0_outlier_support,L0+L2_SNNC,1,1,False,21,0.5798629857599735,2.302146367383647,,,
mnist,cut_gaussian,clean,2024,21,density_gap+l0_outlier_support,L0+L2_SNNC,1,1,False,23,0.5770109221339226,2.3696761169961764,,,
mnist,cut_gaussian,clean,2024,22,density_gap+l0_outlier_support,L0+L2_SNNC,1,1,False,22,0.5698771215975285,2.4667153521101213,,,
mnist,cut_gaussian,clean,2024,23,density_gap+l0_outlier_support,L0+L2_SNNC,1,1,False,23,0.5144540034234524,2.6250886229491375,,,
mnist,cut_gaussian,clean,2024,24,density_gap+l0_outlier_support,L0+L2_SNNC,1,1,False,21,0.5474567972123623,2.5620890599731627,,,
mnist,cut_gaussian,clean,2024,25,density_gap+l0_outlier_support,L0+L2_SNNC,1,1,False,22,0.5518125742673874,2.5019461396596925,,,
mnist,cut_gaussian,clean,2024,26,density_gap+l0_outlier_support,L0+L2_SNNC,1,1,False,21,0.5082125402987003,2.729098684881093,,,
mnist,cut_gaussian,clean,2024,27,density_gap+l0_outlier_support,L0+L2_SNNC,1,1,False,22,0.48267414793372154,2.967856061644778,,,
mnist,cut_gaussian,clean,2024,28,density_gap+l0_outlier_support,L0+L2_SNNC,1,1,False,23,0.49248306080698967,2.890488999179765,,,
mnist,cut_gaussian,clean,2024,29,density_gap+l0_outlier_support,L0+L2_SNNC,1,1,False,21,0.5061707831919193,2.753230335843413,,,
mnist,cut_gaussian,clean,42,0,density_gap_without_l0_support,L0_only,1,0,False,0,1.0153381153941154,0.902638157200762,,,
mnist,cut_gaussian,clean,42,1,density_gap+l0_outlier_support,L0+L2_SNNC,1,1,False,24,0.7828853651881218,1.151490988592709,,,
mnist,cut_gaussian,clean,42,2,density_gap+l0_outlier_support,L0+L2_SNNC,1,1,False,36,0.6793967261910439,1.447003421591994,,,
mnist,cut_gaussian,clean,42,3,density_gap+l0_outlier_support,L0+L2_SNNC,1,1,False,34,0.6298835948109627,1.7431134479503538,,,
mnist,cut_gaussian,clean,42,4,temporal_momentum,L0+L2_SNNC,0,1,False,17,0.9798163548111916,1.1149892602182858,,,
mnist,cut_gaussian,clean,42,5,density_gap+l0_outlier_support,L0+L2_SNNC,1,1,False,23,0.784955769777298,1.3411026227711305,,,
mnist,cut_gaussian,clean,42,6,temporal_momentum,L0+L2_SNNC,0,1,False,36,0.5844015069305897,1.8783616937112335,,,
mnist,cut_gaussian,clean,42,7,density_gap+l0_outlier_support,L0+L2_SNNC,1,1,False,35,0.7037682458758354,1.682235169163495,,,
mnist,cut_gaussian,clean,42,8,density_gap+l0_outlier_support,L0+L2_SNNC,1,1,False,36,0.5912146344780922,2.00500645955145,,,
mnist,cut_gaussian,clean,42,9,density_gap+l0_outlier_support,L0+L2_SNNC,1,1,False,39,0.6661566346883774,1.8031004351525215,,,
mnist,cut_gaussian,clean,42,10,density_gap+l0_outlier_support,L0+L2_SNNC,1,1,False,36,0.566503033041954,2.151810218354108,,,
mnist,cut_gaussian,clean,42,11,density_gap+l0_outlier_support,L0+L2_SNNC,1,1,False,35,0.5728445947170258,2.197513146103512,,,
mnist,cut_gaussian,clean,42,12,density_gap+l0_outlier_support,L0+L2_SNNC,1,1,False,37,0.6020600162446499,2.072750030620752,,,
mnist,cut_gaussian,clean,42,13,density_gap+l0_outlier_support,L0+L2_SNNC,1,1,False,35,0.5572033859789371,2.213994016104963,,,
mnist,cut_gaussian,clean,42,14,density_gap+l0_outlier_support,L0+L2_SNNC,1,1,False,40,0.6568044796586037,1.9285121894376602,,,
mnist,cut_gaussian,clean,42,15,density_gap+l0_outlier_support,L0+L2_SNNC,1,1,False,36,0.5798416770994663,2.2081187309494537,,,
mnist,cut_gaussian,clean,42,16,density_gap+l0_outlier_support,L0+L2_SNNC,1,1,False,36,0.5683127790689468,2.281543178113117,,,
mnist,cut_gaussian,clean,42,17,density_gap+l0_outlier_support,L0+L2_SNNC,1,1,False,35,0.5356521159410477,2.4267877671589053,,,
mnist,cut_gaussian,clean,42,18,density_gap+l0_outlier_support,L0+L2_SNNC,1,1,False,39,0.5678515695035458,2.2687517169598053,,,
mnist,cut_gaussian,clean,42,19,density_gap+l0_outlier_support,L0+L2_SNNC,1,1,False,38,0.5781117454171181,2.2519878475908444,,,
mnist,cut_gaussian,clean,42,20,density_gap+l0_outlier_support,L0+L2_SNNC,1,1,False,39,0.5697018466889858,2.334604149954709,,,
mnist,cut_gaussian,clean,42,21,density_gap+l0_outlier_support,L0+L2_SNNC,1,1,False,36,0.5153930746018887,2.5586388123869375,,,
mnist,cut_gaussian,clean,42,22,density_gap+l0_outlier_support,L0+L2_SNNC,1,1,False,39,0.5216993577778339,2.5719299923048418,,,
mnist,cut_gaussian,clean,42,23,density_gap+l0_outlier_support,L0+L2_SNNC,1,1,False,41,0.5477804504334927,2.47435784308875,,,
mnist,cut_gaussian,clean,42,24,density_gap+l0_outlier_support,L0+L2_SNNC,1,1,False,37,0.5308801122009754,2.559051140243628,,,
mnist,cut_gaussian,clean,42,25,density_gap+l0_outlier_support,L0+L2_SNNC,1,1,False,39,0.5516605824232101,2.4586878126830447,,,
mnist,cut_gaussian,clean,42,26,density_gap+l0_outlier_support,L0+L2_SNNC,1,1,False,38,0.5373578518629074,2.5477262923937527,,,
mnist,cut_gaussian,clean,42,27,density_gap+l0_outlier_support,L0+L2_SNNC,1,1,False,37,0.5327810719609261,2.5702520946237772,,,
mnist,cut_gaussian,clean,42,28,density_gap+l0_outlier_support,L0+L2_SNNC,1,1,False,40,0.5481593310832977,2.503170224825241,,,
mnist,cut_gaussian,clean,42,29,density_gap+l0_outlier_support,L0+L2_SNNC,1,1,False,38,0.5430341325700283,2.522925563053727,,,
mnist,cut_minmax,clean,137,0,density_gap+l0_outlier_support,L0+L2_SNNC,1,1,False,17,0.8520207554101944,1.095637432798843,,,
mnist,cut_minmax,clean,137,1,density_gap+l0_outlier_support,L0+L2_SNNC,1,1,False,33,0.6004695408046246,1.7137489510263262,,,
mnist,cut_minmax,clean,137,2,density_gap+l0_outlier_support,L0+L2_SNNC,1,1,False,39,0.4670119658112526,2.5874545488338345,,,
mnist,cut_minmax,clean,137,3,density_gap+l0_outlier_support,L0+L2_SNNC,1,1,False,37,0.3635295107960701,3.544986960492891,,,
mnist,cut_minmax,clean,137,4,density_gap+l0_outlier_support,L0+L2_SNNC,1,1,False,38,0.3527369908988476,3.820998876140645,,,
mnist,cut_minmax,clean,137,5,density_gap+l0_outlier_support,L3_safety_fallback_L0,1,1,False,37,0.35550039261579514,3.9052832941296303,,,
mnist,cut_minmax,clean,137,6,density_gap+l0_outlier_support,L0+L2_SNNC,1,1,False,38,0.43918831273913383,3.1995430460393925,,,
mnist,cut_minmax,clean,137,7,density_gap+l0_outlier_support,L0+L2_SNNC,1,1,False,36,0.3482893854379654,4.079157825562111,,,
mnist,cut_minmax,clean,137,8,density_gap+l0_outlier_support,L3_safety_fallback_L0,1,1,False,37,0.345991887152195,4.395697899436122,,,
mnist,cut_minmax,clean,137,9,density_gap+l0_outlier_support,L3_safety_fallback_L0,1,1,False,36,0.3362587280571461,4.302928157273298,,,
mnist,cut_minmax,clean,137,10,density_gap+l0_outlier_support,L3_safety_fallback_L0,1,1,False,38,0.35996999591588974,4.034375621903677,,,
mnist,cut_minmax,clean,137,11,density_gap+l0_outlier_support,L0+L2_SNNC,1,1,False,37,0.3507949970662594,4.236752796118209,,,
mnist,cut_minmax,clean,137,12,density_gap+l0_outlier_support,L0+L2_SNNC,1,1,False,36,0.34950491040945053,4.197542963078789,,,
mnist,cut_minmax,clean,137,13,density_gap+l0_outlier_support,L0+L2_SNNC,1,1,False,38,0.3571631573140621,4.108710302778334,,,
mnist,cut_minmax,clean,137,14,density_gap+l0_outlier_support,L0+L2_SNNC,1,1,False,36,0.3477811627089977,4.24097712437536,,,
mnist,cut_minmax,clean,137,15,density_gap+l0_outlier_support,L3_safety_fallback_L0,1,1,False,37,0.31201569363474846,4.665617294029119,,,
mnist,cut_minmax,clean,137,16,density_gap+l0_outlier_support,L0+L2_SNNC,1,1,False,38,0.3541811928153038,4.170068132677443,,,
mnist,cut_minmax,clean,137,17,density_gap+l0_outlier_support,L0+L2_SNNC,1,1,False,41,0.3897251933813095,3.7852761038792706,,,
mnist,cut_minmax,clean,137,18,density_gap+l0_outlier_support,L0+L2_SNNC,1,1,False,38,0.35222506150603294,4.156272571794124,,,
mnist,cut_minmax,clean,137,19,density_gap+l0_outlier_support,L0+L2_SNNC,1,1,False,37,0.32369643449783325,4.58029489616948,,,
mnist,cut_minmax,clean,137,20,density_gap+l0_outlier_support,L0+L2_SNNC,1,1,False,37,0.3478050231933594,4.145462023581025,,,
mnist,cut_minmax,clean,137,21,density_gap+l0_outlier_support,L0+L2_SNNC,1,1,False,37,0.3436243161559105,4.313166332306855,,,
mnist,cut_minmax,clean,137,22,density_gap+l0_outlier_support,L0+L2_SNNC,1,1,False,37,0.33455418422818184,4.433316829276997,,,
mnist,cut_minmax,clean,137,23,density_gap+l0_outlier_support,L0+L2_SNNC,1,1,False,37,0.3415356017649174,4.356464894598636,,,
mnist,cut_minmax,clean,137,24,density_gap+l0_outlier_support,L0+L2_SNNC,1,1,False,37,0.34369444474577904,4.251018214601109,,,
mnist,cut_minmax,clean,137,25,density_gap+l0_outlier_support,L0+L2_SNNC,1,1,False,35,0.3149246424436569,4.717759975698198,,,
mnist,cut_minmax,clean,137,26,density_gap+l0_outlier_support,L0+L2_SNNC,1,1,False,38,0.3261144086718559,4.558656450767398,,,
mnist,cut_minmax,clean,137,27,density_gap+l0_outlier_support,L3_safety_fallback_L0,1,1,False,38,0.3287521284073591,4.535606884529865,,,
mnist,cut_minmax,clean,137,28,density_gap+l0_outlier_support,L0+L2_SNNC,1,1,False,40,0.3519991785287857,4.233513763392291,,,
mnist,cut_minmax,clean,137,29,density_gap+l0_outlier_support,L0+L2_SNNC,1,1,False,38,0.3221054282039404,4.693934896473574,,,
mnist,cut_minmax,clean,2024,0,density_gap_without_l0_support,L0_only,1,0,False,0,0.9885216504335403,0.9288703184942273,,,
mnist,cut_minmax,clean,2024,1,density_gap+l0_outlier_support,L0+L2_SNNC,1,1,False,7,0.8975975215435028,1.186958990981419,,,
mnist,cut_minmax,clean,2024,2,temporal_momentum,L0+L2_SNNC,1,1,False,3,1.0494208335876465,1.040195247626426,,,
mnist,cut_minmax,clean,2024,3,density_gap+l0_outlier_support,L0+L2_SNNC,1,1,False,9,0.8192601427435875,1.293142790598716,,,
mnist,cut_minmax,clean,2024,4,temporal_momentum,L0+L2_SNNC,0,1,False,7,0.9793593361973763,1.1557931258959622,,,
mnist,cut_minmax,clean,2024,5,temporal_momentum,L0+L2_SNNC,0,1,False,7,0.9457331895828247,1.216649261317836,,,
mnist,cut_minmax,clean,2024,6,temporal_momentum,L0+L2_SNNC,0,1,False,6,0.913015715777874,1.2967292799798797,,,
mnist,cut_minmax,clean,2024,7,no_density_gap,L0_only,0,0,False,8,0.9130530059337616,1.3120445474789857,,,
mnist,cut_minmax,clean,2024,8,density_gap+l0_outlier_support,L0+L2_SNNC,1,1,False,32,0.5202156119048595,2.3559750928636087,,,
mnist,cut_minmax,clean,2024,9,density_gap+l0_outlier_support,L0+L2_SNNC,1,1,False,19,0.7067658379673958,1.8568521852165978,,,
mnist,cut_minmax,clean,2024,10,density_gap+l0_outlier_support,L0+L2_SNNC,1,1,False,35,0.5417720042169094,2.423815557933853,,,
mnist,cut_minmax,clean,2024,11,density_gap+l0_outlier_support,L0+L2_SNNC,1,1,False,35,0.49743784591555595,2.7012528836694356,,,
mnist,cut_minmax,clean,2024,12,density_gap+l0_outlier_support,L0+L2_SNNC,1,1,False,32,0.6181656755506992,2.34686640763152,,,
mnist,cut_minmax,clean,2024,13,density_gap+l0_outlier_support,L0+L2_SNNC,1,1,False,36,0.553165003657341,2.4308682590169917,,,
mnist,cut_minmax,clean,2024,14,density_gap+l0_outlier_support,L0+L2_SNNC,1,1,False,34,0.5909501202404499,2.3045072410216942,,,
mnist,cut_minmax,clean,2024,15,density_gap+l0_outlier_support,L0+L2_SNNC,1,1,False,37,0.5148243345320225,2.685045652729122,,,
mnist,cut_minmax,clean,2024,16,density_gap+l0_outlier_support,L0+L2_SNNC,1,1,False,34,0.5786442197859287,2.3873002416650504,,,
mnist,cut_minmax,clean,2024,17,density_gap+l0_outlier_support,L0+L2_SNNC,1,1,False,23,0.6118127331137657,2.2448009869926264,,,
mnist,cut_minmax,clean,2024,18,density_gap+l0_outlier_support,L0+L2_SNNC,1,1,False,21,0.5574212595820427,2.4496003685851715,,,
mnist,cut_minmax,clean,2024,19,density_gap+l0_outlier_support,L0+L2_SNNC,1,1,False,21,0.5441382713615894,2.6467484203459937,,,
mnist,cut_minmax,clean,2024,20,density_gap+l0_outlier_support,L0+L2_SNNC,1,1,False,21,0.5798629857599735,2.302146367383647,,,
mnist,cut_minmax,clean,2024,21,density_gap+l0_outlier_support,L0+L2_SNNC,1,1,False,23,0.5770109221339226,2.3696761169961764,,,
mnist,cut_minmax,clean,2024,22,density_gap+l0_outlier_support,L0+L2_SNNC,1,1,False,22,0.5698771215975285,2.4667153521101213,,,
mnist,cut_minmax,clean,2024,23,density_gap+l0_outlier_support,L0+L2_SNNC,1,1,False,23,0.5144540034234524,2.6250886229491375,,,
mnist,cut_minmax,clean,2024,24,density_gap+l0_outlier_support,L0+L2_SNNC,1,1,False,21,0.5474567972123623,2.5620890599731627,,,
mnist,cut_minmax,clean,2024,25,density_gap+l0_outlier_support,L0+L2_SNNC,1,1,False,22,0.5518125742673874,2.5019461396596925,,,
mnist,cut_minmax,clean,2024,26,density_gap+l0_outlier_support,L0+L2_SNNC,1,1,False,21,0.5082125402987003,2.729098684881093,,,
mnist,cut_minmax,clean,2024,27,density_gap+l0_outlier_support,L0+L2_SNNC,1,1,False,22,0.48267414793372154,2.967856061644778,,,
mnist,cut_minmax,clean,2024,28,density_gap+l0_outlier_support,L0+L2_SNNC,1,1,False,23,0.49248306080698967,2.890488999179765,,,
mnist,cut_minmax,clean,2024,29,density_gap+l0_outlier_support,L0+L2_SNNC,1,1,False,21,0.5061707831919193,2.753230335843413,,,
mnist,cut_minmax,clean,42,0,density_gap_without_l0_support,L0_only,1,0,False,0,1.0153381153941154,0.902638157200762,,,
mnist,cut_minmax,clean,42,1,density_gap+l0_outlier_support,L0+L2_SNNC,1,1,False,24,0.7828853651881218,1.151490988592709,,,
mnist,cut_minmax,clean,42,2,density_gap+l0_outlier_support,L0+L2_SNNC,1,1,False,36,0.6793967261910439,1.447003421591994,,,
mnist,cut_minmax,clean,42,3,density_gap+l0_outlier_support,L0+L2_SNNC,1,1,False,34,0.6298835948109627,1.7431134479503538,,,
mnist,cut_minmax,clean,42,4,temporal_momentum,L0+L2_SNNC,0,1,False,17,0.9798163548111916,1.1149892602182858,,,
mnist,cut_minmax,clean,42,5,density_gap+l0_outlier_support,L0+L2_SNNC,1,1,False,23,0.784955769777298,1.3411026227711305,,,
mnist,cut_minmax,clean,42,6,temporal_momentum,L0+L2_SNNC,0,1,False,36,0.5844015069305897,1.8783616937112335,,,
mnist,cut_minmax,clean,42,7,density_gap+l0_outlier_support,L0+L2_SNNC,1,1,False,35,0.7037682458758354,1.682235169163495,,,
mnist,cut_minmax,clean,42,8,density_gap+l0_outlier_support,L0+L2_SNNC,1,1,False,36,0.5912146344780922,2.00500645955145,,,
mnist,cut_minmax,clean,42,9,density_gap+l0_outlier_support,L0+L2_SNNC,1,1,False,39,0.6661566346883774,1.8031004351525215,,,
mnist,cut_minmax,clean,42,10,density_gap+l0_outlier_support,L0+L2_SNNC,1,1,False,36,0.566503033041954,2.151810218354108,,,
mnist,cut_minmax,clean,42,11,density_gap+l0_outlier_support,L0+L2_SNNC,1,1,False,35,0.5728445947170258,2.197513146103512,,,
mnist,cut_minmax,clean,42,12,density_gap+l0_outlier_support,L0+L2_SNNC,1,1,False,37,0.6020600162446499,2.072750030620752,,,
mnist,cut_minmax,clean,42,13,density_gap+l0_outlier_support,L0+L2_SNNC,1,1,False,35,0.5572033859789371,2.213994016104963,,,
mnist,cut_minmax,clean,42,14,density_gap+l0_outlier_support,L0+L2_SNNC,1,1,False,40,0.6568044796586037,1.9285121894376602,,,
mnist,cut_minmax,clean,42,15,density_gap+l0_outlier_support,L0+L2_SNNC,1,1,False,36,0.5798416770994663,2.2081187309494537,,,
mnist,cut_minmax,clean,42,16,density_gap+l0_outlier_support,L0+L2_SNNC,1,1,False,36,0.5683127790689468,2.281543178113117,,,
mnist,cut_minmax,clean,42,17,density_gap+l0_outlier_support,L0+L2_SNNC,1,1,False,35,0.5356521159410477,2.4267877671589053,,,
mnist,cut_minmax,clean,42,18,density_gap+l0_outlier_support,L0+L2_SNNC,1,1,False,39,0.5678515695035458,2.2687517169598053,,,
mnist,cut_minmax,clean,42,19,density_gap+l0_outlier_support,L0+L2_SNNC,1,1,False,38,0.5781117454171181,2.2519878475908444,,,
mnist,cut_minmax,clean,42,20,density_gap+l0_outlier_support,L0+L2_SNNC,1,1,False,39,0.5697018466889858,2.334604149954709,,,
mnist,cut_minmax,clean,42,21,density_gap+l0_outlier_support,L0+L2_SNNC,1,1,False,36,0.5153930746018887,2.5586388123869375,,,
mnist,cut_minmax,clean,42,22,density_gap+l0_outlier_support,L0+L2_SNNC,1,1,False,39,0.5216993577778339,2.5719299923048418,,,
mnist,cut_minmax,clean,42,23,density_gap+l0_outlier_support,L0+L2_SNNC,1,1,False,41,0.5477804504334927,2.47435784308875,,,
mnist,cut_minmax,clean,42,24,density_gap+l0_outlier_support,L0+L2_SNNC,1,1,False,37,0.5308801122009754,2.559051140243628,,,
mnist,cut_minmax,clean,42,25,density_gap+l0_outlier_support,L0+L2_SNNC,1,1,False,39,0.5516605824232101,2.4586878126830447,,,
mnist,cut_minmax,clean,42,26,density_gap+l0_outlier_support,L0+L2_SNNC,1,1,False,38,0.5373578518629074,2.5477262923937527,,,
mnist,cut_minmax,clean,42,27,density_gap+l0_outlier_support,L0+L2_SNNC,1,1,False,37,0.5327810719609261,2.5702520946237772,,,
mnist,cut_minmax,clean,42,28,density_gap+l0_outlier_support,L0+L2_SNNC,1,1,False,40,0.5481593310832977,2.503170224825241,,,
mnist,cut_minmax,clean,42,29,density_gap+l0_outlier_support,L0+L2_SNNC,1,1,False,38,0.5430341325700283,2.522925563053727,,,
