dataset,scenario,mode,seed,round,label_semantics,reference,client_id,actual_attacker,latent_assigned,sample_count,update_norm,top5_cosine_similarity,negative_cosine_other_clients_mean,exact_duplicate_peers,oracle_negative_cosine_honest_mean
fashion_mnist,cut_minmax,attacked,137,0,actual_attacker,0,0,0,0,20,0.7000496600752553,0.98127425870013,-0.7600526073200464,0.0,-0.7693836506130541
fashion_mnist,cut_minmax,attacked,137,0,actual_attacker,0,1,0,0,2195,0.6178311015732871,0.587251542426986,0.010740418340964389,0.0,-0.00847200907219884
fashion_mnist,cut_minmax,attacked,137,0,actual_attacker,0,2,0,0,1190,0.7857074927866873,0.9884234068986176,-0.21094261789408186,0.0,-0.2344153857005467
fashion_mnist,cut_minmax,attacked,137,0,actual_attacker,0,3,1,1,29,0.5313198005953294,1.0,0.9999999999999939,17.0,0.9999999999999953
fashion_mnist,cut_minmax,attacked,137,0,actual_attacker,0,4,0,0,20,0.7263915991807854,0.7464411386962527,0.027920081100294983,0.0,0.0053478534817535716
fashion_mnist,cut_minmax,attacked,137,0,actual_attacker,0,5,0,0,20,0.7056953107549775,0.9827479723078716,-0.7587033169171387,0.0,-0.7681562392136132
fashion_mnist,cut_minmax,attacked,137,0,actual_attacker,0,6,1,1,20,0.5313198005953294,1.0,0.9999999999999939,17.0,0.9999999999999953
fashion_mnist,cut_minmax,attacked,137,0,actual_attacker,0,7,0,0,20,0.7030557093099541,0.9813738717140759,-0.7598777707945708,0.0,-0.7692553913251933
fashion_mnist,cut_minmax,attacked,137,0,actual_attacker,0,8,0,0,20,0.7179892043668249,0.9769066764333868,-0.7568304783963646,0.0,-0.766514783294935
fashion_mnist,cut_minmax,attacked,137,0,actual_attacker,0,9,0,0,763,0.7175313013333943,0.4690454122625406,0.07635010312960744,0.0,0.0541881070193148
fashion_mnist,cut_minmax,attacked,137,0,actual_attacker,0,10,0,0,20,0.6542257670801901,0.937588764048049,-0.7885232619495722,0.0,-0.7963287643861834
fashion_mnist,cut_minmax,attacked,137,0,actual_attacker,0,11,0,0,20,0.6343313698756758,0.9024505399591343,-0.7794534300740901,0.0,-0.7873013214459189
fashion_mnist,cut_minmax,attacked,137,0,actual_attacker,0,12,0,0,177,0.5458470062021898,0.623426815764998,-0.1277379985888999,0.0,-0.1444692914699489
fashion_mnist,cut_minmax,attacked,137,0,actual_attacker,0,13,1,1,109,0.5313198005953294,1.0,0.9999999999999939,17.0,0.9999999999999953
fashion_mnist,cut_minmax,attacked,137,0,actual_attacker,0,14,1,1,20,0.5313198005953294,1.0,0.9999999999999939,17.0,0.9999999999999953
fashion_mnist,cut_minmax,attacked,137,0,actual_attacker,0,15,1,1,20,0.5313198005953294,1.0,0.9999999999999939,17.0,0.9999999999999953
fashion_mnist,cut_minmax,attacked,137,0,actual_attacker,0,16,0,0,20,0.70577808532639,0.9758105997749276,-0.7425533173675221,0.0,-0.7525445728061525
fashion_mnist,cut_minmax,attacked,137,0,actual_attacker,0,17,0,0,1491,0.7104183502868793,0.40890140334427805,0.03126470729723699,0.0,0.0091955789917542
fashion_mnist,cut_minmax,attacked,137,0,actual_attacker,0,18,0,0,38,0.7029626702975572,0.9822046960998746,-0.7616087831138058,0.0,-0.7709269969319933
fashion_mnist,cut_minmax,attacked,137,0,actual_attacker,0,19,0,0,126,0.8061117640659131,0.9911386411858316,-0.17450703262605644,0.0,-0.1989284140614558
fashion_mnist,cut_minmax,attacked,137,0,actual_attacker,0,20,1,1,20,0.5313198005953294,1.0,0.9999999999999939,17.0,0.9999999999999953
fashion_mnist,cut_minmax,attacked,137,0,actual_attacker,0,21,0,0,20,0.7006447177025404,0.981586250354199,-0.7587379623456839,0.0,-0.7681209957681334
fashion_mnist,cut_minmax,attacked,137,0,actual_attacker,0,22,0,0,20,0.6991415416248283,0.9791669120642033,-0.7568792902985347,0.0,-0.7663037163676043
fashion_mnist,cut_minmax,attacked,137,0,actual_attacker,0,23,0,0,20,0.6805378995466599,0.9746487469343508,-0.7523348349349988,0.0,-0.7616511116445989
fashion_mnist,cut_minmax,attacked,137,0,actual_attacker,0,25,0,0,20,0.6731365803094569,0.6151106378507352,-0.23667552644956746,0.0,-0.2565318201557526
fashion_mnist,cut_minmax,attacked,137,0,actual_attacker,0,26,0,0,20,0.7004140299532939,0.9788722106973464,-0.7525470588235414,0.0,-0.7621327128244659
fashion_mnist,cut_minmax,attacked,137,0,actual_attacker,0,27,0,0,421,0.7202920665574898,0.4209234420459603,-0.0018191508864657516,0.0,-0.024232349494930867
fashion_mnist,cut_minmax,attacked,137,0,actual_attacker,0,28,0,0,39,0.8427173858638016,0.9586568070990136,-0.3890740483704627,0.0,-0.4115365905704354
fashion_mnist,cut_minmax,attacked,137,0,actual_attacker,0,29,1,1,20,0.5313198005953294,1.0,0.9999999999999939,17.0,0.9999999999999953
fashion_mnist,cut_minmax,attacked,137,0,actual_attacker,0,31,0,0,20,0.6213972551613068,0.7743025209084465,-0.2952198100741293,0.0,-0.3129541571265801
fashion_mnist,cut_minmax,attacked,137,0,actual_attacker,0,32,1,1,20,0.5313198005953294,1.0,0.9999999999999939,17.0,0.9999999999999953
fashion_mnist,cut_minmax,attacked,137,0,actual_attacker,0,33,0,0,20,0.6957486988741177,0.9765081857548195,-0.7478886658450853,0.0,-0.757562110072537
fashion_mnist,cut_minmax,attacked,137,0,actual_attacker,0,34,0,0,20,0.6531511893999675,0.8957515691624385,-0.36651674652167743,0.0,-0.38422238956861726
fashion_mnist,cut_minmax,attacked,137,0,actual_attacker,0,35,0,0,20,0.708454392128544,0.9810583032903066,-0.7612203745576673,0.0,-0.7706257240324272
fashion_mnist,cut_minmax,attacked,137,0,actual_attacker,0,36,0,0,20,0.6799319726139859,0.9228510412900185,-0.38119517009447046,0.0,-0.39940431709605556
fashion_mnist,cut_minmax,attacked,137,0,actual_attacker,0,37,0,0,20,0.7132146118648892,0.978321729922679,-0.7533526178245532,0.0,-0.7630891153281358
fashion_mnist,cut_minmax,attacked,137,0,actual_attacker,0,38,0,0,20,0.65758918921037,0.8980968645510146,-0.3553993033900947,0.0,-0.373388003701355
fashion_mnist,cut_minmax,attacked,137,0,actual_attacker,0,39,0,0,43,0.7337340275442903,0.6674743170135454,-0.011815295460975827,0.0,-0.03464938838385246
fashion_mnist,cut_minmax,attacked,137,0,actual_attacker,0,41,1,1,4673,0.5313198005953294,1.0,0.9999999999999939,17.0,0.9999999999999953
fashion_mnist,cut_minmax,attacked,137,0,actual_attacker,0,42,0,0,20,0.7167297042893864,0.9773850636931691,-0.7581283783397059,0.0,-0.7677511540563691
fashion_mnist,cut_minmax,attacked,137,0,actual_attacker,0,43,0,0,20,0.7742146777534661,0.9568854713576516,-0.39188924185849255,0.0,-0.41245368030682183
fashion_mnist,cut_minmax,attacked,137,0,actual_attacker,0,44,0,0,577,0.8018247657178544,0.974395305162582,-0.40267707701173955,0.0,-0.42377228139693196
fashion_mnist,cut_minmax,attacked,137,0,actual_attacker,0,45,0,0,137,0.6793968599395575,0.4659416627778704,0.07638503988033674,0.0,0.05540185780999043
fashion_mnist,cut_minmax,attacked,137,0,actual_attacker,0,46,0,0,369,0.6239005130496208,0.762445468817771,0.01562118679138103,0.0,-0.003776126152987993
fashion_mnist,cut_minmax,attacked,137,0,actual_attacker,0,47,1,1,137,0.5313198005953294,1.0,0.9999999999999939,17.0,0.9999999999999953
fashion_mnist,cut_minmax,attacked,137,0,actual_attacker,0,48,0,0,50,0.8141117475962116,0.990156376772547,-0.16893638548655002,0.0,-0.19364741084910286
fashion_mnist,cut_minmax,attacked,137,0,actual_attacker,0,49,0,0,1951,0.8102826788304173,0.9919362166296558,-0.17164529799183276,0.0,-0.1962174302696524
fashion_mnist,cut_minmax,attacked,137,0,actual_attacker,0,50,0,0,20,0.6668641870782205,0.8474151851584015,-0.7438923830130229,0.0,-0.7532829232257499
fashion_mnist,cut_minmax,attacked,137,0,actual_attacker,0,51,0,0,20,0.6574265682071188,0.9641794725238235,-0.8129216290680401,0.0,-0.8199584658308884
fashion_mnist,cut_minmax,attacked,137,0,actual_attacker,0,52,0,0,20,0.7234379903149274,0.9485001357906626,-0.39003173009203895,0.0,-0.40926610132529717
fashion_mnist,cut_minmax,attacked,137,0,actual_attacker,0,53,0,0,20,0.8085507181953647,0.9882111193433729,-0.17188200494855163,0.0,-0.19639933022875958
fashion_mnist,cut_minmax,attacked,137,0,actual_attacker,0,54,0,0,20,0.6915419650279823,0.9685489866300758,-0.7464347023627975,0.0,-0.7560959001576008
fashion_mnist,cut_minmax,attacked,137,0,actual_attacker,0,55,0,0,20,0.6107218081724737,0.7940849699125503,-0.3176982912183709,0.0,-0.3348693199741316
fashion_mnist,cut_minmax,attacked,137,0,actual_attacker,0,56,0,0,20,0.7132752178840664,0.9747274606409274,-0.7512487273242985,0.0,-0.7610569630061788
fashion_mnist,cut_minmax,attacked,137,0,actual_attacker,0,57,0,0,20,0.6644246874712951,0.9116907760316343,-0.37298420271188637,0.0,-0.3909006258698396
fashion_mnist,cut_minmax,attacked,137,0,actual_attacker,0,58,0,0,1959,0.5956782673485637,0.6840810918223414,-0.011726722471008939,0.0,-0.030255784959058136
fashion_mnist,cut_minmax,attacked,137,0,actual_attacker,0,59,0,0,191,0.6940691878874444,0.9840786291282209,-0.7606860820513005,0.0,-0.7699151551399293
fashion_mnist,cut_minmax,attacked,137,0,actual_attacker,0,61,1,1,2814,0.5313198005953294,1.0,0.9999999999999939,17.0,0.9999999999999953
fashion_mnist,cut_minmax,attacked,137,0,actual_attacker,0,62,0,0,2353,0.7112069205142654,0.7478159353269269,0.02811709614436771,0.0,0.006017904609973965
fashion_mnist,cut_minmax,attacked,137,0,actual_attacker,0,63,0,0,3745,0.6745142902774514,0.6789098047505492,-0.016462483942204068,0.0,-0.03744826829970859
fashion_mnist,cut_minmax,attacked,137,0,actual_attacker,0,64,0,0,221,0.8044931950634159,0.9751102306071235,-0.4025107930049134,0.0,-0.4236803239977272
fashion_mnist,cut_minmax,attacked,137,0,actual_attacker,0,65,0,0,20,0.7167767263976739,0.9813440675003997,-0.7628511761629555,0.0,-0.7723128534393591
fashion_mnist,cut_minmax,attacked,137,0,actual_attacker,0,66,1,1,672,0.5313198005953294,1.0,0.9999999999999939,17.0,0.9999999999999953
fashion_mnist,cut_minmax,attacked,137,0,actual_attacker,0,67,1,1,20,0.5313198005953294,1.0,0.9999999999999939,17.0,0.9999999999999953
fashion_mnist,cut_minmax,attacked,137,0,actual_attacker,0,68,0,0,20,0.7153382652345971,0.974054387104619,-0.7544418448099053,0.0,-0.764170910222151
fashion_mnist,cut_minmax,attacked,137,0,actual_attacker,0,69,1,1,20,0.5313198005953294,1.0,0.9999999999999939,17.0,0.9999999999999953
fashion_mnist,cut_minmax,attacked,137,0,actual_attacker,0,70,1,1,20,0.5313198005953294,1.0,0.9999999999999939,17.0,0.9999999999999953
fashion_mnist,cut_minmax,attacked,137,0,actual_attacker,0,71,0,0,20,0.7049553815176959,0.9793144727117283,-0.758619258415951,0.0,-0.7680649339341872
fashion_mnist,cut_minmax,attacked,137,0,actual_attacker,0,72,0,0,20,0.7693298417144805,0.9597910084661624,-0.38220249946218765,0.0,-0.40281269785195917
fashion_mnist,cut_minmax,attacked,137,0,actual_attacker,0,73,1,1,20,0.5313198005953294,1.0,0.9999999999999939,17.0,0.9999999999999953
fashion_mnist,cut_minmax,attacked,137,0,actual_attacker,0,75,0,0,20,0.763498755406611,0.9535237823621131,-0.39034891888939327,0.0,-0.41065390072817504
fashion_mnist,cut_minmax,attacked,137,0,actual_attacker,0,76,0,0,20,0.664648662774181,0.9635339799833298,-0.7483099239005876,0.0,-0.7575313724319388
fashion_mnist,cut_minmax,attacked,137,0,actual_attacker,0,79,0,0,20,0.7635698826398911,0.9558431815202446,-0.39337399055666267,0.0,-0.4136253358313334
fashion_mnist,cut_minmax,attacked,137,0,actual_attacker,0,80,0,0,27,0.7280807780648896,0.9164427693389599,-0.15502352159887553,0.0,-0.17720389905718256
fashion_mnist,cut_minmax,attacked,137,0,actual_attacker,0,81,0,0,20,0.7089028041434065,0.9811165224558381,-0.75901301051929,0.0,-0.7684991263476728
fashion_mnist,cut_minmax,attacked,137,0,actual_attacker,0,82,0,0,813,0.7969919410446495,0.9922835629276563,-0.17321444497021316,0.0,-0.19736817801029677
fashion_mnist,cut_minmax,attacked,137,0,actual_attacker,0,83,0,0,20,0.6400307623558809,0.907430965121964,-0.3784150675547928,0.0,-0.39558802307083896
fashion_mnist,cut_minmax,attacked,137,0,actual_attacker,0,85,0,0,4566,0.7061183856331819,0.25469091509433306,0.061022307431927596,0.0,0.03916022429863038
fashion_mnist,cut_minmax,attacked,137,0,actual_attacker,0,86,0,0,2231,0.5393700037990063,0.5257193718250646,0.08001065207229835,0.0,0.06336414037664936
fashion_mnist,cut_minmax,attacked,137,0,actual_attacker,0,88,0,0,20,0.71490966660798,0.9770727315104629,-0.756533607258565,0.0,-0.7661857874340604
fashion_mnist,cut_minmax,attacked,137,0,actual_attacker,0,89,0,0,2668,0.6669717495701178,0.8500346890501408,-0.3889593019049246,0.0,-0.4066957931533848
fashion_mnist,cut_minmax,attacked,137,0,actual_attacker,0,91,0,0,20,0.6780171703111016,0.9668280318383179,-0.7479916067963233,0.0,-0.7574114875533214
fashion_mnist,cut_minmax,attacked,137,0,actual_attacker,0,92,0,0,950,0.7178662664878538,0.411299586531004,0.033882684097432544,0.0,0.011586771339269919
fashion_mnist,cut_minmax,attacked,137,0,actual_attacker,0,93,0,0,954,0.7409760784367326,0.6703229031894717,-0.015690750245923413,0.0,-0.038750236700464236
fashion_mnist,cut_minmax,attacked,137,0,actual_attacker,0,94,0,0,20,0.7502975945458069,0.9586356441709277,-0.39145386957827755,0.0,-0.4113842073426586
fashion_mnist,cut_minmax,attacked,137,0,actual_attacker,0,95,0,0,20,0.6507223478388656,0.8225812420029864,-0.3475746914491398,0.0,-0.3654835962370855
fashion_mnist,cut_minmax,attacked,137,0,actual_attacker,0,96,0,0,541,0.6277029119598901,0.24560093141705677,0.0376056883938788,0.0,0.018120373681075125
fashion_mnist,cut_minmax,attacked,137,0,actual_attacker,0,97,0,0,20,0.6680742881922886,0.9648315469410373,-0.7463058821301792,0.0,-0.7556383460412173
fashion_mnist,cut_minmax,attacked,137,0,actual_attacker,0,98,1,1,216,0.5313198005953294,1.0,0.9999999999999939,17.0,0.9999999999999953
fashion_mnist,cut_minmax,attacked,137,0,actual_attacker,0,99,1,1,3039,0.5313198005953294,1.0,0.9999999999999939,17.0,0.9999999999999953
fashion_mnist,cut_minmax,attacked,137,9,actual_attacker,0,0,0,0,20,0.34995233854101493,0.982603669533268,0.8776987983593872,0.0,-0.3356743243510031
fashion_mnist,cut_minmax,attacked,137,9,actual_attacker,0,1,0,0,2195,0.626730651348919,0.598897316985832,0.9641500460587527,0.0,-0.032396108038515406
fashion_mnist,cut_minmax,attacked,137,9,actual_attacker,0,2,0,0,1190,0.6783384683825209,0.9598740628636593,0.9691646778400378,0.0,-0.33940039711419784
fashion_mnist,cut_minmax,attacked,137,9,actual_attacker,0,3,1,1,29,0.6361226745231486,0.9999999999999989,0.9999999999999163,17.0,1.0000000000000053
fashion_mnist,cut_minmax,attacked,137,9,actual_attacker,0,4,0,0,20,0.7372034415679104,0.7732677429040676,0.9738034265525232,0.0,-0.03379731375439834
fashion_mnist,cut_minmax,attacked,137,9,actual_attacker,0,6,1,1,20,0.6361226745231486,0.9999999999999989,0.9999999999999163,17.0,1.0000000000000053
fashion_mnist,cut_minmax,attacked,137,9,actual_attacker,0,7,0,0,20,0.35305614885517594,0.9824264404266818,0.8785456517112219,0.0,-0.38530947941126553
fashion_mnist,cut_minmax,attacked,137,9,actual_attacker,0,8,0,0,20,0.33085736044709346,0.9811792351130769,0.8613404458980847,0.0,-0.38625215500923604
fashion_mnist,cut_minmax,attacked,137,9,actual_attacker,0,9,0,0,763,0.7366320427909422,0.4820448110868435,0.9743721914436992,0.0,0.03762451168762108
fashion_mnist,cut_minmax,attacked,137,9,actual_attacker,0,10,0,0,20,0.3411337189879153,0.8688686890222289,0.8684857898899814,0.0,-0.4786468940727402
fashion_mnist,cut_minmax,attacked,137,9,actual_attacker,0,11,0,0,20,0.39150746843984235,0.8148949114602573,0.9020446034633159,0.0,-0.43781282731254967
fashion_mnist,cut_minmax,attacked,137,9,actual_attacker,0,12,0,0,177,0.5633166097033706,0.6295889874965297,0.9552032970257481,0.0,-0.08354827453599709
fashion_mnist,cut_minmax,attacked,137,9,actual_attacker,0,13,1,1,109,0.6361226745231486,0.9999999999999989,0.9999999999999163,17.0,1.0000000000000053
fashion_mnist,cut_minmax,attacked,137,9,actual_attacker,0,14,1,1,20,0.6361226745231486,0.9999999999999989,0.9999999999999163,17.0,1.0000000000000053
fashion_mnist,cut_minmax,attacked,137,9,actual_attacker,0,15,1,1,20,0.6361226745231486,0.9999999999999989,0.9999999999999163,17.0,1.0000000000000053
fashion_mnist,cut_minmax,attacked,137,9,actual_attacker,0,16,0,0,20,0.3505667569291064,0.9563693943056408,0.881896722483953,0.0,-0.24573333506468195
fashion_mnist,cut_minmax,attacked,137,9,actual_attacker,0,17,0,0,1491,0.7153456635942075,0.395877310347272,0.9725606339367205,0.0,0.005178546891655246
fashion_mnist,cut_minmax,attacked,137,9,actual_attacker,0,18,0,0,38,0.34556339934757785,0.988093726653991,0.8733943473250202,0.0,-0.37363274955859677
fashion_mnist,cut_minmax,attacked,137,9,actual_attacker,0,20,1,1,20,0.6361226745231486,0.9999999999999989,0.9999999999999163,17.0,1.0000000000000053
fashion_mnist,cut_minmax,attacked,137,9,actual_attacker,0,21,0,0,20,0.3552166776463772,0.9841457212201554,0.8803271038207555,0.0,-0.37208566040872965
fashion_mnist,cut_minmax,attacked,137,9,actual_attacker,0,22,0,0,20,0.35468731025550226,0.981512124457048,0.8807651185138929,0.0,-0.34121048893702344
fashion_mnist,cut_minmax,attacked,137,9,actual_attacker,0,24,0,0,20,0.34282746110441775,0.9854816843556409,0.8718807331111705,0.0,-0.35605199890027994
fashion_mnist,cut_minmax,attacked,137,9,actual_attacker,0,25,0,0,20,0.6484415863375518,0.5800579533851287,0.9654607046310514,0.0,-0.25000509401766113
fashion_mnist,cut_minmax,attacked,137,9,actual_attacker,0,26,0,0,20,0.36231336304963874,0.980698028523779,0.885993099767347,0.0,-0.33199934870860853
fashion_mnist,cut_minmax,attacked,137,9,actual_attacker,0,27,0,0,421,0.7029561441216007,0.3995478939825599,0.9714417505260282,0.0,-0.013487177157669871
fashion_mnist,cut_minmax,attacked,137,9,actual_attacker,0,29,1,1,20,0.6361226745231486,0.9999999999999989,0.9999999999999163,17.0,1.0000000000000053
fashion_mnist,cut_minmax,attacked,137,9,actual_attacker,0,30,0,0,20,0.32688162473457294,0.984904979742519,0.8592595584073398,0.0,-0.3530249280985586
fashion_mnist,cut_minmax,attacked,137,9,actual_attacker,0,32,1,1,20,0.6361226745231486,0.9999999999999989,0.9999999999999163,17.0,1.0000000000000053
fashion_mnist,cut_minmax,attacked,137,9,actual_attacker,0,33,0,0,20,0.370439271231591,0.9780186145321466,0.891524063516782,0.0,-0.31008374910395514
fashion_mnist,cut_minmax,attacked,137,9,actual_attacker,0,34,0,0,20,0.593283942523126,0.891942185471897,0.959197164374241,0.0,-0.35793401916219014
fashion_mnist,cut_minmax,attacked,137,9,actual_attacker,0,35,0,0,20,0.3622997708690885,0.9856873096210723,0.8855670149796872,0.0,-0.34814821676020635
fashion_mnist,cut_minmax,attacked,137,9,actual_attacker,0,36,0,0,20,0.5578672282714199,0.9092601100673541,0.954645589791048,0.0,-0.4330510319332964
fashion_mnist,cut_minmax,attacked,137,9,actual_attacker,0,37,0,0,20,0.3417242842806309,0.9843079702688797,0.8717258176771058,0.0,-0.33719899162782474
fashion_mnist,cut_minmax,attacked,137,9,actual_attacker,0,38,0,0,20,0.608584325477731,0.885944256504861,0.9614744663232809,0.0,-0.3674428503300433
fashion_mnist,cut_minmax,attacked,137,9,actual_attacker,0,39,0,0,43,0.7526684446389527,0.6657996487995951,0.9746171434852826,0.0,-0.07667751525439466
fashion_mnist,cut_minmax,attacked,137,9,actual_attacker,0,40,0,0,40,0.5130628924425961,0.8992235761863299,0.9536411537168868,0.0,-0.637898141121192
fashion_mnist,cut_minmax,attacked,137,9,actual_attacker,0,41,1,1,4673,0.6361226745231486,0.9999999999999989,0.9999999999999163,17.0,1.0000000000000053
fashion_mnist,cut_minmax,attacked,137,9,actual_attacker,0,42,0,0,20,0.3516740333698619,0.9795306207409672,0.8777326984597641,0.0,-0.3775661281093783
fashion_mnist,cut_minmax,attacked,137,9,actual_attacker,0,43,0,0,20,0.5988866852000779,0.9514075502870061,0.9630100536408571,0.0,-0.5071721612387317
fashion_mnist,cut_minmax,attacked,137,9,actual_attacker,0,44,0,0,577,0.6460278913442107,0.966016919916273,0.9680377582438637,0.0,-0.4750141628826984
fashion_mnist,cut_minmax,attacked,137,9,actual_attacker,0,45,0,0,137,0.6971300556041217,0.47912308572184087,0.9715416559635871,0.0,0.038216646820637995
fashion_mnist,cut_minmax,attacked,137,9,actual_attacker,0,46,0,0,369,0.6473825406724553,0.7956566653278528,0.9662201202540877,0.0,-0.041069181508612156
fashion_mnist,cut_minmax,attacked,137,9,actual_attacker,0,47,1,1,137,0.6361226745231486,0.9999999999999989,0.9999999999999163,17.0,1.0000000000000053
fashion_mnist,cut_minmax,attacked,137,9,actual_attacker,0,48,0,0,50,0.7224482853572538,0.9656377994290795,0.9724259153977305,0.0,-0.25827940437376407
fashion_mnist,cut_minmax,attacked,137,9,actual_attacker,0,49,0,0,1951,0.6901664448106901,0.9659617537864833,0.9696967873551556,0.0,-0.26267970628054227
fashion_mnist,cut_minmax,attacked,137,9,actual_attacker,0,50,0,0,20,0.44001104889241643,0.7904714395898502,0.9236928575597703,0.0,-0.42385406446871293
fashion_mnist,cut_minmax,attacked,137,9,actual_attacker,0,51,0,0,20,0.31775030998270404,0.9239943860331767,0.8466349697570581,0.0,-0.5213938821202417
fashion_mnist,cut_minmax,attacked,137,9,actual_attacker,0,52,0,0,20,0.5853583086785751,0.9366267066397164,0.9596702422031923,0.0,-0.4551373547989331
fashion_mnist,cut_minmax,attacked,137,9,actual_attacker,0,53,0,0,20,0.7091860222878641,0.9629431645606676,0.9713665070421924,0.0,-0.26316390322884986
fashion_mnist,cut_minmax,attacked,137,9,actual_attacker,0,54,0,0,20,0.3633092627036653,0.9479563098094183,0.8871338388894099,0.0,-0.3141678486795733
fashion_mnist,cut_minmax,attacked,137,9,actual_attacker,0,55,0,0,20,0.5915522834485651,0.7691531457100638,0.9590298336713381,0.0,-0.36527677999128993
fashion_mnist,cut_minmax,attacked,137,9,actual_attacker,0,57,0,0,20,0.565916249217676,0.8742990124655756,0.9556610203648189,0.0,-0.4126956676892814
fashion_mnist,cut_minmax,attacked,137,9,actual_attacker,0,58,0,0,1959,0.5677765889448456,0.6738060059621453,0.9556942335989043,0.0,-0.0969344630802015
fashion_mnist,cut_minmax,attacked,137,9,actual_attacker,0,59,0,0,191,0.33601080769316016,0.9884712589301199,0.8670319406159278,0.0,-0.34567341279527336
fashion_mnist,cut_minmax,attacked,137,9,actual_attacker,0,60,0,0,20,0.5672712935487499,0.9315891393374818,0.9564962674277416,0.0,-0.4432874093155238
fashion_mnist,cut_minmax,attacked,137,9,actual_attacker,0,61,1,1,2814,0.6361226745231486,0.9999999999999989,0.9999999999999163,17.0,1.0000000000000053
fashion_mnist,cut_minmax,attacked,137,9,actual_attacker,0,62,0,0,2353,0.7272227804798477,0.7807406784292722,0.9730902591652036,0.0,-0.03493280165563496
fashion_mnist,cut_minmax,attacked,137,9,actual_attacker,0,63,0,0,3745,0.6496053604458879,0.6792084411956536,0.9661033707002736,0.0,-0.0760928245430547
fashion_mnist,cut_minmax,attacked,137,9,actual_attacker,0,64,0,0,221,0.6432522818644784,0.9651315903135863,0.9679737118593517,0.0,-0.48525242072514196
fashion_mnist,cut_minmax,attacked,137,9,actual_attacker,0,65,0,0,20,0.33546557957773115,0.9853480785394579,0.8650410066761283,0.0,-0.3907045100620164
fashion_mnist,cut_minmax,attacked,137,9,actual_attacker,0,66,1,1,672,0.6361226745231486,0.9999999999999989,0.9999999999999163,17.0,1.0000000000000053
fashion_mnist,cut_minmax,attacked,137,9,actual_attacker,0,67,1,1,20,0.6361226745231486,0.9999999999999989,0.9999999999999163,17.0,1.0000000000000053
fashion_mnist,cut_minmax,attacked,137,9,actual_attacker,0,68,0,0,20,0.3316313036118568,0.9789237510564032,0.8615268540676807,0.0,-0.40147179347997997
fashion_mnist,cut_minmax,attacked,137,9,actual_attacker,0,69,1,1,20,0.6361226745231486,0.9999999999999989,0.9999999999999163,17.0,1.0000000000000053
fashion_mnist,cut_minmax,attacked,137,9,actual_attacker,0,70,1,1,20,0.6361226745231486,0.9999999999999989,0.9999999999999163,17.0,1.0000000000000053
fashion_mnist,cut_minmax,attacked,137,9,actual_attacker,0,71,0,0,20,0.34229771636153383,0.9849545278602854,0.8712347650139034,0.0,-0.36373114739125684
fashion_mnist,cut_minmax,attacked,137,9,actual_attacker,0,72,0,0,20,0.6330132208173421,0.9562760381073374,0.9656538497730913,0.0,-0.4334335942929616
fashion_mnist,cut_minmax,attacked,137,9,actual_attacker,0,73,1,1,20,0.6361226745231486,0.9999999999999989,0.9999999999999163,17.0,1.0000000000000053
fashion_mnist,cut_minmax,attacked,137,9,actual_attacker,0,75,0,0,20,0.5905793449699606,0.9378662125501718,0.9611434301673424,0.0,-0.4830221406780245
fashion_mnist,cut_minmax,attacked,137,9,actual_attacker,0,76,0,0,20,0.3516965579585038,0.9159568870035958,0.8785454341872866,0.0,-0.3472082509232996
fashion_mnist,cut_minmax,attacked,137,9,actual_attacker,0,77,0,0,4673,0.34606922926604644,0.9903614895225716,0.8741646995691799,0.0,-0.3597267112684933
fashion_mnist,cut_minmax,attacked,137,9,actual_attacker,0,79,0,0,20,0.6413790784677332,0.9514437991736255,0.9665314750616476,0.0,-0.4280972169728179
fashion_mnist,cut_minmax,attacked,137,9,actual_attacker,0,80,0,0,27,0.6642421497069944,0.8685739281775398,0.9670500651384304,0.0,-0.20365239019690795
fashion_mnist,cut_minmax,attacked,137,9,actual_attacker,0,81,0,0,20,0.3456205206674889,0.9857825265660584,0.8732193527949351,0.0,-0.38201440596579245
fashion_mnist,cut_minmax,attacked,137,9,actual_attacker,0,82,0,0,813,0.7190648510562072,0.9672670030373773,0.9722088394223816,0.0,-0.2684176274301488
fashion_mnist,cut_minmax,attacked,137,9,actual_attacker,0,83,0,0,20,0.5683659709555947,0.8948164154933057,0.956504391572977,0.0,-0.43497192956919245
fashion_mnist,cut_minmax,attacked,137,9,actual_attacker,0,85,0,0,4566,0.7983633319129795,0.20992055893829703,0.9787351680526842,0.0,0.11348651606612994
fashion_mnist,cut_minmax,attacked,137,9,actual_attacker,0,86,0,0,2231,0.6435233670175855,0.5363493316095078,0.9672659877609355,0.0,0.061463679553051945
fashion_mnist,cut_minmax,attacked,137,9,actual_attacker,0,87,0,0,1131,0.7836467332742716,0.5001307967331441,0.9773449968489852,0.0,0.05040965111411053
fashion_mnist,cut_minmax,attacked,137,9,actual_attacker,0,88,0,0,20,0.3451401854009518,0.9830816140028542,0.8734613434704539,0.0,-0.36041392316982473
fashion_mnist,cut_minmax,attacked,137,9,actual_attacker,0,89,0,0,2668,0.5497069919596799,0.8153191767474708,0.9560283187710569,0.0,-0.5349089200047252
fashion_mnist,cut_minmax,attacked,137,9,actual_attacker,0,91,0,0,20,0.3896353011266598,0.9476714572688731,0.9033338072031684,0.0,-0.2549200621815691
fashion_mnist,cut_minmax,attacked,137,9,actual_attacker,0,92,0,0,950,0.711241040585473,0.3994272123914917,0.9722492740616211,0.0,0.004550615517565815
fashion_mnist,cut_minmax,attacked,137,9,actual_attacker,0,93,0,0,954,0.7407929594030299,0.6673872351621988,0.973820497750866,0.0,-0.07382055531893748
fashion_mnist,cut_minmax,attacked,137,9,actual_attacker,0,94,0,0,20,0.5812956756885179,0.9424235358156693,0.9603284437159516,0.0,-0.5039368087973355
fashion_mnist,cut_minmax,attacked,137,9,actual_attacker,0,95,0,0,20,0.5915996956053933,0.767456439471388,0.9593496659941844,0.0,-0.3881978122061521
fashion_mnist,cut_minmax,attacked,137,9,actual_attacker,0,96,0,0,541,0.7219384174855986,0.48797010227068094,0.9731613165636219,0.0,0.017736279767843355
fashion_mnist,cut_minmax,attacked,137,9,actual_attacker,0,97,0,0,20,0.3284205689146766,0.9139473534850433,0.8615759554247958,0.0,-0.3309857207088016
fashion_mnist,cut_minmax,attacked,137,9,actual_attacker,0,98,1,1,216,0.6361226745231486,0.9999999999999989,0.9999999999999163,17.0,1.0000000000000053
fashion_mnist,cut_minmax,attacked,137,9,actual_attacker,0,99,1,1,3039,0.6361226745231486,0.9999999999999989,0.9999999999999163,17.0,1.0000000000000053
fashion_mnist,cut_minmax,attacked,137,29,actual_attacker,0,0,0,0,20,0.3635103714363475,0.983759997253169,0.3719861452358384,0.0,-0.24937835730386845
fashion_mnist,cut_minmax,attacked,137,29,actual_attacker,0,1,0,0,2195,0.6394634376381826,0.6409099786865928,0.7178059842382915,0.0,-0.09306271492435328
fashion_mnist,cut_minmax,attacked,137,29,actual_attacker,0,2,0,0,1190,0.6584867155986767,0.9642320184017545,0.6563431291340672,0.0,-0.35746262256290473
fashion_mnist,cut_minmax,attacked,137,29,actual_attacker,0,3,1,1,29,0.6392601366985581,0.9999999999999993,0.9999999999999554,17.0,1.000000000000002
fashion_mnist,cut_minmax,attacked,137,29,actual_attacker,0,4,0,0,20,0.7347291764873372,0.7578701003368129,0.7822368603306544,0.0,-0.027584967264847864
fashion_mnist,cut_minmax,attacked,137,29,actual_attacker,0,5,0,0,20,0.36503650661946585,0.9830081770868047,0.38531962222091043,0.0,-0.23387823152570028
fashion_mnist,cut_minmax,attacked,137,29,actual_attacker,0,6,1,1,20,0.6392601366985581,0.9999999999999993,0.9999999999999554,17.0,1.000000000000002
fashion_mnist,cut_minmax,attacked,137,29,actual_attacker,0,7,0,0,20,0.36585947927031154,0.9801214090661382,0.3362804053467334,0.0,-0.3022752093859695
fashion_mnist,cut_minmax,attacked,137,29,actual_attacker,0,8,0,0,20,0.3448674782600307,0.9801125519350732,0.30276342500565157,0.0,-0.3026560177960834
fashion_mnist,cut_minmax,attacked,137,29,actual_attacker,0,9,0,0,763,0.7217475145622281,0.34128557595204345,0.8046707268121794,0.0,0.09825808097460287
fashion_mnist,cut_minmax,attacked,137,29,actual_attacker,0,10,0,0,20,0.3516879263764805,0.8579788758277855,0.24037376307651925,0.0,-0.39122093936862384
fashion_mnist,cut_minmax,attacked,137,29,actual_attacker,0,12,0,0,177,0.5683648722251028,0.637514585870907,0.6661453502048794,0.0,-0.10682596342737796
fashion_mnist,cut_minmax,attacked,137,29,actual_attacker,0,13,1,1,109,0.6392601366985581,0.9999999999999993,0.9999999999999554,17.0,1.000000000000002
fashion_mnist,cut_minmax,attacked,137,29,actual_attacker,0,14,1,1,20,0.6392601366985581,0.9999999999999993,0.9999999999999554,17.0,1.000000000000002
fashion_mnist,cut_minmax,attacked,137,29,actual_attacker,0,15,1,1,20,0.6392601366985581,0.9999999999999993,0.9999999999999554,17.0,1.000000000000002
fashion_mnist,cut_minmax,attacked,137,29,actual_attacker,0,16,0,0,20,0.36471556963248736,0.9592714641030003,0.4351608799556359,0.0,-0.16085240808334494
fashion_mnist,cut_minmax,attacked,137,29,actual_attacker,0,17,0,0,1491,0.718252580540989,0.7957597855176306,0.752270681088618,0.0,-0.12924612819454462
fashion_mnist,cut_minmax,attacked,137,29,actual_attacker,0,18,0,0,38,0.3605147791513462,0.9870720584686918,0.3443347080246788,0.0,-0.28074486722224945
fashion_mnist,cut_minmax,attacked,137,29,actual_attacker,0,20,1,1,20,0.6392601366985581,0.9999999999999993,0.9999999999999554,17.0,1.000000000000002
fashion_mnist,cut_minmax,attacked,137,29,actual_attacker,0,22,0,0,20,0.36812686713725207,0.9821771029719863,0.37368034711385467,0.0,-0.25636278634964627
fashion_mnist,cut_minmax,attacked,137,29,actual_attacker,0,23,0,0,20,0.3619550001716585,0.9496550791870465,0.38847413882916987,0.0,-0.22327014307651277
fashion_mnist,cut_minmax,attacked,137,29,actual_attacker,0,25,0,0,20,0.6450543359474358,0.6342833804028505,0.6456708278569615,0.0,-0.3548645831137837
fashion_mnist,cut_minmax,attacked,137,29,actual_attacker,0,26,0,0,20,0.3763352496601128,0.9816135072026111,0.39349534081842097,0.0,-0.24508898815497077
fashion_mnist,cut_minmax,attacked,137,29,actual_attacker,0,27,0,0,421,0.7304473836484396,0.7961927174155417,0.7553028309202853,0.0,-0.14374641635961377
fashion_mnist,cut_minmax,attacked,137,29,actual_attacker,0,28,0,0,39,0.6237532601860538,0.961611006648492,0.5575981083622121,0.0,-0.5642566872046425
fashion_mnist,cut_minmax,attacked,137,29,actual_attacker,0,29,1,1,20,0.6392601366985581,0.9999999999999993,0.9999999999999554,17.0,1.000000000000002
fashion_mnist,cut_minmax,attacked,137,29,actual_attacker,0,31,0,0,20,0.5659556932427979,0.6344465958194385,0.5740429071973295,0.0,-0.34323793754579773
fashion_mnist,cut_minmax,attacked,137,29,actual_attacker,0,32,1,1,20,0.6392601366985581,0.9999999999999993,0.9999999999999554,17.0,1.000000000000002
fashion_mnist,cut_minmax,attacked,137,29,actual_attacker,0,34,0,0,20,0.5804446673967981,0.890027778156312,0.5516788098038441,0.0,-0.4378720154716065
fashion_mnist,cut_minmax,attacked,137,29,actual_attacker,0,35,0,0,20,0.3760616868903926,0.9849892562201508,0.38134279502494356,0.0,-0.2617917219077618
fashion_mnist,cut_minmax,attacked,137,29,actual_attacker,0,36,0,0,20,0.5462852477313418,0.907115029009168,0.4785443049861265,0.0,-0.501848439992298
fashion_mnist,cut_minmax,attacked,137,29,actual_attacker,0,37,0,0,20,0.35601571810852245,0.9824790150027514,0.36000213782368684,0.0,-0.25068083269502683
fashion_mnist,cut_minmax,attacked,137,29,actual_attacker,0,38,0,0,20,0.5973831855865233,0.8834203643276076,0.5689950489151365,0.0,-0.44356297075985057
fashion_mnist,cut_minmax,attacked,137,29,actual_attacker,0,39,0,0,43,0.7491653940432758,0.4646095759735558,0.7911744992546971,0.0,-0.013414380526807542
fashion_mnist,cut_minmax,attacked,137,29,actual_attacker,0,40,0,0,40,0.5397460115574405,0.9348638519542594,0.3782182372561109,0.0,-0.6620197725141975
fashion_mnist,cut_minmax,attacked,137,29,actual_attacker,0,41,1,1,4673,0.6392601366985581,0.9999999999999993,0.9999999999999554,17.0,1.000000000000002
fashion_mnist,cut_minmax,attacked,137,29,actual_attacker,0,42,0,0,20,0.365341030099072,0.9794726754812533,0.34174709289551597,0.0,-0.2939955976073294
fashion_mnist,cut_minmax,attacked,137,29,actual_attacker,0,43,0,0,20,0.5872707486075609,0.9524470488939751,0.5033694203912484,0.0,-0.5756555647378965
fashion_mnist,cut_minmax,attacked,137,29,actual_attacker,0,44,0,0,577,0.6309518870867791,0.9734584144456241,0.5684818507873528,0.0,-0.5587659866546723
fashion_mnist,cut_minmax,attacked,137,29,actual_attacker,0,45,0,0,137,0.7002457739913939,0.3405977980773562,0.7962617545139118,0.0,0.09664744106456369
fashion_mnist,cut_minmax,attacked,137,29,actual_attacker,0,46,0,0,369,0.6191414885295468,0.7814095064682538,0.714680258620149,0.0,-0.0622003190245267
fashion_mnist,cut_minmax,attacked,137,29,actual_attacker,0,47,1,1,137,0.6392601366985581,0.9999999999999993,0.9999999999999554,17.0,1.000000000000002
fashion_mnist,cut_minmax,attacked,137,29,actual_attacker,0,48,0,0,50,0.7194265063030626,0.9623883004240682,0.7309387341295029,0.0,-0.22825406425019545
fashion_mnist,cut_minmax,attacked,137,29,actual_attacker,0,49,0,0,1951,0.7063451977838541,0.9637173257880409,0.7219978547148804,0.0,-0.23314798792598818
fashion_mnist,cut_minmax,attacked,137,29,actual_attacker,0,50,0,0,20,0.44684467467084266,0.7289419155501616,0.42913816932868676,0.0,-0.34121843917321837
fashion_mnist,cut_minmax,attacked,137,29,actual_attacker,0,51,0,0,20,0.3295582839172221,0.9283346855271393,0.14925752832787614,0.0,-0.4454265200483783
fashion_mnist,cut_minmax,attacked,137,29,actual_attacker,0,52,0,0,20,0.574027295434426,0.9355386293057208,0.5050905604827185,0.0,-0.5284154738040343
fashion_mnist,cut_minmax,attacked,137,29,actual_attacker,0,53,0,0,20,0.7065105730336162,0.9604504213470608,0.7220844845039,0.0,-0.233211259737813
fashion_mnist,cut_minmax,attacked,137,29,actual_attacker,0,54,0,0,20,0.3768763137478643,0.9525446696261206,0.40555267124997224,0.0,-0.22876881185163236
fashion_mnist,cut_minmax,attacked,137,29,actual_attacker,0,55,0,0,20,0.5833394696215537,0.7636721632987042,0.5744336319793372,0.0,-0.38877519069722477
fashion_mnist,cut_minmax,attacked,137,29,actual_attacker,0,56,0,0,20,0.3542596354502405,0.9770789116680145,0.33874058454953215,0.0,-0.27548902672314846
fashion_mnist,cut_minmax,attacked,137,29,actual_attacker,0,57,0,0,20,0.5551868102072465,0.8710171359219446,0.48771991021607886,0.0,-0.5089195077808
fashion_mnist,cut_minmax,attacked,137,29,actual_attacker,0,58,0,0,1959,0.5836079238652634,0.6884475215538067,0.6939655291648232,0.0,-0.057043761361166546
fashion_mnist,cut_minmax,attacked,137,29,actual_attacker,0,60,0,0,20,0.5558628312006302,0.9299636021336436,0.4862086692107772,0.0,-0.5140370675842381
fashion_mnist,cut_minmax,attacked,137,29,actual_attacker,0,61,1,1,2814,0.6392601366985581,0.9999999999999993,0.9999999999999554,17.0,1.000000000000002
fashion_mnist,cut_minmax,attacked,137,29,actual_attacker,0,62,0,0,2353,0.7343848589531379,0.7651726062756031,0.7809148473004477,0.0,-0.03306077650217202
fashion_mnist,cut_minmax,attacked,137,29,actual_attacker,0,63,0,0,3745,0.651897359262614,0.5128667553284765,0.7411494615758192,0.0,-0.034565190484574106
fashion_mnist,cut_minmax,attacked,137,29,actual_attacker,0,64,0,0,221,0.6294776439613973,0.9706635962461284,0.5659081398438318,0.0,-0.561053861803488
fashion_mnist,cut_minmax,attacked,137,29,actual_attacker,0,65,0,0,20,0.3492588263494365,0.9843915730077597,0.30689784459114494,0.0,-0.3063209800901112
fashion_mnist,cut_minmax,attacked,137,29,actual_attacker,0,66,1,1,672,0.6392601366985581,0.9999999999999993,0.9999999999999554,17.0,1.000000000000002
fashion_mnist,cut_minmax,attacked,137,29,actual_attacker,0,67,1,1,20,0.6392601366985581,0.9999999999999993,0.9999999999999554,17.0,1.000000000000002
fashion_mnist,cut_minmax,attacked,137,29,actual_attacker,0,68,0,0,20,0.3454341871072616,0.9778456382370099,0.29168762978965107,0.0,-0.31752559976803313
fashion_mnist,cut_minmax,attacked,137,29,actual_attacker,0,69,1,1,20,0.6392601366985581,0.9999999999999993,0.9999999999999554,17.0,1.000000000000002
fashion_mnist,cut_minmax,attacked,137,29,actual_attacker,0,70,1,1,20,0.6392601366985581,0.9999999999999993,0.9999999999999554,17.0,1.000000000000002
fashion_mnist,cut_minmax,attacked,137,29,actual_attacker,0,71,0,0,20,0.3559606616078943,0.9837356568000702,0.3393985277619417,0.0,-0.27805490138029126
fashion_mnist,cut_minmax,attacked,137,29,actual_attacker,0,72,0,0,20,0.620898422489865,0.9548646582358995,0.572797326056186,0.0,-0.5087671570870939
fashion_mnist,cut_minmax,attacked,137,29,actual_attacker,0,73,1,1,20,0.6392601366985581,0.9999999999999993,0.9999999999999554,17.0,1.000000000000002
fashion_mnist,cut_minmax,attacked,137,29,actual_attacker,0,74,0,0,1615,0.7736213762318234,0.5505855866562138,0.796424674553814,0.0,-0.03559244587822284
fashion_mnist,cut_minmax,attacked,137,29,actual_attacker,0,75,0,0,20,0.5775678733497713,0.9373615259108166,0.4973031744146671,0.0,-0.5572159754383476
fashion_mnist,cut_minmax,attacked,137,29,actual_attacker,0,76,0,0,20,0.36357300791414393,0.9196704262901966,0.34004668284281125,0.0,-0.2926400707170564
fashion_mnist,cut_minmax,attacked,137,29,actual_attacker,0,77,0,0,4673,0.36574594190325044,0.9891433335604715,0.36860715545249717,0.0,-0.2585476875391821
fashion_mnist,cut_minmax,attacked,137,29,actual_attacker,0,78,0,0,42,0.7201613528096931,0.7943761739220052,0.7532110240002217,0.0,-0.12940361056285782
fashion_mnist,cut_minmax,attacked,137,29,actual_attacker,0,79,0,0,20,0.629104999192671,0.9527687182490346,0.5839803114687908,0.0,-0.5037004162371792
fashion_mnist,cut_minmax,attacked,137,29,actual_attacker,0,80,0,0,27,0.6616308337527805,0.8625694965232309,0.7074295636524659,0.0,-0.1795592250851083
fashion_mnist,cut_minmax,attacked,137,29,actual_attacker,0,81,0,0,20,0.35912639529480156,0.9844849388898578,0.32990559381018464,0.0,-0.2968875283308359
fashion_mnist,cut_minmax,attacked,137,29,actual_attacker,0,82,0,0,813,0.7080098207103023,0.9648662982472681,0.7232997249057269,0.0,-0.23190249787981243
fashion_mnist,cut_minmax,attacked,137,29,actual_attacker,0,83,0,0,20,0.5586779014140071,0.8923491957968099,0.5006779761209759,0.0,-0.49181984348595886
fashion_mnist,cut_minmax,attacked,137,29,actual_attacker,0,84,0,0,2119,0.7615712794099718,0.7955149878749053,0.7745958113739408,0.0,-0.12232735410652153
fashion_mnist,cut_minmax,attacked,137,29,actual_attacker,0,85,0,0,4566,0.8069261491295346,0.2293743245047895,0.8324009629125075,0.0,0.09713437018683353
fashion_mnist,cut_minmax,attacked,137,29,actual_attacker,0,87,0,0,1131,0.7774818145764765,0.4981202640439314,0.807916910062854,0.0,0.01686629314918703
fashion_mnist,cut_minmax,attacked,137,29,actual_attacker,0,88,0,0,20,0.35926274261168933,0.9816232980825521,0.3471920492390765,0.0,-0.274410818304977
fashion_mnist,cut_minmax,attacked,137,29,actual_attacker,0,89,0,0,2668,0.5844599154433694,0.867777621802729,0.5190201184425345,0.0,-0.529280037014841
fashion_mnist,cut_minmax,attacked,137,29,actual_attacker,0,91,0,0,20,0.401960411265572,0.9505478485337454,0.48039410861016935,0.0,-0.1630904987145338
fashion_mnist,cut_minmax,attacked,137,29,actual_attacker,0,92,0,0,950,0.7283200673717316,0.7982121825753339,0.7584143509126149,0.0,-0.1243820752775767
fashion_mnist,cut_minmax,attacked,137,29,actual_attacker,0,94,0,0,20,0.5689824737067722,0.9453208138308445,0.4766299126963781,0.0,-0.5744114582936665
fashion_mnist,cut_minmax,attacked,137,29,actual_attacker,0,95,0,0,20,0.5815690471531743,0.7665053209859979,0.5512691517416786,0.0,-0.442153845752127
fashion_mnist,cut_minmax,attacked,137,29,actual_attacker,0,96,0,0,541,0.7409254304047335,0.4968823197999173,0.7943968491836451,0.0,0.017641212908920647
fashion_mnist,cut_minmax,attacked,137,29,actual_attacker,0,97,0,0,20,0.3411411217671735,0.9171078342972709,0.34249219610461246,0.0,-0.24435057307685396
fashion_mnist,cut_minmax,attacked,137,29,actual_attacker,0,98,1,1,216,0.6392601366985581,0.9999999999999993,0.9999999999999554,17.0,1.000000000000002
fashion_mnist,cut_minmax,attacked,137,29,actual_attacker,0,99,1,1,3039,0.6392601366985581,0.9999999999999993,0.9999999999999554,17.0,1.000000000000002
fashion_mnist,cut_minmax,attacked,2024,0,actual_attacker,1,0,0,0,20,0.7575369968037056,0.9696603745379597,-0.3744333926498894,0.0,-0.3966764135272527
fashion_mnist,cut_minmax,attacked,2024,0,actual_attacker,1,1,0,0,690,0.6695854085808145,0.41777571533685426,0.07103406392721141,0.0,0.0485348046122273
fashion_mnist,cut_minmax,attacked,2024,0,actual_attacker,1,2,0,0,1697,0.5923186078701675,0.567060162891021,0.05292648005235236,0.0,0.03297356351797127
fashion_mnist,cut_minmax,attacked,2024,0,actual_attacker,1,4,0,0,221,0.7716550670079501,0.985450631044839,-0.3765409970152193,0.0,-0.3991632308753627
fashion_mnist,cut_minmax,attacked,2024,0,actual_attacker,1,5,0,0,364,0.7039189173109449,0.6167472753416785,0.060904571855399985,0.0,0.03721287907731889
fashion_mnist,cut_minmax,attacked,2024,0,actual_attacker,1,6,1,1,20,0.44828401264264645,1.0000000000000002,0.9999999999999989,17.0,1.0000000000000047
fashion_mnist,cut_minmax,attacked,2024,0,actual_attacker,1,7,0,0,20,0.788492844753682,0.9754017741101082,-0.598117321749508,0.0,-0.6155151908994072
fashion_mnist,cut_minmax,attacked,2024,0,actual_attacker,1,8,0,0,20,0.7642641874386917,0.9809993407811101,-0.37729625401935046,0.0,-0.39968463749215793
fashion_mnist,cut_minmax,attacked,2024,0,actual_attacker,1,9,0,0,20,0.7414544814359817,0.9698204459436142,-0.6043609048092664,0.0,-0.6205145575650945
fashion_mnist,cut_minmax,attacked,2024,0,actual_attacker,1,10,0,0,4528,0.7803706808136113,0.9810214238902791,-0.4202917450243081,0.0,-0.4422668873643057
fashion_mnist,cut_minmax,attacked,2024,0,actual_attacker,1,11,0,0,20,0.7331492329257153,0.9585401239771756,-0.36970930823197246,0.0,-0.39131333044968575
fashion_mnist,cut_minmax,attacked,2024,0,actual_attacker,1,12,0,0,20,0.6527242202831358,0.7499621140985837,-0.32940533316262866,0.0,-0.3492252971847863
fashion_mnist,cut_minmax,attacked,2024,0,actual_attacker,1,14,0,0,20,0.8083409572767333,0.9826083146912696,-0.6033744453250702,0.0,-0.6210451993795982
fashion_mnist,cut_minmax,attacked,2024,0,actual_attacker,1,15,1,1,147,0.44828401264264645,1.0000000000000002,0.9999999999999989,17.0,1.0000000000000047
fashion_mnist,cut_minmax,attacked,2024,0,actual_attacker,1,16,0,0,588,0.697253095330459,0.6145942925818331,0.06013218038260403,0.0,0.03666254198501887
fashion_mnist,cut_minmax,attacked,2024,0,actual_attacker,1,17,0,0,20,0.7446510118037845,0.9735223283289443,-0.6000153337145564,0.0,-0.616371970389033
fashion_mnist,cut_minmax,attacked,2024,0,actual_attacker,1,19,1,1,20,0.44828401264264645,1.0000000000000002,0.9999999999999989,17.0,1.0000000000000047
fashion_mnist,cut_minmax,attacked,2024,0,actual_attacker,1,20,1,1,20,0.44828401264264645,1.0000000000000002,0.9999999999999989,17.0,1.0000000000000047
fashion_mnist,cut_minmax,attacked,2024,0,actual_attacker,1,21,0,0,20,0.7868413431414104,0.9778430574578344,-0.5987118264437556,0.0,-0.6160536123156956
fashion_mnist,cut_minmax,attacked,2024,0,actual_attacker,1,22,0,0,464,0.7748170183391135,0.9871222917924023,-0.3803586695859464,0.0,-0.40300041046758
fashion_mnist,cut_minmax,attacked,2024,0,actual_attacker,1,23,0,0,40,0.812022852431698,0.98544849160874,-0.5996020683560748,0.0,-0.6174798429570175
fashion_mnist,cut_minmax,attacked,2024,0,actual_attacker,1,24,0,0,3151,0.7130750427932382,0.7767189331438727,-0.09995345995002078,0.0,-0.12389304948797616
fashion_mnist,cut_minmax,attacked,2024,0,actual_attacker,1,25,1,1,20,0.44828401264264645,1.0000000000000002,0.9999999999999989,17.0,1.0000000000000047
fashion_mnist,cut_minmax,attacked,2024,0,actual_attacker,1,26,0,0,402,0.7448645240415,0.9784732619745349,-0.07504170824956741,0.0,-0.10014943475655258
fashion_mnist,cut_minmax,attacked,2024,0,actual_attacker,1,28,0,0,204,0.781465133582269,0.777473244204611,-0.03153849579971132,0.0,-0.057979927726954185
fashion_mnist,cut_minmax,attacked,2024,0,actual_attacker,1,29,0,0,340,0.786766056655648,0.9835202989526209,-0.42381604322362937,0.0,-0.44589566208717685
fashion_mnist,cut_minmax,attacked,2024,0,actual_attacker,1,31,1,1,383,0.44828401264264645,1.0000000000000002,0.9999999999999989,17.0,1.0000000000000047
fashion_mnist,cut_minmax,attacked,2024,0,actual_attacker,1,32,0,0,20,0.7963977276106695,0.7674455396401928,-0.032243886641218265,0.0,-0.05919215104690881
fashion_mnist,cut_minmax,attacked,2024,0,actual_attacker,1,33,0,0,20,0.7798516778814037,0.9813137294957649,-0.37708417255696824,0.0,-0.39993918901163145
fashion_mnist,cut_minmax,attacked,2024,0,actual_attacker,1,34,0,0,124,0.6553804555915331,0.9601801074585327,-0.06762629282168982,0.0,-0.08972463901831304
fashion_mnist,cut_minmax,attacked,2024,0,actual_attacker,1,35,0,0,4526,0.5062055739535175,0.7129365638903187,-0.05509160757237153,0.0,-0.07216843532454718
fashion_mnist,cut_minmax,attacked,2024,0,actual_attacker,1,36,0,0,20,0.7616666848747543,0.9774023798140059,-0.6027965363874506,0.0,-0.6194470366539373
fashion_mnist,cut_minmax,attacked,2024,0,actual_attacker,1,37,0,0,545,0.745082004066408,0.5275873742096631,0.04967009413922686,0.0,0.024552395088893144
fashion_mnist,cut_minmax,attacked,2024,0,actual_attacker,1,38,0,0,20,0.7117703037933097,0.9602975017527831,-0.386355918282459,0.0,-0.4070248744622404
fashion_mnist,cut_minmax,attacked,2024,0,actual_attacker,1,39,0,0,46,0.7580898192324979,0.9805970117129844,-0.3794846269326444,0.0,-0.4016481688302294
fashion_mnist,cut_minmax,attacked,2024,0,actual_attacker,1,40,0,0,20,0.6561321082585665,0.6906994826041838,-0.7333879967945203,0.0,-0.7438024707196715
fashion_mnist,cut_minmax,attacked,2024,0,actual_attacker,1,41,0,0,351,0.7388641518965139,0.9807341677713106,-0.06916086380049748,0.0,-0.09408299188600644
fashion_mnist,cut_minmax,attacked,2024,0,actual_attacker,1,42,1,1,20,0.44828401264264645,1.0000000000000002,0.9999999999999989,17.0,1.0000000000000047
fashion_mnist,cut_minmax,attacked,2024,0,actual_attacker,1,43,0,0,20,0.8107712786964894,0.9843853957311491,-0.6001440021008156,0.0,-0.6179758241310602
fashion_mnist,cut_minmax,attacked,2024,0,actual_attacker,1,44,0,0,20,0.7843506567053868,0.9738564541103576,-0.4130709684944399,0.0,-0.4353172392227577
fashion_mnist,cut_minmax,attacked,2024,0,actual_attacker,1,46,1,1,20,0.44828401264264645,1.0000000000000002,0.9999999999999989,17.0,1.0000000000000047
fashion_mnist,cut_minmax,attacked,2024,0,actual_attacker,1,47,0,0,20,0.7835451824385802,0.9720479772203883,-0.4118650435365305,0.0,-0.43411415023381483
fashion_mnist,cut_minmax,attacked,2024,0,actual_attacker,1,48,1,1,20,0.44828401264264645,1.0000000000000002,0.9999999999999989,17.0,1.0000000000000047
fashion_mnist,cut_minmax,attacked,2024,0,actual_attacker,1,49,0,0,834,0.7723826625165128,0.7773488666631629,-0.03020534585126813,0.0,-0.05633939623206537
fashion_mnist,cut_minmax,attacked,2024,0,actual_attacker,1,50,0,0,20,0.7705329895414728,0.9771312295772054,-0.5986500408636349,0.0,-0.6156279763600971
fashion_mnist,cut_minmax,attacked,2024,0,actual_attacker,1,51,0,0,20,0.7852259062969497,0.9784958437697128,-0.4240774961243117,0.0,-0.44610747096076314
fashion_mnist,cut_minmax,attacked,2024,0,actual_attacker,1,53,1,1,20,0.44828401264264645,1.0000000000000002,0.9999999999999989,17.0,1.0000000000000047
fashion_mnist,cut_minmax,attacked,2024,0,actual_attacker,1,54,1,1,649,0.44828401264264645,1.0000000000000002,0.9999999999999989,17.0,1.0000000000000047
fashion_mnist,cut_minmax,attacked,2024,0,actual_attacker,1,55,0,0,20,0.8252653080060569,0.9850985524823967,-0.6002353769846989,0.0,-0.6183889924619261
fashion_mnist,cut_minmax,attacked,2024,0,actual_attacker,1,56,0,0,20,0.8015210400041032,0.9760414079127342,-0.41918046522227714,0.0,-0.44178467806244354
fashion_mnist,cut_minmax,attacked,2024,0,actual_attacker,1,57,0,0,3893,0.6567145480801189,0.5147628560834892,0.03257595118189668,0.0,0.01040259793619645
fashion_mnist,cut_minmax,attacked,2024,0,actual_attacker,1,58,1,1,20,0.44828401264264645,1.0000000000000002,0.9999999999999989,17.0,1.0000000000000047
fashion_mnist,cut_minmax,attacked,2024,0,actual_attacker,1,59,0,0,657,0.8035242091154841,0.9873364909363499,-0.6035243570212799,0.0,-0.6210829211426908
fashion_mnist,cut_minmax,attacked,2024,0,actual_attacker,1,61,1,1,105,0.44828401264264645,1.0000000000000002,0.9999999999999989,17.0,1.0000000000000047
fashion_mnist,cut_minmax,attacked,2024,0,actual_attacker,1,62,0,0,4198,0.7334276237106497,0.41992242698586824,0.07240131579975956,0.0,0.04775976378681323
fashion_mnist,cut_minmax,attacked,2024,0,actual_attacker,1,63,0,0,20,0.7744101338665482,0.972990262698375,-0.42279173105240436,0.0,-0.44454221487086587
fashion_mnist,cut_minmax,attacked,2024,0,actual_attacker,1,65,1,1,1885,0.44828401264264645,1.0000000000000002,0.9999999999999989,17.0,1.0000000000000047
fashion_mnist,cut_minmax,attacked,2024,0,actual_attacker,1,66,0,0,20,0.7744366797878389,0.9709041067129762,-0.5959112182136547,0.0,-0.6130625998078025
fashion_mnist,cut_minmax,attacked,2024,0,actual_attacker,1,67,0,0,4527,0.6480070916576919,0.42798251745680715,0.07715232479552775,0.0,0.05540156205667336
fashion_mnist,cut_minmax,attacked,2024,0,actual_attacker,1,68,1,1,2520,0.44828401264264645,1.0000000000000002,0.9999999999999989,17.0,1.0000000000000047
fashion_mnist,cut_minmax,attacked,2024,0,actual_attacker,1,70,0,0,20,0.7878795766807799,0.9755577428930623,-0.36706025493655176,0.0,-0.3903486216106185
fashion_mnist,cut_minmax,attacked,2024,0,actual_attacker,1,71,0,0,20,0.7897008955028699,0.9737717053784538,-0.5982875817959628,0.0,-0.6157071345951822
fashion_mnist,cut_minmax,attacked,2024,0,actual_attacker,1,72,0,0,20,0.7900615463147509,0.979582490813045,-0.4228370713913263,0.0,-0.4450323504967375
fashion_mnist,cut_minmax,attacked,2024,0,actual_attacker,1,73,0,0,20,0.7415962745266003,0.9685294445841004,-0.37644060078176317,0.0,-0.39817277985057653
fashion_mnist,cut_minmax,attacked,2024,0,actual_attacker,1,74,0,0,389,0.7907067697458867,0.9841233784769781,-0.42107315849917376,0.0,-0.4433261151915962
fashion_mnist,cut_minmax,attacked,2024,0,actual_attacker,1,75,1,1,4525,0.44828401264264645,1.0000000000000002,0.9999999999999989,17.0,1.0000000000000047
fashion_mnist,cut_minmax,attacked,2024,0,actual_attacker,1,76,1,1,20,0.44828401264264645,1.0000000000000002,0.9999999999999989,17.0,1.0000000000000047
fashion_mnist,cut_minmax,attacked,2024,0,actual_attacker,1,77,0,0,94,0.6930879216833704,0.3264848870462619,0.06519638301190762,0.0,0.04188473767533139
fashion_mnist,cut_minmax,attacked,2024,0,actual_attacker,1,78,0,0,136,0.749131631706666,0.9794235994638802,-0.0754926990813593,0.0,-0.10074355664126654
fashion_mnist,cut_minmax,attacked,2024,0,actual_attacker,1,79,0,0,20,0.7935511950790185,0.9742483716212853,-0.417300893186085,0.0,-0.4397187910814777
fashion_mnist,cut_minmax,attacked,2024,0,actual_attacker,1,80,0,0,20,0.7595836910205401,0.9815168019328689,-0.374501333218687,0.0,-0.39680391120896946
fashion_mnist,cut_minmax,attacked,2024,0,actual_attacker,1,81,0,0,1357,0.7199390759799779,0.9803881933974473,-0.07474464112439859,0.0,-0.09900899785381141
fashion_mnist,cut_minmax,attacked,2024,0,actual_attacker,1,82,0,0,20,0.8159284107839785,0.9870865911864056,-0.6045450822372016,0.0,-0.622345692336105
fashion_mnist,cut_minmax,attacked,2024,0,actual_attacker,1,83,0,0,2670,0.701816793334214,0.6150756359292162,0.06372380379185276,0.0,0.04011285500114618
fashion_mnist,cut_minmax,attacked,2024,0,actual_attacker,1,84,0,0,20,0.7614138403678776,0.9625539324052277,-0.42831876738160274,0.0,-0.44957961784559486
fashion_mnist,cut_minmax,attacked,2024,0,actual_attacker,1,85,0,0,20,0.6778884095932631,0.9406166968330224,-0.38327006575036604,0.0,-0.40299784655721077
fashion_mnist,cut_minmax,attacked,2024,0,actual_attacker,1,86,0,0,4532,0.781807752918007,0.9873728598150711,-0.6047222499023601,0.0,-0.6217593028102699
fashion_mnist,cut_minmax,attacked,2024,0,actual_attacker,1,87,0,0,20,0.8063570013428025,0.9856343672935995,-0.6042761673133532,0.0,-0.6218729468319462
fashion_mnist,cut_minmax,attacked,2024,0,actual_attacker,1,88,0,0,20,0.7912111099037161,0.9686359892172994,-0.41645717622602385,0.0,-0.43882660706160115
fashion_mnist,cut_minmax,attacked,2024,0,actual_attacker,1,89,1,1,24,0.44828401264264645,1.0000000000000002,0.9999999999999989,17.0,1.0000000000000047
fashion_mnist,cut_minmax,attacked,2024,0,actual_attacker,1,90,0,0,20,0.5990125648643332,0.48830205152217127,0.06470167577774437,0.0,0.044555790813795564
fashion_mnist,cut_minmax,attacked,2024,0,actual_attacker,1,91,0,0,20,0.7400962617080342,0.976255036974074,-0.3852173543389138,0.0,-0.40674054619545696
fashion_mnist,cut_minmax,attacked,2024,0,actual_attacker,1,92,0,0,20,0.6551317833119576,0.44511377434080773,-0.005498655807017359,0.0,-0.027659625763939943
fashion_mnist,cut_minmax,attacked,2024,0,actual_attacker,1,93,0,0,20,0.8209071794233085,0.9738463537521518,-0.5829778714037859,0.0,-0.6016020881718365
fashion_mnist,cut_minmax,attacked,2024,0,actual_attacker,1,94,0,0,820,0.6741979234812563,0.7320482525221309,-0.31171164732531326,0.0,-0.3324426836163999
fashion_mnist,cut_minmax,attacked,2024,0,actual_attacker,1,95,0,0,20,0.7894083118135587,0.9671805861940774,-0.4110719349454956,0.0,-0.43350701921544166
fashion_mnist,cut_minmax,attacked,2024,0,actual_attacker,1,96,0,0,20,0.6386264577806768,0.5026066268072501,0.0679423239966739,0.0,0.046473642144791424
fashion_mnist,cut_minmax,attacked,2024,0,actual_attacker,1,97,0,0,1113,0.7261602844053512,0.616691743169776,0.05566138308670163,0.0,0.031201832754257055
fashion_mnist,cut_minmax,attacked,2024,0,actual_attacker,1,98,0,0,20,0.666183159746252,0.9074474062780616,-0.5573528952317394,0.0,-0.5730730379261832
fashion_mnist,cut_minmax,attacked,2024,0,actual_attacker,1,99,0,0,159,0.703966617553471,0.9759132865127313,-0.07559816880367606,0.0,-0.0993190853019194
fashion_mnist,cut_minmax,attacked,2024,9,actual_attacker,1,0,0,0,20,0.5899888059101628,0.9770217676758689,0.2778628458228335,0.0,-0.5071598020151841
fashion_mnist,cut_minmax,attacked,2024,9,actual_attacker,1,1,0,0,690,0.7064048618001287,0.4491457425123227,0.6688040162423272,0.0,0.013681596478915242
fashion_mnist,cut_minmax,attacked,2024,9,actual_attacker,1,3,0,0,20,0.4486172073509184,0.9276777918639796,0.21292155765446982,0.0,-0.36657832177510224
fashion_mnist,cut_minmax,attacked,2024,9,actual_attacker,1,4,0,0,221,0.5820428593724096,0.9881739922137033,0.27432690653529707,0.0,-0.4984420687516296
fashion_mnist,cut_minmax,attacked,2024,9,actual_attacker,1,5,0,0,364,0.7361808477544934,0.6529922381697304,0.6717336609341498,0.0,-0.018223104064151854
fashion_mnist,cut_minmax,attacked,2024,9,actual_attacker,1,6,1,1,20,0.7184022534609155,0.9999999999999994,0.9999999999999644,17.0,0.9999999999999982
fashion_mnist,cut_minmax,attacked,2024,9,actual_attacker,1,7,0,0,20,0.46720374595952807,0.9600375888386317,0.1968314357192244,0.0,-0.41113417577927003
fashion_mnist,cut_minmax,attacked,2024,9,actual_attacker,1,8,0,0,20,0.5927749308610176,0.9833412052851094,0.2970330951104073,0.0,-0.48795240596499173
fashion_mnist,cut_minmax,attacked,2024,9,actual_attacker,1,9,0,0,20,0.44251395273590916,0.9346172426162221,0.14543710470634932,0.0,-0.42991077342251016
fashion_mnist,cut_minmax,attacked,2024,9,actual_attacker,1,10,0,0,4528,0.6182041882981366,0.9870136636579143,0.4084923234365782,0.0,-0.3736357464369225
fashion_mnist,cut_minmax,attacked,2024,9,actual_attacker,1,11,0,0,20,0.5604276720425596,0.9503790845355452,0.25849012746046474,0.0,-0.48261771553176636
fashion_mnist,cut_minmax,attacked,2024,9,actual_attacker,1,12,0,0,20,0.6036420322107815,0.7252549768484708,0.4723406822063272,0.0,-0.24610627624671577
fashion_mnist,cut_minmax,attacked,2024,9,actual_attacker,1,13,0,0,20,0.5872399008442145,0.9811561193302623,0.28995215996230617,0.0,-0.4877286268479609
fashion_mnist,cut_minmax,attacked,2024,9,actual_attacker,1,14,0,0,20,0.4950771218518364,0.9841599738945996,0.23674546343064104,0.0,-0.4075630973755942
fashion_mnist,cut_minmax,attacked,2024,9,actual_attacker,1,15,1,1,147,0.7184022534609155,0.9999999999999994,0.9999999999999644,17.0,0.9999999999999982
fashion_mnist,cut_minmax,attacked,2024,9,actual_attacker,1,16,0,0,588,0.7288928218640824,0.65442588417263,0.6682492515117326,0.0,-0.017500706861582727
fashion_mnist,cut_minmax,attacked,2024,9,actual_attacker,1,18,0,0,20,0.5941305426754838,0.7773515663478057,0.39029343337083633,0.0,-0.3619225788175229
fashion_mnist,cut_minmax,attacked,2024,9,actual_attacker,1,19,1,1,20,0.7184022534609155,0.9999999999999994,0.9999999999999644,17.0,0.9999999999999982
fashion_mnist,cut_minmax,attacked,2024,9,actual_attacker,1,20,1,1,20,0.7184022534609155,0.9999999999999994,0.9999999999999644,17.0,0.9999999999999982
fashion_mnist,cut_minmax,attacked,2024,9,actual_attacker,1,21,0,0,20,0.5164669285464227,0.9723030501526532,0.2836077781040169,0.0,-0.3841147359311516
fashion_mnist,cut_minmax,attacked,2024,9,actual_attacker,1,23,0,0,40,0.4984044519868376,0.9889202315806264,0.2486365245669676,0.0,-0.398775279000399
fashion_mnist,cut_minmax,attacked,2024,9,actual_attacker,1,24,0,0,3151,0.7916793795515658,0.787577607532986,0.6825780992100275,0.0,-0.06562137149695921
fashion_mnist,cut_minmax,attacked,2024,9,actual_attacker,1,25,1,1,20,0.7184022534609155,0.9999999999999994,0.9999999999999644,17.0,0.9999999999999982
fashion_mnist,cut_minmax,attacked,2024,9,actual_attacker,1,27,0,0,26,0.5940597273693357,0.9819512290989888,0.28823905552326834,0.0,-0.5011034063208318
fashion_mnist,cut_minmax,attacked,2024,9,actual_attacker,1,28,0,0,204,0.8396130201624972,0.7889578160874959,0.7102675398561709,0.0,-0.049684406772900855
fashion_mnist,cut_minmax,attacked,2024,9,actual_attacker,1,29,0,0,340,0.6064795527730802,0.9878799022677418,0.3900951534899167,0.0,-0.3823503790501055
fashion_mnist,cut_minmax,attacked,2024,9,actual_attacker,1,30,0,0,20,0.5011239324795189,0.982892137891014,0.2482153109033795,0.0,-0.4033337529550651
fashion_mnist,cut_minmax,attacked,2024,9,actual_attacker,1,31,1,1,383,0.7184022534609155,0.9999999999999994,0.9999999999999644,17.0,0.9999999999999982
fashion_mnist,cut_minmax,attacked,2024,9,actual_attacker,1,32,0,0,20,0.8340769270433455,0.7821302428566156,0.7070282304214316,0.0,-0.05216106257144706
fashion_mnist,cut_minmax,attacked,2024,9,actual_attacker,1,33,0,0,20,0.5840750635162738,0.9827119931935158,0.26640742691380354,0.0,-0.511287013296956
fashion_mnist,cut_minmax,attacked,2024,9,actual_attacker,1,34,0,0,124,0.6293739459388799,0.7819151770278756,0.6104113075132509,0.0,-0.019818937780741598
fashion_mnist,cut_minmax,attacked,2024,9,actual_attacker,1,36,0,0,20,0.49458075060227374,0.965732146230615,0.23411801924788994,0.0,-0.40983098540418655
fashion_mnist,cut_minmax,attacked,2024,9,actual_attacker,1,37,0,0,545,0.777267051065655,0.4265023136544043,0.7200360829627547,0.0,0.06336679258232894
fashion_mnist,cut_minmax,attacked,2024,9,actual_attacker,1,38,0,0,20,0.5436404500292462,0.9442481052139422,0.22064157658344885,0.0,-0.4995531156215111
fashion_mnist,cut_minmax,attacked,2024,9,actual_attacker,1,39,0,0,46,0.5876692786786496,0.9837903585917701,0.28558803165576296,0.0,-0.49385517816197577
fashion_mnist,cut_minmax,attacked,2024,9,actual_attacker,1,40,0,0,20,0.5159344038700053,0.7523180215995001,0.13921187234482726,0.0,-0.5423047448828651
fashion_mnist,cut_minmax,attacked,2024,9,actual_attacker,1,41,0,0,351,0.728678551240892,0.811762263742734,0.6622332742053119,0.0,-0.03276775825532611
fashion_mnist,cut_minmax,attacked,2024,9,actual_attacker,1,42,1,1,20,0.7184022534609155,0.9999999999999994,0.9999999999999644,17.0,0.9999999999999982
fashion_mnist,cut_minmax,attacked,2024,9,actual_attacker,1,43,0,0,20,0.5086764014414247,0.9858822715763711,0.26558395120151485,0.0,-0.3941784249951904
fashion_mnist,cut_minmax,attacked,2024,9,actual_attacker,1,44,0,0,20,0.6168121420133823,0.97930320443984,0.40741609481445706,0.0,-0.37300133718043715
fashion_mnist,cut_minmax,attacked,2024,9,actual_attacker,1,45,0,0,20,0.584449180381565,0.9838283116398923,0.27132672745154635,0.0,-0.5059961014763851
fashion_mnist,cut_minmax,attacked,2024,9,actual_attacker,1,46,1,1,20,0.7184022534609155,0.9999999999999994,0.9999999999999644,17.0,0.9999999999999982
fashion_mnist,cut_minmax,attacked,2024,9,actual_attacker,1,47,0,0,20,0.6108261841271416,0.9764073892425109,0.4032385458637443,0.0,-0.36957145988351
fashion_mnist,cut_minmax,attacked,2024,9,actual_attacker,1,48,1,1,20,0.7184022534609155,0.9999999999999994,0.9999999999999644,17.0,0.9999999999999982
fashion_mnist,cut_minmax,attacked,2024,9,actual_attacker,1,49,0,0,834,0.8517304336090085,0.7887362638805093,0.7150952365906197,0.0,-0.05127133023744494
fashion_mnist,cut_minmax,attacked,2024,9,actual_attacker,1,50,0,0,20,0.44018860306387647,0.9603318225146319,0.1600609067081464,0.0,-0.41151590928110793
fashion_mnist,cut_minmax,attacked,2024,9,actual_attacker,1,51,0,0,20,0.606789526287771,0.9827785012239205,0.3967797404312257,0.0,-0.3727910475315315
fashion_mnist,cut_minmax,attacked,2024,9,actual_attacker,1,52,0,0,20,0.6596112432477322,0.77371507004266,0.5738519575531634,0.0,-0.13931292139336343
fashion_mnist,cut_minmax,attacked,2024,9,actual_attacker,1,53,1,1,20,0.7184022534609155,0.9999999999999994,0.9999999999999644,17.0,0.9999999999999982
fashion_mnist,cut_minmax,attacked,2024,9,actual_attacker,1,54,1,1,649,0.7184022534609155,0.9999999999999994,0.9999999999999644,17.0,0.9999999999999982
fashion_mnist,cut_minmax,attacked,2024,9,actual_attacker,1,55,0,0,20,0.5008908421164101,0.9865395505331778,0.25420100115024646,0.0,-0.39597777599040973
fashion_mnist,cut_minmax,attacked,2024,9,actual_attacker,1,56,0,0,20,0.6023098252749047,0.9785604334592641,0.3917307742074381,0.0,-0.3730649147654337
fashion_mnist,cut_minmax,attacked,2024,9,actual_attacker,1,57,0,0,3893,0.7338515516325766,0.4150019878521789,0.7001647665637305,0.0,0.06082629835540625
fashion_mnist,cut_minmax,attacked,2024,9,actual_attacker,1,58,1,1,20,0.7184022534609155,0.9999999999999994,0.9999999999999644,17.0,0.9999999999999982
fashion_mnist,cut_minmax,attacked,2024,9,actual_attacker,1,59,0,0,657,0.5132789956441947,0.9849937289632227,0.2768222909547122,0.0,-0.3875788394335137
fashion_mnist,cut_minmax,attacked,2024,9,actual_attacker,1,61,1,1,105,0.7184022534609155,0.9999999999999994,0.9999999999999644,17.0,0.9999999999999982
fashion_mnist,cut_minmax,attacked,2024,9,actual_attacker,1,62,0,0,4198,0.7659250889822028,0.4536730950253124,0.7012323989299263,0.0,0.023185388666923126
fashion_mnist,cut_minmax,attacked,2024,9,actual_attacker,1,63,0,0,20,0.6048772995312561,0.9797663743300463,0.39303962096973766,0.0,-0.3753010516026671
fashion_mnist,cut_minmax,attacked,2024,9,actual_attacker,1,64,0,0,20,0.574054136004798,0.9679086551047782,0.25130121645241543,0.0,-0.5128341225314677
fashion_mnist,cut_minmax,attacked,2024,9,actual_attacker,1,65,1,1,1885,0.7184022534609155,0.9999999999999994,0.9999999999999644,17.0,0.9999999999999982
fashion_mnist,cut_minmax,attacked,2024,9,actual_attacker,1,66,0,0,20,0.4564645059698216,0.9672382899745664,0.18961981329239194,0.0,-0.4034206660137509
fashion_mnist,cut_minmax,attacked,2024,9,actual_attacker,1,67,0,0,4527,0.7191998596687257,0.4564130637660383,0.6928100604167245,0.0,0.05929301640598609
fashion_mnist,cut_minmax,attacked,2024,9,actual_attacker,1,68,1,1,2520,0.7184022534609155,0.9999999999999994,0.9999999999999644,17.0,0.9999999999999982
fashion_mnist,cut_minmax,attacked,2024,9,actual_attacker,1,69,0,0,20,0.6130907669176184,0.9795249219169216,0.40932378531777625,0.0,-0.3638999121253831
fashion_mnist,cut_minmax,attacked,2024,9,actual_attacker,1,70,0,0,20,0.5784370329033451,0.9775110324412509,0.2727982213646757,0.0,-0.49442891551367246
fashion_mnist,cut_minmax,attacked,2024,9,actual_attacker,1,71,0,0,20,0.45752010274167376,0.9581753814328045,0.18221707447561958,0.0,-0.4128915083496456
fashion_mnist,cut_minmax,attacked,2024,9,actual_attacker,1,72,0,0,20,0.6014519769177141,0.9831989853250528,0.3851867360511707,0.0,-0.38141176996816345
fashion_mnist,cut_minmax,attacked,2024,9,actual_attacker,1,73,0,0,20,0.5803864577717752,0.967738169295656,0.2716775136715556,0.0,-0.4989491246511702
fashion_mnist,cut_minmax,attacked,2024,9,actual_attacker,1,74,0,0,389,0.6106868412907094,0.9864177140278103,0.3883655477123493,0.0,-0.39188490594927333
fashion_mnist,cut_minmax,attacked,2024,9,actual_attacker,1,75,1,1,4525,0.7184022534609155,0.9999999999999994,0.9999999999999644,17.0,0.9999999999999982
fashion_mnist,cut_minmax,attacked,2024,9,actual_attacker,1,76,1,1,20,0.7184022534609155,0.9999999999999994,0.9999999999999644,17.0,0.9999999999999982
fashion_mnist,cut_minmax,attacked,2024,9,actual_attacker,1,77,0,0,94,0.7596944333002555,0.13711834521181973,0.7404315807701408,0.0,0.1441775017583408
fashion_mnist,cut_minmax,attacked,2024,9,actual_attacker,1,78,0,0,136,0.7190964513105997,0.811246195645803,0.6580703348490673,0.0,-0.03029927613126961
fashion_mnist,cut_minmax,attacked,2024,9,actual_attacker,1,79,0,0,20,0.6044826498680855,0.9790989457282351,0.38136245247998707,0.0,-0.39203805817821774
fashion_mnist,cut_minmax,attacked,2024,9,actual_attacker,1,80,0,0,20,0.590815160585399,0.9839006420697523,0.2864273845197459,0.0,-0.49799167408026135
fashion_mnist,cut_minmax,attacked,2024,9,actual_attacker,1,81,0,0,1357,0.7313832683702681,0.8120574612575335,0.6614261939148237,0.0,-0.03856646860679697
fashion_mnist,cut_minmax,attacked,2024,9,actual_attacker,1,82,0,0,20,0.487893126715497,0.9884385519789163,0.2278481944980737,0.0,-0.40703886611265133
fashion_mnist,cut_minmax,attacked,2024,9,actual_attacker,1,83,0,0,2670,0.7503607511922707,0.6445775926459081,0.6859757978700414,0.0,0.001021830922103893
fashion_mnist,cut_minmax,attacked,2024,9,actual_attacker,1,84,0,0,20,0.565609062904718,0.9597463082185534,0.3298817303648097,0.0,-0.4012363869573287
fashion_mnist,cut_minmax,attacked,2024,9,actual_attacker,1,85,0,0,20,0.5427685046641844,0.9170452302441522,0.2513996164520005,0.0,-0.46318009776545954
fashion_mnist,cut_minmax,attacked,2024,9,actual_attacker,1,87,0,0,20,0.4958569456385521,0.9866766186198704,0.23828569397882324,0.0,-0.40695685566719175
fashion_mnist,cut_minmax,attacked,2024,9,actual_attacker,1,88,0,0,20,0.6076285109660683,0.9802198156835324,0.40218733738093176,0.0,-0.36593481008367323
fashion_mnist,cut_minmax,attacked,2024,9,actual_attacker,1,89,1,1,24,0.7184022534609155,0.9999999999999994,0.9999999999999644,17.0,0.9999999999999982
fashion_mnist,cut_minmax,attacked,2024,9,actual_attacker,1,90,0,0,20,0.6514840698087002,0.4688112570711711,0.6657364608059905,0.0,0.07519643977623612
fashion_mnist,cut_minmax,attacked,2024,9,actual_attacker,1,91,0,0,20,0.5738378987746129,0.9724819197414745,0.26878438344077815,0.0,-0.49182397453433174
fashion_mnist,cut_minmax,attacked,2024,9,actual_attacker,1,92,0,0,20,0.6759471462827371,0.46580203038862855,0.6308115405011284,0.0,-0.037317017240142546
fashion_mnist,cut_minmax,attacked,2024,9,actual_attacker,1,95,0,0,20,0.6125404524950155,0.9760013103485028,0.39849010302219146,0.0,-0.3796611510649943
fashion_mnist,cut_minmax,attacked,2024,9,actual_attacker,1,96,0,0,20,0.6852366578504082,0.516364673058289,0.6721126714540165,0.0,0.04889144129420284
fashion_mnist,cut_minmax,attacked,2024,9,actual_attacker,1,97,0,0,1113,0.7408620810189462,0.6519840611922589,0.6761711477629262,0.0,-0.012770749187625755
fashion_mnist,cut_minmax,attacked,2024,9,actual_attacker,1,98,0,0,20,0.4920018650119768,0.9001090751652588,0.036684476746083786,0.0,-0.6011417373030028
fashion_mnist,cut_minmax,attacked,2024,29,actual_attacker,1,0,0,0,20,0.5923446568425621,0.980220778904574,0.8925459402498466,0.0,-0.5397889752764057
fashion_mnist,cut_minmax,attacked,2024,29,actual_attacker,1,1,0,0,690,0.6857457677116131,0.4281970380239242,0.9299027172834674,0.0,0.03669201092534839
fashion_mnist,cut_minmax,attacked,2024,29,actual_attacker,1,2,0,0,1697,0.6742993678277607,0.6009875525155286,0.9303203155932822,0.0,0.0851474447883486
fashion_mnist,cut_minmax,attacked,2024,29,actual_attacker,1,3,0,0,20,0.4551922612154896,0.9305609144057392,0.8123558256817291,0.0,-0.40141750425198036
fashion_mnist,cut_minmax,attacked,2024,29,actual_attacker,1,4,0,0,221,0.5929404730087564,0.9891837901782639,0.8929283308257667,0.0,-0.5431052724272779
fashion_mnist,cut_minmax,attacked,2024,29,actual_attacker,1,5,0,0,364,0.7674891252654598,0.6521577172091286,0.9410564969858024,0.0,-0.012958234265460921
fashion_mnist,cut_minmax,attacked,2024,29,actual_attacker,1,6,1,1,20,0.7323221352433499,0.9999999999999994,0.9999999999999329,17.0,0.999999999999993
fashion_mnist,cut_minmax,attacked,2024,29,actual_attacker,1,8,0,0,20,0.5952170001727803,0.9847606894668346,0.8932095742521987,0.0,-0.5258772309309293
fashion_mnist,cut_minmax,attacked,2024,29,actual_attacker,1,9,0,0,20,0.44952860075843554,0.9330600869050919,0.8038311360480488,0.0,-0.45799334612869314
fashion_mnist,cut_minmax,attacked,2024,29,actual_attacker,1,11,0,0,20,0.5617507570320771,0.9501571406670417,0.8779172638888171,0.0,-0.5131355918314129
fashion_mnist,cut_minmax,attacked,2024,29,actual_attacker,1,12,0,0,20,0.6051781063224105,0.7262790225474581,0.8976300152120941,0.0,-0.26048383952385556
fashion_mnist,cut_minmax,attacked,2024,29,actual_attacker,1,13,0,0,20,0.5896497627172514,0.9818034653903066,0.8909250798310336,0.0,-0.526472706226765
fashion_mnist,cut_minmax,attacked,2024,29,actual_attacker,1,14,0,0,20,0.5031570992426657,0.9842485920909647,0.8452042318717883,0.0,-0.43650362464806824
fashion_mnist,cut_minmax,attacked,2024,29,actual_attacker,1,15,1,1,147,0.7323221352433499,0.9999999999999994,0.9999999999999329,17.0,0.999999999999993
fashion_mnist,cut_minmax,attacked,2024,29,actual_attacker,1,16,0,0,588,0.7671553129652152,0.6512680824022925,0.9412399843435109,0.0,-0.0056264619830743755
fashion_mnist,cut_minmax,attacked,2024,29,actual_attacker,1,17,0,0,20,0.4594697469092058,0.9359472591697795,0.8132655959892492,0.0,-0.44174679580159787
fashion_mnist,cut_minmax,attacked,2024,29,actual_attacker,1,18,0,0,20,0.5944014834498289,0.7774355494695185,0.8911153340499272,0.0,-0.4083087057636888
fashion_mnist,cut_minmax,attacked,2024,29,actual_attacker,1,19,1,1,20,0.7323221352433499,0.9999999999999994,0.9999999999999329,17.0,0.999999999999993
fashion_mnist,cut_minmax,attacked,2024,29,actual_attacker,1,20,1,1,20,0.7323221352433499,0.9999999999999994,0.9999999999999329,17.0,0.999999999999993
fashion_mnist,cut_minmax,attacked,2024,29,actual_attacker,1,21,0,0,20,0.5233383229654232,0.9762309775640423,0.8577867296504501,0.0,-0.41721186751847644
fashion_mnist,cut_minmax,attacked,2024,29,actual_attacker,1,22,0,0,464,0.5891915884541399,0.9896962332286978,0.8911240039646353,0.0,-0.5372602273217973
fashion_mnist,cut_minmax,attacked,2024,29,actual_attacker,1,23,0,0,40,0.5137257063245391,0.9881471052886616,0.8519685931061273,0.0,-0.4274181713030582
fashion_mnist,cut_minmax,attacked,2024,29,actual_attacker,1,24,0,0,3151,0.7798348602088775,0.7907305660086401,0.9402845232192616,0.0,-0.11083298228257199
fashion_mnist,cut_minmax,attacked,2024,29,actual_attacker,1,25,1,1,20,0.7323221352433499,0.9999999999999994,0.9999999999999329,17.0,0.999999999999993
fashion_mnist,cut_minmax,attacked,2024,29,actual_attacker,1,26,0,0,402,0.724673011154142,0.9750808010531637,0.9306516466569906,0.0,-0.13631019246246504
fashion_mnist,cut_minmax,attacked,2024,29,actual_attacker,1,27,0,0,26,0.5962155982586298,0.9847540063125544,0.8940050993641943,0.0,-0.5363894067665668
fashion_mnist,cut_minmax,attacked,2024,29,actual_attacker,1,28,0,0,204,0.830115401798382,0.7869050323903981,0.9481271596445294,0.0,-0.05312055853102765
fashion_mnist,cut_minmax,attacked,2024,29,actual_attacker,1,29,0,0,340,0.6103819333395128,0.9819345127337851,0.8994340731165525,0.0,-0.2570593358492018
fashion_mnist,cut_minmax,attacked,2024,29,actual_attacker,1,30,0,0,20,0.508867343230895,0.9848466295197118,0.8488537479623072,0.0,-0.43398561474282854
fashion_mnist,cut_minmax,attacked,2024,29,actual_attacker,1,31,1,1,383,0.7323221352433499,0.9999999999999994,0.9999999999999329,17.0,0.999999999999993
fashion_mnist,cut_minmax,attacked,2024,29,actual_attacker,1,32,0,0,20,0.8329539311493657,0.7809029518063308,0.9484798255131983,0.0,-0.05223697401988222
fashion_mnist,cut_minmax,attacked,2024,29,actual_attacker,1,33,0,0,20,0.5869663842060787,0.983815658637859,0.8905209695613073,0.0,-0.5458794015437414
fashion_mnist,cut_minmax,attacked,2024,29,actual_attacker,1,34,0,0,124,0.6481093560085393,0.9518589111701721,0.9152198504414322,0.0,-0.11370555577002826
fashion_mnist,cut_minmax,attacked,2024,29,actual_attacker,1,35,0,0,4526,0.5392728535862499,0.6203701038869662,0.8876674566657643,0.0,-0.037326430606055984
fashion_mnist,cut_minmax,attacked,2024,29,actual_attacker,1,37,0,0,545,0.796022982609776,0.5199831933440286,0.9467896148939615,0.0,0.049583980612567885
fashion_mnist,cut_minmax,attacked,2024,29,actual_attacker,1,38,0,0,20,0.5457204232028013,0.9442057938670565,0.8702738384087351,0.0,-0.5345886116255767
fashion_mnist,cut_minmax,attacked,2024,29,actual_attacker,1,39,0,0,46,0.5957600626916082,0.985424808929819,0.8936073651032121,0.0,-0.5307977910811714
fashion_mnist,cut_minmax,attacked,2024,29,actual_attacker,1,40,0,0,20,0.5202189288769237,0.7494877754349623,0.8552986156195954,0.0,-0.454802730339189
fashion_mnist,cut_minmax,attacked,2024,29,actual_attacker,1,41,0,0,351,0.7452093637228921,0.9766564030657957,0.9345006115414096,0.0,-0.12624629617986433
fashion_mnist,cut_minmax,attacked,2024,29,actual_attacker,1,42,1,1,20,0.7323221352433499,0.9999999999999994,0.9999999999999329,17.0,0.999999999999993
fashion_mnist,cut_minmax,attacked,2024,29,actual_attacker,1,43,0,0,20,0.5163009890545759,0.9868970700085121,0.8535550721275909,0.0,-0.4249704588231963
fashion_mnist,cut_minmax,attacked,2024,29,actual_attacker,1,44,0,0,20,0.6226969216003273,0.977569053030648,0.9039739128345333,0.0,-0.23376797869076388
fashion_mnist,cut_minmax,attacked,2024,29,actual_attacker,1,45,0,0,20,0.5872743671620687,0.9858434847260599,0.890455720783602,0.0,-0.541030726611355
fashion_mnist,cut_minmax,attacked,2024,29,actual_attacker,1,46,1,1,20,0.7323221352433499,0.9999999999999994,0.9999999999999329,17.0,0.999999999999993
fashion_mnist,cut_minmax,attacked,2024,29,actual_attacker,1,48,1,1,20,0.7323221352433499,0.9999999999999994,0.9999999999999329,17.0,0.999999999999993
fashion_mnist,cut_minmax,attacked,2024,29,actual_attacker,1,49,0,0,834,0.8650854103868211,0.787550033920755,0.9520515551139893,0.0,-0.05230439131860936
fashion_mnist,cut_minmax,attacked,2024,29,actual_attacker,1,51,0,0,20,0.6124770838180524,0.979224628258831,0.9008568851394578,0.0,-0.23337094485695153
fashion_mnist,cut_minmax,attacked,2024,29,actual_attacker,1,53,1,1,20,0.7323221352433499,0.9999999999999994,0.9999999999999329,17.0,0.999999999999993
fashion_mnist,cut_minmax,attacked,2024,29,actual_attacker,1,54,1,1,649,0.7323221352433499,0.9999999999999994,0.9999999999999329,17.0,0.999999999999993
fashion_mnist,cut_minmax,attacked,2024,29,actual_attacker,1,55,0,0,20,0.5088550640523148,0.9874693579721164,0.8490566709314503,0.0,-0.42611521924390156
fashion_mnist,cut_minmax,attacked,2024,29,actual_attacker,1,56,0,0,20,0.6082886639099799,0.9763804169484857,0.8995105658866831,0.0,-0.2340133054116843
fashion_mnist,cut_minmax,attacked,2024,29,actual_attacker,1,57,0,0,3893,0.7234539953489738,0.5108062553885766,0.9362619097600972,0.0,0.036427846199389685
fashion_mnist,cut_minmax,attacked,2024,29,actual_attacker,1,58,1,1,20,0.7323221352433499,0.9999999999999994,0.9999999999999329,17.0,0.999999999999993
fashion_mnist,cut_minmax,attacked,2024,29,actual_attacker,1,59,0,0,657,0.5058688863578327,0.9892600828500864,0.84698359291982,0.0,-0.43417535543412605
fashion_mnist,cut_minmax,attacked,2024,29,actual_attacker,1,60,0,0,20,0.47735301446242495,0.9738151376415608,0.8280527368554369,0.0,-0.423974521509559
fashion_mnist,cut_minmax,attacked,2024,29,actual_attacker,1,61,1,1,105,0.7323221352433499,0.9999999999999994,0.9999999999999329,17.0,0.999999999999993
fashion_mnist,cut_minmax,attacked,2024,29,actual_attacker,1,62,0,0,4198,0.7479940894266466,0.4252205042654585,0.9400722575555703,0.0,0.03919519782967565
fashion_mnist,cut_minmax,attacked,2024,29,actual_attacker,1,63,0,0,20,0.6104861756670651,0.9770194123072035,0.9001171993442898,0.0,-0.23672072934203792
fashion_mnist,cut_minmax,attacked,2024,29,actual_attacker,1,64,0,0,20,0.5767628209869149,0.968094562869543,0.8860057927977484,0.0,-0.5456318264251404
fashion_mnist,cut_minmax,attacked,2024,29,actual_attacker,1,65,1,1,1885,0.7323221352433499,0.9999999999999994,0.9999999999999329,17.0,0.999999999999993
fashion_mnist,cut_minmax,attacked,2024,29,actual_attacker,1,66,0,0,20,0.46436701510078116,0.9706424226566991,0.8176249014440394,0.0,-0.43451898720862475
fashion_mnist,cut_minmax,attacked,2024,29,actual_attacker,1,67,0,0,4527,0.7226957019388118,0.27121932139462024,0.9392202674452048,0.0,0.105972461121011
fashion_mnist,cut_minmax,attacked,2024,29,actual_attacker,1,68,1,1,2520,0.7323221352433499,0.9999999999999994,0.9999999999999329,17.0,0.999999999999993
fashion_mnist,cut_minmax,attacked,2024,29,actual_attacker,1,69,0,0,20,0.6194707071917438,0.9764727295998995,0.9032808618336664,0.0,-0.2251432820748683
fashion_mnist,cut_minmax,attacked,2024,29,actual_attacker,1,70,0,0,20,0.5817232399319209,0.9770821962963314,0.8876798875302548,0.0,-0.5311413680358631
fashion_mnist,cut_minmax,attacked,2024,29,actual_attacker,1,71,0,0,20,0.46514372305713525,0.961265722842635,0.817766618695637,0.0,-0.4436307081292343
fashion_mnist,cut_minmax,attacked,2024,29,actual_attacker,1,73,0,0,20,0.5826043845028125,0.9696660611164937,0.888157158893877,0.0,-0.5337060860812944
fashion_mnist,cut_minmax,attacked,2024,29,actual_attacker,1,74,0,0,389,0.6139021400631313,0.9833449071405351,0.9010400699371457,0.0,-0.24139864236987751
fashion_mnist,cut_minmax,attacked,2024,29,actual_attacker,1,75,1,1,4525,0.7323221352433499,0.9999999999999994,0.9999999999999329,17.0,0.999999999999993
fashion_mnist,cut_minmax,attacked,2024,29,actual_attacker,1,76,1,1,20,0.7323221352433499,0.9999999999999994,0.9999999999999329,17.0,0.999999999999993
fashion_mnist,cut_minmax,attacked,2024,29,actual_attacker,1,77,0,0,94,0.7531411857597157,0.37298826816355307,0.942579442773898,0.0,0.08467440259424114
fashion_mnist,cut_minmax,attacked,2024,29,actual_attacker,1,78,0,0,136,0.7208368201918691,0.9786980857812843,0.930043040668741,0.0,-0.13247662579079336
fashion_mnist,cut_minmax,attacked,2024,29,actual_attacker,1,79,0,0,20,0.6107809379250194,0.9779965575114927,0.8996744020119296,0.0,-0.253390397573373
fashion_mnist,cut_minmax,attacked,2024,29,actual_attacker,1,80,0,0,20,0.5933686805382871,0.984589985854352,0.8928228749757576,0.0,-0.5360214539975712
fashion_mnist,cut_minmax,attacked,2024,29,actual_attacker,1,81,0,0,1357,0.7215661146870593,0.9750933155410395,0.9300370853342589,0.0,-0.13797480656307634
fashion_mnist,cut_minmax,attacked,2024,29,actual_attacker,1,82,0,0,20,0.4963276950276775,0.9887656943484402,0.8407449991980962,0.0,-0.43703369221489186
fashion_mnist,cut_minmax,attacked,2024,29,actual_attacker,1,83,0,0,2670,0.6966115018995039,0.6426234818691452,0.930245746437684,0.0,0.0011652544047934322
fashion_mnist,cut_minmax,attacked,2024,29,actual_attacker,1,84,0,0,20,0.5718421111442382,0.9578940581308142,0.8849382099069838,0.0,-0.2802253101737041
fashion_mnist,cut_minmax,attacked,2024,29,actual_attacker,1,85,0,0,20,0.5437994178586419,0.918891197780131,0.8691952991502718,0.0,-0.5331331949141522
fashion_mnist,cut_minmax,attacked,2024,29,actual_attacker,1,86,0,0,4532,0.49067764679461096,0.9890880166406637,0.8370342744575388,0.0,-0.4342584443920847
fashion_mnist,cut_minmax,attacked,2024,29,actual_attacker,1,87,0,0,20,0.5035755778060672,0.9872505233871017,0.8454613858320068,0.0,-0.43685328703015486
fashion_mnist,cut_minmax,attacked,2024,29,actual_attacker,1,88,0,0,20,0.6141029909865481,0.9753729259777157,0.9015489868602542,0.0,-0.22787577113422325
fashion_mnist,cut_minmax,attacked,2024,29,actual_attacker,1,89,1,1,24,0.7323221352433499,0.9999999999999994,0.9999999999999329,17.0,0.999999999999993
fashion_mnist,cut_minmax,attacked,2024,29,actual_attacker,1,90,0,0,20,0.6510071309721072,0.3729750560463943,0.9264004824219763,0.0,0.09249466269599717
fashion_mnist,cut_minmax,attacked,2024,29,actual_attacker,1,91,0,0,20,0.5759763468005193,0.9739595548749401,0.8850631309040183,0.0,-0.5296024217672738
fashion_mnist,cut_minmax,attacked,2024,29,actual_attacker,1,92,0,0,20,0.6761146114232155,0.4358912691863125,0.9250158782796747,0.0,-0.029372119935293147
fashion_mnist,cut_minmax,attacked,2024,29,actual_attacker,1,93,0,0,20,0.5284578745202421,0.9726546301740212,0.8610426671646102,0.0,-0.3997807477482433
fashion_mnist,cut_minmax,attacked,2024,29,actual_attacker,1,95,0,0,20,0.6187132345987933,0.9733669296706264,0.9025117570099048,0.0,-0.2420287144052104
fashion_mnist,cut_minmax,attacked,2024,29,actual_attacker,1,97,0,0,1113,0.7542146270537003,0.6510121537611914,0.939425353283967,0.0,-0.0041862480126838636
fashion_mnist,cut_minmax,attacked,2024,29,actual_attacker,1,99,0,0,159,0.7021443969000454,0.9768554598561792,0.926220792757264,0.0,-0.14067706563637083
fashion_mnist,cut_minmax,attacked,42,0,actual_attacker,2,0,0,0,20,0.8244324386563718,0.9763209135160581,-0.7351913649282534,0.0,-0.7427836127547751
fashion_mnist,cut_minmax,attacked,42,0,actual_attacker,2,1,1,1,20,0.4213771186264043,0.9999999999999993,0.999999999999997,17.0,0.9999999999999956
fashion_mnist,cut_minmax,attacked,42,0,actual_attacker,2,2,0,0,20,0.8317311771442216,0.9779056138431839,-0.7419451043380229,0.0,-0.749440945637836
fashion_mnist,cut_minmax,attacked,42,0,actual_attacker,2,3,0,0,20,0.7595926824180995,0.9403646527516685,-0.8487442209738761,0.0,-0.8530054987103186
fashion_mnist,cut_minmax,attacked,42,0,actual_attacker,2,4,0,0,20,0.8239580534961068,0.9817612883198196,-0.7446467555608337,0.0,-0.7520052349299623
fashion_mnist,cut_minmax,attacked,42,0,actual_attacker,2,5,1,1,20,0.4213771186264043,0.9999999999999993,0.999999999999997,17.0,0.9999999999999956
fashion_mnist,cut_minmax,attacked,42,0,actual_attacker,2,6,0,0,2007,0.7396080696916849,0.827886834652074,-0.0028793123742369676,0.0,-0.01742031479241257
fashion_mnist,cut_minmax,attacked,42,0,actual_attacker,2,7,0,0,119,0.8103273373183638,0.9858167216412866,-0.7517597547504099,0.0,-0.7588223811204188
fashion_mnist,cut_minmax,attacked,42,0,actual_attacker,2,8,0,0,20,0.8189001069017413,0.9755241577396163,-0.7373514777497877,0.0,-0.7448399279286086
fashion_mnist,cut_minmax,attacked,42,0,actual_attacker,2,9,0,0,85,0.7424701983577068,0.8262618032226404,-0.003499624630744439,0.0,-0.018097166231884003
fashion_mnist,cut_minmax,attacked,42,0,actual_attacker,2,10,0,0,20,0.8331990212391378,0.9781073602536964,-0.741319119612564,0.0,-0.7488438624834054
fashion_mnist,cut_minmax,attacked,42,0,actual_attacker,2,11,0,0,33,0.8000106538629684,0.5219130591835899,0.04724524410807811,0.0,0.03156938678656091
fashion_mnist,cut_minmax,attacked,42,0,actual_attacker,2,12,0,0,300,0.7291136080250663,0.5326010018597637,0.04991821873142532,0.0,0.035637276299974104
fashion_mnist,cut_minmax,attacked,42,0,actual_attacker,2,13,0,0,20,0.7230512302668928,0.5926034097586693,0.05344053018715529,0.0,0.039284737981832595
fashion_mnist,cut_minmax,attacked,42,0,actual_attacker,2,14,0,0,20,0.8402562226056445,0.9769641755453142,-0.7366359530598461,0.0,-0.7443414980476706
fashion_mnist,cut_minmax,attacked,42,0,actual_attacker,2,15,0,0,20,0.7575628154174304,0.9734738913071805,-0.4735400172057456,0.0,-0.4852263445206961
fashion_mnist,cut_minmax,attacked,42,0,actual_attacker,2,16,0,0,20,0.7392381436643689,0.9531738303047108,-0.7250583108765468,0.0,-0.7320684904694064
fashion_mnist,cut_minmax,attacked,42,0,actual_attacker,2,17,0,0,20,0.78204577053656,0.9592949819014052,-0.45448951743748184,0.0,-0.4668279882250419
fashion_mnist,cut_minmax,attacked,42,0,actual_attacker,2,18,0,0,20,0.8147200964763418,0.9790804388166873,-0.7424658268421696,0.0,-0.7497926414189955
fashion_mnist,cut_minmax,attacked,42,0,actual_attacker,2,19,0,0,20,0.7474227366831495,0.9643742442213185,-0.46580669796119567,0.0,-0.47744041052021524
fashion_mnist,cut_minmax,attacked,42,0,actual_attacker,2,20,0,0,542,0.7691135009432536,0.42331550279362185,0.04808271490981128,0.0,0.03301433105226181
fashion_mnist,cut_minmax,attacked,42,0,actual_attacker,2,21,0,0,436,0.7049755131012576,0.90151338956272,-0.06027618856999885,0.0,-0.07410280786405216
fashion_mnist,cut_minmax,attacked,42,0,actual_attacker,2,22,0,0,48,0.753392456509903,0.8153944628183695,0.001870202605411257,0.0,-0.012940710816295255
fashion_mnist,cut_minmax,attacked,42,0,actual_attacker,2,23,0,0,20,0.8213070975038161,0.9787484426405222,-0.7439969899247355,0.0,-0.7513471002663331
fashion_mnist,cut_minmax,attacked,42,0,actual_attacker,2,25,0,0,20,0.8017726623079351,0.9751859195011153,-0.7402669097350832,0.0,-0.7475268814831015
fashion_mnist,cut_minmax,attacked,42,0,actual_attacker,2,26,0,0,20,0.7659693589797489,0.9746889529337386,-0.4751549162526535,0.0,-0.48694977402599243
fashion_mnist,cut_minmax,attacked,42,0,actual_attacker,2,27,0,0,3002,0.6664758396807973,0.6174325945305636,0.050223340115865114,0.0,0.03717038291509596
fashion_mnist,cut_minmax,attacked,42,0,actual_attacker,2,28,1,1,394,0.4213771186264043,0.9999999999999993,0.999999999999997,17.0,0.9999999999999956
fashion_mnist,cut_minmax,attacked,42,0,actual_attacker,2,29,0,0,4752,0.7942266749798439,0.055848958451566545,0.074914842132392,0.0,0.059416166152332826
fashion_mnist,cut_minmax,attacked,42,0,actual_attacker,2,30,0,0,37,0.7197580494995438,0.5934324883510883,0.048269951335002254,0.0,0.03416953990358521
fashion_mnist,cut_minmax,attacked,42,0,actual_attacker,2,31,0,0,20,0.8225535636244583,0.9801356838682136,-0.7399501684269881,0.0,-0.7474099256215749
fashion_mnist,cut_minmax,attacked,42,0,actual_attacker,2,32,0,0,20,0.7464374670876124,0.9639012409092903,-0.45894322838717094,0.0,-0.4706537042961417
fashion_mnist,cut_minmax,attacked,42,0,actual_attacker,2,33,1,1,20,0.4213771186264043,0.9999999999999993,0.999999999999997,17.0,0.9999999999999956
fashion_mnist,cut_minmax,attacked,42,0,actual_attacker,2,34,0,0,1601,0.6895930068289817,0.526376126095325,0.07046619343202337,0.0,0.05699942436121318
fashion_mnist,cut_minmax,attacked,42,0,actual_attacker,2,39,0,0,266,0.6190790818551317,0.5892693308091145,-0.01415105869216643,0.0,-0.026319264219301662
fashion_mnist,cut_minmax,attacked,42,0,actual_attacker,2,40,0,0,102,0.7511826411177301,0.8233732789840351,0.00020339635672471558,0.0,-0.01456463905314029
fashion_mnist,cut_minmax,attacked,42,0,actual_attacker,2,41,1,1,2551,0.4213771186264043,0.9999999999999993,0.999999999999997,17.0,0.9999999999999956
fashion_mnist,cut_minmax,attacked,42,0,actual_attacker,2,44,1,1,20,0.4213771186264043,0.9999999999999993,0.999999999999997,17.0,0.9999999999999956
fashion_mnist,cut_minmax,attacked,42,0,actual_attacker,2,45,0,0,3209,0.6658547341843436,0.4264656106018636,0.049023719782864836,0.0,0.03598103934168536
fashion_mnist,cut_minmax,attacked,42,0,actual_attacker,2,46,1,1,20,0.4213771186264043,0.9999999999999993,0.999999999999997,17.0,0.9999999999999956
fashion_mnist,cut_minmax,attacked,42,0,actual_attacker,2,47,0,0,20,0.8367319428868987,0.9794521022791773,-0.7447618811463618,0.0,-0.7522340337005805
fashion_mnist,cut_minmax,attacked,42,0,actual_attacker,2,48,0,0,20,0.7771686509104784,0.9772801848972617,-0.4750999860959254,0.0,-0.487070435817629
fashion_mnist,cut_minmax,attacked,42,0,actual_attacker,2,49,1,1,20,0.4213771186264043,0.9999999999999993,0.999999999999997,17.0,0.9999999999999956
fashion_mnist,cut_minmax,attacked,42,0,actual_attacker,2,50,0,0,20,0.7561251743059385,0.9681742033532128,-0.46391867511531104,0.0,-0.4757154613668556
fashion_mnist,cut_minmax,attacked,42,0,actual_attacker,2,51,0,0,20,0.8681605617998499,0.9728224058362726,-0.7267661165104068,0.0,-0.7349826673028866
fashion_mnist,cut_minmax,attacked,42,0,actual_attacker,2,52,0,0,20,0.7793889712666776,0.9776913229800595,-0.4739868712684025,0.0,-0.48600804127131386
fashion_mnist,cut_minmax,attacked,42,0,actual_attacker,2,53,0,0,400,0.7831475594584009,0.9828975433015275,-0.47908202803652045,0.0,-0.4910878026863684
fashion_mnist,cut_minmax,attacked,42,0,actual_attacker,2,54,0,0,78,0.6990179914791556,0.8976459674845563,-0.04658364679969128,0.0,-0.06030898083086703
fashion_mnist,cut_minmax,attacked,42,0,actual_attacker,2,56,1,1,20,0.4213771186264043,0.9999999999999993,0.999999999999997,17.0,0.9999999999999956
fashion_mnist,cut_minmax,attacked,42,0,actual_attacker,2,57,0,0,20,0.830443818555847,0.9795961525563985,-0.7384276600869579,0.0,-0.7459976697326411
fashion_mnist,cut_minmax,attacked,42,0,actual_attacker,2,58,1,1,20,0.4213771186264043,0.9999999999999993,0.999999999999997,17.0,0.9999999999999956
fashion_mnist,cut_minmax,attacked,42,0,actual_attacker,2,59,0,0,263,0.604725318497074,0.6791001189095281,-0.5174761483887615,0.0,-0.5262653969367419
fashion_mnist,cut_minmax,attacked,42,0,actual_attacker,2,60,0,0,83,0.7102212164943695,0.8964807841718775,-0.047995001366871876,0.0,-0.06193950662644402
fashion_mnist,cut_minmax,attacked,42,0,actual_attacker,2,61,0,0,128,0.6802983629284561,0.9489114247584046,-0.47407423820522304,0.0,-0.4845479206642465
fashion_mnist,cut_minmax,attacked,42,0,actual_attacker,2,62,0,0,20,0.8359699476573147,0.9806307481289511,-0.7414194514306627,0.0,-0.7489672795658235
fashion_mnist,cut_minmax,attacked,42,0,actual_attacker,2,63,0,0,20,0.78877018799727,0.9744306866915213,-0.4701268275252337,0.0,-0.48235072118251204
fashion_mnist,cut_minmax,attacked,42,0,actual_attacker,2,64,0,0,20,0.7880038281592558,0.9749734235142942,-0.740141302308704,0.0,-0.7472770111987858
fashion_mnist,cut_minmax,attacked,42,0,actual_attacker,2,65,1,1,2209,0.4213771186264043,0.9999999999999993,0.999999999999997,17.0,0.9999999999999956
fashion_mnist,cut_minmax,attacked,42,0,actual_attacker,2,66,0,0,157,0.6589933737686791,0.5546697975469712,0.041627439634426174,0.0,0.028708510794725445
fashion_mnist,cut_minmax,attacked,42,0,actual_attacker,2,67,0,0,2577,0.6913628603301598,0.23390932541970072,0.022593937022747868,0.0,0.00901765343503826
fashion_mnist,cut_minmax,attacked,42,0,actual_attacker,2,68,0,0,1388,0.7289838237337023,0.9000367973773337,-0.0559466221887615,0.0,-0.07025139329270959
fashion_mnist,cut_minmax,attacked,42,0,actual_attacker,2,70,1,1,1087,0.4213771186264043,0.9999999999999993,0.999999999999997,17.0,0.9999999999999956
fashion_mnist,cut_minmax,attacked,42,0,actual_attacker,2,71,1,1,269,0.4213771186264043,0.9999999999999993,0.999999999999997,17.0,0.9999999999999956
fashion_mnist,cut_minmax,attacked,42,0,actual_attacker,2,72,0,0,20,0.7716252691164385,0.9728073734237693,-0.47400301810227047,0.0,-0.48590259575606004
fashion_mnist,cut_minmax,attacked,42,0,actual_attacker,2,73,1,1,20,0.4213771186264043,0.9999999999999993,0.999999999999997,17.0,0.9999999999999956
fashion_mnist,cut_minmax,attacked,42,0,actual_attacker,2,74,0,0,152,0.7343914760400571,0.529718372174715,0.04183395712648987,0.0,0.027436114531308817
fashion_mnist,cut_minmax,attacked,42,0,actual_attacker,2,75,0,0,20,0.7657209140310133,0.968543470140089,-0.4621928929066226,0.0,-0.4741651926115687
fashion_mnist,cut_minmax,attacked,42,0,actual_attacker,2,76,0,0,1289,0.7737163397224069,0.42415696432355443,0.04697422941213679,0.0,0.03181357064997348
fashion_mnist,cut_minmax,attacked,42,0,actual_attacker,2,77,1,1,20,0.4213771186264043,0.9999999999999993,0.999999999999997,17.0,0.9999999999999956
fashion_mnist,cut_minmax,attacked,42,0,actual_attacker,2,78,1,1,4835,0.4213771186264043,0.9999999999999993,0.999999999999997,17.0,0.9999999999999956
fashion_mnist,cut_minmax,attacked,42,0,actual_attacker,2,79,0,0,1587,0.7240252873977187,0.8211389262320076,0.003241263133898227,0.0,-0.010990736338546097
fashion_mnist,cut_minmax,attacked,42,0,actual_attacker,2,81,0,0,20,0.77078066383895,0.9762645155098808,-0.4702022836115019,0.0,-0.48214258496614454
fashion_mnist,cut_minmax,attacked,42,0,actual_attacker,2,82,0,0,20,0.8003553036595545,0.971483727693435,-0.7288601309981125,0.0,-0.7363735807471795
fashion_mnist,cut_minmax,attacked,42,0,actual_attacker,2,83,0,0,20,0.8083575843856802,0.9786524390995941,-0.7355854777110679,0.0,-0.7430173437942265
fashion_mnist,cut_minmax,attacked,42,0,actual_attacker,2,84,0,0,20,0.7700841568924038,0.9711625134132198,-0.4719628745676215,0.0,-0.48386734169356993
fashion_mnist,cut_minmax,attacked,42,0,actual_attacker,2,85,0,0,2225,0.7313488924880581,0.5288543304647575,0.06794971430305426,0.0,0.053661573894246806
fashion_mnist,cut_minmax,attacked,42,0,actual_attacker,2,86,0,0,20,0.8304440742262843,0.9819708824641673,-0.7441781638455407,0.0,-0.751607328982076
fashion_mnist,cut_minmax,attacked,42,0,actual_attacker,2,87,1,1,864,0.4213771186264043,0.9999999999999993,0.999999999999997,17.0,0.9999999999999956
fashion_mnist,cut_minmax,attacked,42,0,actual_attacker,2,88,0,0,20,0.7439334198342664,0.9669773147391985,-0.4672726844726175,0.0,-0.47883155985318665
fashion_mnist,cut_minmax,attacked,42,0,actual_attacker,2,89,0,0,4828,0.8486165127765724,0.9871147260515677,-0.7473045507613962,0.0,-0.754821062932123
fashion_mnist,cut_minmax,attacked,42,0,actual_attacker,2,90,1,1,20,0.4213771186264043,0.9999999999999993,0.999999999999997,17.0,0.9999999999999956
fashion_mnist,cut_minmax,attacked,42,0,actual_attacker,2,91,0,0,20,0.7857442524986201,0.975713889277027,-0.4665329179934959,0.0,-0.47876081567334366
fashion_mnist,cut_minmax,attacked,42,0,actual_attacker,2,92,0,0,20,0.8347219864879234,0.9819546594161824,-0.7411477007543784,0.0,-0.7486907113486492
fashion_mnist,cut_minmax,attacked,42,0,actual_attacker,2,93,0,0,20,0.7693202477525473,0.9672115336640236,-0.46291619282427865,0.0,-0.47493548343736014
fashion_mnist,cut_minmax,attacked,42,0,actual_attacker,2,94,0,0,20,0.713486329571594,0.9528963727817661,-0.7627334938989789,0.0,-0.7687009703930464
fashion_mnist,cut_minmax,attacked,42,0,actual_attacker,2,95,0,0,20,0.7900661016453624,0.9719493273974787,-0.4647128318909631,0.0,-0.4770349919390533
fashion_mnist,cut_minmax,attacked,42,0,actual_attacker,2,96,0,0,286,0.7267829866547467,0.9023444093542119,-0.05342530100230043,0.0,-0.06768985653710241
fashion_mnist,cut_minmax,attacked,42,0,actual_attacker,2,97,0,0,20,0.5834682249377057,0.6605558864446699,-0.052217363831774784,0.0,-0.06366379461290202
fashion_mnist,cut_minmax,attacked,42,0,actual_attacker,2,98,0,0,20,0.8179503674654941,0.97714695412529,-0.7482010353937076,0.0,-0.7554183910056972
fashion_mnist,cut_minmax,attacked,42,0,actual_attacker,2,99,0,0,905,0.6848763572685506,0.6131406666253488,0.049965660949710826,0.0,0.036551735759863556
fashion_mnist,cut_minmax,attacked,42,9,actual_attacker,2,1,1,1,20,0.7384309041589805,0.9999999999999998,0.999999999999936,17.0,0.9999999999999958
fashion_mnist,cut_minmax,attacked,42,9,actual_attacker,2,2,0,0,20,0.5206979092434615,0.974313995929937,0.7866045832991702,0.0,-0.36093481444501757
fashion_mnist,cut_minmax,attacked,42,9,actual_attacker,2,4,0,0,20,0.5076807730936935,0.9771557074786313,0.7764507733728055,0.0,-0.3603110727810284
fashion_mnist,cut_minmax,attacked,42,9,actual_attacker,2,5,1,1,20,0.7384309041589805,0.9999999999999998,0.999999999999936,17.0,0.9999999999999958
fashion_mnist,cut_minmax,attacked,42,9,actual_attacker,2,6,0,0,2007,0.78366351993491,0.8471899892028505,0.9149262476760333,0.0,-0.042309558317426985
fashion_mnist,cut_minmax,attacked,42,9,actual_attacker,2,7,0,0,119,0.49279219436671534,0.9809628664166412,0.762620892961119,0.0,-0.3699077098644394
fashion_mnist,cut_minmax,attacked,42,9,actual_attacker,2,8,0,0,20,0.51160048589767,0.9707282352719163,0.7797972725751208,0.0,-0.3586530242597267
fashion_mnist,cut_minmax,attacked,42,9,actual_attacker,2,9,0,0,85,0.78334995692305,0.849055397049159,0.9149597802561135,0.0,-0.04044985668347787
fashion_mnist,cut_minmax,attacked,42,9,actual_attacker,2,10,0,0,20,0.516849901713176,0.9743325750940401,0.7835355350147828,0.0,-0.3618696052970358
fashion_mnist,cut_minmax,attacked,42,9,actual_attacker,2,11,0,0,33,0.8021153665018741,0.8734005578342605,0.9184468029572944,0.0,-0.041664819278976924
fashion_mnist,cut_minmax,attacked,42,9,actual_attacker,2,12,0,0,300,0.7932564661060872,0.43591561481992896,0.9264947201704853,0.0,0.12919480535017497
fashion_mnist,cut_minmax,attacked,42,9,actual_attacker,2,13,0,0,20,0.7517691470616575,0.796803544778625,0.9103213067738187,0.0,-0.009376734019537097
fashion_mnist,cut_minmax,attacked,42,9,actual_attacker,2,15,0,0,20,0.582489134141125,0.9744681687360595,0.8243416317669734,0.0,-0.646908506220463
fashion_mnist,cut_minmax,attacked,42,9,actual_attacker,2,16,0,0,20,0.4446116868436327,0.8838339155395396,0.7175068681526545,0.0,-0.35762295512998343
fashion_mnist,cut_minmax,attacked,42,9,actual_attacker,2,17,0,0,20,0.5901037093026699,0.964008465748028,0.8291167477500812,0.0,-0.6368310851621669
fashion_mnist,cut_minmax,attacked,42,9,actual_attacker,2,19,0,0,20,0.5620230591275149,0.9632969331863779,0.8075247903448456,0.0,-0.6329415502699343
fashion_mnist,cut_minmax,attacked,42,9,actual_attacker,2,20,0,0,542,0.7771389850661554,0.4523943500550061,0.9173654058692936,0.0,0.02497235695198302
fashion_mnist,cut_minmax,attacked,42,9,actual_attacker,2,21,0,0,436,0.7031979333215732,0.9033793016657222,0.8922857379749439,0.0,-0.11275196184326573
fashion_mnist,cut_minmax,attacked,42,9,actual_attacker,2,22,0,0,48,0.7819599847077406,0.8426210453711391,0.9146992789673488,0.0,-0.04024043175417252
fashion_mnist,cut_minmax,attacked,42,9,actual_attacker,2,23,0,0,20,0.49461659662742197,0.9703037249850686,0.7653545374587843,0.0,-0.36166497364705347
fashion_mnist,cut_minmax,attacked,42,9,actual_attacker,2,24,0,0,20,0.5837522352780196,0.9785494111694343,0.8256574047517071,0.0,-0.6519352037375775
fashion_mnist,cut_minmax,attacked,42,9,actual_attacker,2,25,0,0,20,0.5467391303125053,0.9755701571682709,0.8044486179603898,0.0,-0.37045210520866334
fashion_mnist,cut_minmax,attacked,42,9,actual_attacker,2,26,0,0,20,0.5772533320334375,0.9778046053221227,0.8211155602363087,0.0,-0.6561646687240474
fashion_mnist,cut_minmax,attacked,42,9,actual_attacker,2,27,0,0,3002,0.7140273714184097,0.8057968362246737,0.9025846983714408,0.0,0.00019781438926142758
fashion_mnist,cut_minmax,attacked,42,9,actual_attacker,2,28,1,1,394,0.7384309041589805,0.9999999999999998,0.999999999999936,17.0,0.9999999999999958
fashion_mnist,cut_minmax,attacked,42,9,actual_attacker,2,29,0,0,4752,0.8044918042023663,0.10014519511590987,0.9280141412950529,0.0,0.1258867739926549
fashion_mnist,cut_minmax,attacked,42,9,actual_attacker,2,31,0,0,20,0.5320601399309232,0.9802119136567529,0.794728383559201,0.0,-0.36399134078220174
fashion_mnist,cut_minmax,attacked,42,9,actual_attacker,2,32,0,0,20,0.5474283059735575,0.9574138605046851,0.7945803181608851,0.0,-0.619300880200363
fashion_mnist,cut_minmax,attacked,42,9,actual_attacker,2,33,1,1,20,0.7384309041589805,0.9999999999999998,0.999999999999936,17.0,0.9999999999999958
fashion_mnist,cut_minmax,attacked,42,9,actual_attacker,2,34,0,0,1601,0.76152303027862,0.4386869379482897,0.921889294707499,0.0,0.1376438126811065
fashion_mnist,cut_minmax,attacked,42,9,actual_attacker,2,35,0,0,20,0.5884752784503686,0.9686257733941351,0.8288131974016965,0.0,-0.6484803920289511
fashion_mnist,cut_minmax,attacked,42,9,actual_attacker,2,36,0,0,43,0.5758257487898261,0.9832428649893916,0.8193506409915161,0.0,-0.6472758315158492
fashion_mnist,cut_minmax,attacked,42,9,actual_attacker,2,37,0,0,686,0.7474729818321726,0.8037852467220613,0.9085366347086683,0.0,-0.02378444787541624
fashion_mnist,cut_minmax,attacked,42,9,actual_attacker,2,39,0,0,266,0.6989579606745261,0.5984791515903164,0.9012542056084013,0.0,0.030257608388828714
fashion_mnist,cut_minmax,attacked,42,9,actual_attacker,2,40,0,0,102,0.7746017715187402,0.8425292780390288,0.913775627009725,0.0,-0.030245034034912507
fashion_mnist,cut_minmax,attacked,42,9,actual_attacker,2,41,1,1,2551,0.7384309041589805,0.9999999999999998,0.999999999999936,17.0,0.9999999999999958
fashion_mnist,cut_minmax,attacked,42,9,actual_attacker,2,42,0,0,22,0.8735456796537494,0.43117822679413986,0.9358348913968955,0.0,0.09266483599720667
fashion_mnist,cut_minmax,attacked,42,9,actual_attacker,2,43,0,0,4793,0.7541838026901929,0.8941276418440787,0.9088858582310717,0.0,-0.042444743248260856
fashion_mnist,cut_minmax,attacked,42,9,actual_attacker,2,44,1,1,20,0.7384309041589805,0.9999999999999998,0.999999999999936,17.0,0.9999999999999958
fashion_mnist,cut_minmax,attacked,42,9,actual_attacker,2,45,0,0,3209,0.7492851464027737,0.46971768988528473,0.9120014634896586,0.0,0.025566935092712215
fashion_mnist,cut_minmax,attacked,42,9,actual_attacker,2,46,1,1,20,0.7384309041589805,0.9999999999999998,0.999999999999936,17.0,0.9999999999999958
fashion_mnist,cut_minmax,attacked,42,9,actual_attacker,2,47,0,0,20,0.5237740853888591,0.9765567089399356,0.7887053612501482,0.0,-0.36300532814284164
fashion_mnist,cut_minmax,attacked,42,9,actual_attacker,2,48,0,0,20,0.5674161526976621,0.9792337349359924,0.8132188182335356,0.0,-0.654121778238193
fashion_mnist,cut_minmax,attacked,42,9,actual_attacker,2,49,1,1,20,0.7384309041589805,0.9999999999999998,0.999999999999936,17.0,0.9999999999999958
fashion_mnist,cut_minmax,attacked,42,9,actual_attacker,2,52,0,0,20,0.5750895951414592,0.979005844260928,0.8195304879905059,0.0,-0.6571911476076158
fashion_mnist,cut_minmax,attacked,42,9,actual_attacker,2,53,0,0,400,0.5927513052595735,0.9849836175778804,0.8325413219333536,0.0,-0.6569332241736197
fashion_mnist,cut_minmax,attacked,42,9,actual_attacker,2,54,0,0,78,0.7014278640613442,0.8982648535372724,0.8927773033080176,0.0,-0.09726037256519741
fashion_mnist,cut_minmax,attacked,42,9,actual_attacker,2,55,0,0,20,0.5563786918617223,0.8169117087792497,0.8280432429872477,0.0,-0.19836919127131317
fashion_mnist,cut_minmax,attacked,42,9,actual_attacker,2,56,1,1,20,0.7384309041589805,0.9999999999999998,0.999999999999936,17.0,0.9999999999999958
fashion_mnist,cut_minmax,attacked,42,9,actual_attacker,2,57,0,0,20,0.5098653574210138,0.9757449458085656,0.7803689645859612,0.0,-0.34306290459172506
fashion_mnist,cut_minmax,attacked,42,9,actual_attacker,2,58,1,1,20,0.7384309041589805,0.9999999999999998,0.999999999999936,17.0,0.9999999999999958
fashion_mnist,cut_minmax,attacked,42,9,actual_attacker,2,60,0,0,83,0.7146098437346303,0.9007601897277772,0.8958381608660998,0.0,-0.10484480813397373
fashion_mnist,cut_minmax,attacked,42,9,actual_attacker,2,61,0,0,128,0.5075907901019797,0.8949508064507616,0.7552283303017775,0.0,-0.644996086530258
fashion_mnist,cut_minmax,attacked,42,9,actual_attacker,2,62,0,0,20,0.5317599968603449,0.9780593100400022,0.7950815038110883,0.0,-0.3584613474651
fashion_mnist,cut_minmax,attacked,42,9,actual_attacker,2,63,0,0,20,0.5661808113571897,0.9793387894953804,0.8124631337641428,0.0,-0.6574641453966529
fashion_mnist,cut_minmax,attacked,42,9,actual_attacker,2,64,0,0,20,0.5052583301265158,0.9638269530519533,0.7735281874834282,0.0,-0.36778495245026127
fashion_mnist,cut_minmax,attacked,42,9,actual_attacker,2,65,1,1,2209,0.7384309041589805,0.9999999999999998,0.999999999999936,17.0,0.9999999999999958
fashion_mnist,cut_minmax,attacked,42,9,actual_attacker,2,66,0,0,157,0.6850321945358038,0.8654473615883791,0.8942074842856874,0.0,-0.015239120753348793
fashion_mnist,cut_minmax,attacked,42,9,actual_attacker,2,67,0,0,2577,0.8130160835265782,0.4211231689863631,0.9273601508626184,0.0,0.09298275423428674
fashion_mnist,cut_minmax,attacked,42,9,actual_attacker,2,68,0,0,1388,0.718270492677934,0.9020577616135272,0.8962274627227752,0.0,-0.11457894833650188
fashion_mnist,cut_minmax,attacked,42,9,actual_attacker,2,70,1,1,1087,0.7384309041589805,0.9999999999999998,0.999999999999936,17.0,0.9999999999999958
fashion_mnist,cut_minmax,attacked,42,9,actual_attacker,2,71,1,1,269,0.7384309041589805,0.9999999999999998,0.999999999999936,17.0,0.9999999999999958
fashion_mnist,cut_minmax,attacked,42,9,actual_attacker,2,72,0,0,20,0.5877776781052119,0.9776389810539324,0.8283076355191145,0.0,-0.6484083089838901
fashion_mnist,cut_minmax,attacked,42,9,actual_attacker,2,73,1,1,20,0.7384309041589805,0.9999999999999998,0.999999999999936,17.0,0.9999999999999958
fashion_mnist,cut_minmax,attacked,42,9,actual_attacker,2,74,0,0,152,0.730280251565267,0.891762508287235,0.9036257322452155,0.0,-0.0410361140718554
fashion_mnist,cut_minmax,attacked,42,9,actual_attacker,2,75,0,0,20,0.5890662060018178,0.9697071513651832,0.8278603261896094,0.0,-0.6287246595217858
fashion_mnist,cut_minmax,attacked,42,9,actual_attacker,2,76,0,0,1289,0.7937428985371686,0.4541103427153049,0.9205167183732019,0.0,0.027757414857527262
fashion_mnist,cut_minmax,attacked,42,9,actual_attacker,2,77,1,1,20,0.7384309041589805,0.9999999999999998,0.999999999999936,17.0,0.9999999999999958
fashion_mnist,cut_minmax,attacked,42,9,actual_attacker,2,78,1,1,4835,0.7384309041589805,0.9999999999999998,0.999999999999936,17.0,0.9999999999999958
fashion_mnist,cut_minmax,attacked,42,9,actual_attacker,2,79,0,0,1587,0.7787913572244007,0.8474029087670891,0.914049427389524,0.0,-0.040761127796059435
fashion_mnist,cut_minmax,attacked,42,9,actual_attacker,2,80,0,0,905,0.7412087068364912,0.7984382837871811,0.9087387684883669,0.0,0.0010489312665071873
fashion_mnist,cut_minmax,attacked,42,9,actual_attacker,2,81,0,0,20,0.588264241878826,0.9769023385045676,0.8285922975158897,0.0,-0.6475782093835358
fashion_mnist,cut_minmax,attacked,42,9,actual_attacker,2,82,0,0,20,0.5238428344217257,0.9674758890916776,0.7902377908672825,0.0,-0.34969170125265736
fashion_mnist,cut_minmax,attacked,42,9,actual_attacker,2,83,0,0,20,0.5272965030575406,0.9763142800447486,0.7933320660331281,0.0,-0.3446646820198979
fashion_mnist,cut_minmax,attacked,42,9,actual_attacker,2,84,0,0,20,0.5947015168169977,0.9705795509459607,0.8334648826900785,0.0,-0.6518299832426558
fashion_mnist,cut_minmax,attacked,42,9,actual_attacker,2,85,0,0,2225,0.8044728803657328,0.44237089929881107,0.9290795549632195,0.0,0.14311821971628746
fashion_mnist,cut_minmax,attacked,42,9,actual_attacker,2,86,0,0,20,0.4942345270289408,0.9761462885439366,0.7655104220920251,0.0,-0.35818422989227394
fashion_mnist,cut_minmax,attacked,42,9,actual_attacker,2,87,1,1,864,0.7384309041589805,0.9999999999999998,0.999999999999936,17.0,0.9999999999999958
fashion_mnist,cut_minmax,attacked,42,9,actual_attacker,2,88,0,0,20,0.5700601505228988,0.9692264566998119,0.814450533893665,0.0,-0.6410723026115112
fashion_mnist,cut_minmax,attacked,42,9,actual_attacker,2,89,0,0,4828,0.5131850686940017,0.9834309062783919,0.7808888325509292,0.0,-0.35998917540321324
fashion_mnist,cut_minmax,attacked,42,9,actual_attacker,2,90,1,1,20,0.7384309041589805,0.9999999999999998,0.999999999999936,17.0,0.9999999999999958
fashion_mnist,cut_minmax,attacked,42,9,actual_attacker,2,91,0,0,20,0.5882412278083089,0.9786593939861149,0.8282427259726766,0.0,-0.6431394307711078
fashion_mnist,cut_minmax,attacked,42,9,actual_attacker,2,92,0,0,20,0.5291037820086874,0.9779216770939033,0.7937936339419831,0.0,-0.35245141399806934
fashion_mnist,cut_minmax,attacked,42,9,actual_attacker,2,93,0,0,20,0.5834627545552346,0.9729941565384271,0.8242470328848783,0.0,-0.6351602191199467
fashion_mnist,cut_minmax,attacked,42,9,actual_attacker,2,94,0,0,20,0.4898547070610903,0.9324944251185616,0.7516229740421403,0.0,-0.43187971371148703
fashion_mnist,cut_minmax,attacked,42,9,actual_attacker,2,95,0,0,20,0.5734057055286716,0.9752328227591033,0.8177285654391804,0.0,-0.6507472979467783
fashion_mnist,cut_minmax,attacked,42,9,actual_attacker,2,96,0,0,286,0.7084156814259716,0.9021784680897225,0.8933044364158643,0.0,-0.11953341651743166
fashion_mnist,cut_minmax,attacked,42,9,actual_attacker,2,97,0,0,20,0.6007397078108222,0.7519573737637604,0.8524800002113151,0.0,-0.16895064504398552
fashion_mnist,cut_minmax,attacked,42,9,actual_attacker,2,98,0,0,20,0.45715059563224963,0.9535301685289973,0.7264553443865227,0.0,-0.38096609727568265
fashion_mnist,cut_minmax,attacked,42,9,actual_attacker,2,99,0,0,905,0.7056546073712384,0.8107230647623908,0.8992222971882281,0.0,-0.01867460245847433
fashion_mnist,cut_minmax,attacked,42,29,actual_attacker,2,0,0,0,20,0.5362317229712746,0.9756457294307577,0.9422523651386762,0.0,-0.4996864194161626
fashion_mnist,cut_minmax,attacked,42,29,actual_attacker,2,1,1,1,20,0.7824528335052754,0.9999999999999998,0.9999999999997322,17.0,1.000000000000003
fashion_mnist,cut_minmax,attacked,42,29,actual_attacker,2,2,0,0,20,0.5247173362215619,0.975487218877656,0.9412117503782195,0.0,-0.5066518575550499
fashion_mnist,cut_minmax,attacked,42,29,actual_attacker,2,3,0,0,20,0.47592961899831787,0.9011250573471073,0.9570890281030969,0.0,-0.6837099442961834
fashion_mnist,cut_minmax,attacked,42,29,actual_attacker,2,4,0,0,20,0.5128077567564268,0.9765968148179368,0.9389738233904434,0.0,-0.5048491683680221
fashion_mnist,cut_minmax,attacked,42,29,actual_attacker,2,5,1,1,20,0.7824528335052754,0.9999999999999998,0.9999999999997322,17.0,1.000000000000003
fashion_mnist,cut_minmax,attacked,42,29,actual_attacker,2,6,0,0,2007,0.7721794781667188,0.655854432306637,0.9378687412409561,0.0,0.031992935192192186
fashion_mnist,cut_minmax,attacked,42,29,actual_attacker,2,7,0,0,119,0.49615278488962516,0.981335471590576,0.937674537064184,0.0,-0.5176480225894674
fashion_mnist,cut_minmax,attacked,42,29,actual_attacker,2,8,0,0,20,0.5158499305796296,0.9728120050571671,0.9389485385132689,0.0,-0.5004287519963737
fashion_mnist,cut_minmax,attacked,42,29,actual_attacker,2,10,0,0,20,0.5216739304836252,0.9750763160335294,0.9406476676578409,0.0,-0.5061676161447164
fashion_mnist,cut_minmax,attacked,42,29,actual_attacker,2,11,0,0,33,0.8150908937447285,0.8678428557901668,0.9475241143635862,0.0,-0.057944850363515106
fashion_mnist,cut_minmax,attacked,42,29,actual_attacker,2,12,0,0,300,0.7941210294536656,0.5853339825625264,0.9363946691393019,0.0,0.1556179492865017
fashion_mnist,cut_minmax,attacked,42,29,actual_attacker,2,13,0,0,20,0.7562752019630696,0.7944240014191111,0.9375953411198199,0.0,-0.01248473152640745
fashion_mnist,cut_minmax,attacked,42,29,actual_attacker,2,14,0,0,20,0.5471965302003781,0.9714735670140353,0.9435999707182671,0.0,-0.49642720129666745
fashion_mnist,cut_minmax,attacked,42,29,actual_attacker,2,15,0,0,20,0.5798536426858188,0.9769083986247553,0.953869855143205,0.0,-0.5501525818780514
fashion_mnist,cut_minmax,attacked,42,29,actual_attacker,2,16,0,0,20,0.4491332606427391,0.8840449712404055,0.9235851082511819,0.0,-0.4871890130014638
fashion_mnist,cut_minmax,attacked,42,29,actual_attacker,2,18,0,0,20,0.5135770399159602,0.972703112744879,0.939245743061973,0.0,-0.5059539926319058
fashion_mnist,cut_minmax,attacked,42,29,actual_attacker,2,19,0,0,20,0.559530164266085,0.9670604604426861,0.9502723710104883,0.0,-0.5405090044572305
fashion_mnist,cut_minmax,attacked,42,29,actual_attacker,2,20,0,0,542,0.791677094115783,0.2669183882860133,0.938591577566145,0.0,0.08349296096927622
fashion_mnist,cut_minmax,attacked,42,29,actual_attacker,2,22,0,0,48,0.7923658147019637,0.6522291798401908,0.9406433634904038,0.0,0.034749707680518035
fashion_mnist,cut_minmax,attacked,42,29,actual_attacker,2,23,0,0,20,0.49964810388249586,0.9714436144080665,0.9373970351927363,0.0,-0.5107390660243881
fashion_mnist,cut_minmax,attacked,42,29,actual_attacker,2,24,0,0,20,0.5818084769676222,0.9779399530265991,0.9540638433191521,0.0,-0.5497563439839326
fashion_mnist,cut_minmax,attacked,42,29,actual_attacker,2,25,0,0,20,0.550454342071838,0.975786179728596,0.9459379190967651,0.0,-0.5128201373735444
fashion_mnist,cut_minmax,attacked,42,29,actual_attacker,2,26,0,0,20,0.5752938926554524,0.9779606206678642,0.9539554004897722,0.0,-0.5562761529029048
fashion_mnist,cut_minmax,attacked,42,29,actual_attacker,2,27,0,0,3002,0.7154111734141272,0.8049418590869223,0.9303483327784206,0.0,-0.000653935949416019
fashion_mnist,cut_minmax,attacked,42,29,actual_attacker,2,28,1,1,394,0.7824528335052754,0.9999999999999998,0.9999999999997322,17.0,1.000000000000003
fashion_mnist,cut_minmax,attacked,42,29,actual_attacker,2,29,0,0,4752,0.8394629479518542,0.12191284890112994,0.9427994608515865,0.0,0.1561564524297377
fashion_mnist,cut_minmax,attacked,42,29,actual_attacker,2,32,0,0,20,0.5444253777921966,0.9549476993976006,0.9439818394010554,0.0,-0.5035378818540512
fashion_mnist,cut_minmax,attacked,42,29,actual_attacker,2,33,1,1,20,0.7824528335052754,0.9999999999999998,0.9999999999997322,17.0,1.000000000000003
fashion_mnist,cut_minmax,attacked,42,29,actual_attacker,2,34,0,0,1601,0.7334886193290047,0.5848047942548258,0.927105480663473,0.0,0.13028291494362837
fashion_mnist,cut_minmax,attacked,42,29,actual_attacker,2,35,0,0,20,0.5865205818400187,0.9688503313600076,0.9545478892928748,0.0,-0.549014671218019
fashion_mnist,cut_minmax,attacked,42,29,actual_attacker,2,36,0,0,43,0.5838751636732101,0.9803568280772051,0.9531473246681588,0.0,-0.5383469588597883
fashion_mnist,cut_minmax,attacked,42,29,actual_attacker,2,37,0,0,686,0.7615491928016851,0.8051733968364652,0.9381691907282138,0.0,-0.00819928492780105
fashion_mnist,cut_minmax,attacked,42,29,actual_attacker,2,38,0,0,1815,0.7109056651364271,0.9022139706588526,0.9383860154967967,0.0,-0.14644658325654286
fashion_mnist,cut_minmax,attacked,42,29,actual_attacker,2,39,0,0,266,0.6898354775471756,0.6421499698045885,0.923588102157677,0.0,0.033804919581060106
fashion_mnist,cut_minmax,attacked,42,29,actual_attacker,2,40,0,0,102,0.7865199623136611,0.6536987152008381,0.9400522638833738,0.0,0.029410118606934446
fashion_mnist,cut_minmax,attacked,42,29,actual_attacker,2,41,1,1,2551,0.7824528335052754,0.9999999999999998,0.9999999999997322,17.0,1.000000000000003
fashion_mnist,cut_minmax,attacked,42,29,actual_attacker,2,42,0,0,22,0.8720763090921778,0.4195420423791244,0.9475503177079682,0.0,0.12880652447795293
fashion_mnist,cut_minmax,attacked,42,29,actual_attacker,2,43,0,0,4793,0.7951402381245731,0.8876521918513411,0.9438096176706108,0.0,-0.02963187769796433
fashion_mnist,cut_minmax,attacked,42,29,actual_attacker,2,44,1,1,20,0.7824528335052754,0.9999999999999998,0.9999999999997322,17.0,1.000000000000003
fashion_mnist,cut_minmax,attacked,42,29,actual_attacker,2,46,1,1,20,0.7824528335052754,0.9999999999999998,0.9999999999997322,17.0,1.000000000000003
fashion_mnist,cut_minmax,attacked,42,29,actual_attacker,2,47,0,0,20,0.5282910626058226,0.9769813255505954,0.9419948901708645,0.0,-0.508304757891772
fashion_mnist,cut_minmax,attacked,42,29,actual_attacker,2,48,0,0,20,0.5652276697289318,0.9789160710730485,0.952307270592501,0.0,-0.5524652595195024
fashion_mnist,cut_minmax,attacked,42,29,actual_attacker,2,49,1,1,20,0.7824528335052754,0.9999999999999998,0.9999999999997322,17.0,1.000000000000003
fashion_mnist,cut_minmax,attacked,42,29,actual_attacker,2,50,0,0,20,0.5877315044981318,0.9713876123121107,0.9519045143113507,0.0,-0.5213799729353114
fashion_mnist,cut_minmax,attacked,42,29,actual_attacker,2,51,0,0,20,0.5159070684982052,0.9587968151461957,0.9371623056414068,0.0,-0.4860061424291268
fashion_mnist,cut_minmax,attacked,42,29,actual_attacker,2,52,0,0,20,0.5725411017833475,0.9778522534698071,0.953494256228885,0.0,-0.5550688072082065
fashion_mnist,cut_minmax,attacked,42,29,actual_attacker,2,53,0,0,400,0.5720354322666482,0.9835406301397045,0.9531977067764121,0.0,-0.5528427719559678
fashion_mnist,cut_minmax,attacked,42,29,actual_attacker,2,54,0,0,78,0.6996022866318983,0.9000121416841032,0.9357474875063723,0.0,-0.1327530733065957
fashion_mnist,cut_minmax,attacked,42,29,actual_attacker,2,55,0,0,20,0.5643035339438935,0.8190046836970074,0.918403095623779,0.0,-0.23634212283789197
fashion_mnist,cut_minmax,attacked,42,29,actual_attacker,2,56,1,1,20,0.7824528335052754,0.9999999999999998,0.9999999999997322,17.0,1.000000000000003
fashion_mnist,cut_minmax,attacked,42,29,actual_attacker,2,57,0,0,20,0.5136910745466502,0.9750077177861968,0.9373695863314929,0.0,-0.49083192124542296
fashion_mnist,cut_minmax,attacked,42,29,actual_attacker,2,58,1,1,20,0.7824528335052754,0.9999999999999998,0.9999999999997322,17.0,1.000000000000003
fashion_mnist,cut_minmax,attacked,42,29,actual_attacker,2,59,0,0,263,0.4644591914777067,0.6295560834846166,0.8822385314686493,0.0,-0.1855717005570001
fashion_mnist,cut_minmax,attacked,42,29,actual_attacker,2,60,0,0,83,0.7181804368911512,0.9009257916830217,0.9390365469641828,0.0,-0.13954669557500923
fashion_mnist,cut_minmax,attacked,42,29,actual_attacker,2,61,0,0,128,0.5020256084516005,0.896600779961045,0.9399885100419705,0.0,-0.5273996187037516
fashion_mnist,cut_minmax,attacked,42,29,actual_attacker,2,62,0,0,20,0.5357281907304484,0.9779166114894313,0.9427462196899321,0.0,-0.5045886148757239
fashion_mnist,cut_minmax,attacked,42,29,actual_attacker,2,64,0,0,20,0.5096262576969476,0.9647587287905945,0.939362675481075,0.0,-0.5122957367256302
fashion_mnist,cut_minmax,attacked,42,29,actual_attacker,2,65,1,1,2209,0.7824528335052754,0.9999999999999998,0.9999999999997322,17.0,1.000000000000003
fashion_mnist,cut_minmax,attacked,42,29,actual_attacker,2,66,0,0,157,0.6995516618059826,0.8713953672443132,0.9283709932145273,0.0,-0.015552407379904293
fashion_mnist,cut_minmax,attacked,42,29,actual_attacker,2,67,0,0,2577,0.762500540692086,0.41815655540793817,0.9324225053384299,0.0,0.1253681670275897
fashion_mnist,cut_minmax,attacked,42,29,actual_attacker,2,68,0,0,1388,0.7146046138869707,0.9039020942271405,0.9386492566340678,0.0,-0.14185412806131303
fashion_mnist,cut_minmax,attacked,42,29,actual_attacker,2,69,0,0,63,0.4986562075683358,0.7966092606454337,0.9390307741284943,0.0,-0.5245559191163807
fashion_mnist,cut_minmax,attacked,42,29,actual_attacker,2,70,1,1,1087,0.7824528335052754,0.9999999999999998,0.9999999999997322,17.0,1.000000000000003
fashion_mnist,cut_minmax,attacked,42,29,actual_attacker,2,71,1,1,269,0.7824528335052754,0.9999999999999998,0.9999999999997322,17.0,1.000000000000003
fashion_mnist,cut_minmax,attacked,42,29,actual_attacker,2,72,0,0,20,0.584902730225868,0.977308106344411,0.9542777725456919,0.0,-0.5482382768182398
fashion_mnist,cut_minmax,attacked,42,29,actual_attacker,2,73,1,1,20,0.7824528335052754,0.9999999999999998,0.9999999999997322,17.0,1.000000000000003
fashion_mnist,cut_minmax,attacked,42,29,actual_attacker,2,74,0,0,152,0.7745049360996074,0.8891424477669239,0.9409692778545494,0.0,-0.02784735136647717
fashion_mnist,cut_minmax,attacked,42,29,actual_attacker,2,75,0,0,20,0.5864286742309319,0.9721821779477281,0.9525028578335301,0.0,-0.5289112898457402
fashion_mnist,cut_minmax,attacked,42,29,actual_attacker,2,76,0,0,1289,0.8030393574470819,0.2667077364797891,0.9401652688755285,0.0,0.08471400395938575
fashion_mnist,cut_minmax,attacked,42,29,actual_attacker,2,77,1,1,20,0.7824528335052754,0.9999999999999998,0.9999999999997322,17.0,1.000000000000003
fashion_mnist,cut_minmax,attacked,42,29,actual_attacker,2,78,1,1,4835,0.7824528335052754,0.9999999999999998,0.9999999999997322,17.0,1.000000000000003
fashion_mnist,cut_minmax,attacked,42,29,actual_attacker,2,79,0,0,1587,0.7776413341584286,0.6586485934860223,0.9383314776518243,0.0,0.0397727622273348
fashion_mnist,cut_minmax,attacked,42,29,actual_attacker,2,80,0,0,905,0.7575801079937817,0.7961034141001156,0.9359228852077003,0.0,0.026173896894549648
fashion_mnist,cut_minmax,attacked,42,29,actual_attacker,2,81,0,0,20,0.5856424864356442,0.9775927262273608,0.9543025856730688,0.0,-0.5476180280714523
fashion_mnist,cut_minmax,attacked,42,29,actual_attacker,2,82,0,0,20,0.5272324312954701,0.969527030943525,0.9397026907772502,0.0,-0.4906717415670304
fashion_mnist,cut_minmax,attacked,42,29,actual_attacker,2,83,0,0,20,0.5308788581678323,0.974763990090046,0.9404315157627615,0.0,-0.49165289455988576
fashion_mnist,cut_minmax,attacked,42,29,actual_attacker,2,84,0,0,20,0.5920202864765494,0.969570520219553,0.9553360155437042,0.0,-0.55048643201153
fashion_mnist,cut_minmax,attacked,42,29,actual_attacker,2,85,0,0,2225,0.7618101146182242,0.5862198523928668,0.931891577591395,0.0,0.1360861126177016
fashion_mnist,cut_minmax,attacked,42,29,actual_attacker,2,87,1,1,864,0.7824528335052754,0.9999999999999998,0.9999999999997322,17.0,1.000000000000003
fashion_mnist,cut_minmax,attacked,42,29,actual_attacker,2,88,0,0,20,0.5675035354945036,0.967192279550703,0.9511128826790872,0.0,-0.5385906257176668
fashion_mnist,cut_minmax,attacked,42,29,actual_attacker,2,89,0,0,4828,0.5395024443716288,0.9826413654332619,0.9439994034245708,0.0,-0.5102783437322922
fashion_mnist,cut_minmax,attacked,42,29,actual_attacker,2,90,1,1,20,0.7824528335052754,0.9999999999999998,0.9999999999997322,17.0,1.000000000000003
fashion_mnist,cut_minmax,attacked,42,29,actual_attacker,2,91,0,0,20,0.5856071982316123,0.975624039294772,0.9531974954851007,0.0,-0.5367642376338989
fashion_mnist,cut_minmax,attacked,42,29,actual_attacker,2,93,0,0,20,0.5806144611170694,0.9724917019546225,0.9523606904744311,0.0,-0.5345908921429499
fashion_mnist,cut_minmax,attacked,42,29,actual_attacker,2,94,0,0,20,0.49142029310573265,0.9345328465069436,0.9417530420957414,0.0,-0.5545023219981816
fashion_mnist,cut_minmax,attacked,42,29,actual_attacker,2,96,0,0,286,0.7225467688908953,0.9009790372888234,0.93963213125839,0.0,-0.13879946732499052
fashion_mnist,cut_minmax,attacked,42,29,actual_attacker,2,97,0,0,20,0.6036805272256337,0.7492534634880308,0.922807509217746,0.0,-0.19271321011360282
fashion_mnist,cut_minmax,attacked,42,29,actual_attacker,2,98,0,0,20,0.4629216543311282,0.9547144983248353,0.9309223872051173,0.0,-0.5155125925423812
fashion_mnist,cut_minmax,attacked,42,29,actual_attacker,2,99,0,0,905,0.7168237885045642,0.805796489517719,0.9312511600684484,0.0,-0.012372603766634006
mnist,cut_minmax,attacked,137,0,actual_attacker,3,0,0,0,20,0.6171610781312116,0.9014894029182464,-0.8800088229133862,0.0,-0.8836377509957736
mnist,cut_minmax,attacked,137,0,actual_attacker,3,1,0,0,562,0.7036301293245032,0.8318409377001835,0.0016727317015030733,0.0,-0.016379005916035267
mnist,cut_minmax,attacked,137,0,actual_attacker,3,2,0,0,422,0.710443302873628,0.8283983102123023,-0.31048354109004095,0.0,-0.3270640111456558
mnist,cut_minmax,attacked,137,0,actual_attacker,3,3,1,1,20,0.47597386583197043,1.0,1.000000000000001,17.0,0.9999999999999969
mnist,cut_minmax,attacked,137,0,actual_attacker,3,4,0,0,20,0.6043190529615409,0.9002961196967181,-0.8838093532383681,0.0,-0.8872561754251488
mnist,cut_minmax,attacked,137,0,actual_attacker,3,5,0,0,20,0.6639778778436283,0.9386870136027579,-0.8742971357268745,0.0,-0.8783796317525528
mnist,cut_minmax,attacked,137,0,actual_attacker,3,6,1,1,20,0.47597386583197043,1.0,1.000000000000001,17.0,0.9999999999999969
mnist,cut_minmax,attacked,137,0,actual_attacker,3,7,0,0,20,0.6033867720273459,0.91604053427124,-0.9042540917670151,0.0,-0.9071217505785256
mnist,cut_minmax,attacked,137,0,actual_attacker,3,8,0,0,20,0.6312363334354877,0.9179352383008519,-0.918776750315339,0.0,-0.921343835365561
mnist,cut_minmax,attacked,137,0,actual_attacker,3,9,0,0,1661,0.7020854851687587,0.5566348829922045,-0.02996485097380998,0.0,-0.047972968683015586
mnist,cut_minmax,attacked,137,0,actual_attacker,3,10,0,0,102,0.7127192520969134,0.6172169797501132,0.11999622216910982,0.0,0.10202069989607332
mnist,cut_minmax,attacked,137,0,actual_attacker,3,11,0,0,380,0.4981645152412757,0.6277665215283623,0.005901859278119456,0.0,-0.006871047316079179
mnist,cut_minmax,attacked,137,0,actual_attacker,3,12,0,0,20,0.6080312898826425,0.9271941629292435,-0.9207954493081683,0.0,-0.9232077187835324
mnist,cut_minmax,attacked,137,0,actual_attacker,3,13,1,1,20,0.47597386583197043,1.0,1.000000000000001,17.0,0.9999999999999969
mnist,cut_minmax,attacked,137,0,actual_attacker,3,14,1,1,20,0.47597386583197043,1.0,1.000000000000001,17.0,0.9999999999999969
mnist,cut_minmax,attacked,137,0,actual_attacker,3,15,1,1,20,0.47597386583197043,1.0,1.000000000000001,17.0,0.9999999999999969
mnist,cut_minmax,attacked,137,0,actual_attacker,3,16,0,0,303,0.6880742325197214,0.4586816804190502,0.1173635241340346,0.0,0.0999972467389873
mnist,cut_minmax,attacked,137,0,actual_attacker,3,17,0,0,20,0.6291660911926618,0.9274204523774877,-0.9292443351758437,0.0,-0.9314857010925716
mnist,cut_minmax,attacked,137,0,actual_attacker,3,18,0,0,1463,0.6950358938824528,0.6168905519214753,0.12093315573467057,0.0,0.10340774054460958
mnist,cut_minmax,attacked,137,0,actual_attacker,3,19,0,0,414,0.7052482436762703,0.958697274854895,-0.8588300168407328,0.0,-0.8636636596493462
mnist,cut_minmax,attacked,137,0,actual_attacker,3,20,1,1,20,0.47597386583197043,1.0,1.000000000000001,17.0,0.9999999999999969
mnist,cut_minmax,attacked,137,0,actual_attacker,3,21,0,0,2254,0.7204625575259823,0.6140052266676296,0.11463143150903862,0.0,0.0964353457006392
mnist,cut_minmax,attacked,137,0,actual_attacker,3,22,0,0,20,0.6102699108804817,0.9189992212308825,-0.9104347408020755,0.0,-0.913157517208768
mnist,cut_minmax,attacked,137,0,actual_attacker,3,23,0,0,195,0.7137626882117912,0.8289835777203314,0.010579582742249311,0.0,-0.00772708003292209
mnist,cut_minmax,attacked,137,0,actual_attacker,3,25,0,0,20,0.6420473942999784,0.9234569706646709,-0.8862736363681006,0.0,-0.88986660527156
mnist,cut_minmax,attacked,137,0,actual_attacker,3,26,0,0,20,0.5671057487336053,0.8939605086667995,-0.889018866897049,0.0,-0.8921140153450978
mnist,cut_minmax,attacked,137,0,actual_attacker,3,27,0,0,20,0.5655049553818003,0.8917433956467825,-0.9036342971498651,0.0,-0.9063355063343291
mnist,cut_minmax,attacked,137,0,actual_attacker,3,28,0,0,2075,0.6837052686058738,0.45914427340043884,0.12028224155683506,0.0,0.10303936943155396
mnist,cut_minmax,attacked,137,0,actual_attacker,3,29,1,1,20,0.47597386583197043,1.0,1.000000000000001,17.0,0.9999999999999969
mnist,cut_minmax,attacked,137,0,actual_attacker,3,31,0,0,1732,0.5923205393066479,0.768224041259282,-0.03193489104947361,0.0,-0.04712032264415058
mnist,cut_minmax,attacked,137,0,actual_attacker,3,32,1,1,20,0.47597386583197043,1.0,1.000000000000001,17.0,0.9999999999999969
mnist,cut_minmax,attacked,137,0,actual_attacker,3,33,0,0,20,0.6026743533836981,0.9207271502321881,-0.9176126797130889,0.0,-0.9200951370275606
mnist,cut_minmax,attacked,137,0,actual_attacker,3,34,0,0,33,0.8271681189898756,0.598021382296751,-0.02832652772707466,0.0,-0.04955487731404231
mnist,cut_minmax,attacked,137,0,actual_attacker,3,35,0,0,242,0.6782352600254345,0.6626314065484754,0.05548190734872739,0.0,0.03815580344046845
mnist,cut_minmax,attacked,137,0,actual_attacker,3,36,0,0,91,0.7304935108415866,0.3613077481458405,0.08335885958928933,0.0,0.06478070423841015
mnist,cut_minmax,attacked,137,0,actual_attacker,3,37,0,0,505,0.6867632726110158,0.8277237703296242,0.004295227584559061,0.0,-0.013321708329734849
mnist,cut_minmax,attacked,137,0,actual_attacker,3,38,0,0,20,0.5645511779442474,0.889091742706715,-0.8844102627327797,0.0,-0.8876111217048106
mnist,cut_minmax,attacked,137,0,actual_attacker,3,39,0,0,2300,0.6086770623459716,0.5156354662594578,0.05180238603413628,0.0,0.0362469968726695
mnist,cut_minmax,attacked,137,0,actual_attacker,3,41,1,1,20,0.47597386583197043,1.0,1.000000000000001,17.0,0.9999999999999969
mnist,cut_minmax,attacked,137,0,actual_attacker,3,42,0,0,20,0.6106252011108025,0.9177745469474778,-0.9137459355798517,0.0,-0.9163743045764585
mnist,cut_minmax,attacked,137,0,actual_attacker,3,43,0,0,20,0.4555720595474908,0.5481719012445809,-0.476622288635598,0.0,-0.4857093185260342
mnist,cut_minmax,attacked,137,0,actual_attacker,3,44,0,0,20,0.5687937879681908,0.885835042724158,-0.8836317085866796,0.0,-0.8868773438999767
mnist,cut_minmax,attacked,137,0,actual_attacker,3,45,0,0,20,0.6071312529606625,0.5863999125159627,-0.0014566987878775746,0.0,-0.0170296865528076
mnist,cut_minmax,attacked,137,0,actual_attacker,3,46,0,0,161,0.7116868002415004,0.6152082330932688,0.11438879058805532,0.0,0.09641314401454854
mnist,cut_minmax,attacked,137,0,actual_attacker,3,47,1,1,20,0.47597386583197043,1.0,1.000000000000001,17.0,0.9999999999999969
mnist,cut_minmax,attacked,137,0,actual_attacker,3,48,0,0,1297,0.5825036069744609,0.7744208615767668,-0.2856666306081774,0.0,-0.29945674207121353
mnist,cut_minmax,attacked,137,0,actual_attacker,3,49,0,0,20,0.6128334509576279,0.898701429268954,-0.8897381876050804,0.0,-0.8930667891804949
mnist,cut_minmax,attacked,137,0,actual_attacker,3,50,0,0,20,0.5621454312628338,0.8857436178300497,-0.879833919825414,0.0,-0.8831388127007044
mnist,cut_minmax,attacked,137,0,actual_attacker,3,51,0,0,20,0.6608263266388166,0.9353892708357767,-0.8729850840193737,0.0,-0.8770872793170533
mnist,cut_minmax,attacked,137,0,actual_attacker,3,52,0,0,20,0.565193266393271,0.8815257585790797,-0.8768864638322609,0.0,-0.8802855636068642
mnist,cut_minmax,attacked,137,0,actual_attacker,3,53,0,0,27,0.7733947592284414,0.535175120905053,0.011717863109541812,0.0,-0.008120445130446014
mnist,cut_minmax,attacked,137,0,actual_attacker,3,54,0,0,20,0.6027551741236606,0.8953184988051681,-0.8884174133880761,0.0,-0.89172716588172
mnist,cut_minmax,attacked,137,0,actual_attacker,3,55,0,0,1013,0.7615126464501681,0.6398706365467853,-0.02654039740003131,0.0,-0.04607957546876629
mnist,cut_minmax,attacked,137,0,actual_attacker,3,56,0,0,4874,0.5418090527929498,0.8008506924056137,-0.279222070019877,0.0,-0.29209257578905584
mnist,cut_minmax,attacked,137,0,actual_attacker,3,57,0,0,20,0.6551356262180655,0.9226682684925838,-0.885642046037556,0.0,-0.8893286899521905
mnist,cut_minmax,attacked,137,0,actual_attacker,3,58,0,0,20,0.5747599444319498,0.9006747956297563,-0.8950725124519985,0.0,-0.8980487654294455
mnist,cut_minmax,attacked,137,0,actual_attacker,3,59,0,0,20,0.6403540915483,0.9290842474296381,-0.893266155947923,0.0,-0.8966420549985814
mnist,cut_minmax,attacked,137,0,actual_attacker,3,61,1,1,20,0.47597386583197043,1.0,1.000000000000001,17.0,0.9999999999999969
mnist,cut_minmax,attacked,137,0,actual_attacker,3,62,0,0,20,0.6129644310484336,0.8926407091040837,-0.8731684912167569,0.0,-0.8769634509728182
mnist,cut_minmax,attacked,137,0,actual_attacker,3,63,0,0,20,0.5437594665188277,0.6553716445161941,-0.49219720895700525,0.0,-0.5028493952818998
mnist,cut_minmax,attacked,137,0,actual_attacker,3,64,0,0,20,0.6476796089462404,0.9046765132965339,-0.8808702063155058,0.0,-0.8846562448723059
mnist,cut_minmax,attacked,137,0,actual_attacker,3,65,0,0,29,0.7146837767971985,0.9456717271777348,-0.8355441787337378,0.0,-0.8411777691944291
mnist,cut_minmax,attacked,137,0,actual_attacker,3,66,1,1,366,0.47597386583197043,1.0,1.000000000000001,17.0,0.9999999999999969
mnist,cut_minmax,attacked,137,0,actual_attacker,3,67,1,1,20,0.47597386583197043,1.0,1.000000000000001,17.0,0.9999999999999969
mnist,cut_minmax,attacked,137,0,actual_attacker,3,68,0,0,20,0.6715750045467257,0.9284025846116307,-0.8976613013558492,0.0,-0.9010671603947827
mnist,cut_minmax,attacked,137,0,actual_attacker,3,69,1,1,2867,0.47597386583197043,1.0,1.000000000000001,17.0,0.9999999999999969
mnist,cut_minmax,attacked,137,0,actual_attacker,3,70,1,1,25,0.47597386583197043,1.0,1.000000000000001,17.0,0.9999999999999969
mnist,cut_minmax,attacked,137,0,actual_attacker,3,71,0,0,20,0.5891047473453417,0.9055531021550456,-0.8933806785701726,0.0,-0.8964787917861456
mnist,cut_minmax,attacked,137,0,actual_attacker,3,72,0,0,20,0.6178298534501091,0.9164046890142548,-0.907391023231407,0.0,-0.9102371247494537
mnist,cut_minmax,attacked,137,0,actual_attacker,3,73,1,1,169,0.47597386583197043,1.0,1.000000000000001,17.0,0.9999999999999969
mnist,cut_minmax,attacked,137,0,actual_attacker,3,75,0,0,20,0.6918121348868672,0.8271091950343955,-0.36293595556565433,0.0,-0.3784636996821481
mnist,cut_minmax,attacked,137,0,actual_attacker,3,76,0,0,20,0.561730984400155,0.8963028540528335,-0.8964669346691396,0.0,-0.8993381901252429
mnist,cut_minmax,attacked,137,0,actual_attacker,3,79,0,0,5435,0.5942453026717625,0.9470787804283756,-0.9560816086484667,0.0,-0.9574131522934946
mnist,cut_minmax,attacked,137,0,actual_attacker,3,80,0,0,257,0.6331949960658491,0.8100772566565091,0.00014000782197921136,0.0,-0.016102147979859226
mnist,cut_minmax,attacked,137,0,actual_attacker,3,81,0,0,20,0.6757295131506914,0.9274117223916237,-0.8338972622601127,0.0,-0.8392665494267573
mnist,cut_minmax,attacked,137,0,actual_attacker,3,82,0,0,109,0.7282390184006452,0.9571707332153574,-0.8605546742513447,0.0,-0.865492766933974
mnist,cut_minmax,attacked,137,0,actual_attacker,3,83,0,0,51,0.7129895460801176,0.3675933156114003,0.0348438083026909,0.0,0.016586845218491842
mnist,cut_minmax,attacked,137,0,actual_attacker,3,85,0,0,2323,0.6905388435200158,0.45846747855683906,0.12027799143880624,0.0,0.1028628648393911
mnist,cut_minmax,attacked,137,0,actual_attacker,3,86,0,0,1497,0.5519500699593818,0.6579158028345203,-0.16829190803567567,0.0,-0.18208525979948012
mnist,cut_minmax,attacked,137,0,actual_attacker,3,88,0,0,2129,0.6901696323417057,0.6603671570107643,0.05646537087236793,0.0,0.038836474737970604
mnist,cut_minmax,attacked,137,0,actual_attacker,3,89,0,0,20,0.6734139084366512,0.9319027186350481,-0.87538300821878,0.0,-0.879491290685842
mnist,cut_minmax,attacked,137,0,actual_attacker,3,91,0,0,476,0.6974592186277281,0.659580762551716,0.055300399763789,0.0,0.037482390402544606
mnist,cut_minmax,attacked,137,0,actual_attacker,3,92,0,0,3674,0.7534443511076666,0.5433446925912444,0.007695356973339518,0.0,-0.011633434057832749
mnist,cut_minmax,attacked,137,0,actual_attacker,3,93,0,0,20,0.6320975040124192,0.9159019566059389,-0.9080268374738015,0.0,-0.9109208461479286
mnist,cut_minmax,attacked,137,0,actual_attacker,3,94,0,0,22,0.6817668576708319,0.8224793017227128,-0.3146222985644938,0.0,-0.33048377248165484
mnist,cut_minmax,attacked,137,0,actual_attacker,3,95,0,0,20,0.5948238763843949,0.9144868216710142,-0.9151232016753176,0.0,-0.9176434048911413
mnist,cut_minmax,attacked,137,0,actual_attacker,3,96,0,0,20,0.6088819000063492,0.9158672678777997,-0.9190311334117722,0.0,-0.9214983036119201
mnist,cut_minmax,attacked,137,0,actual_attacker,3,97,0,0,4171,0.7082989342303744,0.36528759193236526,0.0389659444753614,0.0,0.020836395662870513
mnist,cut_minmax,attacked,137,0,actual_attacker,3,98,1,1,48,0.47597386583197043,1.0,1.000000000000001,17.0,0.9999999999999969
mnist,cut_minmax,attacked,137,0,actual_attacker,3,99,1,1,277,0.47597386583197043,1.0,1.000000000000001,17.0,0.9999999999999969
mnist,cut_minmax,attacked,137,9,actual_attacker,3,0,0,0,20,0.4406754053119325,0.8974382939960239,-0.7518298635394494,0.0,-0.8443549673104753
mnist,cut_minmax,attacked,137,9,actual_attacker,3,1,0,0,562,0.7702788643700705,0.5275941238247721,0.5281320807849849,0.0,0.21366560632333081
mnist,cut_minmax,attacked,137,9,actual_attacker,3,2,0,0,422,0.6567234235101497,0.7937099149025351,-0.1882768302198818,0.0,-0.5119055921370075
mnist,cut_minmax,attacked,137,9,actual_attacker,3,3,1,1,20,0.7315796811617925,0.9999999999999994,0.9999999999999807,17.0,1.0000000000000084
mnist,cut_minmax,attacked,137,9,actual_attacker,3,4,0,0,20,0.4368999000965085,0.871438135899411,-0.703877351590515,0.0,-0.8109533255779321
mnist,cut_minmax,attacked,137,9,actual_attacker,3,6,1,1,20,0.7315796811617925,0.9999999999999994,0.9999999999999807,17.0,1.0000000000000084
mnist,cut_minmax,attacked,137,9,actual_attacker,3,7,0,0,20,0.4209870042200387,0.8992805611001483,-0.7420382957845189,0.0,-0.833790296091519
mnist,cut_minmax,attacked,137,9,actual_attacker,3,8,0,0,20,0.4368916628054442,0.9172868204964466,-0.7875656895351941,0.0,-0.8674296924713656
mnist,cut_minmax,attacked,137,9,actual_attacker,3,9,0,0,1661,0.7827836733357081,0.5620830497962926,0.4389800371763779,0.0,0.08384804441097568
mnist,cut_minmax,attacked,137,9,actual_attacker,3,10,0,0,102,0.7884347957162897,0.6102471164470755,0.45761488373551934,0.0,0.10632397887458227
mnist,cut_minmax,attacked,137,9,actual_attacker,3,11,0,0,380,0.5966442928880981,0.6568196591818638,0.4046285282602027,0.0,0.13187790318284273
mnist,cut_minmax,attacked,137,9,actual_attacker,3,12,0,0,20,0.41483639394800587,0.915906473987747,-0.7632960373821278,0.0,-0.8471713098817225
mnist,cut_minmax,attacked,137,9,actual_attacker,3,13,1,1,20,0.7315796811617925,0.9999999999999994,0.9999999999999807,17.0,1.0000000000000084
mnist,cut_minmax,attacked,137,9,actual_attacker,3,14,1,1,20,0.7315796811617925,0.9999999999999994,0.9999999999999807,17.0,1.0000000000000084
mnist,cut_minmax,attacked,137,9,actual_attacker,3,15,1,1,20,0.7315796811617925,0.9999999999999994,0.9999999999999807,17.0,1.0000000000000084
mnist,cut_minmax,attacked,137,9,actual_attacker,3,16,0,0,303,0.7706831497061187,0.3318595446658935,0.5202003249288537,0.0,0.2021682005683947
mnist,cut_minmax,attacked,137,9,actual_attacker,3,17,0,0,20,0.4130209232149443,0.9236076661229106,-0.7878143687932809,0.0,-0.8635483747326853
mnist,cut_minmax,attacked,137,9,actual_attacker,3,18,0,0,1463,0.7938320313580646,0.6079402681730712,0.45344458342006877,0.0,0.0979340918866357
mnist,cut_minmax,attacked,137,9,actual_attacker,3,20,1,1,20,0.7315796811617925,0.9999999999999994,0.9999999999999807,17.0,1.0000000000000084
mnist,cut_minmax,attacked,137,9,actual_attacker,3,21,0,0,2254,0.7984586403122069,0.6099014347674874,0.4635471651745858,0.0,0.10950863595965508
mnist,cut_minmax,attacked,137,9,actual_attacker,3,22,0,0,20,0.4047385931183123,0.9115326141343182,-0.7694208955115487,0.0,-0.8494992284046028
mnist,cut_minmax,attacked,137,9,actual_attacker,3,24,0,0,20,0.4426289232846466,0.918830101245435,-0.5656920949620491,0.0,-0.713933406220515
mnist,cut_minmax,attacked,137,9,actual_attacker,3,25,0,0,20,0.4209760945384394,0.9036584258695571,-0.6435959775959111,0.0,-0.7643983665143189
mnist,cut_minmax,attacked,137,9,actual_attacker,3,26,0,0,20,0.44561113939819585,0.8871417715229344,-0.7679063492418494,0.0,-0.8559815776714753
mnist,cut_minmax,attacked,137,9,actual_attacker,3,27,0,0,20,0.4256926788894681,0.8612662977961998,-0.7858647838597733,0.0,-0.8643971168219671
mnist,cut_minmax,attacked,137,9,actual_attacker,3,29,1,1,20,0.7315796811617925,0.9999999999999994,0.9999999999999807,17.0,1.0000000000000084
mnist,cut_minmax,attacked,137,9,actual_attacker,3,30,0,0,573,0.749402071363741,0.8698128814504875,0.37519900610918866,0.0,0.017570403242049858
mnist,cut_minmax,attacked,137,9,actual_attacker,3,32,1,1,20,0.7315796811617925,0.9999999999999994,0.9999999999999807,17.0,1.0000000000000084
mnist,cut_minmax,attacked,137,9,actual_attacker,3,33,0,0,20,0.429162081813058,0.9162209124729331,-0.7753591150602809,0.0,-0.8579694790037568
mnist,cut_minmax,attacked,137,9,actual_attacker,3,34,0,0,33,0.8409086642970846,0.6156743585973051,0.4093695744991917,0.0,0.014053317189253709
mnist,cut_minmax,attacked,137,9,actual_attacker,3,35,0,0,242,0.7456217815240246,0.873977272769387,0.37011974605481274,0.0,0.013112265295212484
mnist,cut_minmax,attacked,137,9,actual_attacker,3,36,0,0,91,0.790002683087819,0.3590186482461739,0.4673291551493522,0.0,0.11889697563386367
mnist,cut_minmax,attacked,137,9,actual_attacker,3,37,0,0,505,0.7681742065995452,0.5267626048891701,0.5258488864418444,0.0,0.21136220087872765
mnist,cut_minmax,attacked,137,9,actual_attacker,3,38,0,0,20,0.432229314231723,0.8810220007592255,-0.7329456858362857,0.0,-0.8298781414726508
mnist,cut_minmax,attacked,137,9,actual_attacker,3,39,0,0,2300,0.6657938357837403,0.5519206783398992,0.4159822226473163,0.0,0.11212003373304164
mnist,cut_minmax,attacked,137,9,actual_attacker,3,40,0,0,177,0.46588376471690357,0.9520542367232687,-0.4567652206881871,0.0,-0.6400701411351024
mnist,cut_minmax,attacked,137,9,actual_attacker,3,41,1,1,20,0.7315796811617925,0.9999999999999994,0.9999999999999807,17.0,1.0000000000000084
mnist,cut_minmax,attacked,137,9,actual_attacker,3,42,0,0,20,0.41729948459666977,0.9035525948177618,-0.7567395064262036,0.0,-0.8431499789848014
mnist,cut_minmax,attacked,137,9,actual_attacker,3,43,0,0,20,0.45268115861261315,0.62514262935408,-0.040005305645874366,0.0,-0.2743330039453585
mnist,cut_minmax,attacked,137,9,actual_attacker,3,44,0,0,20,0.38746492944817584,0.7998135395427525,-0.6497705194114102,0.0,-0.7598585655568528
mnist,cut_minmax,attacked,137,9,actual_attacker,3,45,0,0,20,0.6823142639275724,0.6140299967431792,0.42303674287189647,0.0,0.11298921473843473
mnist,cut_minmax,attacked,137,9,actual_attacker,3,46,0,0,161,0.7877989040135884,0.6053986100747891,0.4477852885502942,0.0,0.09323878612972969
mnist,cut_minmax,attacked,137,9,actual_attacker,3,47,1,1,20,0.7315796811617925,0.9999999999999994,0.9999999999999807,17.0,1.0000000000000084
mnist,cut_minmax,attacked,137,9,actual_attacker,3,48,0,0,1297,0.5901294565819559,0.7069823964121595,-0.11712396361833287,0.0,-0.41725128630121505
mnist,cut_minmax,attacked,137,9,actual_attacker,3,49,0,0,20,0.45381446621094884,0.9124245925627896,-0.7181542535737758,0.0,-0.8244599477355348
mnist,cut_minmax,attacked,137,9,actual_attacker,3,50,0,0,20,0.4333168053671488,0.8633425806463316,-0.7126947841494731,0.0,-0.8162225920557277
mnist,cut_minmax,attacked,137,9,actual_attacker,3,51,0,0,20,0.44688047581774776,0.9231007256915384,-0.5850254921214342,0.0,-0.7294296702968665
mnist,cut_minmax,attacked,137,9,actual_attacker,3,52,0,0,20,0.4522025162237354,0.8769805641662691,-0.7561463639097923,0.0,-0.8494476496097083
mnist,cut_minmax,attacked,137,9,actual_attacker,3,53,0,0,27,0.8642229852563361,0.5709139166392221,0.49257260865596864,0.0,0.11806399046374971
mnist,cut_minmax,attacked,137,9,actual_attacker,3,54,0,0,20,0.4054351678792064,0.8860043224220778,-0.7541808970355712,0.0,-0.8390799067053796
mnist,cut_minmax,attacked,137,9,actual_attacker,3,55,0,0,1013,0.8077168120390374,0.6346673107026884,0.40068694661027987,0.0,0.01997696042677642
mnist,cut_minmax,attacked,137,9,actual_attacker,3,57,0,0,20,0.4115469780172714,0.9058619074883907,-0.6667985323523092,0.0,-0.7786487745239685
mnist,cut_minmax,attacked,137,9,actual_attacker,3,58,0,0,20,0.4370280288215459,0.8732768351523106,-0.728864180626798,0.0,-0.8281045476647393
mnist,cut_minmax,attacked,137,9,actual_attacker,3,59,0,0,20,0.43350760702518426,0.9200928065114603,-0.6606685295816458,0.0,-0.7799288909819755
mnist,cut_minmax,attacked,137,9,actual_attacker,3,60,0,0,20,0.43124913478537696,0.8994961119693677,-0.642232034194787,0.0,-0.7662031886732552
mnist,cut_minmax,attacked,137,9,actual_attacker,3,61,1,1,20,0.7315796811617925,0.9999999999999994,0.9999999999999807,17.0,1.0000000000000084
mnist,cut_minmax,attacked,137,9,actual_attacker,3,62,0,0,20,0.449806993331628,0.8925254529149601,-0.670560560807352,0.0,-0.7910132405132579
mnist,cut_minmax,attacked,137,9,actual_attacker,3,63,0,0,20,0.5196087182256467,0.7301798172595418,-0.14688132118401778,0.0,-0.40791709698019624
mnist,cut_minmax,attacked,137,9,actual_attacker,3,64,0,0,20,0.4261970249107373,0.8926746869158112,-0.6865099188369858,0.0,-0.7963334013997598
mnist,cut_minmax,attacked,137,9,actual_attacker,3,65,0,0,29,0.48203300189856507,0.940863446119138,-0.42547912094517737,0.0,-0.6221935317541499
mnist,cut_minmax,attacked,137,9,actual_attacker,3,66,1,1,366,0.7315796811617925,0.9999999999999994,0.9999999999999807,17.0,1.0000000000000084
mnist,cut_minmax,attacked,137,9,actual_attacker,3,67,1,1,20,0.7315796811617925,0.9999999999999994,0.9999999999999807,17.0,1.0000000000000084
mnist,cut_minmax,attacked,137,9,actual_attacker,3,68,0,0,20,0.417976069358394,0.9253445793563934,-0.6943679579657138,0.0,-0.7999034787506174
mnist,cut_minmax,attacked,137,9,actual_attacker,3,69,1,1,2867,0.7315796811617925,0.9999999999999994,0.9999999999999807,17.0,1.0000000000000084
mnist,cut_minmax,attacked,137,9,actual_attacker,3,70,1,1,25,0.7315796811617925,0.9999999999999994,0.9999999999999807,17.0,1.0000000000000084
mnist,cut_minmax,attacked,137,9,actual_attacker,3,71,0,0,20,0.40472370703254634,0.8788079297466421,-0.6993708982686774,0.0,-0.8003294720917276
mnist,cut_minmax,attacked,137,9,actual_attacker,3,72,0,0,20,0.4188670470785981,0.9059344898875533,-0.7728452867085868,0.0,-0.8544244174126132
mnist,cut_minmax,attacked,137,9,actual_attacker,3,73,1,1,169,0.7315796811617925,0.9999999999999994,0.9999999999999807,17.0,1.0000000000000084
mnist,cut_minmax,attacked,137,9,actual_attacker,3,75,0,0,20,0.6140275260672132,0.8005427649294432,-0.2538841966810296,0.0,-0.5446983028805134
mnist,cut_minmax,attacked,137,9,actual_attacker,3,76,0,0,20,0.38126038177447713,0.8245750215519392,-0.75556542948584,0.0,-0.8353157839666181
mnist,cut_minmax,attacked,137,9,actual_attacker,3,77,0,0,20,0.4228492336790001,0.926474899822644,-0.7378155956213174,0.0,-0.8312679161271298
mnist,cut_minmax,attacked,137,9,actual_attacker,3,79,0,0,5435,0.4067184396481925,0.9437747728001717,-0.8012446287238347,0.0,-0.8716097299270025
mnist,cut_minmax,attacked,137,9,actual_attacker,3,80,0,0,257,0.6818450050720162,0.5334407833003504,0.5166695296936558,0.0,0.23753130573266976
mnist,cut_minmax,attacked,137,9,actual_attacker,3,81,0,0,20,0.46900356266561133,0.9274521645589109,-0.4599504659879261,0.0,-0.6436928190089579
mnist,cut_minmax,attacked,137,9,actual_attacker,3,82,0,0,109,0.4751363240780776,0.9551989092229775,-0.46748279478564736,0.0,-0.6517339289898146
mnist,cut_minmax,attacked,137,9,actual_attacker,3,83,0,0,51,0.8056128197838388,0.42044465307692835,0.5249096777033267,0.0,0.192832595293583
mnist,cut_minmax,attacked,137,9,actual_attacker,3,85,0,0,2323,0.7796278568080761,0.33621683262179847,0.5243202728574086,0.0,0.20394377622919377
mnist,cut_minmax,attacked,137,9,actual_attacker,3,86,0,0,1497,0.6057955789622564,0.631237881318761,0.079610982344692,0.0,-0.23859014610844048
mnist,cut_minmax,attacked,137,9,actual_attacker,3,87,0,0,20,0.4161336464954143,0.9157055930455169,-0.6961819667455674,0.0,-0.800749496303448
mnist,cut_minmax,attacked,137,9,actual_attacker,3,88,0,0,2129,0.7327804108153625,0.8737232441298148,0.3587878247920283,0.0,0.0056143887494275015
mnist,cut_minmax,attacked,137,9,actual_attacker,3,89,0,0,20,0.42681635267626544,0.919393520960579,-0.6073764028355982,0.0,-0.7397142681857504
mnist,cut_minmax,attacked,137,9,actual_attacker,3,91,0,0,476,0.7447247004292078,0.8669919050618127,0.36999153020945635,0.0,0.013421075265197672
mnist,cut_minmax,attacked,137,9,actual_attacker,3,92,0,0,3674,0.8239368109909025,0.5811648504824765,0.4886833179408177,0.0,0.13218580705196156
mnist,cut_minmax,attacked,137,9,actual_attacker,3,93,0,0,20,0.4176587065388522,0.9086011994769884,-0.749218128902052,0.0,-0.8380581829066359
mnist,cut_minmax,attacked,137,9,actual_attacker,3,94,0,0,22,0.628433148336247,0.7750056862033353,-0.15840124366394823,0.0,-0.47273369959238115
mnist,cut_minmax,attacked,137,9,actual_attacker,3,95,0,0,20,0.39010355246836437,0.8910017252943584,-0.7971402694441768,0.0,-0.8660952899943485
mnist,cut_minmax,attacked,137,9,actual_attacker,3,96,0,0,20,0.4267220470371327,0.9009496230439289,-0.7697864436107297,0.0,-0.8537846221302826
mnist,cut_minmax,attacked,137,9,actual_attacker,3,97,0,0,4171,0.7958575208299875,0.42270437475529954,0.5228754288037338,0.0,0.19440216638621802
mnist,cut_minmax,attacked,137,9,actual_attacker,3,98,1,1,48,0.7315796811617925,0.9999999999999994,0.9999999999999807,17.0,1.0000000000000084
mnist,cut_minmax,attacked,137,9,actual_attacker,3,99,1,1,277,0.7315796811617925,0.9999999999999994,0.9999999999999807,17.0,1.0000000000000084
mnist,cut_minmax,attacked,137,29,actual_attacker,3,0,0,0,20,0.4309847097275896,0.894105738402547,-0.17102791292429834,0.0,-0.8170130030106223
mnist,cut_minmax,attacked,137,29,actual_attacker,3,1,0,0,562,0.7798699647527403,0.8498533801022159,0.8071949113274163,0.0,0.10196803422937796
mnist,cut_minmax,attacked,137,29,actual_attacker,3,2,0,0,422,0.6466824114147167,0.7949043712424031,0.5435256818653483,0.0,-0.5237426195645812
mnist,cut_minmax,attacked,137,29,actual_attacker,3,3,1,1,20,0.7270627527595938,1.0000000000000004,0.9999999999999545,17.0,1.000000000000005
mnist,cut_minmax,attacked,137,29,actual_attacker,3,4,0,0,20,0.4286199181271873,0.8705930670289194,-0.10869460423770945,0.0,-0.7804304821050069
mnist,cut_minmax,attacked,137,29,actual_attacker,3,5,0,0,20,0.4297438429248363,0.9366983542035248,0.06324160411581901,0.0,-0.6639885260648163
mnist,cut_minmax,attacked,137,29,actual_attacker,3,6,1,1,20,0.7270627527595938,1.0000000000000004,0.9999999999999545,17.0,1.000000000000005
mnist,cut_minmax,attacked,137,29,actual_attacker,3,7,0,0,20,0.4116871293282116,0.8944323363214188,-0.19148781276161686,0.0,-0.8005717155728337
mnist,cut_minmax,attacked,137,29,actual_attacker,3,8,0,0,20,0.42635114195057333,0.9119397159116062,-0.22242076058629287,0.0,-0.8349529671034684
mnist,cut_minmax,attacked,137,29,actual_attacker,3,9,0,0,1661,0.8554930525569707,0.45216460221989596,0.8413014278160478,0.0,0.16104897076989616
mnist,cut_minmax,attacked,137,29,actual_attacker,3,10,0,0,102,0.7951044451046763,0.45384093858879637,0.8238514002370584,0.0,0.15673079440899354
mnist,cut_minmax,attacked,137,29,actual_attacker,3,12,0,0,20,0.40469478256040486,0.9143802322452823,-0.23886190273171096,0.0,-0.8146895907917074
mnist,cut_minmax,attacked,137,29,actual_attacker,3,13,1,1,20,0.7270627527595938,1.0000000000000004,0.9999999999999545,17.0,1.000000000000005
mnist,cut_minmax,attacked,137,29,actual_attacker,3,14,1,1,20,0.7270627527595938,1.0000000000000004,0.9999999999999545,17.0,1.000000000000005
mnist,cut_minmax,attacked,137,29,actual_attacker,3,15,1,1,20,0.7270627527595938,1.0000000000000004,0.9999999999999545,17.0,1.000000000000005
mnist,cut_minmax,attacked,137,29,actual_attacker,3,16,0,0,303,0.7623282594644876,0.4583875115041657,0.8160685087443997,0.0,0.16655824729763768
mnist,cut_minmax,attacked,137,29,actual_attacker,3,17,0,0,20,0.4024744485395866,0.9215984602139988,-0.2787377049640172,0.0,-0.8303208407562556
mnist,cut_minmax,attacked,137,29,actual_attacker,3,18,0,0,1463,0.8048957185199792,0.44815494950552653,0.8251404444350274,0.0,0.14922511412282724
mnist,cut_minmax,attacked,137,29,actual_attacker,3,20,1,1,20,0.7270627527595938,1.0000000000000004,0.9999999999999545,17.0,1.000000000000005
mnist,cut_minmax,attacked,137,29,actual_attacker,3,22,0,0,20,0.3942705057256734,0.9092907459393027,-0.2758558536909566,0.0,-0.8190489786761734
mnist,cut_minmax,attacked,137,29,actual_attacker,3,23,0,0,195,0.7836791092437901,0.8522476647431503,0.8083622824154242,0.0,0.10153613191985161
mnist,cut_minmax,attacked,137,29,actual_attacker,3,25,0,0,20,0.40944144259633164,0.902138793198237,-0.061655241080015744,0.0,-0.7210253046193543
mnist,cut_minmax,attacked,137,29,actual_attacker,3,26,0,0,20,0.4382716934782593,0.8841755785743264,-0.17753479831860677,0.0,-0.8302380194601343
mnist,cut_minmax,attacked,137,29,actual_attacker,3,27,0,0,20,0.4188238741891786,0.8585975587826198,-0.27773570441034834,0.0,-0.8494236738941644
mnist,cut_minmax,attacked,137,29,actual_attacker,3,28,0,0,2075,0.7809864797013144,0.46034234609299823,0.8222915590595513,0.0,0.1688749919697644
mnist,cut_minmax,attacked,137,29,actual_attacker,3,29,1,1,20,0.7270627527595938,1.0000000000000004,0.9999999999999545,17.0,1.000000000000005
mnist,cut_minmax,attacked,137,29,actual_attacker,3,31,0,0,1732,0.6977618314575033,0.8074174906454313,0.7746221652695585,0.0,0.0928214097710054
mnist,cut_minmax,attacked,137,29,actual_attacker,3,32,1,1,20,0.7270627527595938,1.0000000000000004,0.9999999999999545,17.0,1.000000000000005
mnist,cut_minmax,attacked,137,29,actual_attacker,3,34,0,0,33,0.8215270795678851,0.6345244233380201,0.7958971127639113,0.0,-0.020943797533159458
mnist,cut_minmax,attacked,137,29,actual_attacker,3,35,0,0,242,0.7476702865780765,0.7720851531619143,0.7816161353135911,0.0,0.041445125798664974
mnist,cut_minmax,attacked,137,29,actual_attacker,3,36,0,0,91,0.7967372229341029,0.2552162351441402,0.8215475508739003,0.0,0.1436227562699178
mnist,cut_minmax,attacked,137,29,actual_attacker,3,37,0,0,505,0.8070358140602747,0.8503072720728733,0.8171748367307766,0.0,0.10784050292852516
mnist,cut_minmax,attacked,137,29,actual_attacker,3,38,0,0,20,0.4245299241566417,0.8771025390692863,-0.15748336251921047,0.0,-0.8010170265104973
mnist,cut_minmax,attacked,137,29,actual_attacker,3,39,0,0,2300,0.6943690936573548,0.509873169003382,0.7803479008296872,0.0,0.11920235351622303
mnist,cut_minmax,attacked,137,29,actual_attacker,3,40,0,0,177,0.4480059690146224,0.957547511803714,0.18740772733265945,0.0,-0.5857615745238528
mnist,cut_minmax,attacked,137,29,actual_attacker,3,41,1,1,20,0.7270627527595938,1.0000000000000004,0.9999999999999545,17.0,1.000000000000005
mnist,cut_minmax,attacked,137,29,actual_attacker,3,42,0,0,20,0.40746523386761796,0.8981708375513288,-0.22603377872444658,0.0,-0.8121065392707622
mnist,cut_minmax,attacked,137,29,actual_attacker,3,43,0,0,20,0.45359099861355884,0.5967238694416749,0.4223595457829126,0.0,-0.297876623081303
mnist,cut_minmax,attacked,137,29,actual_attacker,3,44,0,0,20,0.3794416566879883,0.7888285973694573,-0.17709656456080589,0.0,-0.747486503578964
mnist,cut_minmax,attacked,137,29,actual_attacker,3,45,0,0,20,0.6871464497768731,0.6498010330869164,0.7612076744219369,0.0,0.06020023087819903
mnist,cut_minmax,attacked,137,29,actual_attacker,3,46,0,0,161,0.7878198638429513,0.45352968812308925,0.8216417854603827,0.0,0.15652787974381743
mnist,cut_minmax,attacked,137,29,actual_attacker,3,47,1,1,20,0.7270627527595938,1.0000000000000004,0.9999999999999545,17.0,1.000000000000005
mnist,cut_minmax,attacked,137,29,actual_attacker,3,48,0,0,1297,0.5993335853573543,0.7645627594812364,0.5283591064690606,0.0,-0.42806996935246727
mnist,cut_minmax,attacked,137,29,actual_attacker,3,49,0,0,20,0.44391960136891295,0.9129349666901284,-0.08156095562695019,0.0,-0.7886640978054303
mnist,cut_minmax,attacked,137,29,actual_attacker,3,50,0,0,20,0.42579827927539887,0.8609445347851485,-0.13147628800401326,0.0,-0.7889416597639414
mnist,cut_minmax,attacked,137,29,actual_attacker,3,51,0,0,20,0.43464407113142073,0.9270342707875916,0.049317974148795275,0.0,-0.6841078981914788
mnist,cut_minmax,attacked,137,29,actual_attacker,3,52,0,0,20,0.44516677182265857,0.876343557805942,-0.14999740153840077,0.0,-0.8267490705250088
mnist,cut_minmax,attacked,137,29,actual_attacker,3,53,0,0,27,0.8725628321805479,0.44114968082303535,0.8431193442015013,0.0,0.1473577606750251
mnist,cut_minmax,attacked,137,29,actual_attacker,3,54,0,0,20,0.3960914287327615,0.8823740947996053,-0.25317521688638234,0.0,-0.8105875740703752
mnist,cut_minmax,attacked,137,29,actual_attacker,3,55,0,0,1013,0.7983969788931928,0.6829187048688496,0.790966118181784,0.0,-0.003434669191782478
mnist,cut_minmax,attacked,137,29,actual_attacker,3,56,0,0,4874,0.5500517475348207,0.722199105213528,0.5093934821153732,0.0,-0.3501903830592012
mnist,cut_minmax,attacked,137,29,actual_attacker,3,57,0,0,20,0.39909628066482694,0.9070009800291757,-0.11607773668315957,0.0,-0.7397137846405974
mnist,cut_minmax,attacked,137,29,actual_attacker,3,58,0,0,20,0.4293518057932615,0.869513758122826,-0.14592381154826528,0.0,-0.8019166203804581
mnist,cut_minmax,attacked,137,29,actual_attacker,3,60,0,0,20,0.41965881627988844,0.8948415210695936,-0.041419682511502624,0.0,-0.7241928256783673
mnist,cut_minmax,attacked,137,29,actual_attacker,3,61,1,1,20,0.7270627527595938,1.0000000000000004,0.9999999999999545,17.0,1.000000000000005
mnist,cut_minmax,attacked,137,29,actual_attacker,3,62,0,0,20,0.4400943893619227,0.8922437675578806,-0.033603205887725536,0.0,-0.7531033267721601
mnist,cut_minmax,attacked,137,29,actual_attacker,3,63,0,0,20,0.5193549759823335,0.6959943444906302,0.4667554195053055,0.0,-0.3617750925975003
mnist,cut_minmax,attacked,137,29,actual_attacker,3,64,0,0,20,0.41465258375378944,0.8892781917182081,-0.11245657695615607,0.0,-0.761275842470956
mnist,cut_minmax,attacked,137,29,actual_attacker,3,65,0,0,29,0.46903535059039153,0.9443971411441504,0.245499360018713,0.0,-0.5667249256105723
mnist,cut_minmax,attacked,137,29,actual_attacker,3,66,1,1,366,0.7270627527595938,1.0000000000000004,0.9999999999999545,17.0,1.000000000000005
mnist,cut_minmax,attacked,137,29,actual_attacker,3,67,1,1,20,0.7270627527595938,1.0000000000000004,0.9999999999999545,17.0,1.000000000000005
mnist,cut_minmax,attacked,137,29,actual_attacker,3,68,0,0,20,0.4047961048555046,0.9244207964940504,-0.13031161630449725,0.0,-0.7569563298383405
mnist,cut_minmax,attacked,137,29,actual_attacker,3,69,1,1,2867,0.7270627527595938,1.0000000000000004,0.9999999999999545,17.0,1.000000000000005
mnist,cut_minmax,attacked,137,29,actual_attacker,3,70,1,1,25,0.7270627527595938,1.0000000000000004,0.9999999999999545,17.0,1.000000000000005
mnist,cut_minmax,attacked,137,29,actual_attacker,3,71,0,0,20,0.39500553691076556,0.8778892576830021,-0.16632358359760893,0.0,-0.7635205988753943
mnist,cut_minmax,attacked,137,29,actual_attacker,3,72,0,0,20,0.40886893151153264,0.8989180713212683,-0.2538170608334378,0.0,-0.826948508936786
mnist,cut_minmax,attacked,137,29,actual_attacker,3,73,1,1,169,0.7270627527595938,1.0000000000000004,0.9999999999999545,17.0,1.000000000000005
mnist,cut_minmax,attacked,137,29,actual_attacker,3,74,0,0,20,0.4198912651218794,0.9053376018642944,-0.16935218757047835,0.0,-0.8005977999481385
mnist,cut_minmax,attacked,137,29,actual_attacker,3,75,0,0,20,0.6124529796927889,0.8076376809750322,0.48291434635009284,0.0,-0.5629869296613386
mnist,cut_minmax,attacked,137,29,actual_attacker,3,76,0,0,20,0.37287668134644336,0.8177624825486338,-0.2803264318110229,0.0,-0.7948629496967622
mnist,cut_minmax,attacked,137,29,actual_attacker,3,77,0,0,20,0.41104631515189294,0.9232538779815542,-0.17553755619625558,0.0,-0.791384427111125
mnist,cut_minmax,attacked,137,29,actual_attacker,3,78,0,0,38,0.4358597075035431,0.6543226395805494,0.26974817727723754,0.0,-0.4700092337277076
mnist,cut_minmax,attacked,137,29,actual_attacker,3,79,0,0,5435,0.3999588799358591,0.9448295026146376,-0.2784665241487964,0.0,-0.8271614738863834
mnist,cut_minmax,attacked,137,29,actual_attacker,3,80,0,0,257,0.713541274144779,0.8354140692756985,0.7892207810553817,0.0,0.12485503661052899
mnist,cut_minmax,attacked,137,29,actual_attacker,3,81,0,0,20,0.45721627530068865,0.9315653360524921,0.1984098940235664,0.0,-0.5931345992359437
mnist,cut_minmax,attacked,137,29,actual_attacker,3,82,0,0,109,0.45176826316050245,0.9571965243519779,0.18789752388497896,0.0,-0.5928520261847313
mnist,cut_minmax,attacked,137,29,actual_attacker,3,83,0,0,51,0.8200664789885247,0.5662988152010794,0.828230169733197,0.0,0.14296952286399012
mnist,cut_minmax,attacked,137,29,actual_attacker,3,84,0,0,171,0.8211082791520469,0.5688363078104695,0.8272503113832178,0.0,0.13662621099114958
mnist,cut_minmax,attacked,137,29,actual_attacker,3,85,0,0,2323,0.7559854753933879,0.4604851929797831,0.8142699721565599,0.0,0.16742073192219192
mnist,cut_minmax,attacked,137,29,actual_attacker,3,87,0,0,20,0.4036699004643858,0.9135747967860868,-0.1403338047342254,0.0,-0.7611666487912009
mnist,cut_minmax,attacked,137,29,actual_attacker,3,88,0,0,2129,0.7459943974176632,0.7699485932575959,0.7815066884738435,0.0,0.043738892531964675
mnist,cut_minmax,attacked,137,29,actual_attacker,3,89,0,0,20,0.41378537139516636,0.9180539615354139,-0.007283009145604449,0.0,-0.6902129109073349
mnist,cut_minmax,attacked,137,29,actual_attacker,3,91,0,0,476,0.7544957980578864,0.7728387043952979,0.7828997581539499,0.0,0.03557944754460864
mnist,cut_minmax,attacked,137,29,actual_attacker,3,92,0,0,3674,0.8438591218231448,0.44797179237614604,0.8369381946639977,0.0,0.1540010912145703
mnist,cut_minmax,attacked,137,29,actual_attacker,3,94,0,0,22,0.6272609554211352,0.7779674726666835,0.5286296077956629,0.0,-0.5029608373299479
mnist,cut_minmax,attacked,137,29,actual_attacker,3,95,0,0,20,0.3800706389753625,0.8828864906550917,-0.3419709133291442,0.0,-0.8322534568680188
mnist,cut_minmax,attacked,137,29,actual_attacker,3,96,0,0,20,0.41743974082503066,0.8963156883982943,-0.23247849699939405,0.0,-0.8280507017161423
mnist,cut_minmax,attacked,137,29,actual_attacker,3,97,0,0,4171,0.7845179870803368,0.5692564295045631,0.8133528220283158,0.0,0.12311413120315362
mnist,cut_minmax,attacked,137,29,actual_attacker,3,98,1,1,48,0.7270627527595938,1.0000000000000004,0.9999999999999545,17.0,1.000000000000005
mnist,cut_minmax,attacked,137,29,actual_attacker,3,99,1,1,277,0.7270627527595938,1.0000000000000004,0.9999999999999545,17.0,1.000000000000005
mnist,cut_minmax,attacked,2024,0,actual_attacker,4,0,0,0,20,0.5179102895800194,0.7851038535747683,-0.7303666681354783,0.0,-0.742150554940986
mnist,cut_minmax,attacked,2024,0,actual_attacker,4,1,0,0,840,0.7587082088926558,0.2781317101526028,0.17529842131437018,0.0,0.13988050513680503
mnist,cut_minmax,attacked,2024,0,actual_attacker,4,2,0,0,174,0.5397017200499478,0.6516246040252366,-0.013813053751851705,0.0,-0.039875827337113895
mnist,cut_minmax,attacked,2024,0,actual_attacker,4,4,0,0,20,0.5741365608194128,0.7039320778699125,-0.30345313902215065,0.0,-0.3287478315873823
mnist,cut_minmax,attacked,2024,0,actual_attacker,4,5,0,0,20,0.5811488998349819,0.8828349540447273,-0.8428517895323038,0.0,-0.8510836274761813
mnist,cut_minmax,attacked,2024,0,actual_attacker,4,6,1,1,20,0.516642539417854,1.0000000000000009,0.9999999999999942,17.0,0.9999999999999886
mnist,cut_minmax,attacked,2024,0,actual_attacker,4,7,0,0,20,0.5887026928544327,0.8892391515307183,-0.851353084595396,0.0,-0.8592796008797852
mnist,cut_minmax,attacked,2024,0,actual_attacker,4,8,0,0,20,0.5918133811917043,0.8500782001917877,-0.8029372773646593,0.0,-0.8132186089107802
mnist,cut_minmax,attacked,2024,0,actual_attacker,4,9,0,0,2917,0.752433803147387,0.8964140353198559,-0.2623463592129348,0.0,-0.29639723083109315
mnist,cut_minmax,attacked,2024,0,actual_attacker,4,10,0,0,2345,0.6583242439374936,0.5448744475000955,0.1387801100391448,0.0,0.10766461047032994
mnist,cut_minmax,attacked,2024,0,actual_attacker,4,11,0,0,20,0.6279104222906389,0.8988349664482467,-0.8450664119952579,0.0,-0.8538561638675379
mnist,cut_minmax,attacked,2024,0,actual_attacker,4,12,0,0,442,0.6144328912043997,0.9126354989976161,-0.7811905838854287,0.0,-0.7929024398332739
mnist,cut_minmax,attacked,2024,0,actual_attacker,4,14,0,0,222,0.5950217633742215,0.7273179436058668,-0.6873951132677915,0.0,-0.7027179341248043
mnist,cut_minmax,attacked,2024,0,actual_attacker,4,15,1,1,20,0.516642539417854,1.0000000000000009,0.9999999999999942,17.0,0.9999999999999886
mnist,cut_minmax,attacked,2024,0,actual_attacker,4,16,0,0,208,0.6658960416073049,0.9717068534865634,-0.04720540900676441,0.0,-0.07933676948144433
mnist,cut_minmax,attacked,2024,0,actual_attacker,4,17,0,0,1070,0.666883694069479,0.9651201545632748,-0.07647387856755686,0.0,-0.1085535035176136
mnist,cut_minmax,attacked,2024,0,actual_attacker,4,19,1,1,959,0.516642539417854,1.0000000000000009,0.9999999999999942,17.0,0.9999999999999886
mnist,cut_minmax,attacked,2024,0,actual_attacker,4,20,1,1,20,0.516642539417854,1.0000000000000009,0.9999999999999942,17.0,0.9999999999999886
mnist,cut_minmax,attacked,2024,0,actual_attacker,4,21,0,0,20,0.5713457684522951,0.8371487191007336,-0.8124196020836085,0.0,-0.8219140694605281
mnist,cut_minmax,attacked,2024,0,actual_attacker,4,22,0,0,20,0.6047887619775325,0.8870773375640715,-0.838832867015889,0.0,-0.8476040571033636
mnist,cut_minmax,attacked,2024,0,actual_attacker,4,23,0,0,1514,0.6661215882240804,0.9696598064654334,-0.042837683943596536,0.0,-0.07499007230918577
mnist,cut_minmax,attacked,2024,0,actual_attacker,4,24,0,0,20,0.6062231209095188,0.9001159236776013,-0.843818542851119,0.0,-0.8523625641255105
mnist,cut_minmax,attacked,2024,0,actual_attacker,4,25,1,1,20,0.516642539417854,1.0000000000000009,0.9999999999999942,17.0,0.9999999999999886
mnist,cut_minmax,attacked,2024,0,actual_attacker,4,26,0,0,20,0.6029924727279121,0.8824500183540289,-0.8246819618566582,0.0,-0.8341194237750456
mnist,cut_minmax,attacked,2024,0,actual_attacker,4,28,0,0,20,0.5427130187560045,0.522374803939391,-0.2738201680732842,0.0,-0.29816116493308287
mnist,cut_minmax,attacked,2024,0,actual_attacker,4,29,0,0,3555,0.6449538985199045,0.5630257175745985,0.10762119642955269,0.0,0.07688192469886587
mnist,cut_minmax,attacked,2024,0,actual_attacker,4,31,1,1,20,0.516642539417854,1.0000000000000009,0.9999999999999942,17.0,0.9999999999999886
mnist,cut_minmax,attacked,2024,0,actual_attacker,4,32,0,0,20,0.6951006227745249,0.9180005949249658,-0.7779136645637857,0.0,-0.791361517638035
mnist,cut_minmax,attacked,2024,0,actual_attacker,4,33,0,0,20,0.6589832479941671,0.9081134677959982,-0.8339946649902448,0.0,-0.8438251431586058
mnist,cut_minmax,attacked,2024,0,actual_attacker,4,34,0,0,20,0.590939532677655,0.799244648623819,-0.744084051088721,0.0,-0.7569699939891709
mnist,cut_minmax,attacked,2024,0,actual_attacker,4,35,0,0,35,0.7880874091024551,0.569767801354055,0.07003670442640048,0.0,0.032176655914415445
mnist,cut_minmax,attacked,2024,0,actual_attacker,4,36,0,0,2410,0.7258091122699992,0.7248294286686983,0.06335698695727283,0.0,0.028461242994847646
mnist,cut_minmax,attacked,2024,0,actual_attacker,4,37,0,0,5088,0.7062745407361677,0.5887984229914893,0.06558703685077541,0.0,0.031644272446368846
mnist,cut_minmax,attacked,2024,0,actual_attacker,4,38,0,0,20,0.7076388184973078,0.3579246287648168,0.0890086007949104,0.0,0.05513959527107699
mnist,cut_minmax,attacked,2024,0,actual_attacker,4,39,0,0,20,0.5586300747901385,0.788033533947436,-0.4121008770429295,0.0,-0.4346363100035744
mnist,cut_minmax,attacked,2024,0,actual_attacker,4,40,0,0,20,0.6481971461729934,0.9036720069777268,-0.8416669849687725,0.0,-0.8509268708304051
mnist,cut_minmax,attacked,2024,0,actual_attacker,4,41,0,0,20,0.6312504428267532,0.9014411243215509,-0.854629303109653,0.0,-0.8629652286821866
mnist,cut_minmax,attacked,2024,0,actual_attacker,4,42,1,1,20,0.516642539417854,1.0000000000000009,0.9999999999999942,17.0,0.9999999999999886
mnist,cut_minmax,attacked,2024,0,actual_attacker,4,43,0,0,37,0.6701847001318715,0.9561320004835275,-0.03540701254526496,0.0,-0.06777075950571201
mnist,cut_minmax,attacked,2024,0,actual_attacker,4,44,0,0,916,0.7238293950795343,0.7242088663633343,0.06449205914228592,0.0,0.02969763343394604
mnist,cut_minmax,attacked,2024,0,actual_attacker,4,46,1,1,156,0.516642539417854,1.0000000000000009,0.9999999999999942,17.0,0.9999999999999886
mnist,cut_minmax,attacked,2024,0,actual_attacker,4,47,0,0,20,0.6386028116597937,0.9060506569354327,-0.8464853881676747,0.0,-0.8553522751075968
mnist,cut_minmax,attacked,2024,0,actual_attacker,4,48,1,1,678,0.516642539417854,1.0000000000000009,0.9999999999999942,17.0,0.9999999999999886
mnist,cut_minmax,attacked,2024,0,actual_attacker,4,49,0,0,20,0.6834769687942608,0.8731331266907727,-0.410980668061567,0.0,-0.43863555761242123
mnist,cut_minmax,attacked,2024,0,actual_attacker,4,50,0,0,183,0.724830685559519,0.5923825321962898,0.07084614226797399,0.0,0.036038051053807765
mnist,cut_minmax,attacked,2024,0,actual_attacker,4,51,0,0,20,0.6430832811701495,0.9089736599816016,-0.8604699958703989,0.0,-0.8686497612364656
mnist,cut_minmax,attacked,2024,0,actual_attacker,4,53,1,1,20,0.516642539417854,1.0000000000000009,0.9999999999999942,17.0,0.9999999999999886
mnist,cut_minmax,attacked,2024,0,actual_attacker,4,54,1,1,20,0.516642539417854,1.0000000000000009,0.9999999999999942,17.0,0.9999999999999886
mnist,cut_minmax,attacked,2024,0,actual_attacker,4,55,0,0,20,0.6222762108272778,0.8822915701063238,-0.815329202572468,0.0,-0.825538816101591
mnist,cut_minmax,attacked,2024,0,actual_attacker,4,56,0,0,20,0.6497686799774774,0.9087717909634337,-0.813146860735855,0.0,-0.8239273211311472
mnist,cut_minmax,attacked,2024,0,actual_attacker,4,57,0,0,533,0.6759964589985165,0.9742659620871972,-0.04853236739613128,0.0,-0.08114988460319086
mnist,cut_minmax,attacked,2024,0,actual_attacker,4,58,1,1,20,0.516642539417854,1.0000000000000009,0.9999999999999942,17.0,0.9999999999999886
mnist,cut_minmax,attacked,2024,0,actual_attacker,4,59,0,0,20,0.6572114355935796,0.90277680529069,-0.8512031386031105,0.0,-0.8600752728718306
mnist,cut_minmax,attacked,2024,0,actual_attacker,4,61,1,1,20,0.516642539417854,1.0000000000000009,0.9999999999999942,17.0,0.9999999999999886
mnist,cut_minmax,attacked,2024,0,actual_attacker,4,62,0,0,20,0.6287853656421233,0.889025720068846,-0.8621604415968757,0.0,-0.8700660064249846
mnist,cut_minmax,attacked,2024,0,actual_attacker,4,63,0,0,283,0.7509187392109049,0.8944893211692222,-0.2654432132481566,0.0,-0.2993672818721333
mnist,cut_minmax,attacked,2024,0,actual_attacker,4,65,1,1,5315,0.516642539417854,1.0000000000000009,0.9999999999999942,17.0,0.9999999999999886
mnist,cut_minmax,attacked,2024,0,actual_attacker,4,66,0,0,113,0.738584671774703,0.9460053224007291,-0.0335593404194181,0.0,-0.06924503250954188
mnist,cut_minmax,attacked,2024,0,actual_attacker,4,67,0,0,20,0.6046631894580707,0.8872834810482602,-0.8356860810449639,0.0,-0.8446109442572001
mnist,cut_minmax,attacked,2024,0,actual_attacker,4,68,1,1,20,0.516642539417854,1.0000000000000009,0.9999999999999942,17.0,0.9999999999999886
mnist,cut_minmax,attacked,2024,0,actual_attacker,4,70,0,0,5312,0.6981540299442028,0.9667283417856801,-0.03593110337465243,0.0,-0.06965048697616658
mnist,cut_minmax,attacked,2024,0,actual_attacker,4,71,0,0,20,0.6760861348068549,0.8959815487337195,-0.7521334137088854,0.0,-0.7665077763484515
mnist,cut_minmax,attacked,2024,0,actual_attacker,4,72,0,0,20,0.5391237392595838,0.6756686495806716,-0.6853538317251289,0.0,-0.6992939961488617
mnist,cut_minmax,attacked,2024,0,actual_attacker,4,73,0,0,242,0.6773900873910215,0.9649507560007429,-0.04027675039257358,0.0,-0.0729808036436101
mnist,cut_minmax,attacked,2024,0,actual_attacker,4,74,0,0,288,0.7405200371498124,0.5893042603070402,0.06824184074105971,0.0,0.032663389838464306
mnist,cut_minmax,attacked,2024,0,actual_attacker,4,75,1,1,20,0.516642539417854,1.0000000000000009,0.9999999999999942,17.0,0.9999999999999886
mnist,cut_minmax,attacked,2024,0,actual_attacker,4,76,1,1,20,0.516642539417854,1.0000000000000009,0.9999999999999942,17.0,0.9999999999999886
mnist,cut_minmax,attacked,2024,0,actual_attacker,4,77,0,0,20,0.6688061112170576,0.8844540117744824,-0.7790193635295445,0.0,-0.7918943777237999
mnist,cut_minmax,attacked,2024,0,actual_attacker,4,78,0,0,20,0.663070128984553,0.2776587697339755,0.016485971109747866,0.0,-0.015533782926262844
mnist,cut_minmax,attacked,2024,0,actual_attacker,4,79,0,0,20,0.6216198928223511,0.9014321982060517,-0.8172277264113328,0.0,-0.8273324001010925
mnist,cut_minmax,attacked,2024,0,actual_attacker,4,80,0,0,193,0.6225145804340573,0.7107819800738072,0.08602864856716645,0.0,0.056223274837098935
mnist,cut_minmax,attacked,2024,0,actual_attacker,4,81,0,0,662,0.7066722264331748,0.9414158123452294,-0.03378712344957812,0.0,-0.06792346621587385
mnist,cut_minmax,attacked,2024,0,actual_attacker,4,82,0,0,20,0.6117031509295883,0.9039664901381534,-0.8504206332920856,0.0,-0.8587089167754043
mnist,cut_minmax,attacked,2024,0,actual_attacker,4,83,0,0,20,0.4867146079801443,0.7273661859834027,-0.6727790215522642,0.0,-0.6857530792526662
mnist,cut_minmax,attacked,2024,0,actual_attacker,4,84,0,0,305,0.7535579665870867,0.8955085701618625,-0.26334951206774926,0.0,-0.2974331024657145
mnist,cut_minmax,attacked,2024,0,actual_attacker,4,85,0,0,50,0.6580216147479147,0.5468610495598126,0.13242499622667644,0.0,0.10126544710203551
mnist,cut_minmax,attacked,2024,0,actual_attacker,4,86,0,0,20,0.6300324200883168,0.9023120115801216,-0.8562592056171834,0.0,-0.8644929424571312
mnist,cut_minmax,attacked,2024,0,actual_attacker,4,87,0,0,20,0.667069650967974,0.9425474153705722,-0.03590277981171976,0.0,-0.06811463637435097
mnist,cut_minmax,attacked,2024,0,actual_attacker,4,88,0,0,1103,0.7227009241993352,0.9415667655375645,-0.031458908307948334,0.0,-0.0663768290343552
mnist,cut_minmax,attacked,2024,0,actual_attacker,4,89,1,1,86,0.516642539417854,1.0000000000000009,0.9999999999999942,17.0,0.9999999999999886
mnist,cut_minmax,attacked,2024,0,actual_attacker,4,90,0,0,20,0.6353387949006843,0.8606645869704241,-0.7677044985301787,0.0,-0.7804675524561521
mnist,cut_minmax,attacked,2024,0,actual_attacker,4,91,0,0,20,0.6611127414004884,0.9110050823374586,-0.07923375362742184,0.0,-0.11102228794289208
mnist,cut_minmax,attacked,2024,0,actual_attacker,4,92,0,0,515,0.7253330400374652,0.9440511807765086,-0.03873422979701536,0.0,-0.07376709240515734
mnist,cut_minmax,attacked,2024,0,actual_attacker,4,93,0,0,1843,0.7079774847167206,0.364025668524774,0.09394332006197216,0.0,0.060092249825954576
mnist,cut_minmax,attacked,2024,0,actual_attacker,4,94,0,0,71,0.7516406231756404,0.8902400990587415,-0.2606317910708474,0.0,-0.29467803444383056
mnist,cut_minmax,attacked,2024,0,actual_attacker,4,95,0,0,20,0.6745222944977387,0.9418102824528114,-0.02667080467683385,0.0,-0.05925728381715257
mnist,cut_minmax,attacked,2024,0,actual_attacker,4,96,0,0,2532,0.7425165286880108,0.9448697217589912,-0.02921735108537453,0.0,-0.06510055650644404
mnist,cut_minmax,attacked,2024,0,actual_attacker,4,97,0,0,76,0.6728290649818917,0.964637931350015,-0.04111669303794423,0.0,-0.07359788681078396
mnist,cut_minmax,attacked,2024,0,actual_attacker,4,98,0,0,3259,0.6825235756831407,0.9708854738830078,-0.045519104644141516,0.0,-0.0784604695923065
mnist,cut_minmax,attacked,2024,0,actual_attacker,4,99,0,0,20,0.5151387077218241,0.8448667349245802,-0.7797926239918748,0.0,-0.7896439034657227
mnist,cut_minmax,attacked,2024,9,actual_attacker,4,0,0,0,20,0.4127254024273744,0.6787682127078626,0.7894413673602317,0.0,-0.5596103953041585
mnist,cut_minmax,attacked,2024,9,actual_attacker,4,1,0,0,840,0.8669864327341031,0.2898230067014455,0.6609759753586595,0.0,0.16559311648345415
mnist,cut_minmax,attacked,2024,9,actual_attacker,4,3,0,0,104,0.8428469154263472,0.7251690804973282,0.6916067210723605,0.0,0.05698902834508029
mnist,cut_minmax,attacked,2024,9,actual_attacker,4,4,0,0,20,0.588434086860038,0.6547206748146429,0.6845425301231968,0.0,-0.20354066232898432
mnist,cut_minmax,attacked,2024,9,actual_attacker,4,5,0,0,20,0.4324058884484819,0.8402610077834127,0.8629515165167886,0.0,-0.6948535551923339
mnist,cut_minmax,attacked,2024,9,actual_attacker,4,6,1,1,20,0.7517075242971993,0.9999999999999997,-0.9999999999973993,17.0,1.000000000000003
mnist,cut_minmax,attacked,2024,9,actual_attacker,4,7,0,0,20,0.4430071054586111,0.8625686034234142,0.8747289886689045,0.0,-0.7149239955933353
mnist,cut_minmax,attacked,2024,9,actual_attacker,4,8,0,0,20,0.43946030570022726,0.8188655012281469,0.8451548419926773,0.0,-0.6542631809312115
mnist,cut_minmax,attacked,2024,9,actual_attacker,4,9,0,0,2917,0.6828386140277926,0.8411237558841449,0.7902238115107708,0.0,-0.36238199434379215
mnist,cut_minmax,attacked,2024,9,actual_attacker,4,10,0,0,2345,0.7100331916446683,0.6561370736170629,0.6236389424413161,0.0,0.056823857960783555
mnist,cut_minmax,attacked,2024,9,actual_attacker,4,11,0,0,20,0.42693634586219287,0.8635594107516689,0.8571790015619972,0.0,-0.6855046992471715
mnist,cut_minmax,attacked,2024,9,actual_attacker,4,12,0,0,442,0.407272592567633,0.8467845693438413,0.7589335577059055,0.0,-0.5064147992175215
mnist,cut_minmax,attacked,2024,9,actual_attacker,4,13,0,0,20,0.6516435095332618,0.9171559033317116,0.732382103564039,0.0,-0.24681321936848888
mnist,cut_minmax,attacked,2024,9,actual_attacker,4,14,0,0,222,0.49867421818946944,0.788643123842837,0.7599520269903798,0.0,-0.43916215473763204
mnist,cut_minmax,attacked,2024,9,actual_attacker,4,15,1,1,20,0.7517075242971993,0.9999999999999997,-0.9999999999973993,17.0,1.000000000000003
mnist,cut_minmax,attacked,2024,9,actual_attacker,4,16,0,0,208,0.7135620797025343,0.9761609070961639,0.6725776678082368,0.0,-0.045388375267692314
mnist,cut_minmax,attacked,2024,9,actual_attacker,4,18,0,0,20,0.45440256545200697,0.8288315494619617,0.8708868689935476,0.0,-0.7014978007110211
mnist,cut_minmax,attacked,2024,9,actual_attacker,4,19,1,1,959,0.7517075242971993,0.9999999999999997,-0.9999999999973993,17.0,1.000000000000003
mnist,cut_minmax,attacked,2024,9,actual_attacker,4,20,1,1,20,0.7517075242971993,0.9999999999999997,-0.9999999999973993,17.0,1.000000000000003
mnist,cut_minmax,attacked,2024,9,actual_attacker,4,21,0,0,20,0.4162180331030212,0.7535491664874335,0.8480485845577315,0.0,-0.6722504204092071
mnist,cut_minmax,attacked,2024,9,actual_attacker,4,23,0,0,1514,0.7217988600713245,0.9783572075456878,0.6762634448191559,0.0,-0.04459378613458223
mnist,cut_minmax,attacked,2024,9,actual_attacker,4,24,0,0,20,0.43365832740244464,0.8770479163107542,0.8546968354508969,0.0,-0.6770508182908606
mnist,cut_minmax,attacked,2024,9,actual_attacker,4,25,1,1,20,0.7517075242971993,0.9999999999999997,-0.9999999999973993,17.0,1.000000000000003
mnist,cut_minmax,attacked,2024,9,actual_attacker,4,27,0,0,20,0.44087534496331476,0.8891097161615485,0.8005389978951557,0.0,-0.5627134164244536
mnist,cut_minmax,attacked,2024,9,actual_attacker,4,28,0,0,20,0.5436049749689753,0.4295524691008654,0.619174591330828,0.0,-0.12394958645269946
mnist,cut_minmax,attacked,2024,9,actual_attacker,4,29,0,0,3555,0.6865675376119603,0.6739040516068138,0.6209192740915366,0.0,0.03448052143122943
mnist,cut_minmax,attacked,2024,9,actual_attacker,4,30,0,0,20,0.44527968079324093,0.8863641523824652,0.8041851429688901,0.0,-0.567161125428851
mnist,cut_minmax,attacked,2024,9,actual_attacker,4,31,1,1,20,0.7517075242971993,0.9999999999999997,-0.9999999999973993,17.0,1.000000000000003
mnist,cut_minmax,attacked,2024,9,actual_attacker,4,32,0,0,20,0.4575303696218002,0.9034275736204005,0.7776767433136387,0.0,-0.5058141764807327
mnist,cut_minmax,attacked,2024,9,actual_attacker,4,33,0,0,20,0.4284912208924793,0.8844244278352171,0.8393806094515599,0.0,-0.6482667058162851
mnist,cut_minmax,attacked,2024,9,actual_attacker,4,34,0,0,20,0.46588194962819424,0.7979868366001911,0.8432438391657605,0.0,-0.6360314918869577
mnist,cut_minmax,attacked,2024,9,actual_attacker,4,36,0,0,2410,0.7809057085610344,0.6231037182493171,0.6736433536670504,0.0,0.029015496200789557
mnist,cut_minmax,attacked,2024,9,actual_attacker,4,37,0,0,5088,0.8309633594650996,0.7322468698716142,0.6809126520945938,0.0,0.0703618915514722
mnist,cut_minmax,attacked,2024,9,actual_attacker,4,38,0,0,20,0.7569105174202022,0.3928342064863486,0.6236905798030579,0.0,0.11384949442810506
mnist,cut_minmax,attacked,2024,9,actual_attacker,4,39,0,0,20,0.5217516674180127,0.8056677229075845,0.7603990171646485,0.0,-0.42188420627394935
mnist,cut_minmax,attacked,2024,9,actual_attacker,4,40,0,0,20,0.387359978127106,0.8706323379135229,0.8525955360681036,0.0,-0.6955955506685921
mnist,cut_minmax,attacked,2024,9,actual_attacker,4,41,0,0,20,0.41850969433196605,0.8834479712935398,0.8658013524854258,0.0,-0.7072418827182427
mnist,cut_minmax,attacked,2024,9,actual_attacker,4,42,1,1,20,0.7517075242971993,0.9999999999999997,-0.9999999999973993,17.0,1.000000000000003
mnist,cut_minmax,attacked,2024,9,actual_attacker,4,43,0,0,37,0.7460650751683172,0.9611512916803051,0.6839529105043548,0.0,-0.03541419867229444
mnist,cut_minmax,attacked,2024,9,actual_attacker,4,44,0,0,916,0.7695106477195582,0.6193135878559952,0.6662231068950243,0.0,0.033274472664148146
mnist,cut_minmax,attacked,2024,9,actual_attacker,4,45,0,0,20,0.4150834280201468,0.8500491187960485,0.84496870658213,0.0,-0.6666441291628104
mnist,cut_minmax,attacked,2024,9,actual_attacker,4,46,1,1,156,0.7517075242971993,0.9999999999999997,-0.9999999999973993,17.0,1.000000000000003
mnist,cut_minmax,attacked,2024,9,actual_attacker,4,47,0,0,20,0.4211874739894048,0.874042519679713,0.8589225325323615,0.0,-0.6918745937881219
mnist,cut_minmax,attacked,2024,9,actual_attacker,4,48,1,1,678,0.7517075242971993,0.9999999999999997,-0.9999999999973993,17.0,1.000000000000003
mnist,cut_minmax,attacked,2024,9,actual_attacker,4,49,0,0,20,0.6008352753016066,0.8545789317739223,0.8137577705557739,0.0,-0.4841456561092636
mnist,cut_minmax,attacked,2024,9,actual_attacker,4,50,0,0,183,0.8224126344823822,0.7338097782298778,0.6802865891941934,0.0,0.06171147826071065
mnist,cut_minmax,attacked,2024,9,actual_attacker,4,51,0,0,20,0.40912756568861136,0.8772430769614274,0.8677063838732992,0.0,-0.7153992529101191
mnist,cut_minmax,attacked,2024,9,actual_attacker,4,52,0,0,210,0.738758003005852,0.40157033929274133,0.6090103271724068,0.0,0.12238835617417433
mnist,cut_minmax,attacked,2024,9,actual_attacker,4,53,1,1,20,0.7517075242971993,0.9999999999999997,-0.9999999999973993,17.0,1.000000000000003
mnist,cut_minmax,attacked,2024,9,actual_attacker,4,54,1,1,20,0.7517075242971993,0.9999999999999997,-0.9999999999973993,17.0,1.000000000000003
mnist,cut_minmax,attacked,2024,9,actual_attacker,4,55,0,0,20,0.403483566463429,0.8206339411502943,0.8320553718727134,0.0,-0.6472943541352629
mnist,cut_minmax,attacked,2024,9,actual_attacker,4,56,0,0,20,0.4237988784849458,0.8862682394933363,0.8159369450051691,0.0,-0.6039583222734297
mnist,cut_minmax,attacked,2024,9,actual_attacker,4,57,0,0,533,0.7233888467278891,0.9792332134639489,0.6760789852983231,0.0,-0.0423975785546054
mnist,cut_minmax,attacked,2024,9,actual_attacker,4,58,1,1,20,0.7517075242971993,0.9999999999999997,-0.9999999999973993,17.0,1.000000000000003
mnist,cut_minmax,attacked,2024,9,actual_attacker,4,59,0,0,20,0.40092458673285813,0.8600697860352413,0.8592955214331818,0.0,-0.7022772200392361
mnist,cut_minmax,attacked,2024,9,actual_attacker,4,61,1,1,20,0.7517075242971993,0.9999999999999997,-0.9999999999973993,17.0,1.000000000000003
mnist,cut_minmax,attacked,2024,9,actual_attacker,4,62,0,0,20,0.4420766068070958,0.8529691293764541,0.8854418517393469,0.0,-0.7383954569587856
mnist,cut_minmax,attacked,2024,9,actual_attacker,4,63,0,0,283,0.7086101744094667,0.8416670356854858,0.8010770658210898,0.0,-0.3706924524961077
mnist,cut_minmax,attacked,2024,9,actual_attacker,4,64,0,0,20,0.4451576085076433,0.5780789720486459,0.7001622066459866,0.0,-0.36845323704446886
mnist,cut_minmax,attacked,2024,9,actual_attacker,4,65,1,1,5315,0.7517075242971993,0.9999999999999997,-0.9999999999973993,17.0,1.000000000000003
mnist,cut_minmax,attacked,2024,9,actual_attacker,4,66,0,0,113,0.7311126851797188,0.9421905903139237,0.7034911862943868,0.0,-0.09844944453556595
mnist,cut_minmax,attacked,2024,9,actual_attacker,4,67,0,0,20,0.4137117487086788,0.8546129910599317,0.8596804431946746,0.0,-0.6969951505306478
mnist,cut_minmax,attacked,2024,9,actual_attacker,4,68,1,1,20,0.7517075242971993,0.9999999999999997,-0.9999999999973993,17.0,1.000000000000003
mnist,cut_minmax,attacked,2024,9,actual_attacker,4,69,0,0,20,0.4001140504484142,0.8708839855487527,0.8566964714551915,0.0,-0.6974979180004337
mnist,cut_minmax,attacked,2024,9,actual_attacker,4,70,0,0,5312,0.7290958330084778,0.9560686900013415,0.7078124357484604,0.0,-0.11103479224206897
mnist,cut_minmax,attacked,2024,9,actual_attacker,4,71,0,0,20,0.46913819055275363,0.886137885763603,0.7861570012576721,0.0,-0.5146406231956936
mnist,cut_minmax,attacked,2024,9,actual_attacker,4,72,0,0,20,0.41704327328490415,0.6937465012146561,0.7396731503277907,0.0,-0.46375016232684135
mnist,cut_minmax,attacked,2024,9,actual_attacker,4,73,0,0,242,0.7337828295609491,0.9551917919310634,0.7124700112165807,0.0,-0.11746973413292004
mnist,cut_minmax,attacked,2024,9,actual_attacker,4,74,0,0,288,0.8282031626104001,0.736182210282625,0.6842004620093134,0.0,0.05870082387630596
mnist,cut_minmax,attacked,2024,9,actual_attacker,4,75,1,1,20,0.7517075242971993,0.9999999999999997,-0.9999999999973993,17.0,1.000000000000003
mnist,cut_minmax,attacked,2024,9,actual_attacker,4,76,1,1,20,0.7517075242971993,0.9999999999999997,-0.9999999999973993,17.0,1.000000000000003
mnist,cut_minmax,attacked,2024,9,actual_attacker,4,77,0,0,20,0.4305048577133523,0.8503345237483517,0.8225321750177722,0.0,-0.6131052744219297
mnist,cut_minmax,attacked,2024,9,actual_attacker,4,78,0,0,20,0.7370561634962426,0.2272139256064169,0.635965656470419,0.0,0.06302341791162237
mnist,cut_minmax,attacked,2024,9,actual_attacker,4,79,0,0,20,0.3993853409296822,0.8414997490202818,0.8067774561804985,0.0,-0.6010502380344034
mnist,cut_minmax,attacked,2024,9,actual_attacker,4,80,0,0,193,0.7034485187644299,0.6379182147842254,0.6193841871803254,0.0,0.05774439370337447
mnist,cut_minmax,attacked,2024,9,actual_attacker,4,81,0,0,662,0.7148943303378623,0.9491517012847156,0.6957600097679817,0.0,-0.09735540064994219
mnist,cut_minmax,attacked,2024,9,actual_attacker,4,82,0,0,20,0.4008110186806791,0.8729603978024925,0.8584539420276784,0.0,-0.7006565540536238
mnist,cut_minmax,attacked,2024,9,actual_attacker,4,83,0,0,20,0.41999713688031065,0.650496667719355,0.7569578136771449,0.0,-0.49336718033789295
mnist,cut_minmax,attacked,2024,9,actual_attacker,4,84,0,0,305,0.6948761371126713,0.8368298606607174,0.794665556258949,0.0,-0.3643758797780543
mnist,cut_minmax,attacked,2024,9,actual_attacker,4,85,0,0,50,0.7248933013520034,0.6484516354407812,0.6290586851496074,0.0,0.06325124494634135
mnist,cut_minmax,attacked,2024,9,actual_attacker,4,87,0,0,20,0.6977983449820048,0.9359694429829023,0.6855780700161987,0.0,-0.09216742214360356
mnist,cut_minmax,attacked,2024,9,actual_attacker,4,88,0,0,1103,0.7246327087555234,0.9497071538865889,0.7017371234880218,0.0,-0.10113278223991065
mnist,cut_minmax,attacked,2024,9,actual_attacker,4,89,1,1,86,0.7517075242971993,0.9999999999999997,-0.9999999999973993,17.0,1.000000000000003
mnist,cut_minmax,attacked,2024,9,actual_attacker,4,90,0,0,20,0.43196629742340653,0.8373452906086575,0.8216639887039373,0.0,-0.6105018390758956
mnist,cut_minmax,attacked,2024,9,actual_attacker,4,91,0,0,20,0.6959032444915555,0.9130657122306923,0.7158515400158972,0.0,-0.16460711805314013
mnist,cut_minmax,attacked,2024,9,actual_attacker,4,92,0,0,515,0.7380912747065314,0.9466093551455019,0.702615051710957,0.0,-0.08887518388558366
mnist,cut_minmax,attacked,2024,9,actual_attacker,4,95,0,0,20,0.7162915942972217,0.9331360997975873,0.6985335656288791,0.0,-0.1023954219947881
mnist,cut_minmax,attacked,2024,9,actual_attacker,4,96,0,0,2532,0.7245499083020583,0.9435970771417382,0.6965355009933359,0.0,-0.08883461637382445
mnist,cut_minmax,attacked,2024,9,actual_attacker,4,97,0,0,76,0.7276963110826522,0.9738134492255444,0.6733722414042509,0.0,-0.03136528409941147
mnist,cut_minmax,attacked,2024,9,actual_attacker,4,98,0,0,3259,0.7248549756568144,0.9794269871862957,0.67422778439375,0.0,-0.03651580905773256
mnist,cut_minmax,attacked,2024,29,actual_attacker,4,0,0,0,20,0.4202717329081446,0.6745457753526262,0.8649281471015002,0.0,-0.5698408843278762
mnist,cut_minmax,attacked,2024,29,actual_attacker,4,1,0,0,840,0.8720430524064203,0.2913463449494144,0.8437822770505413,0.0,0.15769943696668282
mnist,cut_minmax,attacked,2024,29,actual_attacker,4,2,0,0,174,0.6165127034918875,0.6439599624061454,0.7655819981718652,0.0,0.02911690900817176
mnist,cut_minmax,attacked,2024,29,actual_attacker,4,3,0,0,104,0.8205096246783306,0.7202179914951252,0.8404284092918674,0.0,0.07139912676728545
mnist,cut_minmax,attacked,2024,29,actual_attacker,4,4,0,0,20,0.5910457446030521,0.6091391493175878,0.8162145743563395,0.0,-0.20307173145653856
mnist,cut_minmax,attacked,2024,29,actual_attacker,4,5,0,0,20,0.44144365211406517,0.8424723467102959,0.922951546677296,0.0,-0.733964398666282
mnist,cut_minmax,attacked,2024,29,actual_attacker,4,6,1,1,20,0.7766487963947369,1.0000000000000007,0.9999999999990599,17.0,1.0000000000000075
mnist,cut_minmax,attacked,2024,29,actual_attacker,4,8,0,0,20,0.4483961315155876,0.8216040641083311,0.9123799778034006,0.0,-0.694913878641676
mnist,cut_minmax,attacked,2024,29,actual_attacker,4,9,0,0,2917,0.6948958985843948,0.8417789109117251,0.8859911753204204,0.0,-0.3714839690416786
mnist,cut_minmax,attacked,2024,29,actual_attacker,4,11,0,0,20,0.439566256539542,0.8699118193655145,0.9233865129535409,0.0,-0.7364660056410104
mnist,cut_minmax,attacked,2024,29,actual_attacker,4,12,0,0,442,0.42865252130973625,0.9081742620341291,0.874391434599162,0.0,-0.5903902723722299
mnist,cut_minmax,attacked,2024,29,actual_attacker,4,13,0,0,20,0.6507770881805132,0.927434754406413,0.860348380429519,0.0,-0.3019429016235893
mnist,cut_minmax,attacked,2024,29,actual_attacker,4,14,0,0,222,0.5029527584472189,0.7565213987292239,0.8501124362728458,0.0,-0.4389163879869306
mnist,cut_minmax,attacked,2024,29,actual_attacker,4,15,1,1,20,0.7766487963947369,1.0000000000000007,0.9999999999990599,17.0,1.0000000000000075
mnist,cut_minmax,attacked,2024,29,actual_attacker,4,16,0,0,208,0.7040178557294912,0.903262835480468,0.8095085833027794,0.0,0.014195091941534883
mnist,cut_minmax,attacked,2024,29,actual_attacker,4,17,0,0,1070,0.7417962331235178,0.9709919668669104,0.8554135297019274,0.0,-0.15129589362003812
mnist,cut_minmax,attacked,2024,29,actual_attacker,4,18,0,0,20,0.46432829017549954,0.8281419421351615,0.9284971085729579,0.0,-0.7398387679569539
mnist,cut_minmax,attacked,2024,29,actual_attacker,4,19,1,1,959,0.7766487963947369,1.0000000000000007,0.9999999999990599,17.0,1.0000000000000075
mnist,cut_minmax,attacked,2024,29,actual_attacker,4,20,1,1,20,0.7766487963947369,1.0000000000000007,0.9999999999990599,17.0,1.0000000000000075
mnist,cut_minmax,attacked,2024,29,actual_attacker,4,21,0,0,20,0.42561864542987216,0.7542700687328842,0.9093431345821695,0.0,-0.7000205477811356
mnist,cut_minmax,attacked,2024,29,actual_attacker,4,22,0,0,20,0.44242204054204015,0.8612264250882286,0.9244855494987363,0.0,-0.7384638383358738
mnist,cut_minmax,attacked,2024,29,actual_attacker,4,23,0,0,1514,0.7195313140853989,0.8974059507189363,0.816755372295751,0.0,0.00854240742213762
mnist,cut_minmax,attacked,2024,29,actual_attacker,4,24,0,0,20,0.44571336395524175,0.8811134097257185,0.9219748312791906,0.0,-0.7282682298829237
mnist,cut_minmax,attacked,2024,29,actual_attacker,4,25,1,1,20,0.7766487963947369,1.0000000000000007,0.9999999999990599,17.0,1.0000000000000075
mnist,cut_minmax,attacked,2024,29,actual_attacker,4,26,0,0,20,0.4249824718837268,0.8464448905085058,0.916092858949198,0.0,-0.7216122168113337
mnist,cut_minmax,attacked,2024,29,actual_attacker,4,27,0,0,20,0.4577127792411096,0.8969792267013972,0.8917304881996592,0.0,-0.6204391117970746
mnist,cut_minmax,attacked,2024,29,actual_attacker,4,28,0,0,20,0.5418159923004301,0.5913631160168361,0.7937855775801149,0.0,-0.19842979427041602
mnist,cut_minmax,attacked,2024,29,actual_attacker,4,29,0,0,3555,0.6993537075410536,0.42899961176347645,0.7866784597708523,0.0,0.1102269228144058
mnist,cut_minmax,attacked,2024,29,actual_attacker,4,30,0,0,20,0.4598808006927202,0.894170749159432,0.8927697305460846,0.0,-0.622119542074635
mnist,cut_minmax,attacked,2024,29,actual_attacker,4,31,1,1,20,0.7766487963947369,1.0000000000000007,0.9999999999990599,17.0,1.0000000000000075
mnist,cut_minmax,attacked,2024,29,actual_attacker,4,32,0,0,20,0.47431286650399246,0.9184064594573613,0.8805569985951108,0.0,-0.5696198830726439
mnist,cut_minmax,attacked,2024,29,actual_attacker,4,33,0,0,20,0.4447888190888021,0.8885602828561368,0.9135903370763573,0.0,-0.7012166283815764
mnist,cut_minmax,attacked,2024,29,actual_attacker,4,34,0,0,20,0.47362650803518797,0.7911349162670043,0.9074023664876599,0.0,-0.6610239106049316
mnist,cut_minmax,attacked,2024,29,actual_attacker,4,35,0,0,35,0.8597460215579142,0.7235408359573363,0.8524649548153581,0.0,0.06913128964643209
mnist,cut_minmax,attacked,2024,29,actual_attacker,4,37,0,0,5088,0.8083498644375985,0.7334923525503256,0.8355864855015159,0.0,0.07726522374281124
mnist,cut_minmax,attacked,2024,29,actual_attacker,4,38,0,0,20,0.7520520442872012,0.5576287242264499,0.8188976530035678,0.0,0.06006713745874449
mnist,cut_minmax,attacked,2024,29,actual_attacker,4,39,0,0,20,0.5256588257099429,0.8002744420936037,0.839674427939392,0.0,-0.37666876007171723
mnist,cut_minmax,attacked,2024,29,actual_attacker,4,40,0,0,20,0.40365156148704046,0.8716841420677899,0.9163410337366097,0.0,-0.7351520389530911
mnist,cut_minmax,attacked,2024,29,actual_attacker,4,41,0,0,20,0.4325019068991302,0.8880875843548728,0.9284024996822389,0.0,-0.75672414632892
mnist,cut_minmax,attacked,2024,29,actual_attacker,4,42,1,1,20,0.7766487963947369,1.0000000000000007,0.9999999999990599,17.0,1.0000000000000075
mnist,cut_minmax,attacked,2024,29,actual_attacker,4,43,0,0,37,0.7161888376165746,0.8820117675216389,0.8128259359841272,0.0,0.021375389620868504
mnist,cut_minmax,attacked,2024,29,actual_attacker,4,44,0,0,916,0.754657192082959,0.5620920592013311,0.8211173783774036,0.0,0.05340282875248828
mnist,cut_minmax,attacked,2024,29,actual_attacker,4,45,0,0,20,0.42685198346312886,0.8538464596604678,0.9134556012235256,0.0,-0.7121465161675475
mnist,cut_minmax,attacked,2024,29,actual_attacker,4,46,1,1,156,0.7766487963947369,1.0000000000000007,0.9999999999990599,17.0,1.0000000000000075
mnist,cut_minmax,attacked,2024,29,actual_attacker,4,48,1,1,678,0.7766487963947369,1.0000000000000007,0.9999999999990599,17.0,1.0000000000000075
mnist,cut_minmax,attacked,2024,29,actual_attacker,4,49,0,0,20,0.6060173750008493,0.854732641710965,0.8911893105271158,0.0,-0.4882958518357875
mnist,cut_minmax,attacked,2024,29,actual_attacker,4,51,0,0,20,0.42374909858543597,0.8798131100737671,0.9273615006500115,0.0,-0.7580197962772436
mnist,cut_minmax,attacked,2024,29,actual_attacker,4,53,1,1,20,0.7766487963947369,1.0000000000000007,0.9999999999990599,17.0,1.0000000000000075
mnist,cut_minmax,attacked,2024,29,actual_attacker,4,54,1,1,20,0.7766487963947369,1.0000000000000007,0.9999999999990599,17.0,1.0000000000000075
mnist,cut_minmax,attacked,2024,29,actual_attacker,4,55,0,0,20,0.417066548780468,0.8286102743632494,0.9052709109343501,0.0,-0.6930921808212804
mnist,cut_minmax,attacked,2024,29,actual_attacker,4,56,0,0,20,0.4387859095590227,0.8914871568242712,0.8998058165581989,0.0,-0.6608730477868372
mnist,cut_minmax,attacked,2024,29,actual_attacker,4,57,0,0,533,0.7282064723537321,0.9030620630581063,0.8194032131077639,0.0,0.011636592073394444
mnist,cut_minmax,attacked,2024,29,actual_attacker,4,58,1,1,20,0.7766487963947369,1.0000000000000007,0.9999999999990599,17.0,1.0000000000000075
mnist,cut_minmax,attacked,2024,29,actual_attacker,4,59,0,0,20,0.4173097660695727,0.8700369850709707,0.9228728580114879,0.0,-0.7473587146586617
mnist,cut_minmax,attacked,2024,29,actual_attacker,4,60,0,0,3223,0.750401330651638,0.5698026077722909,0.8148709647053244,0.0,0.07801877968302562
mnist,cut_minmax,attacked,2024,29,actual_attacker,4,61,1,1,20,0.7766487963947369,1.0000000000000007,0.9999999999990599,17.0,1.0000000000000075
mnist,cut_minmax,attacked,2024,29,actual_attacker,4,62,0,0,20,0.4546014623900232,0.8519488384732344,0.9370298325510893,0.0,-0.7743776755058674
mnist,cut_minmax,attacked,2024,29,actual_attacker,4,63,0,0,283,0.7031549973815385,0.8407343284749279,0.8868035851501409,0.0,-0.36634423134104277
mnist,cut_minmax,attacked,2024,29,actual_attacker,4,64,0,0,20,0.44563787259229837,0.5792108147255108,0.8095561638258691,0.0,-0.3817652642993311
mnist,cut_minmax,attacked,2024,29,actual_attacker,4,65,1,1,5315,0.7766487963947369,1.0000000000000007,0.9999999999990599,17.0,1.0000000000000075
mnist,cut_minmax,attacked,2024,29,actual_attacker,4,66,0,0,113,0.734073978153649,0.90385703369586,0.8313673962733649,0.0,-0.03828667119243232
mnist,cut_minmax,attacked,2024,29,actual_attacker,4,67,0,0,20,0.42552364210411336,0.8622601640644326,0.9222570635044643,0.0,-0.7408006111401266
mnist,cut_minmax,attacked,2024,29,actual_attacker,4,68,1,1,20,0.7766487963947369,1.0000000000000007,0.9999999999990599,17.0,1.0000000000000075
mnist,cut_minmax,attacked,2024,29,actual_attacker,4,69,0,0,20,0.41333470092276314,0.8775919393621143,0.920394181581945,0.0,-0.7418970349007811
mnist,cut_minmax,attacked,2024,29,actual_attacker,4,70,0,0,5312,0.7496015159254144,0.9695431721823967,0.8576483600544974,0.0,-0.1515235240689117
mnist,cut_minmax,attacked,2024,29,actual_attacker,4,71,0,0,20,0.48477405175457583,0.8985675765317997,0.8832482048707395,0.0,-0.5694210189396534
mnist,cut_minmax,attacked,2024,29,actual_attacker,4,73,0,0,242,0.7142398614652962,0.967319961411415,0.849214675225433,0.0,-0.16091375279419837
mnist,cut_minmax,attacked,2024,29,actual_attacker,4,74,0,0,288,0.8187216433508026,0.7291832251210699,0.8386865344086831,0.0,0.07884185111089892
mnist,cut_minmax,attacked,2024,29,actual_attacker,4,75,1,1,20,0.7766487963947369,1.0000000000000007,0.9999999999990599,17.0,1.0000000000000075
mnist,cut_minmax,attacked,2024,29,actual_attacker,4,76,1,1,20,0.7766487963947369,1.0000000000000007,0.9999999999990599,17.0,1.0000000000000075
mnist,cut_minmax,attacked,2024,29,actual_attacker,4,77,0,0,20,0.4473191107538425,0.8540715886245067,0.900138882243784,0.0,-0.6557164374975272
mnist,cut_minmax,attacked,2024,29,actual_attacker,4,78,0,0,20,0.7348015448795541,0.2514045459174001,0.8136312316734863,0.0,0.0533012362832373
mnist,cut_minmax,attacked,2024,29,actual_attacker,4,79,0,0,20,0.41321134177246943,0.8489350198155924,0.8907153354456272,0.0,-0.651927454440689
mnist,cut_minmax,attacked,2024,29,actual_attacker,4,80,0,0,193,0.6958950283124341,0.5850803105461682,0.7935548025557494,0.0,0.07190884759735361
mnist,cut_minmax,attacked,2024,29,actual_attacker,4,81,0,0,662,0.715047427389346,0.8990967651397813,0.8242447611090585,0.0,-0.03618131847572998
mnist,cut_minmax,attacked,2024,29,actual_attacker,4,82,0,0,20,0.4145299232106908,0.8774172325768805,0.9220122807156694,0.0,-0.7462320578965431
mnist,cut_minmax,attacked,2024,29,actual_attacker,4,83,0,0,20,0.4234390354390609,0.6142786353905878,0.8377908687280489,0.0,-0.48837868426019515
mnist,cut_minmax,attacked,2024,29,actual_attacker,4,84,0,0,305,0.7001433989367216,0.8401609958492949,0.8866041212351887,0.0,-0.3687105195372354
mnist,cut_minmax,attacked,2024,29,actual_attacker,4,85,0,0,50,0.7246390757396803,0.4232182745292562,0.7955393351014226,0.0,0.12228213784530062
mnist,cut_minmax,attacked,2024,29,actual_attacker,4,86,0,0,20,0.4441257956376119,0.8781312560029025,0.9314559751582939,0.0,-0.7607066626361407
mnist,cut_minmax,attacked,2024,29,actual_attacker,4,87,0,0,20,0.6965718729599859,0.9477100095953276,0.8387233428104691,0.0,-0.13678377883562454
mnist,cut_minmax,attacked,2024,29,actual_attacker,4,88,0,0,1103,0.742725852317027,0.9016397214961762,0.8333951452746861,0.0,-0.033573719638927885
mnist,cut_minmax,attacked,2024,29,actual_attacker,4,89,1,1,86,0.7766487963947369,1.0000000000000007,0.9999999999990599,17.0,1.0000000000000075
mnist,cut_minmax,attacked,2024,29,actual_attacker,4,90,0,0,20,0.44636617874454393,0.8415361156832326,0.9019060045806913,0.0,-0.6621235227225519
mnist,cut_minmax,attacked,2024,29,actual_attacker,4,91,0,0,20,0.6936969066811449,0.9220604545184244,0.8482116830346317,0.0,-0.1866015135489229
mnist,cut_minmax,attacked,2024,29,actual_attacker,4,92,0,0,515,0.7292745540529234,0.9048872337445977,0.8298684575864255,0.0,-0.0390757283581742
mnist,cut_minmax,attacked,2024,29,actual_attacker,4,93,0,0,1843,0.7471576408761672,0.5730318507233696,0.816033759712511,0.0,0.06540701409399577
mnist,cut_minmax,attacked,2024,29,actual_attacker,4,95,0,0,20,0.7134713787563971,0.9466289517941593,0.8458085064916873,0.0,-0.1450696788366644
mnist,cut_minmax,attacked,2024,29,actual_attacker,4,97,0,0,76,0.7224130890793309,0.8968698221435674,0.8148783001412204,0.0,0.023166628760898856
mnist,cut_minmax,attacked,2024,29,actual_attacker,4,99,0,0,20,0.36340952175652075,0.7283286526507269,0.8660757679737463,0.0,-0.6234843468360878
mnist,cut_minmax,attacked,42,0,actual_attacker,5,0,0,0,3774,0.695709214894305,0.7444124210961973,0.061805427403722156,0.0,0.04854850961982886
mnist,cut_minmax,attacked,42,0,actual_attacker,5,1,1,1,20,0.3876112231440043,1.0000000000000002,0.9999999999999677,17.0,1.000000000000013
mnist,cut_minmax,attacked,42,0,actual_attacker,5,2,0,0,245,0.686803050884221,0.7442451063107325,0.05395370106806858,0.0,0.04085217545988244
mnist,cut_minmax,attacked,42,0,actual_attacker,5,3,0,0,20,0.6963308382256796,0.9142518686594814,-0.898575478746898,0.0,-0.9011981892490215
mnist,cut_minmax,attacked,42,0,actual_attacker,5,4,0,0,138,0.6515711485693528,0.9123799660022665,-0.862535320031664,0.0,-0.8657912393087616
mnist,cut_minmax,attacked,42,0,actual_attacker,5,5,1,1,20,0.3876112231440043,1.0000000000000002,0.9999999999999677,17.0,1.000000000000013
mnist,cut_minmax,attacked,42,0,actual_attacker,5,6,0,0,3232,0.7291481773253127,0.8187523547401192,0.028743426995797534,0.0,0.014795863844046922
mnist,cut_minmax,attacked,42,0,actual_attacker,5,7,0,0,151,0.7404781086612529,0.2660967222512585,0.13453360240776996,0.0,0.12065125588752378
mnist,cut_minmax,attacked,42,0,actual_attacker,5,8,0,0,20,0.699933870797942,0.9047017998707849,-0.8873750682036794,0.0,-0.8902847988317194
mnist,cut_minmax,attacked,42,0,actual_attacker,5,9,0,0,111,0.662492116633345,0.7305674318655317,0.12374794589346291,0.0,0.11128731519393825
mnist,cut_minmax,attacked,42,0,actual_attacker,5,10,0,0,20,0.7901974123674701,0.9269122875574262,-0.8863702101784627,0.0,-0.8896920494429313
mnist,cut_minmax,attacked,42,0,actual_attacker,5,11,0,0,205,0.721867994923603,0.9228961850731044,-0.008802683199116066,0.0,-0.02263396682717049
mnist,cut_minmax,attacked,42,0,actual_attacker,5,12,0,0,53,0.7693256796252457,0.7079640499968717,-0.2444927051742449,0.0,-0.2584406035156241
mnist,cut_minmax,attacked,42,0,actual_attacker,5,13,0,0,220,0.7378393420271111,0.5731695804529542,0.03659438534014712,0.0,0.02249041059018334
mnist,cut_minmax,attacked,42,0,actual_attacker,5,14,0,0,20,0.626477916296194,0.8507636586142298,-0.8469794002509631,0.0,-0.8504313404565612
mnist,cut_minmax,attacked,42,0,actual_attacker,5,15,0,0,20,0.7297375908947166,0.9105409563320859,-0.8917219676563612,0.0,-0.8946482629387208
mnist,cut_minmax,attacked,42,0,actual_attacker,5,16,0,0,20,0.6784471749739088,0.9018124268487169,-0.8877166909757286,0.0,-0.8905271800975056
mnist,cut_minmax,attacked,42,0,actual_attacker,5,17,0,0,142,0.7244218447201789,0.9144052414773552,-0.03326085194197145,0.0,-0.04713526771460763
mnist,cut_minmax,attacked,42,0,actual_attacker,5,18,0,0,20,0.7118281013190804,0.9124310948147085,-0.9014620778550996,0.0,-0.9040722694956653
mnist,cut_minmax,attacked,42,0,actual_attacker,5,19,0,0,20,0.7045307812826743,0.5736755859222195,0.01080962920958272,0.0,-0.002681901899062832
mnist,cut_minmax,attacked,42,0,actual_attacker,5,20,0,0,5124,0.717380794641232,0.914004619204567,-0.038066664142286884,0.0,-0.051802765262922386
mnist,cut_minmax,attacked,42,0,actual_attacker,5,21,0,0,20,0.6688989819205153,0.8741444755161073,-0.8631334567606218,0.0,-0.866464292889361
mnist,cut_minmax,attacked,42,0,actual_attacker,5,22,0,0,20,0.6255555317956463,0.847513834868758,-0.8457763470989084,0.0,-0.8492478598321482
mnist,cut_minmax,attacked,42,0,actual_attacker,5,23,0,0,20,0.7426205809725391,0.9061352296276943,-0.8526049263109625,0.0,-0.8565727692035066
mnist,cut_minmax,attacked,42,0,actual_attacker,5,25,0,0,20,0.6639499508689007,0.8944853754683402,-0.8920824162815245,0.0,-0.8947310702833187
mnist,cut_minmax,attacked,42,0,actual_attacker,5,26,0,0,20,0.7256974349451074,0.9009431940493975,-0.8713812655072316,0.0,-0.8747987992021604
mnist,cut_minmax,attacked,42,0,actual_attacker,5,27,0,0,516,0.7426065550988767,0.2637974553653108,0.11014726478981407,0.0,0.09613174937853594
mnist,cut_minmax,attacked,42,0,actual_attacker,5,28,1,1,20,0.3876112231440043,1.0000000000000002,0.9999999999999677,17.0,1.000000000000013
mnist,cut_minmax,attacked,42,0,actual_attacker,5,29,0,0,1271,0.7290583720491295,0.922495407492636,-0.0072591396547800665,0.0,-0.021228295385802193
mnist,cut_minmax,attacked,42,0,actual_attacker,5,30,0,0,137,0.7603350431557944,0.7139741938281423,-0.25225455357856663,0.0,-0.26598429184661865
mnist,cut_minmax,attacked,42,0,actual_attacker,5,31,0,0,20,0.6024186061804647,0.743253264773531,-0.507426237271123,0.0,-0.5160819603372098
mnist,cut_minmax,attacked,42,0,actual_attacker,5,32,0,0,20,0.7154432107114833,0.9171838827744448,-0.8976322582984573,0.0,-0.9003522522571908
mnist,cut_minmax,attacked,42,0,actual_attacker,5,33,1,1,20,0.3876112231440043,1.0000000000000002,0.9999999999999677,17.0,1.000000000000013
mnist,cut_minmax,attacked,42,0,actual_attacker,5,34,0,0,20,0.6988681920159779,0.9090881053182022,-0.863931880796886,0.0,-0.8673963690093515
mnist,cut_minmax,attacked,42,0,actual_attacker,5,39,0,0,20,0.7066090361287066,0.8813753556845138,-0.8703946351489322,0.0,-0.8737439825861041
mnist,cut_minmax,attacked,42,0,actual_attacker,5,40,0,0,2966,0.6773264430477342,0.26281794837975514,0.12659815121595397,0.0,0.11386893163484908
mnist,cut_minmax,attacked,42,0,actual_attacker,5,41,1,1,20,0.3876112231440043,1.0000000000000002,0.9999999999999677,17.0,1.000000000000013
mnist,cut_minmax,attacked,42,0,actual_attacker,5,44,1,1,20,0.3876112231440043,1.0000000000000002,0.9999999999999677,17.0,1.000000000000013
mnist,cut_minmax,attacked,42,0,actual_attacker,5,45,0,0,219,0.7113217866552118,0.8203156813468923,0.02206439901226665,0.0,0.00845138573017044
mnist,cut_minmax,attacked,42,0,actual_attacker,5,46,1,1,20,0.3876112231440043,1.0000000000000002,0.9999999999999677,17.0,1.000000000000013
mnist,cut_minmax,attacked,42,0,actual_attacker,5,47,0,0,20,0.6762197139115204,0.9003427669365663,-0.8901819421750763,0.0,-0.8929252356863184
mnist,cut_minmax,attacked,42,0,actual_attacker,5,48,0,0,280,0.7104976998357557,0.9150622059135524,-0.032791488888889365,0.0,-0.04639878913561467
mnist,cut_minmax,attacked,42,0,actual_attacker,5,49,1,1,2759,0.3876112231440043,1.0000000000000002,0.9999999999999677,17.0,1.000000000000013
mnist,cut_minmax,attacked,42,0,actual_attacker,5,50,0,0,20,0.7274563488458616,0.918429954166083,-0.8946505790719772,0.0,-0.8974932116168196
mnist,cut_minmax,attacked,42,0,actual_attacker,5,51,0,0,56,0.5762431592361184,0.7633083306435278,-0.1617859373217487,0.0,-0.1725669721197266
mnist,cut_minmax,attacked,42,0,actual_attacker,5,52,0,0,50,0.7598419467935998,0.5762068624476064,0.03995753506776574,0.0,0.025437531676972814
mnist,cut_minmax,attacked,42,0,actual_attacker,5,53,0,0,20,0.7303594239803922,0.9237767891679896,-0.8733409187785468,0.0,-0.8767321956339105
mnist,cut_minmax,attacked,42,0,actual_attacker,5,54,0,0,20,0.7140055218860749,0.9126636644711077,-0.882260205497951,0.0,-0.8853558264207954
mnist,cut_minmax,attacked,42,0,actual_attacker,5,56,1,1,24,0.3876112231440043,1.0000000000000002,0.9999999999999677,17.0,1.000000000000013
mnist,cut_minmax,attacked,42,0,actual_attacker,5,57,0,0,20,0.6886401982537002,0.29969401763290265,-0.06992570717301329,0.0,-0.0830744350304259
mnist,cut_minmax,attacked,42,0,actual_attacker,5,58,1,1,20,0.3876112231440043,1.0000000000000002,0.9999999999999677,17.0,1.000000000000013
mnist,cut_minmax,attacked,42,0,actual_attacker,5,59,0,0,2558,0.7220052598749781,0.7244493471722157,0.12307899416859469,0.0,0.10949792951969109
mnist,cut_minmax,attacked,42,0,actual_attacker,5,60,0,0,6145,0.6558751681377454,0.9362422427792438,-0.9313457458220633,0.0,-0.9330457882377772
mnist,cut_minmax,attacked,42,0,actual_attacker,5,61,0,0,20,0.6849365469079047,0.8997013186114964,-0.8785333390074549,0.0,-0.881587836224831
mnist,cut_minmax,attacked,42,0,actual_attacker,5,62,0,0,379,0.7066306422698394,0.7234979041050219,0.12482298349761319,0.0,0.1115371740554276
mnist,cut_minmax,attacked,42,0,actual_attacker,5,63,0,0,94,0.7185838641489758,0.8156119732967886,0.023973294011681207,0.0,0.010222974895135411
mnist,cut_minmax,attacked,42,0,actual_attacker,5,64,0,0,20,0.6811750858628463,0.8773650216713339,-0.8486573377672725,0.0,-0.852379124802687
mnist,cut_minmax,attacked,42,0,actual_attacker,5,65,1,1,163,0.3876112231440043,1.0000000000000002,0.9999999999999677,17.0,1.000000000000013
mnist,cut_minmax,attacked,42,0,actual_attacker,5,66,0,0,20,0.7116616381661331,0.9005045895543329,-0.8666668778398217,0.0,-0.8701305239206536
mnist,cut_minmax,attacked,42,0,actual_attacker,5,67,0,0,2111,0.5282615189587427,0.7026261185194465,0.021498729658770598,0.0,0.011391417921866976
mnist,cut_minmax,attacked,42,0,actual_attacker,5,68,0,0,142,0.6129090959824859,0.7466618557710647,0.048667103148221515,0.0,0.03696794384983405
mnist,cut_minmax,attacked,42,0,actual_attacker,5,70,1,1,20,0.3876112231440043,1.0000000000000002,0.9999999999999677,17.0,1.000000000000013
mnist,cut_minmax,attacked,42,0,actual_attacker,5,71,1,1,20,0.3876112231440043,1.0000000000000002,0.9999999999999677,17.0,1.000000000000013
mnist,cut_minmax,attacked,42,0,actual_attacker,5,72,0,0,254,0.8216420851141156,0.9471073528193543,-0.889413740025853,0.0,-0.8927842826300912
mnist,cut_minmax,attacked,42,0,actual_attacker,5,73,1,1,308,0.3876112231440043,1.0000000000000002,0.9999999999999677,17.0,1.000000000000013
mnist,cut_minmax,attacked,42,0,actual_attacker,5,74,0,0,628,0.7059795033468848,0.7429559888225958,0.05740004124445296,0.0,0.04393884104686962
mnist,cut_minmax,attacked,42,0,actual_attacker,5,75,0,0,341,0.619583243787927,0.810112530373116,0.03633467428799781,0.0,0.024492556293796788
mnist,cut_minmax,attacked,42,0,actual_attacker,5,76,0,0,20,0.5650706585633931,0.8061104348372252,-0.8076825537565935,0.0,-0.811502648064044
mnist,cut_minmax,attacked,42,0,actual_attacker,5,77,1,1,20,0.3876112231440043,1.0000000000000002,0.9999999999999677,17.0,1.000000000000013
mnist,cut_minmax,attacked,42,0,actual_attacker,5,78,1,1,20,0.3876112231440043,1.0000000000000002,0.9999999999999677,17.0,1.000000000000013
mnist,cut_minmax,attacked,42,0,actual_attacker,5,79,0,0,20,0.7124176985635076,0.9177560805859727,-0.8920166808856297,0.0,-0.8948646544696727
mnist,cut_minmax,attacked,42,0,actual_attacker,5,81,0,0,851,0.5771921328407391,0.7825467856268931,0.016408535482672258,0.0,0.005361113301979518
mnist,cut_minmax,attacked,42,0,actual_attacker,5,82,0,0,20,0.7523603701145722,0.6929796345962003,-0.23227305067533124,0.0,-0.24599108721894006
mnist,cut_minmax,attacked,42,0,actual_attacker,5,83,0,0,20,0.7634244421812544,0.9157369167933762,-0.8516095392823656,0.0,-0.8557163709881446
mnist,cut_minmax,attacked,42,0,actual_attacker,5,84,0,0,20,0.7991569735053207,0.9350338627600987,-0.8881022485747695,0.0,-0.8914146631812556
mnist,cut_minmax,attacked,42,0,actual_attacker,5,85,0,0,24,0.6008397087638855,0.8378085791464477,0.015080751100793781,0.0,0.0035794998049367274
mnist,cut_minmax,attacked,42,0,actual_attacker,5,86,0,0,20,0.7083521687484075,0.9084204208839551,-0.8896687576104032,0.0,-0.89255793346141
mnist,cut_minmax,attacked,42,0,actual_attacker,5,87,1,1,989,0.3876112231440043,1.0000000000000002,0.9999999999999677,17.0,1.000000000000013
mnist,cut_minmax,attacked,42,0,actual_attacker,5,88,0,0,279,0.7127892702312212,0.7188611448684089,0.12352917469593115,0.0,0.1101229183760303
mnist,cut_minmax,attacked,42,0,actual_attacker,5,89,0,0,20,0.7224341779219224,0.9047715678962257,-0.8872203782866775,0.0,-0.8902296371037864
mnist,cut_minmax,attacked,42,0,actual_attacker,5,90,1,1,20,0.3876112231440043,1.0000000000000002,0.9999999999999677,17.0,1.000000000000013
mnist,cut_minmax,attacked,42,0,actual_attacker,5,91,0,0,2856,0.7510413742313897,0.5789516976379576,0.04198336294833741,0.0,0.027634834164455956
mnist,cut_minmax,attacked,42,0,actual_attacker,5,92,0,0,20,0.7511410226976106,0.9236862567793958,-0.8856595684122849,0.0,-0.888831820892027
mnist,cut_minmax,attacked,42,0,actual_attacker,5,93,0,0,368,0.7389640633242376,0.8178040551173236,0.028623915773012532,0.0,0.014488220386557924
mnist,cut_minmax,attacked,42,0,actual_attacker,5,94,0,0,589,0.7120823554777735,0.9168172811684393,-0.03463946303262247,0.0,-0.048276101643435466
mnist,cut_minmax,attacked,42,0,actual_attacker,5,95,0,0,20,0.7399926819115524,0.9074045944957293,-0.8747226875998214,0.0,-0.878124844291814
mnist,cut_minmax,attacked,42,0,actual_attacker,5,96,0,0,586,0.6951209470718115,0.9187362075440232,-0.0003725338291451459,0.0,-0.013688688506206428
mnist,cut_minmax,attacked,42,0,actual_attacker,5,97,0,0,40,0.7333089797864276,0.9132563408301287,-0.0031479992464773336,0.0,-0.01719792618587875
mnist,cut_minmax,attacked,42,0,actual_attacker,5,98,0,0,20,0.6865943100146471,0.901740466716898,-0.8379441230157595,0.0,-0.8419374891084217
mnist,cut_minmax,attacked,42,0,actual_attacker,5,99,0,0,20,0.5157919820408363,0.7463346018535014,-0.7326838821804089,0.0,-0.7373170975155626
mnist,cut_minmax,attacked,42,9,actual_attacker,5,1,1,1,20,0.7461418915845878,1.0,-0.9999999999999338,17.0,0.999999999999994
mnist,cut_minmax,attacked,42,9,actual_attacker,5,2,0,0,245,0.6949390257905242,0.5573030120538068,0.3971758887952004,0.0,0.08224572823144535
mnist,cut_minmax,attacked,42,9,actual_attacker,5,4,0,0,138,0.36797564676190353,0.7837816584128673,0.7328372667962711,0.0,-0.5909430605954907
mnist,cut_minmax,attacked,42,9,actual_attacker,5,5,1,1,20,0.7461418915845878,1.0,-0.9999999999999338,17.0,0.999999999999994
mnist,cut_minmax,attacked,42,9,actual_attacker,5,6,0,0,3232,0.7788047303792962,0.8677103480690892,0.49451575715858126,0.0,0.009277232390245187
mnist,cut_minmax,attacked,42,9,actual_attacker,5,7,0,0,151,0.8206091908230604,0.292204427868654,0.38979275126446783,0.0,0.18609098939494562
mnist,cut_minmax,attacked,42,9,actual_attacker,5,8,0,0,20,0.42126234020522507,0.8360282792403556,0.7837866843840771,0.0,-0.6448885028069178
mnist,cut_minmax,attacked,42,9,actual_attacker,5,9,0,0,111,0.7260237999135836,0.7665197188431203,0.49324322185727953,0.0,-0.026737446385213054
mnist,cut_minmax,attacked,42,9,actual_attacker,5,10,0,0,20,0.4051160757592559,0.9026900308119696,0.7594178358045093,0.0,-0.6142564916302782
mnist,cut_minmax,attacked,42,9,actual_attacker,5,11,0,0,205,0.7591610089627423,0.8539767018793343,0.5108622749545939,0.0,-0.029056784733104017
mnist,cut_minmax,attacked,42,9,actual_attacker,5,12,0,0,53,0.7127609950373256,0.6890817880429534,0.6161902661586209,0.0,-0.22566572351645983
mnist,cut_minmax,attacked,42,9,actual_attacker,5,13,0,0,220,0.7971516521164302,0.9709729698985594,0.5628926694225753,0.0,-0.08311601749468592
mnist,cut_minmax,attacked,42,9,actual_attacker,5,15,0,0,20,0.43072629801623313,0.8570412958391685,0.8021872656294641,0.0,-0.6700202184782292
mnist,cut_minmax,attacked,42,9,actual_attacker,5,16,0,0,20,0.4044113594943876,0.8223342265227644,0.7802321498013243,0.0,-0.6457906989672909
mnist,cut_minmax,attacked,42,9,actual_attacker,5,17,0,0,142,0.7161390912205595,0.9372069226701871,0.5647737620028832,0.0,-0.14114953041465952
mnist,cut_minmax,attacked,42,9,actual_attacker,5,19,0,0,20,0.736535876744165,0.9353902477260343,0.5491208573143405,0.0,-0.1030142843993598
mnist,cut_minmax,attacked,42,9,actual_attacker,5,20,0,0,5124,0.7008345724430025,0.9389884952392726,0.5604233321708746,0.0,-0.1446728103859663
mnist,cut_minmax,attacked,42,9,actual_attacker,5,21,0,0,20,0.42112717230702945,0.8137740124104293,0.7787424171598399,0.0,-0.637199598204269
mnist,cut_minmax,attacked,42,9,actual_attacker,5,22,0,0,20,0.37940353178634945,0.6583929818812833,0.7497197515965223,0.0,-0.6104344276206513
mnist,cut_minmax,attacked,42,9,actual_attacker,5,23,0,0,20,0.41125582645214565,0.8200149806931908,0.7143779127050338,0.0,-0.5450665229571582
mnist,cut_minmax,attacked,42,9,actual_attacker,5,24,0,0,20,0.3862312384437546,0.8189886876181045,0.7958381382884642,0.0,-0.6758731217211614
mnist,cut_minmax,attacked,42,9,actual_attacker,5,25,0,0,20,0.39325502025525083,0.8192217926128622,0.7881784879391707,0.0,-0.6618770059814272
mnist,cut_minmax,attacked,42,9,actual_attacker,5,26,0,0,20,0.42954782148016646,0.8297511933062894,0.7556234847061588,0.0,-0.5985547067241359
mnist,cut_minmax,attacked,42,9,actual_attacker,5,27,0,0,516,0.8027265942988253,0.41314112098367667,0.4568472758402245,0.0,0.08126719501557458
mnist,cut_minmax,attacked,42,9,actual_attacker,5,28,1,1,20,0.7461418915845878,1.0,-0.9999999999999338,17.0,0.999999999999994
mnist,cut_minmax,attacked,42,9,actual_attacker,5,29,0,0,1271,0.7453609079719272,0.851776417066245,0.5038898275891519,0.0,-0.028521716802280005
mnist,cut_minmax,attacked,42,9,actual_attacker,5,31,0,0,20,0.529812816054163,0.8439504571288003,0.6243154510227894,0.0,-0.3495024465683709
mnist,cut_minmax,attacked,42,9,actual_attacker,5,32,0,0,20,0.41916853439584023,0.8453404834002912,0.7667502213857774,0.0,-0.6196729551755085
mnist,cut_minmax,attacked,42,9,actual_attacker,5,33,1,1,20,0.7461418915845878,1.0,-0.9999999999999338,17.0,0.999999999999994
mnist,cut_minmax,attacked,42,9,actual_attacker,5,34,0,0,20,0.37998292591747995,0.8173326109196903,0.7015007905585688,0.0,-0.5410693778348776
mnist,cut_minmax,attacked,42,9,actual_attacker,5,35,0,0,84,0.8025156549859577,0.9676829725911297,0.5596295763651914,0.0,-0.07417046723120721
mnist,cut_minmax,attacked,42,9,actual_attacker,5,36,0,0,3089,0.6660780291954024,0.6033430139016402,0.3954576357236683,0.0,0.06308814319709173
mnist,cut_minmax,attacked,42,9,actual_attacker,5,37,0,0,20,0.3892563135213343,0.8538187752673059,0.7654654572876851,0.0,-0.6295466703674631
mnist,cut_minmax,attacked,42,9,actual_attacker,5,39,0,0,20,0.4691884041929539,0.8354938935321912,0.7913873772894261,0.0,-0.6389209039828088
mnist,cut_minmax,attacked,42,9,actual_attacker,5,40,0,0,2966,0.785474597400622,0.2818677831592891,0.38126535142623785,0.0,0.17061985324582385
mnist,cut_minmax,attacked,42,9,actual_attacker,5,41,1,1,20,0.7461418915845878,1.0,-0.9999999999999338,17.0,0.999999999999994
mnist,cut_minmax,attacked,42,9,actual_attacker,5,42,0,0,748,0.7924774401160096,0.77363182031891,0.5221438718691638,0.0,-0.022434252878664174
mnist,cut_minmax,attacked,42,9,actual_attacker,5,43,0,0,20,0.4389549229513668,0.8992107942704397,0.7411054092969599,0.0,-0.5724898326294516
mnist,cut_minmax,attacked,42,9,actual_attacker,5,44,1,1,20,0.7461418915845878,1.0,-0.9999999999999338,17.0,0.999999999999994
mnist,cut_minmax,attacked,42,9,actual_attacker,5,45,0,0,219,0.7363517616906303,0.8685022312942797,0.4770354411403772,0.0,0.003990189115684878
mnist,cut_minmax,attacked,42,9,actual_attacker,5,46,1,1,20,0.7461418915845878,1.0,-0.9999999999999338,17.0,0.999999999999994
mnist,cut_minmax,attacked,42,9,actual_attacker,5,47,0,0,20,0.40448948508907756,0.8308871033706036,0.794782318909024,0.0,-0.6678356872856842
mnist,cut_minmax,attacked,42,9,actual_attacker,5,48,0,0,280,0.7187029075905287,0.9374105382076475,0.5691947845039474,0.0,-0.14634507157777743
mnist,cut_minmax,attacked,42,9,actual_attacker,5,49,1,1,2759,0.7461418915845878,1.0,-0.9999999999999338,17.0,0.999999999999994
mnist,cut_minmax,attacked,42,9,actual_attacker,5,52,0,0,50,0.8034180068199782,0.9667850681366845,0.5567508986880153,0.0,-0.068928891765173
mnist,cut_minmax,attacked,42,9,actual_attacker,5,53,0,0,20,0.41829483175010457,0.8819658072028898,0.7645999202367822,0.0,-0.6167597010546937
mnist,cut_minmax,attacked,42,9,actual_attacker,5,54,0,0,20,0.43815316104167257,0.8601546581529986,0.785726108817716,0.0,-0.6415631535177242
mnist,cut_minmax,attacked,42,9,actual_attacker,5,55,0,0,20,0.4076429301075634,0.8303209754891787,0.8070735535716499,0.0,-0.6855633048955934
mnist,cut_minmax,attacked,42,9,actual_attacker,5,56,1,1,24,0.7461418915845878,1.0,-0.9999999999999338,17.0,0.999999999999994
mnist,cut_minmax,attacked,42,9,actual_attacker,5,57,0,0,20,0.722780231817281,0.39984851941040356,0.4895313231394585,0.0,-0.02368931080038044
mnist,cut_minmax,attacked,42,9,actual_attacker,5,58,1,1,20,0.7461418915845878,1.0,-0.9999999999999338,17.0,0.999999999999994
mnist,cut_minmax,attacked,42,9,actual_attacker,5,60,0,0,6145,0.3668507666319382,0.8820940349452222,0.8070869713926168,0.0,-0.6992278883865309
mnist,cut_minmax,attacked,42,9,actual_attacker,5,61,0,0,20,0.44051343908768364,0.8391293943014005,0.7791060019044588,0.0,-0.6303354976778207
mnist,cut_minmax,attacked,42,9,actual_attacker,5,62,0,0,379,0.7990164986595573,0.7697937847247494,0.5183329135579505,0.0,-0.011951050330469445
mnist,cut_minmax,attacked,42,9,actual_attacker,5,63,0,0,94,0.7784432365321345,0.8677867062695803,0.4893180426279354,0.0,0.016657752142430277
mnist,cut_minmax,attacked,42,9,actual_attacker,5,64,0,0,20,0.46742928251137456,0.8110840692813082,0.7589653436566989,0.0,-0.5879723768257523
mnist,cut_minmax,attacked,42,9,actual_attacker,5,65,1,1,163,0.7461418915845878,1.0,-0.9999999999999338,17.0,0.999999999999994
mnist,cut_minmax,attacked,42,9,actual_attacker,5,66,0,0,20,0.3934944417318202,0.7962025732340527,0.7407188760955866,0.0,-0.5914382305940016
mnist,cut_minmax,attacked,42,9,actual_attacker,5,67,0,0,2111,0.5526416650208676,0.6464712434510953,0.3637425314407379,0.0,0.019321972135727134
mnist,cut_minmax,attacked,42,9,actual_attacker,5,68,0,0,142,0.6479269644338311,0.5970754655040084,0.3774608903411297,0.0,0.07257551187410148
mnist,cut_minmax,attacked,42,9,actual_attacker,5,70,1,1,20,0.7461418915845878,1.0,-0.9999999999999338,17.0,0.999999999999994
mnist,cut_minmax,attacked,42,9,actual_attacker,5,71,1,1,20,0.7461418915845878,1.0,-0.9999999999999338,17.0,0.999999999999994
mnist,cut_minmax,attacked,42,9,actual_attacker,5,72,0,0,254,0.42445880126768787,0.9195493759680133,0.7403494235235204,0.0,-0.5776291520392082
mnist,cut_minmax,attacked,42,9,actual_attacker,5,73,1,1,308,0.7461418915845878,1.0,-0.9999999999999338,17.0,0.999999999999994
mnist,cut_minmax,attacked,42,9,actual_attacker,5,74,0,0,628,0.7436341660905893,0.5606685612240982,0.4163001650003977,0.0,0.09324539516784837
mnist,cut_minmax,attacked,42,9,actual_attacker,5,75,0,0,341,0.6648275612781303,0.8404689622178398,0.4434326171677809,0.0,-0.0011034439095992316
mnist,cut_minmax,attacked,42,9,actual_attacker,5,76,0,0,20,0.4184605943033931,0.6304870313938036,0.7414382782127448,0.0,-0.5818430712833929
mnist,cut_minmax,attacked,42,9,actual_attacker,5,77,1,1,20,0.7461418915845878,1.0,-0.9999999999999338,17.0,0.999999999999994
mnist,cut_minmax,attacked,42,9,actual_attacker,5,78,1,1,20,0.7461418915845878,1.0,-0.9999999999999338,17.0,0.999999999999994
mnist,cut_minmax,attacked,42,9,actual_attacker,5,79,0,0,20,0.4302681440634657,0.8560813389818372,0.7770504804647793,0.0,-0.6310943051984592
mnist,cut_minmax,attacked,42,9,actual_attacker,5,80,0,0,2672,0.7740785147867579,0.9706424961056301,0.5588524149122668,0.0,-0.09251441253026853
mnist,cut_minmax,attacked,42,9,actual_attacker,5,81,0,0,851,0.6149254917803249,0.8179325823163683,0.5266094847358261,0.0,-0.15219437539607863
mnist,cut_minmax,attacked,42,9,actual_attacker,5,82,0,0,20,0.6992200432842383,0.671025683131694,0.6015421144678145,0.0,-0.21046588409304462
mnist,cut_minmax,attacked,42,9,actual_attacker,5,83,0,0,20,0.4581200293499214,0.9014966101213023,0.7558792663743067,0.0,-0.587037982676047
mnist,cut_minmax,attacked,42,9,actual_attacker,5,84,0,0,20,0.4345372861467119,0.8916831630357471,0.7771821589361959,0.0,-0.6296505317684907
mnist,cut_minmax,attacked,42,9,actual_attacker,5,85,0,0,24,0.6309878525542283,0.7719820792830331,0.429416532510527,0.0,-0.0069036971770011415
mnist,cut_minmax,attacked,42,9,actual_attacker,5,86,0,0,20,0.3618938617903513,0.7719607132492433,0.773781884400131,0.0,-0.6522060570245877
mnist,cut_minmax,attacked,42,9,actual_attacker,5,87,1,1,989,0.7461418915845878,1.0,-0.9999999999999338,17.0,0.999999999999994
mnist,cut_minmax,attacked,42,9,actual_attacker,5,88,0,0,279,0.7952249668375876,0.7732896066293569,0.5249937665206807,0.0,-0.02485373174498237
mnist,cut_minmax,attacked,42,9,actual_attacker,5,89,0,0,20,0.4226241778691259,0.8554259436197409,0.7899032748620177,0.0,-0.653808042416592
mnist,cut_minmax,attacked,42,9,actual_attacker,5,90,1,1,20,0.7461418915845878,1.0,-0.9999999999999338,17.0,0.999999999999994
mnist,cut_minmax,attacked,42,9,actual_attacker,5,91,0,0,2856,0.7972906373496561,0.9686622310848207,0.5673055525217172,0.0,-0.09014063982556372
mnist,cut_minmax,attacked,42,9,actual_attacker,5,92,0,0,20,0.4352852030498947,0.8878112944989891,0.781009075791064,0.0,-0.6352995931600744
mnist,cut_minmax,attacked,42,9,actual_attacker,5,93,0,0,368,0.7791143235223018,0.8710583566742166,0.49055567908455266,0.0,0.015327907242086729
mnist,cut_minmax,attacked,42,9,actual_attacker,5,94,0,0,589,0.7017108895694854,0.9388451782019303,0.5654094071801803,0.0,-0.1517941352290503
mnist,cut_minmax,attacked,42,9,actual_attacker,5,95,0,0,20,0.43098139592695067,0.8409300963918357,0.7639564020455936,0.0,-0.6106874318342188
mnist,cut_minmax,attacked,42,9,actual_attacker,5,96,0,0,586,0.7332475518079782,0.8522356717771655,0.5008712248297266,0.0,-0.032702792375602655
mnist,cut_minmax,attacked,42,9,actual_attacker,5,97,0,0,40,0.7580667465016735,0.845454009262354,0.49196505072567515,0.0,-0.0019200002858529726
mnist,cut_minmax,attacked,42,9,actual_attacker,5,98,0,0,20,0.4047627076104101,0.7967673505315467,0.7083852728190659,0.0,-0.5393553661621878
mnist,cut_minmax,attacked,42,9,actual_attacker,5,99,0,0,20,0.3975039817452776,0.6886889364611365,0.766409886040882,0.0,-0.6277125473503321
mnist,cut_minmax,attacked,42,29,actual_attacker,5,0,0,0,3774,0.7232772092834157,0.7579679038815691,0.9404895171332301,0.0,0.03322690215436223
mnist,cut_minmax,attacked,42,29,actual_attacker,5,1,1,1,20,0.7162243812221479,1.0,0.9999999999997381,17.0,1.0000000000000004
mnist,cut_minmax,attacked,42,29,actual_attacker,5,2,0,0,245,0.7092936964840146,0.7565600040174496,0.9383140394541688,0.0,0.03302512778953621
mnist,cut_minmax,attacked,42,29,actual_attacker,5,3,0,0,20,0.4280224807402101,0.8584392796413576,0.9596765051124067,0.0,-0.7090502655717175
mnist,cut_minmax,attacked,42,29,actual_attacker,5,4,0,0,138,0.39050053568602056,0.7802851068646086,0.9222487439112457,0.0,-0.5122193027429448
mnist,cut_minmax,attacked,42,29,actual_attacker,5,5,1,1,20,0.7162243812221479,1.0,0.9999999999997381,17.0,1.0000000000000004
mnist,cut_minmax,attacked,42,29,actual_attacker,5,6,0,0,3232,0.7798400588578135,0.5627098274411728,0.9447577778387629,0.0,0.14609145865031337
mnist,cut_minmax,attacked,42,29,actual_attacker,5,7,0,0,151,0.7993328083687461,0.2842275929164204,0.9467187124037736,0.0,0.17095539758178374
mnist,cut_minmax,attacked,42,29,actual_attacker,5,8,0,0,20,0.4266161899306819,0.8388322151202585,0.9577880939168081,0.0,-0.6970439735117563
mnist,cut_minmax,attacked,42,29,actual_attacker,5,10,0,0,20,0.4181010672420427,0.9076176054961838,0.9469387136903102,0.0,-0.631259057849934
mnist,cut_minmax,attacked,42,29,actual_attacker,5,11,0,0,205,0.7463933110871228,0.9238746253021546,0.9475793892391502,0.0,-0.056588802742119235
mnist,cut_minmax,attacked,42,29,actual_attacker,5,12,0,0,53,0.699629150457006,0.7645883311937351,0.95540060523297,0.0,-0.3127714883394778
mnist,cut_minmax,attacked,42,29,actual_attacker,5,13,0,0,220,0.789836960613843,0.9726329200239814,0.9537555707440986,0.0,-0.08258450009576856
mnist,cut_minmax,attacked,42,29,actual_attacker,5,14,0,0,20,0.40630936967277514,0.7317076241176715,0.9514756705108172,0.0,-0.6744809979495278
mnist,cut_minmax,attacked,42,29,actual_attacker,5,15,0,0,20,0.43853709978502725,0.8685986268475112,0.9625556047045446,0.0,-0.720499477230132
mnist,cut_minmax,attacked,42,29,actual_attacker,5,16,0,0,20,0.4093561714545236,0.834554351332325,0.9570602153519941,0.0,-0.708260622587273
mnist,cut_minmax,attacked,42,29,actual_attacker,5,18,0,0,20,0.4245541753426065,0.8614045411172404,0.9639085508306768,0.0,-0.741830609006843
mnist,cut_minmax,attacked,42,29,actual_attacker,5,19,0,0,20,0.7405243926818841,0.9356690109014701,0.9492225828374788,0.0,-0.10901809601580474
mnist,cut_minmax,attacked,42,29,actual_attacker,5,20,0,0,5124,0.7175780428815384,0.5550973865087543,0.9427208585629311,0.0,-0.03604190082375683
mnist,cut_minmax,attacked,42,29,actual_attacker,5,22,0,0,20,0.3853364348721377,0.6654298049313778,0.9454533289701321,0.0,-0.6593300780144741
mnist,cut_minmax,attacked,42,29,actual_attacker,5,23,0,0,20,0.42211013383932144,0.8259247634812187,0.9371695794452403,0.0,-0.5598658747669488
mnist,cut_minmax,attacked,42,29,actual_attacker,5,24,0,0,20,0.39341068999024026,0.8254374811632917,0.9578738558085664,0.0,-0.7279814342219987
mnist,cut_minmax,attacked,42,29,actual_attacker,5,25,0,0,20,0.39946807627201564,0.8224886112572051,0.9586359601537167,0.0,-0.7275010828695692
mnist,cut_minmax,attacked,42,29,actual_attacker,5,26,0,0,20,0.436214471464661,0.8283878071815302,0.9502955806946356,0.0,-0.6337745499094815
mnist,cut_minmax,attacked,42,29,actual_attacker,5,27,0,0,516,0.7960074196184539,0.4137086500794139,0.9486520424078037,0.0,0.08291258487969352
mnist,cut_minmax,attacked,42,29,actual_attacker,5,28,1,1,20,0.7162243812221479,1.0,0.9999999999997381,17.0,1.0000000000000004
mnist,cut_minmax,attacked,42,29,actual_attacker,5,29,0,0,1271,0.7455000173280151,0.9229784017944599,0.9473370596568909,0.0,-0.053673077436488144
mnist,cut_minmax,attacked,42,29,actual_attacker,5,32,0,0,20,0.42589663765180824,0.8505145971861081,0.9541398717521359,0.0,-0.6721968080599232
mnist,cut_minmax,attacked,42,29,actual_attacker,5,33,1,1,20,0.7162243812221479,1.0,0.9999999999997381,17.0,1.0000000000000004
mnist,cut_minmax,attacked,42,29,actual_attacker,5,34,0,0,20,0.3889699309176553,0.8231162033616066,0.9263532766145612,0.0,-0.5393105070428704
mnist,cut_minmax,attacked,42,29,actual_attacker,5,35,0,0,84,0.812630426878565,0.9705612393631302,0.955830673449931,0.0,-0.07508205826546413
mnist,cut_minmax,attacked,42,29,actual_attacker,5,36,0,0,3089,0.6706691556800171,0.6010103573072219,0.9273371584813536,0.0,0.12407193066252434
mnist,cut_minmax,attacked,42,29,actual_attacker,5,37,0,0,20,0.3996125591572981,0.8663042633942386,0.9478739614355602,0.0,-0.6584449455709619
mnist,cut_minmax,attacked,42,29,actual_attacker,5,38,0,0,20,0.42784840524362666,0.8278350037316489,0.9576337751405143,0.0,-0.6947885662638011
mnist,cut_minmax,attacked,42,29,actual_attacker,5,39,0,0,20,0.4751301218478668,0.8360611594831081,0.9635258430869877,0.0,-0.6959353855994069
mnist,cut_minmax,attacked,42,29,actual_attacker,5,40,0,0,2966,0.7955329096330384,0.28247456185964764,0.9462820755874961,0.0,0.1685165709160819
mnist,cut_minmax,attacked,42,29,actual_attacker,5,41,1,1,20,0.7162243812221479,1.0,0.9999999999997381,17.0,1.0000000000000004
mnist,cut_minmax,attacked,42,29,actual_attacker,5,42,0,0,748,0.8029166311340739,0.8118383085927308,0.952967963055925,0.0,-0.02405092086257025
mnist,cut_minmax,attacked,42,29,actual_attacker,5,43,0,0,20,0.45280332506895493,0.9002658722092933,0.9466087930054177,0.0,-0.5866145725599147
mnist,cut_minmax,attacked,42,29,actual_attacker,5,44,1,1,20,0.7162243812221479,1.0,0.9999999999997381,17.0,1.0000000000000004
mnist,cut_minmax,attacked,42,29,actual_attacker,5,46,1,1,20,0.7162243812221479,1.0,0.9999999999997381,17.0,1.0000000000000004
mnist,cut_minmax,attacked,42,29,actual_attacker,5,47,0,0,20,0.41009182556033325,0.8342479767945985,0.9597711241173443,0.0,-0.7256421680886818
mnist,cut_minmax,attacked,42,29,actual_attacker,5,48,0,0,280,0.725672213626958,0.5513512528855308,0.9435214408391269,0.0,-0.028190352664316104
mnist,cut_minmax,attacked,42,29,actual_attacker,5,49,1,1,2759,0.7162243812221479,1.0,0.9999999999997381,17.0,1.0000000000000004
mnist,cut_minmax,attacked,42,29,actual_attacker,5,50,0,0,20,0.42985735949014725,0.8399305216381222,0.9538787755842708,0.0,-0.6662662735210526
mnist,cut_minmax,attacked,42,29,actual_attacker,5,51,0,0,56,0.5790832083052017,0.7771406617926992,0.9319082580739296,0.0,-0.2314799500807312
mnist,cut_minmax,attacked,42,29,actual_attacker,5,52,0,0,50,0.8109513467584328,0.9681772208004789,0.9554017605811832,0.0,-0.06803105073327224
mnist,cut_minmax,attacked,42,29,actual_attacker,5,53,0,0,20,0.4296204293078329,0.8861903452890092,0.9480163318117127,0.0,-0.6251826762303059
mnist,cut_minmax,attacked,42,29,actual_attacker,5,54,0,0,20,0.44229259965407525,0.8576209952748327,0.961323038890085,0.0,-0.7081291568101079
mnist,cut_minmax,attacked,42,29,actual_attacker,5,55,0,0,20,0.41767299111779904,0.8456848989599155,0.9573211967320737,0.0,-0.7022431324656992
mnist,cut_minmax,attacked,42,29,actual_attacker,5,56,1,1,24,0.7162243812221479,1.0,0.9999999999997381,17.0,1.0000000000000004
mnist,cut_minmax,attacked,42,29,actual_attacker,5,57,0,0,20,0.723979771689674,0.4006654915343656,0.9432347914832827,0.0,-0.027187128686410426
mnist,cut_minmax,attacked,42,29,actual_attacker,5,58,1,1,20,0.7162243812221479,1.0,0.9999999999997381,17.0,1.0000000000000004
mnist,cut_minmax,attacked,42,29,actual_attacker,5,59,0,0,2558,0.8129623093773836,0.8107193621792519,0.9540215165318932,0.0,-0.02343871464357209
mnist,cut_minmax,attacked,42,29,actual_attacker,5,60,0,0,6145,0.3995723898453057,0.8960969885931538,0.9625151986727148,0.0,-0.7524455268217062
mnist,cut_minmax,attacked,42,29,actual_attacker,5,61,0,0,20,0.4447035942883341,0.8427810899972987,0.95934694838775,0.0,-0.6912329014530405
mnist,cut_minmax,attacked,42,29,actual_attacker,5,62,0,0,379,0.796116725101813,0.8131288091607839,0.9524051719414655,0.0,-0.02915727991208848
mnist,cut_minmax,attacked,42,29,actual_attacker,5,64,0,0,20,0.4698415944089613,0.8218114620267872,0.9592957483994944,0.0,-0.6665047517333823
mnist,cut_minmax,attacked,42,29,actual_attacker,5,65,1,1,163,0.7162243812221479,1.0,0.9999999999997381,17.0,1.0000000000000004
mnist,cut_minmax,attacked,42,29,actual_attacker,5,66,0,0,20,0.40155863072059506,0.8029829339298378,0.9443307389431639,0.0,-0.6336147062205
mnist,cut_minmax,attacked,42,29,actual_attacker,5,67,0,0,2111,0.5476116391469451,0.7360767668953575,0.9062939965319851,0.0,-0.02007595058811356
mnist,cut_minmax,attacked,42,29,actual_attacker,5,68,0,0,142,0.6495141321989152,0.7661403944360126,0.926453046182225,0.0,0.05310966709189482
mnist,cut_minmax,attacked,42,29,actual_attacker,5,69,0,0,3987,0.7067921842207558,0.7598484267382727,0.955072096782274,0.0,-0.2940327632450099
mnist,cut_minmax,attacked,42,29,actual_attacker,5,70,1,1,20,0.7162243812221479,1.0,0.9999999999997381,17.0,1.0000000000000004
mnist,cut_minmax,attacked,42,29,actual_attacker,5,71,1,1,20,0.7162243812221479,1.0,0.9999999999997381,17.0,1.0000000000000004
mnist,cut_minmax,attacked,42,29,actual_attacker,5,72,0,0,254,0.4451028003926214,0.9265166498562737,0.9444927531870452,0.0,-0.580675224077587
mnist,cut_minmax,attacked,42,29,actual_attacker,5,73,1,1,308,0.7162243812221479,1.0,0.9999999999997381,17.0,1.0000000000000004
mnist,cut_minmax,attacked,42,29,actual_attacker,5,74,0,0,628,0.7294943222956651,0.7579953319344969,0.9409827943671369,0.0,0.044078233842872294
mnist,cut_minmax,attacked,42,29,actual_attacker,5,75,0,0,341,0.6672151727403086,0.5814438750214289,0.9265867216300835,0.0,0.12510173615604653
mnist,cut_minmax,attacked,42,29,actual_attacker,5,76,0,0,20,0.4195384078325875,0.6473600286927976,0.9484810093616453,0.0,-0.6400641516631589
mnist,cut_minmax,attacked,42,29,actual_attacker,5,77,1,1,20,0.7162243812221479,1.0,0.9999999999997381,17.0,1.0000000000000004
mnist,cut_minmax,attacked,42,29,actual_attacker,5,78,1,1,20,0.7162243812221479,1.0,0.9999999999997381,17.0,1.0000000000000004
mnist,cut_minmax,attacked,42,29,actual_attacker,5,79,0,0,20,0.4347127803464977,0.8581785924615135,0.9581928258333184,0.0,-0.6922416633642695
mnist,cut_minmax,attacked,42,29,actual_attacker,5,80,0,0,2672,0.7942792632524684,0.971213212161266,0.9541538687982931,0.0,-0.08068173925116881
mnist,cut_minmax,attacked,42,29,actual_attacker,5,81,0,0,851,0.6408293535813765,0.6935070590506484,0.9311077980874864,0.0,-0.05729090499948897
mnist,cut_minmax,attacked,42,29,actual_attacker,5,82,0,0,20,0.6934827727916582,0.7484368070339249,0.9536534405940327,0.0,-0.29523718751487676
mnist,cut_minmax,attacked,42,29,actual_attacker,5,83,0,0,20,0.47033789827966255,0.8971709648172291,0.9513123215035142,0.0,-0.6017178947212025
mnist,cut_minmax,attacked,42,29,actual_attacker,5,84,0,0,20,0.44674783313994226,0.8967254362420464,0.9531681376403859,0.0,-0.6430739594767064
mnist,cut_minmax,attacked,42,29,actual_attacker,5,85,0,0,24,0.6319537139720585,0.8337332659790173,0.9276452336255243,0.0,-0.029622442949361966
mnist,cut_minmax,attacked,42,29,actual_attacker,5,87,1,1,989,0.7162243812221479,1.0,0.9999999999997381,17.0,1.0000000000000004
mnist,cut_minmax,attacked,42,29,actual_attacker,5,88,0,0,279,0.7858011608674134,0.8082254238000204,0.951152378670724,0.0,-0.02676282729005691
mnist,cut_minmax,attacked,42,29,actual_attacker,5,89,0,0,20,0.4289619643389587,0.8561199681820957,0.9597650719649206,0.0,-0.7088264345554424
mnist,cut_minmax,attacked,42,29,actual_attacker,5,90,1,1,20,0.7162243812221479,1.0,0.9999999999997381,17.0,1.0000000000000004
mnist,cut_minmax,attacked,42,29,actual_attacker,5,91,0,0,2856,0.7892040535338235,0.9737062625011648,0.9535521023853605,0.0,-0.07916797329168072
mnist,cut_minmax,attacked,42,29,actual_attacker,5,93,0,0,368,0.777260651182602,0.5646174330046921,0.9447702496575751,0.0,0.13296552126985695
mnist,cut_minmax,attacked,42,29,actual_attacker,5,94,0,0,589,0.7171800513030183,0.5553512685504547,0.9426266447501663,0.0,-0.035264608091863964
mnist,cut_minmax,attacked,42,29,actual_attacker,5,96,0,0,586,0.7308746698799797,0.9251707740485251,0.9458466074647753,0.0,-0.06330594581003561
mnist,cut_minmax,attacked,42,29,actual_attacker,5,97,0,0,40,0.7607848278247156,0.9172831686400201,0.9491380251288948,0.0,-0.05090032746970964
mnist,cut_minmax,attacked,42,29,actual_attacker,5,98,0,0,20,0.4142770607091372,0.8054789728630911,0.9337277020376967,0.0,-0.5480012953289686
mnist,cut_minmax,attacked,42,29,actual_attacker,5,99,0,0,20,0.3972653483430088,0.6888500629121987,0.9527424801342637,0.0,-0.6918800827288674
fashion_mnist,cut_minmax,clean,137,0,latent_assignment_not_attack,6,0,0,0,20,0.7000496600752553,0.98127425870013,-0.7449865372402988,0.0,-0.7449865372402988
fashion_mnist,cut_minmax,clean,137,0,latent_assignment_not_attack,6,1,0,0,2195,0.6178311015732871,0.5934028777633662,-0.013780720000880821,0.0,-0.013780720000880821
fashion_mnist,cut_minmax,clean,137,0,latent_assignment_not_attack,6,2,0,0,1190,0.7857074927866873,0.9884234068986176,-0.19044163547521312,0.0,-0.19044163547521312
fashion_mnist,cut_minmax,clean,137,0,latent_assignment_not_attack,6,3,0,1,29,0.6648830884642073,0.8219041872467209,-0.10812418545253634,0.0,-0.10812418545253634
fashion_mnist,cut_minmax,clean,137,0,latent_assignment_not_attack,6,4,0,0,20,0.7263915991807854,0.8525518200867076,-0.001802000260853424,0.0,-0.001802000260853424
fashion_mnist,cut_minmax,clean,137,0,latent_assignment_not_attack,6,5,0,0,20,0.7056953107549775,0.9827479723078716,-0.7438982728828184,0.0,-0.7438982728828184
fashion_mnist,cut_minmax,clean,137,0,latent_assignment_not_attack,6,6,0,1,20,0.7127851332016465,0.9792285953186717,-0.7436869001020056,0.0,-0.7436869001020056
fashion_mnist,cut_minmax,clean,137,0,latent_assignment_not_attack,6,7,0,0,20,0.7030557093099541,0.9813738717140759,-0.745854155354443,0.0,-0.745854155354443
fashion_mnist,cut_minmax,clean,137,0,latent_assignment_not_attack,6,8,0,0,20,0.7179892043668249,0.9769066764333868,-0.7434992391631736,0.0,-0.7434992391631736
fashion_mnist,cut_minmax,clean,137,0,latent_assignment_not_attack,6,9,0,0,763,0.7175313013333943,0.8784552951351496,0.00425643630698607,0.0,0.00425643630698607
fashion_mnist,cut_minmax,clean,137,0,latent_assignment_not_attack,6,10,0,0,20,0.6542257670801901,0.937588764048049,-0.7602518620265817,0.0,-0.7602518620265817
fashion_mnist,cut_minmax,clean,137,0,latent_assignment_not_attack,6,11,0,0,20,0.6343313698756758,0.9024505399591343,-0.7422643385209584,0.0,-0.7422643385209584
fashion_mnist,cut_minmax,clean,137,0,latent_assignment_not_attack,6,12,0,0,177,0.5458470062021898,0.73371312555815,-0.1751900645809012,0.0,-0.1751900645809012
fashion_mnist,cut_minmax,clean,137,0,latent_assignment_not_attack,6,13,0,1,109,0.6683752323369425,0.8718388052619556,-0.07159239348694132,0.0,-0.07159239348694132
fashion_mnist,cut_minmax,clean,137,0,latent_assignment_not_attack,6,14,0,1,20,0.6836013199196636,0.969057758076554,-0.7421965371548198,0.0,-0.7421965371548198
fashion_mnist,cut_minmax,clean,137,0,latent_assignment_not_attack,6,15,0,1,20,0.7069768912052391,0.9770284336035239,-0.7347893779141711,0.0,-0.7347893779141711
fashion_mnist,cut_minmax,clean,137,0,latent_assignment_not_attack,6,16,0,0,20,0.70577808532639,0.9758105997749276,-0.7280079153303636,0.0,-0.7280079153303636
fashion_mnist,cut_minmax,clean,137,0,latent_assignment_not_attack,6,17,0,0,1491,0.7104183502868793,0.6091162261019203,0.0015832308371778968,0.0,0.0015832308371778968
fashion_mnist,cut_minmax,clean,137,0,latent_assignment_not_attack,6,18,0,0,38,0.7029626702975572,0.9823822020738383,-0.7470619597068481,0.0,-0.7470619597068481
fashion_mnist,cut_minmax,clean,137,0,latent_assignment_not_attack,6,19,0,0,126,0.8061117640659131,0.9911386411858316,-0.15246491581009342,0.0,-0.15246491581009342
fashion_mnist,cut_minmax,clean,137,0,latent_assignment_not_attack,6,20,0,1,20,0.5438915255750087,0.8290414830021275,-0.6562339622987076,0.0,-0.6562339622987076
fashion_mnist,cut_minmax,clean,137,0,latent_assignment_not_attack,6,21,0,0,20,0.7006447177025404,0.981586250354199,-0.7436259437197553,0.0,-0.7436259437197553
fashion_mnist,cut_minmax,clean,137,0,latent_assignment_not_attack,6,22,0,0,20,0.6991415416248283,0.9791669120642033,-0.742140387608013,0.0,-0.742140387608013
fashion_mnist,cut_minmax,clean,137,0,latent_assignment_not_attack,6,23,0,0,20,0.6805378995466599,0.9746905708927629,-0.7376459140110818,0.0,-0.7376459140110818
fashion_mnist,cut_minmax,clean,137,0,latent_assignment_not_attack,6,25,0,0,20,0.6731365803094569,0.6188744320787615,-0.2868579958998564,0.0,-0.2868579958998564
fashion_mnist,cut_minmax,clean,137,0,latent_assignment_not_attack,6,26,0,0,20,0.7004140299532939,0.9788722106973464,-0.7381509740608254,0.0,-0.7381509740608254
fashion_mnist,cut_minmax,clean,137,0,latent_assignment_not_attack,6,27,0,0,421,0.7202920665574898,0.613580699318254,-0.03327142436888687,0.0,-0.03327142436888687
fashion_mnist,cut_minmax,clean,137,0,latent_assignment_not_attack,6,28,0,0,39,0.8427173858638016,0.9644657227322229,-0.4527209846333632,0.0,-0.4527209846333632
fashion_mnist,cut_minmax,clean,137,0,latent_assignment_not_attack,6,29,0,1,20,0.6825321391947236,0.9317482445663663,-0.43782113870494194,0.0,-0.43782113870494194
fashion_mnist,cut_minmax,clean,137,0,latent_assignment_not_attack,6,31,0,0,20,0.6213972551613068,0.7769026625181971,-0.340957245264085,0.0,-0.340957245264085
fashion_mnist,cut_minmax,clean,137,0,latent_assignment_not_attack,6,32,0,1,20,0.6735028578822605,0.9102773720957332,-0.4193335547444318,0.0,-0.4193335547444318
fashion_mnist,cut_minmax,clean,137,0,latent_assignment_not_attack,6,33,0,0,20,0.6957486988741177,0.9765197858675336,-0.7336118523458667,0.0,-0.7336118523458667
fashion_mnist,cut_minmax,clean,137,0,latent_assignment_not_attack,6,34,0,0,20,0.6531511893999675,0.9118860088227445,-0.4317348831459468,0.0,-0.4317348831459468
fashion_mnist,cut_minmax,clean,137,0,latent_assignment_not_attack,6,35,0,0,20,0.708454392128544,0.9812227307414008,-0.7467820831586617,0.0,-0.7467820831586617
fashion_mnist,cut_minmax,clean,137,0,latent_assignment_not_attack,6,36,0,0,20,0.6799319726139859,0.9365145332743635,-0.44700275855200694,0.0,-0.44700275855200694
fashion_mnist,cut_minmax,clean,137,0,latent_assignment_not_attack,6,37,0,0,20,0.7132146118648892,0.9789023559154387,-0.7394709523949,0.0,-0.7394709523949
fashion_mnist,cut_minmax,clean,137,0,latent_assignment_not_attack,6,38,0,0,20,0.65758918921037,0.9124165270064056,-0.4194973899983716,0.0,-0.4194973899983716
fashion_mnist,cut_minmax,clean,137,0,latent_assignment_not_attack,6,39,0,0,43,0.7337340275442903,0.9327623807370309,-0.08165033670307267,0.0,-0.08165033670307267
fashion_mnist,cut_minmax,clean,137,0,latent_assignment_not_attack,6,41,0,1,4673,0.682819373924235,0.9622504599593906,-0.4567071131677912,0.0,-0.4567071131677912
fashion_mnist,cut_minmax,clean,137,0,latent_assignment_not_attack,6,42,0,0,20,0.7167297042893864,0.9779549923763531,-0.7437258756828989,0.0,-0.7437258756828989
fashion_mnist,cut_minmax,clean,137,0,latent_assignment_not_attack,6,43,0,0,20,0.7742146777534661,0.9568854713576516,-0.45350534884238436,0.0,-0.45350534884238436
fashion_mnist,cut_minmax,clean,137,0,latent_assignment_not_attack,6,44,0,0,577,0.8018247657178544,0.974395305162582,-0.46521699073383443,0.0,-0.46521699073383443
fashion_mnist,cut_minmax,clean,137,0,latent_assignment_not_attack,6,45,0,0,137,0.6793968599395575,0.8778842359841346,0.005745728982157667,0.0,0.005745728982157667
fashion_mnist,cut_minmax,clean,137,0,latent_assignment_not_attack,6,46,0,0,369,0.6239005130496208,0.8599337204608337,-0.009214309457434003,0.0,-0.009214309457434003
fashion_mnist,cut_minmax,clean,137,0,latent_assignment_not_attack,6,47,0,1,137,0.701895298362327,0.9314172254967833,-0.07695465582295517,0.0,-0.07695465582295517
fashion_mnist,cut_minmax,clean,137,0,latent_assignment_not_attack,6,48,0,0,50,0.8141117475962116,0.990156376772547,-0.14739487792775208,0.0,-0.14739487792775208
fashion_mnist,cut_minmax,clean,137,0,latent_assignment_not_attack,6,49,0,0,1951,0.8102826788304173,0.9919362166296558,-0.1496704779316262,0.0,-0.1496704779316262
fashion_mnist,cut_minmax,clean,137,0,latent_assignment_not_attack,6,50,0,0,20,0.6668641870782205,0.8474151851584015,-0.7044632441383856,0.0,-0.7044632441383856
fashion_mnist,cut_minmax,clean,137,0,latent_assignment_not_attack,6,51,0,0,20,0.6574265682071188,0.9641794725238235,-0.7995119975224456,0.0,-0.7995119975224456
fashion_mnist,cut_minmax,clean,137,0,latent_assignment_not_attack,6,52,0,0,20,0.7234379903149274,0.95104878459641,-0.45266172090211526,0.0,-0.45266172090211526
fashion_mnist,cut_minmax,clean,137,0,latent_assignment_not_attack,6,53,0,0,20,0.8085507181953647,0.9882111193433729,-0.15008597572036964,0.0,-0.15008597572036964
fashion_mnist,cut_minmax,clean,137,0,latent_assignment_not_attack,6,54,0,0,20,0.6915419650279823,0.9690727372410336,-0.7326581025502065,0.0,-0.7326581025502065
fashion_mnist,cut_minmax,clean,137,0,latent_assignment_not_attack,6,55,0,0,20,0.6107218081724737,0.8013955118532039,-0.39663237517899347,0.0,-0.39663237517899347
fashion_mnist,cut_minmax,clean,137,0,latent_assignment_not_attack,6,56,0,0,20,0.7132752178840664,0.9747274606409274,-0.7370726984412581,0.0,-0.7370726984412581
fashion_mnist,cut_minmax,clean,137,0,latent_assignment_not_attack,6,57,0,0,20,0.6644246874712951,0.9219744174107387,-0.43469475189135365,0.0,-0.43469475189135365
fashion_mnist,cut_minmax,clean,137,0,latent_assignment_not_attack,6,58,0,0,1959,0.5956782673485637,0.7677517227486416,-0.05536742340763269,0.0,-0.05536742340763269
fashion_mnist,cut_minmax,clean,137,0,latent_assignment_not_attack,6,59,0,0,191,0.6940691878874444,0.9840786291282209,-0.7452655017111186,0.0,-0.7452655017111186
fashion_mnist,cut_minmax,clean,137,0,latent_assignment_not_attack,6,61,0,1,2814,0.708196109154368,0.3645006678375493,-0.007251015387953091,0.0,-0.007251015387953091
fashion_mnist,cut_minmax,clean,137,0,latent_assignment_not_attack,6,62,0,0,2353,0.7112069205142654,0.8567508092544749,-0.0019690400921001986,0.0,-0.0019690400921001986
fashion_mnist,cut_minmax,clean,137,0,latent_assignment_not_attack,6,63,0,0,3745,0.6745142902774514,0.9356274050293221,-0.08317755833365952,0.0,-0.08317755833365952
fashion_mnist,cut_minmax,clean,137,0,latent_assignment_not_attack,6,64,0,0,221,0.8044931950634159,0.9751102306071235,-0.46328015981751863,0.0,-0.46328015981751863
fashion_mnist,cut_minmax,clean,137,0,latent_assignment_not_attack,6,65,0,0,20,0.7167767263976739,0.9814527353536129,-0.7484189711290962,0.0,-0.7484189711290962
fashion_mnist,cut_minmax,clean,137,0,latent_assignment_not_attack,6,66,0,1,672,0.7347922062663058,0.6110380107566274,0.0018697829664942294,0.0,0.0018697829664942294
fashion_mnist,cut_minmax,clean,137,0,latent_assignment_not_attack,6,67,0,1,20,0.7231384315308291,0.9607340012467306,-0.46162289557290526,0.0,-0.46162289557290526
fashion_mnist,cut_minmax,clean,137,0,latent_assignment_not_attack,6,68,0,0,20,0.7153382652345971,0.974054387104619,-0.7405741428050974,0.0,-0.7405741428050974
fashion_mnist,cut_minmax,clean,137,0,latent_assignment_not_attack,6,69,0,1,20,0.7264319600590343,0.9552988734901839,-0.4505967198566276,0.0,-0.4505967198566276
fashion_mnist,cut_minmax,clean,137,0,latent_assignment_not_attack,6,70,0,1,20,0.641926693447528,0.7462271371642497,-0.5210160145545967,0.0,-0.5210160145545967
fashion_mnist,cut_minmax,clean,137,0,latent_assignment_not_attack,6,71,0,0,20,0.7049553815176959,0.9796310534223573,-0.7440748968081147,0.0,-0.7440748968081147
fashion_mnist,cut_minmax,clean,137,0,latent_assignment_not_attack,6,72,0,0,20,0.7693298417144805,0.9599221393718114,-0.4433750373572072,0.0,-0.4433750373572072
fashion_mnist,cut_minmax,clean,137,0,latent_assignment_not_attack,6,73,0,1,20,0.6884780973997855,0.9156807064733854,-0.07953264125662303,0.0,-0.07953264125662303
fashion_mnist,cut_minmax,clean,137,0,latent_assignment_not_attack,6,75,0,0,20,0.763498755406611,0.9549514104455123,-0.4543149283660995,0.0,-0.4543149283660995
fashion_mnist,cut_minmax,clean,137,0,latent_assignment_not_attack,6,76,0,0,20,0.664648662774181,0.9635339799833298,-0.7337353202363992,0.0,-0.7337353202363992
fashion_mnist,cut_minmax,clean,137,0,latent_assignment_not_attack,6,79,0,0,20,0.7635698826398911,0.9581665895873261,-0.45482282828422077,0.0,-0.45482282828422077
fashion_mnist,cut_minmax,clean,137,0,latent_assignment_not_attack,6,80,0,0,27,0.7280807780648896,0.9164427693389599,-0.12864852796277504,0.0,-0.12864852796277504
fashion_mnist,cut_minmax,clean,137,0,latent_assignment_not_attack,6,81,0,0,20,0.7089028041434065,0.9814532690940434,-0.7444698254096842,0.0,-0.7444698254096842
fashion_mnist,cut_minmax,clean,137,0,latent_assignment_not_attack,6,82,0,0,813,0.7969919410446495,0.9922835629276563,-0.15096604261585844,0.0,-0.15096604261585844
fashion_mnist,cut_minmax,clean,137,0,latent_assignment_not_attack,6,83,0,0,20,0.6400307623558809,0.9169833811855448,-0.4499402025710359,0.0,-0.4499402025710359
fashion_mnist,cut_minmax,clean,137,0,latent_assignment_not_attack,6,85,0,0,4566,0.7061183856331819,0.251433255228124,0.050968609190104625,0.0,0.050968609190104625
fashion_mnist,cut_minmax,clean,137,0,latent_assignment_not_attack,6,86,0,0,2231,0.5393700037990063,0.7433222435473459,0.0306551450710901,0.0,0.0306551450710901
fashion_mnist,cut_minmax,clean,137,0,latent_assignment_not_attack,6,88,0,0,20,0.71490966660798,0.9772210231014782,-0.7424527587911426,0.0,-0.7424527587911426
fashion_mnist,cut_minmax,clean,137,0,latent_assignment_not_attack,6,89,0,0,2668,0.6669717495701178,0.8500346890501408,-0.38295953206032113,0.0,-0.38295953206032113
fashion_mnist,cut_minmax,clean,137,0,latent_assignment_not_attack,6,91,0,0,20,0.6780171703111016,0.9668280318383179,-0.7358559159480121,0.0,-0.7358559159480121
fashion_mnist,cut_minmax,clean,137,0,latent_assignment_not_attack,6,92,0,0,950,0.7178662664878538,0.6119415818271006,0.004536136372294778,0.0,0.004536136372294778
fashion_mnist,cut_minmax,clean,137,0,latent_assignment_not_attack,6,93,0,0,954,0.7409760784367326,0.9359121904275636,-0.08638467220429812,0.0,-0.08638467220429812
fashion_mnist,cut_minmax,clean,137,0,latent_assignment_not_attack,6,94,0,0,20,0.7502975945458069,0.9608945567932337,-0.4550812485226462,0.0,-0.4550812485226462
fashion_mnist,cut_minmax,clean,137,0,latent_assignment_not_attack,6,95,0,0,20,0.6507223478388656,0.823379319934807,-0.40378710422997677,0.0,-0.40378710422997677
fashion_mnist,cut_minmax,clean,137,0,latent_assignment_not_attack,6,96,0,0,541,0.6277029119598901,0.40320083327315315,-0.028585405170097163,0.0,-0.028585405170097163
fashion_mnist,cut_minmax,clean,137,0,latent_assignment_not_attack,6,97,0,0,20,0.6680742881922886,0.9648315469410373,-0.7344816745444785,0.0,-0.7344816745444785
fashion_mnist,cut_minmax,clean,137,0,latent_assignment_not_attack,6,98,0,1,216,0.7036503851617312,0.8726111179931404,-0.002296658866075707,0.0,-0.002296658866075707
fashion_mnist,cut_minmax,clean,137,0,latent_assignment_not_attack,6,99,0,1,3039,0.5271685127020342,0.6071562156629577,0.009392315742282598,0.0,0.009392315742282598
fashion_mnist,cut_minmax,clean,137,9,latent_assignment_not_attack,6,0,0,0,20,0.2781617174039012,0.9708224124523266,0.053723793121118614,0.0,0.053723793121118614
fashion_mnist,cut_minmax,clean,137,9,latent_assignment_not_attack,6,1,0,0,2195,0.6634288277276076,0.6793000760473692,-0.16765002769392928,0.0,-0.16765002769392928
fashion_mnist,cut_minmax,clean,137,9,latent_assignment_not_attack,6,2,0,0,1190,0.40952661906502624,0.9278789424032057,0.11693082297788274,0.0,0.11693082297788274
fashion_mnist,cut_minmax,clean,137,9,latent_assignment_not_attack,6,3,0,1,29,0.704584222852934,0.8454230579647837,-0.22842306120314085,0.0,-0.22842306120314085
fashion_mnist,cut_minmax,clean,137,9,latent_assignment_not_attack,6,4,0,0,20,0.7210661158695845,0.8713354883376636,-0.25713822767814776,0.0,-0.25713822767814776
fashion_mnist,cut_minmax,clean,137,9,latent_assignment_not_attack,6,6,0,1,20,0.24202914724484892,0.9684409716760337,0.03639124163476935,0.0,0.03639124163476935
fashion_mnist,cut_minmax,clean,137,9,latent_assignment_not_attack,6,7,0,0,20,0.21986905473671214,0.9681396066615827,0.0052972788789231945,0.0,0.0052972788789231945
fashion_mnist,cut_minmax,clean,137,9,latent_assignment_not_attack,6,8,0,0,20,0.15980765143183126,0.9688801803021445,-0.03664144726991182,0.0,-0.03664144726991182
fashion_mnist,cut_minmax,clean,137,9,latent_assignment_not_attack,6,9,0,0,763,0.7312225126746517,0.8628093324953623,-0.0036195077653149678,0.0,-0.0036195077653149678
fashion_mnist,cut_minmax,clean,137,9,latent_assignment_not_attack,6,10,0,0,20,0.19572441317318517,0.8350019722329085,-0.0158750310109334,0.0,-0.0158750310109334
fashion_mnist,cut_minmax,clean,137,9,latent_assignment_not_attack,6,11,0,0,20,0.30145994386681946,0.8514276934321032,0.07716238973859944,0.0,0.07716238973859944
fashion_mnist,cut_minmax,clean,137,9,latent_assignment_not_attack,6,12,0,0,177,0.5033117312217328,0.6575176371211983,-0.057632949583754894,0.0,-0.057632949583754894
fashion_mnist,cut_minmax,clean,137,9,latent_assignment_not_attack,6,13,0,1,109,0.6874835028208812,0.8643176266308192,-0.020474570947678416,0.0,-0.020474570947678416
fashion_mnist,cut_minmax,clean,137,9,latent_assignment_not_attack,6,14,0,1,20,0.24423442062480225,0.8748482926182296,-0.12584413316030552,0.0,-0.12584413316030552
fashion_mnist,cut_minmax,clean,137,9,latent_assignment_not_attack,6,15,0,1,20,0.31211477070523114,0.958943476558187,0.06162691864657791,0.0,0.06162691864657791
fashion_mnist,cut_minmax,clean,137,9,latent_assignment_not_attack,6,16,0,0,20,0.3357222076673872,0.9074008793655274,0.09268046416606983,0.0,0.09268046416606983
fashion_mnist,cut_minmax,clean,137,9,latent_assignment_not_attack,6,17,0,0,1491,0.641460848529971,0.6088517876825655,0.2452881249881622,0.0,0.2452881249881622
fashion_mnist,cut_minmax,clean,137,9,latent_assignment_not_attack,6,18,0,0,38,0.22179766705142373,0.9750520295478499,0.020124247493739176,0.0,0.020124247493739176
fashion_mnist,cut_minmax,clean,137,9,latent_assignment_not_attack,6,20,0,1,20,0.35281595740539134,0.5876263921189938,-0.29577511334535844,0.0,-0.29577511334535844
fashion_mnist,cut_minmax,clean,137,9,latent_assignment_not_attack,6,21,0,0,20,0.2377720990952087,0.9756817347427477,0.018928923637105622,0.0,0.018928923637105622
fashion_mnist,cut_minmax,clean,137,9,latent_assignment_not_attack,6,22,0,0,20,0.2523222626656283,0.9679518310643426,0.02301284541735347,0.0,0.02301284541735347
fashion_mnist,cut_minmax,clean,137,9,latent_assignment_not_attack,6,24,0,0,20,0.24132162688105174,0.9710151503934231,0.03050036741378482,0.0,0.03050036741378482
fashion_mnist,cut_minmax,clean,137,9,latent_assignment_not_attack,6,25,0,0,20,0.5786502134303773,0.5741905768997774,0.0158423078298444,0.0,0.0158423078298444
fashion_mnist,cut_minmax,clean,137,9,latent_assignment_not_attack,6,26,0,0,20,0.2876811049846819,0.9735630633676763,0.048751887054013905,0.0,0.048751887054013905
fashion_mnist,cut_minmax,clean,137,9,latent_assignment_not_attack,6,27,0,0,421,0.6258992054123439,0.6086689408754838,0.2620099222262237,0.0,0.2620099222262237
fashion_mnist,cut_minmax,clean,137,9,latent_assignment_not_attack,6,29,0,1,20,0.33826047152538125,0.86189096969972,-0.1271176135775233,0.0,-0.1271176135775233
fashion_mnist,cut_minmax,clean,137,9,latent_assignment_not_attack,6,30,0,0,20,0.1899482126288837,0.9728639446387731,-0.01118865943417563,0.0,-0.01118865943417563
fashion_mnist,cut_minmax,clean,137,9,latent_assignment_not_attack,6,32,0,1,20,0.35364475135388995,0.7351364140516775,-0.07075211256468313,0.0,-0.07075211256468313
fashion_mnist,cut_minmax,clean,137,9,latent_assignment_not_attack,6,33,0,0,20,0.3277287524511955,0.9686770934044968,0.06634095497693214,0.0,0.06634095497693214
fashion_mnist,cut_minmax,clean,137,9,latent_assignment_not_attack,6,34,0,0,20,0.4436543552740464,0.8889601983167592,-0.023619712541616673,0.0,-0.023619712541616673
fashion_mnist,cut_minmax,clean,137,9,latent_assignment_not_attack,6,35,0,0,20,0.26395833984069766,0.9766420466789623,0.033501099869067616,0.0,0.033501099869067616
fashion_mnist,cut_minmax,clean,137,9,latent_assignment_not_attack,6,36,0,0,20,0.32829236260988987,0.842477436462632,-0.0956558585642425,0.0,-0.0956558585642425
fashion_mnist,cut_minmax,clean,137,9,latent_assignment_not_attack,6,37,0,0,20,0.2577910773959979,0.9611439696031694,0.04429775991879598,0.0,0.04429775991879598
fashion_mnist,cut_minmax,clean,137,9,latent_assignment_not_attack,6,38,0,0,20,0.4597009927634158,0.8580861103400947,-0.022441842807268603,0.0,-0.022441842807268603
fashion_mnist,cut_minmax,clean,137,9,latent_assignment_not_attack,6,39,0,0,43,0.5920441518062061,0.9408451399286377,-0.07444065865320951,0.0,-0.07444065865320951
fashion_mnist,cut_minmax,clean,137,9,latent_assignment_not_attack,6,40,0,0,40,0.25378450307100986,0.8005418455337215,-0.08933417335747988,0.0,-0.08933417335747988
fashion_mnist,cut_minmax,clean,137,9,latent_assignment_not_attack,6,41,0,1,4673,0.31163339946946456,0.9172761550920964,-0.1106754426533126,0.0,-0.1106754426533126
fashion_mnist,cut_minmax,clean,137,9,latent_assignment_not_attack,6,42,0,0,20,0.20358291467718087,0.9687608604528313,-0.021323617489115914,0.0,-0.021323617489115914
fashion_mnist,cut_minmax,clean,137,9,latent_assignment_not_attack,6,43,0,0,20,0.22839501796125034,0.8435195852370931,-0.09868688739697143,0.0,-0.09868688739697143
fashion_mnist,cut_minmax,clean,137,9,latent_assignment_not_attack,6,44,0,0,577,0.323254968791024,0.9176631112841573,-0.035821945244331396,0.0,-0.035821945244331396
fashion_mnist,cut_minmax,clean,137,9,latent_assignment_not_attack,6,45,0,0,137,0.6782026240112771,0.8684528998817298,-0.016167678031825842,0.0,-0.016167678031825842
fashion_mnist,cut_minmax,clean,137,9,latent_assignment_not_attack,6,46,0,0,369,0.6271927806787045,0.8682715952876132,-0.26308967566095454,0.0,-0.26308967566095454
fashion_mnist,cut_minmax,clean,137,9,latent_assignment_not_attack,6,47,0,1,137,0.5983766875997093,0.9392124628621185,-0.08819363230257148,0.0,-0.08819363230257148
fashion_mnist,cut_minmax,clean,137,9,latent_assignment_not_attack,6,48,0,0,50,0.4585517700754562,0.9184700278201848,0.15104715035476127,0.0,0.15104715035476127
fashion_mnist,cut_minmax,clean,137,9,latent_assignment_not_attack,6,49,0,0,1951,0.428038184574151,0.9231946473136359,0.1459557182416414,0.0,0.1459557182416414
fashion_mnist,cut_minmax,clean,137,9,latent_assignment_not_attack,6,50,0,0,20,0.3175954077197613,0.8596130040788437,0.09082265204434407,0.0,0.09082265204434407
fashion_mnist,cut_minmax,clean,137,9,latent_assignment_not_attack,6,51,0,0,20,0.19989146252561446,0.8962248937778039,-0.03203200053577374,0.0,-0.03203200053577374
fashion_mnist,cut_minmax,clean,137,9,latent_assignment_not_attack,6,52,0,0,20,0.34186387868460605,0.8951091713942292,-0.08784164591577465,0.0,-0.08784164591577465
fashion_mnist,cut_minmax,clean,137,9,latent_assignment_not_attack,6,53,0,0,20,0.4351144277657722,0.9148343273343544,0.1313963624712391,0.0,0.1313963624712391
fashion_mnist,cut_minmax,clean,137,9,latent_assignment_not_attack,6,54,0,0,20,0.32530218367649716,0.9128141051449641,-0.04154259258549523,0.0,-0.04154259258549523
fashion_mnist,cut_minmax,clean,137,9,latent_assignment_not_attack,6,55,0,0,20,0.4557641010014157,0.6914198011411572,-0.14039470236900253,0.0,-0.14039470236900253
fashion_mnist,cut_minmax,clean,137,9,latent_assignment_not_attack,6,57,0,0,20,0.3958207468288638,0.7705543447709666,-0.035517891959782485,0.0,-0.035517891959782485
fashion_mnist,cut_minmax,clean,137,9,latent_assignment_not_attack,6,58,0,0,1959,0.5218601944294361,0.6523243578656924,-0.36769967756120614,0.0,-0.36769967756120614
fashion_mnist,cut_minmax,clean,137,9,latent_assignment_not_attack,6,59,0,0,191,0.23880737902103497,0.9746207547414464,0.03672989270542165,0.0,0.03672989270542165
fashion_mnist,cut_minmax,clean,137,9,latent_assignment_not_attack,6,60,0,0,20,0.32608634624258587,0.8891418962694002,-0.08198393552665406,0.0,-0.08198393552665406
fashion_mnist,cut_minmax,clean,137,9,latent_assignment_not_attack,6,61,0,1,2814,0.7137206349651416,0.7859462227282463,0.04171419421854099,0.0,0.04171419421854099
fashion_mnist,cut_minmax,clean,137,9,latent_assignment_not_attack,6,62,0,0,2353,0.702844624341307,0.8757473079345004,-0.26231457120614904,0.0,-0.26231457120614904
fashion_mnist,cut_minmax,clean,137,9,latent_assignment_not_attack,6,63,0,0,3745,0.5180738796387766,0.8937794701303765,-0.1027664994673991,0.0,-0.1027664994673991
fashion_mnist,cut_minmax,clean,137,9,latent_assignment_not_attack,6,64,0,0,221,0.3066656169253833,0.9142159295954178,-0.02500161391800363,0.0,-0.02500161391800363
fashion_mnist,cut_minmax,clean,137,9,latent_assignment_not_attack,6,65,0,0,20,0.18092505970484196,0.9737124419691321,-0.010290431933834282,0.0,-0.010290431933834282
fashion_mnist,cut_minmax,clean,137,9,latent_assignment_not_attack,6,66,0,1,672,0.648146247705352,0.6063175579951491,0.2740646738695162,0.0,0.2740646738695162
fashion_mnist,cut_minmax,clean,137,9,latent_assignment_not_attack,6,67,0,1,20,0.3669446505487807,0.8842721873710696,-0.010589735277178528,0.0,-0.010589735277178528
fashion_mnist,cut_minmax,clean,137,9,latent_assignment_not_attack,6,68,0,0,20,0.15459324285281,0.9679048687655216,-0.048837576188487254,0.0,-0.048837576188487254
fashion_mnist,cut_minmax,clean,137,9,latent_assignment_not_attack,6,69,0,1,20,0.3442983630881477,0.8880044403616061,-0.07198274538398096,0.0,-0.07198274538398096
fashion_mnist,cut_minmax,clean,137,9,latent_assignment_not_attack,6,70,0,1,20,0.47735108223152023,0.8290512361734759,-0.05047010299051216,0.0,-0.05047010299051216
fashion_mnist,cut_minmax,clean,137,9,latent_assignment_not_attack,6,71,0,0,20,0.21380028277442656,0.9763819868211188,0.0007012295016033875,0.0,0.0007012295016033875
fashion_mnist,cut_minmax,clean,137,9,latent_assignment_not_attack,6,72,0,0,20,0.36636004634044134,0.9066230785720879,-0.024820351650835532,0.0,-0.024820351650835532
fashion_mnist,cut_minmax,clean,137,9,latent_assignment_not_attack,6,73,0,1,20,0.613112531775831,0.9255729335639122,-0.08286594216623532,0.0,-0.08286594216623532
fashion_mnist,cut_minmax,clean,137,9,latent_assignment_not_attack,6,75,0,0,20,0.26890289511913934,0.8541527283945868,-0.0634632722517469,0.0,-0.0634632722517469
fashion_mnist,cut_minmax,clean,137,9,latent_assignment_not_attack,6,76,0,0,20,0.26928379389559925,0.8007614791770727,0.0009116078205505706,0.0,0.0009116078205505706
fashion_mnist,cut_minmax,clean,137,9,latent_assignment_not_attack,6,77,0,0,4673,0.22824906858772587,0.9814195779028145,0.010218399423591826,0.0,0.010218399423591826
fashion_mnist,cut_minmax,clean,137,9,latent_assignment_not_attack,6,79,0,0,20,0.43292641231234286,0.9141586560744568,0.002375515775009253,0.0,0.002375515775009253
fashion_mnist,cut_minmax,clean,137,9,latent_assignment_not_attack,6,80,0,0,27,0.5116623825208598,0.6646053362702723,0.07395626300102272,0.0,0.07395626300102272
fashion_mnist,cut_minmax,clean,137,9,latent_assignment_not_attack,6,81,0,0,20,0.1990179119559259,0.9762086792534379,-0.014576468890339082,0.0,-0.014576468890339082
fashion_mnist,cut_minmax,clean,137,9,latent_assignment_not_attack,6,82,0,0,813,0.4194648238858784,0.9223316048285207,0.12330641938072821,0.0,0.12330641938072821
fashion_mnist,cut_minmax,clean,137,9,latent_assignment_not_attack,6,83,0,0,20,0.38762728566141397,0.8371022578680456,-0.13697624320968563,0.0,-0.13697624320968563
fashion_mnist,cut_minmax,clean,137,9,latent_assignment_not_attack,6,85,0,0,4566,0.8804806532446219,0.2948149546053167,0.07449469440910626,0.0,0.07449469440910626
fashion_mnist,cut_minmax,clean,137,9,latent_assignment_not_attack,6,86,0,0,2231,0.6936821213213411,0.6839453903640329,-0.03994043016037019,0.0,-0.03994043016037019
fashion_mnist,cut_minmax,clean,137,9,latent_assignment_not_attack,6,87,0,0,1131,0.7002217073702777,0.7821097127005292,0.04266960800759124,0.0,0.04266960800759124
fashion_mnist,cut_minmax,clean,137,9,latent_assignment_not_attack,6,88,0,0,20,0.24050619182074717,0.9682358238681543,0.034229596266587344,0.0,0.034229596266587344
fashion_mnist,cut_minmax,clean,137,9,latent_assignment_not_attack,6,89,0,0,2668,0.2800308255663167,0.6629402088151207,-0.16273199563233473,0.0,-0.16273199563233473
fashion_mnist,cut_minmax,clean,137,9,latent_assignment_not_attack,6,91,0,0,20,0.41348612887612096,0.902034724119216,0.0986168221275609,0.0,0.0986168221275609
fashion_mnist,cut_minmax,clean,137,9,latent_assignment_not_attack,6,92,0,0,950,0.6281966406012623,0.6076654387737349,0.2606976846315505,0.0,0.2606976846315505
fashion_mnist,cut_minmax,clean,137,9,latent_assignment_not_attack,6,93,0,0,954,0.6357413170566478,0.9407855006813065,-0.05566674892539756,0.0,-0.05566674892539756
fashion_mnist,cut_minmax,clean,137,9,latent_assignment_not_attack,6,94,0,0,20,0.2342238039894408,0.825447196553087,-0.14532582758335935,0.0,-0.14532582758335935
fashion_mnist,cut_minmax,clean,137,9,latent_assignment_not_attack,6,95,0,0,20,0.47279825929593483,0.6989096592269431,-0.26904475390762034,0.0,-0.26904475390762034
fashion_mnist,cut_minmax,clean,137,9,latent_assignment_not_attack,6,96,0,0,541,0.642547507296302,0.7599053819636732,-0.03528307392798402,0.0,-0.03528307392798402
fashion_mnist,cut_minmax,clean,137,9,latent_assignment_not_attack,6,97,0,0,20,0.24279970733307785,0.7923711582150895,-0.04040346547607945,0.0,-0.04040346547607945
fashion_mnist,cut_minmax,clean,137,9,latent_assignment_not_attack,6,98,0,1,216,0.6975837886858068,0.85476215206683,-0.03360110567432433,0.0,-0.03360110567432433
fashion_mnist,cut_minmax,clean,137,9,latent_assignment_not_attack,6,99,0,1,3039,0.5519119798274104,0.6334819170890832,-0.056410020975565224,0.0,-0.056410020975565224
fashion_mnist,cut_minmax,clean,137,29,latent_assignment_not_attack,6,0,0,0,20,0.2561850728728447,0.9665980203813531,0.6245669730627111,0.0,0.6245669730627111
fashion_mnist,cut_minmax,clean,137,29,latent_assignment_not_attack,6,1,0,0,2195,0.5618829783434123,0.7027832304498041,-0.1216721248578271,0.0,-0.1216721248578271
fashion_mnist,cut_minmax,clean,137,29,latent_assignment_not_attack,6,2,0,0,1190,0.2575716894320318,0.9267198680474177,-0.036902045740910466,0.0,-0.036902045740910466
fashion_mnist,cut_minmax,clean,137,29,latent_assignment_not_attack,6,3,0,1,29,0.5825219192342821,0.7777511721689393,0.12620568352944858,0.0,0.12620568352944858
fashion_mnist,cut_minmax,clean,137,29,latent_assignment_not_attack,6,4,0,0,20,0.4930606636607135,0.8077281935086814,0.04155765112271897,0.0,0.04155765112271897
fashion_mnist,cut_minmax,clean,137,29,latent_assignment_not_attack,6,5,0,0,20,0.2513357938384653,0.9679165998889699,0.6358910517051312,0.0,0.6358910517051312
fashion_mnist,cut_minmax,clean,137,29,latent_assignment_not_attack,6,6,0,1,20,0.21475679079595827,0.9633824831350074,0.6164634774865603,0.0,0.6164634774865603
fashion_mnist,cut_minmax,clean,137,29,latent_assignment_not_attack,6,7,0,0,20,0.1979380356527203,0.9521299785823434,0.5263631740372308,0.0,0.5263631740372308
fashion_mnist,cut_minmax,clean,137,29,latent_assignment_not_attack,6,8,0,0,20,0.11999041155355082,0.952515100087609,0.49069917954776254,0.0,0.49069917954776254
fashion_mnist,cut_minmax,clean,137,29,latent_assignment_not_attack,6,9,0,0,763,0.6748159965636226,0.8317934994123537,0.3518596902123569,0.0,0.3518596902123569
fashion_mnist,cut_minmax,clean,137,29,latent_assignment_not_attack,6,10,0,0,20,0.13588892156507898,0.8516935525803371,0.49931090103244696,0.0,0.49931090103244696
fashion_mnist,cut_minmax,clean,137,29,latent_assignment_not_attack,6,12,0,0,177,0.4302651111684488,0.7098475988765571,-0.04017639751792317,0.0,-0.04017639751792317
fashion_mnist,cut_minmax,clean,137,29,latent_assignment_not_attack,6,13,0,1,109,0.6772800993115355,0.8300663770207425,0.39942257505614215,0.0,0.39942257505614215
fashion_mnist,cut_minmax,clean,137,29,latent_assignment_not_attack,6,14,0,1,20,0.19558596419537608,0.8831531033341603,0.5047645407420199,0.0,0.5047645407420199
fashion_mnist,cut_minmax,clean,137,29,latent_assignment_not_attack,6,15,0,1,20,0.2952322892823609,0.9487726284240126,0.6544151953491444,0.0,0.6544151953491444
fashion_mnist,cut_minmax,clean,137,29,latent_assignment_not_attack,6,16,0,0,20,0.31688933227045457,0.9098484755972315,0.6081508445198552,0.0,0.6081508445198552
fashion_mnist,cut_minmax,clean,137,29,latent_assignment_not_attack,6,17,0,0,1491,0.5863322381696837,0.9845812018592486,-0.03552868231009616,0.0,-0.03552868231009616
fashion_mnist,cut_minmax,clean,137,29,latent_assignment_not_attack,6,18,0,0,38,0.18314252462905903,0.9720673720140038,0.6031945907661233,0.0,0.6031945907661233
fashion_mnist,cut_minmax,clean,137,29,latent_assignment_not_attack,6,20,0,1,20,0.31354608204312806,0.5355909779879979,0.052626169433736915,0.0,0.052626169433736915
fashion_mnist,cut_minmax,clean,137,29,latent_assignment_not_attack,6,22,0,0,20,0.21523509135375948,0.9613619360019895,0.6135354867443784,0.0,0.6135354867443784
fashion_mnist,cut_minmax,clean,137,29,latent_assignment_not_attack,6,23,0,0,20,0.2739810837639062,0.9472393916997159,0.6309641972677383,0.0,0.6309641972677383
fashion_mnist,cut_minmax,clean,137,29,latent_assignment_not_attack,6,25,0,0,20,0.5410169711664957,0.6835870320707573,-0.37134833946066126,0.0,-0.37134833946066126
fashion_mnist,cut_minmax,clean,137,29,latent_assignment_not_attack,6,26,0,0,20,0.2628802505396263,0.9650443903050314,0.6224952524320365,0.0,0.6224952524320365
fashion_mnist,cut_minmax,clean,137,29,latent_assignment_not_attack,6,27,0,0,421,0.6223003889180344,0.9900876164151102,-0.002083517777768885,0.0,-0.002083517777768885
fashion_mnist,cut_minmax,clean,137,29,latent_assignment_not_attack,6,28,0,0,39,0.2198579287487828,0.9293152149817031,-0.5116531193714049,0.0,-0.5116531193714049
fashion_mnist,cut_minmax,clean,137,29,latent_assignment_not_attack,6,29,0,1,20,0.30258780423339765,0.9003542619112703,-0.5903659044115301,0.0,-0.5903659044115301
fashion_mnist,cut_minmax,clean,137,29,latent_assignment_not_attack,6,31,0,0,20,0.37460598935293354,0.5952219869028489,-0.3349313458855309,0.0,-0.3349313458855309
fashion_mnist,cut_minmax,clean,137,29,latent_assignment_not_attack,6,32,0,1,20,0.32989494859951013,0.6943903644976978,-0.427582849450131,0.0,-0.427582849450131
fashion_mnist,cut_minmax,clean,137,29,latent_assignment_not_attack,6,34,0,0,20,0.42319048934226694,0.8937908337504507,-0.5329151079523996,0.0,-0.5329151079523996
fashion_mnist,cut_minmax,clean,137,29,latent_assignment_not_attack,6,35,0,0,20,0.22301345277805565,0.9696370296399962,0.6333938293810513,0.0,0.6333938293810513
fashion_mnist,cut_minmax,clean,137,29,latent_assignment_not_attack,6,36,0,0,20,0.31107769245398337,0.8649141002556338,-0.5003848048905015,0.0,-0.5003848048905015
fashion_mnist,cut_minmax,clean,137,29,latent_assignment_not_attack,6,37,0,0,20,0.2280724294275514,0.9601712553202878,0.6351625953880015,0.0,0.6351625953880015
fashion_mnist,cut_minmax,clean,137,29,latent_assignment_not_attack,6,38,0,0,20,0.4593122391609996,0.876970855951751,-0.5202325765314912,0.0,-0.5202325765314912
fashion_mnist,cut_minmax,clean,137,29,latent_assignment_not_attack,6,39,0,0,43,0.4906229800285972,0.8498572738961263,0.21916451478484453,0.0,0.21916451478484453
fashion_mnist,cut_minmax,clean,137,29,latent_assignment_not_attack,6,40,0,0,40,0.2218632759737844,0.8532441192600887,-0.4132371943629817,0.0,-0.4132371943629817
fashion_mnist,cut_minmax,clean,137,29,latent_assignment_not_attack,6,41,0,1,4673,0.3363690583353978,0.9221812558127487,-0.5861719152387774,0.0,-0.5861719152387774
fashion_mnist,cut_minmax,clean,137,29,latent_assignment_not_attack,6,42,0,0,20,0.1491080644046827,0.9547913846670136,0.5493487127966854,0.0,0.5493487127966854
fashion_mnist,cut_minmax,clean,137,29,latent_assignment_not_attack,6,43,0,0,20,0.20865065425551407,0.7963353866582656,-0.49179762892827417,0.0,-0.49179762892827417
fashion_mnist,cut_minmax,clean,137,29,latent_assignment_not_attack,6,44,0,0,577,0.300906372941674,0.9469765210431749,-0.5231946947391228,0.0,-0.5231946947391228
fashion_mnist,cut_minmax,clean,137,29,latent_assignment_not_attack,6,45,0,0,137,0.6564171200662763,0.8396880995710572,0.3311431631974215,0.0,0.3311431631974215
fashion_mnist,cut_minmax,clean,137,29,latent_assignment_not_attack,6,46,0,0,369,0.5007068099509876,0.7734362447060967,-0.11501107113819037,0.0,-0.11501107113819037
fashion_mnist,cut_minmax,clean,137,29,latent_assignment_not_attack,6,47,0,1,137,0.48283572945639547,0.8469446956011213,0.2060376294622091,0.0,0.2060376294622091
fashion_mnist,cut_minmax,clean,137,29,latent_assignment_not_attack,6,48,0,0,50,0.386270576745635,0.9165421180391325,0.14595908207041638,0.0,0.14595908207041638
fashion_mnist,cut_minmax,clean,137,29,latent_assignment_not_attack,6,49,0,0,1951,0.3418299910804493,0.9158292253579254,0.14695577408291713,0.0,0.14695577408291713
fashion_mnist,cut_minmax,clean,137,29,latent_assignment_not_attack,6,50,0,0,20,0.27695643794518804,0.9065595047829598,0.6185901903066587,0.0,0.6185901903066587
fashion_mnist,cut_minmax,clean,137,29,latent_assignment_not_attack,6,51,0,0,20,0.17565396797721902,0.8543031334161958,0.42729092718953615,0.0,0.42729092718953615
fashion_mnist,cut_minmax,clean,137,29,latent_assignment_not_attack,6,52,0,0,20,0.3096684395550352,0.902388910859184,-0.575346852392193,0.0,-0.575346852392193
fashion_mnist,cut_minmax,clean,137,29,latent_assignment_not_attack,6,53,0,0,20,0.3350065631457421,0.9066130323871844,0.12342497510030324,0.0,0.12342497510030324
fashion_mnist,cut_minmax,clean,137,29,latent_assignment_not_attack,6,54,0,0,20,0.29112064976029434,0.937953304642663,0.6163028509244541,0.0,0.6163028509244541
fashion_mnist,cut_minmax,clean,137,29,latent_assignment_not_attack,6,55,0,0,20,0.4217179093455251,0.6993526042411604,-0.14828742709188666,0.0,-0.14828742709188666
fashion_mnist,cut_minmax,clean,137,29,latent_assignment_not_attack,6,56,0,0,20,0.17529002477916153,0.9348107973634683,0.5871717874684916,0.0,0.5871717874684916
fashion_mnist,cut_minmax,clean,137,29,latent_assignment_not_attack,6,57,0,0,20,0.4069425853861192,0.7596038434057422,-0.5999498002166387,0.0,-0.5999498002166387
fashion_mnist,cut_minmax,clean,137,29,latent_assignment_not_attack,6,58,0,0,1959,0.37541564377215153,0.5673189125458855,0.09280429067767966,0.0,0.09280429067767966
fashion_mnist,cut_minmax,clean,137,29,latent_assignment_not_attack,6,60,0,0,20,0.31090587148413934,0.9042398387758345,-0.5536226701452988,0.0,-0.5536226701452988
fashion_mnist,cut_minmax,clean,137,29,latent_assignment_not_attack,6,61,0,1,2814,0.5895109690867393,0.8071011640569179,-0.16343125190749097,0.0,-0.16343125190749097
fashion_mnist,cut_minmax,clean,137,29,latent_assignment_not_attack,6,62,0,0,2353,0.5459502994736078,0.8108324173528236,0.059893881164640714,0.0,0.059893881164640714
fashion_mnist,cut_minmax,clean,137,29,latent_assignment_not_attack,6,63,0,0,3745,0.4147770095094047,0.8053718144519865,0.011035532018735155,0.0,0.011035532018735155
fashion_mnist,cut_minmax,clean,137,29,latent_assignment_not_attack,6,64,0,0,221,0.27316096017892494,0.9408653521359358,-0.5109090222137667,0.0,-0.5109090222137667
fashion_mnist,cut_minmax,clean,137,29,latent_assignment_not_attack,6,65,0,0,20,0.16624414722882394,0.9440695009251634,0.5202423905076898,0.0,0.5202423905076898
fashion_mnist,cut_minmax,clean,137,29,latent_assignment_not_attack,6,66,0,1,672,0.64609767368528,0.9905698153817724,0.009339062735430465,0.0,0.009339062735430465
fashion_mnist,cut_minmax,clean,137,29,latent_assignment_not_attack,6,67,0,1,20,0.39990207988492926,0.8912054081929204,-0.5141715764605786,0.0,-0.5141715764605786
fashion_mnist,cut_minmax,clean,137,29,latent_assignment_not_attack,6,68,0,0,20,0.10355459598165506,0.9554368099820694,0.4947656251412264,0.0,0.4947656251412264
fashion_mnist,cut_minmax,clean,137,29,latent_assignment_not_attack,6,69,0,1,20,0.3395070592409137,0.902465581579097,-0.5554005028424156,0.0,-0.5554005028424156
fashion_mnist,cut_minmax,clean,137,29,latent_assignment_not_attack,6,70,0,1,20,0.3955603863671214,0.7346309424569165,0.45979368954072,0.0,0.45979368954072
fashion_mnist,cut_minmax,clean,137,29,latent_assignment_not_attack,6,71,0,0,20,0.17994250078367194,0.9634706014500454,0.5761990491740997,0.0,0.5761990491740997
fashion_mnist,cut_minmax,clean,137,29,latent_assignment_not_attack,6,72,0,0,20,0.3619996647050476,0.9081135435443548,-0.5622037887506721,0.0,-0.5622037887506721
fashion_mnist,cut_minmax,clean,137,29,latent_assignment_not_attack,6,73,0,1,20,0.5030633579623015,0.8152536857594344,0.2245203773395725,0.0,0.2245203773395725
fashion_mnist,cut_minmax,clean,137,29,latent_assignment_not_attack,6,74,0,0,1615,0.8427167437935621,0.7017111383795273,-0.018754667169439104,0.0,-0.018754667169439104
fashion_mnist,cut_minmax,clean,137,29,latent_assignment_not_attack,6,75,0,0,20,0.25664296681142856,0.8628158714118517,-0.5332584523655924,0.0,-0.5332584523655924
fashion_mnist,cut_minmax,clean,137,29,latent_assignment_not_attack,6,76,0,0,20,0.25824901995248534,0.7508998201723485,0.3327531390985581,0.0,0.3327531390985581
fashion_mnist,cut_minmax,clean,137,29,latent_assignment_not_attack,6,77,0,0,4673,0.23939954338233677,0.9754965388010925,0.6404702402311195,0.0,0.6404702402311195
fashion_mnist,cut_minmax,clean,137,29,latent_assignment_not_attack,6,78,0,0,42,0.6122327214813635,0.9904733386983782,-0.008934309627455077,0.0,-0.008934309627455077
fashion_mnist,cut_minmax,clean,137,29,latent_assignment_not_attack,6,79,0,0,20,0.43972963376245194,0.9334601226147896,-0.5138653800056975,0.0,-0.5138653800056975
fashion_mnist,cut_minmax,clean,137,29,latent_assignment_not_attack,6,80,0,0,27,0.38935338069555436,0.6725068052197636,0.04529328508781064,0.0,0.04529328508781064
fashion_mnist,cut_minmax,clean,137,29,latent_assignment_not_attack,6,81,0,0,20,0.15752866745865562,0.9621208268860691,0.5246574345161804,0.0,0.5246574345161804
fashion_mnist,cut_minmax,clean,137,29,latent_assignment_not_attack,6,82,0,0,813,0.33612851887316936,0.9201890336177433,0.13466991535708503,0.0,0.13466991535708503
fashion_mnist,cut_minmax,clean,137,29,latent_assignment_not_attack,6,83,0,0,20,0.3582163858683813,0.825463407898188,-0.33764468539435644,0.0,-0.33764468539435644
fashion_mnist,cut_minmax,clean,137,29,latent_assignment_not_attack,6,84,0,0,2119,0.6261763906167891,0.9909211418747491,0.00028088641810265823,0.0,0.00028088641810265823
fashion_mnist,cut_minmax,clean,137,29,latent_assignment_not_attack,6,85,0,0,4566,0.6871940189622798,0.34063750259403286,0.10990621449516726,0.0,0.10990621449516726
fashion_mnist,cut_minmax,clean,137,29,latent_assignment_not_attack,6,87,0,0,1131,0.5959976200529067,0.779403170986715,-0.13167484301885155,0.0,-0.13167484301885155
fashion_mnist,cut_minmax,clean,137,29,latent_assignment_not_attack,6,88,0,0,20,0.21349833137512847,0.9532232082878332,0.6350293234842035,0.0,0.6350293234842035
fashion_mnist,cut_minmax,clean,137,29,latent_assignment_not_attack,6,89,0,0,2668,0.2429075343292196,0.7417693027456215,-0.32454835084718353,0.0,-0.32454835084718353
fashion_mnist,cut_minmax,clean,137,29,latent_assignment_not_attack,6,91,0,0,20,0.4240212454205461,0.9259706748685677,0.6538316773901469,0.0,0.6538316773901469
fashion_mnist,cut_minmax,clean,137,29,latent_assignment_not_attack,6,92,0,0,950,0.6428566993945625,0.9914538478764034,-0.0019845675578803934,0.0,-0.0019845675578803934
fashion_mnist,cut_minmax,clean,137,29,latent_assignment_not_attack,6,94,0,0,20,0.20110540795671053,0.8378299388779269,-0.5610431793485188,0.0,-0.5610431793485188
fashion_mnist,cut_minmax,clean,137,29,latent_assignment_not_attack,6,95,0,0,20,0.4291074842627723,0.6512084280303624,-0.36388192066075675,0.0,-0.36388192066075675
fashion_mnist,cut_minmax,clean,137,29,latent_assignment_not_attack,6,96,0,0,541,0.5561636522484582,0.8018839989866142,-0.18198304876093974,0.0,-0.18198304876093974
fashion_mnist,cut_minmax,clean,137,29,latent_assignment_not_attack,6,97,0,0,20,0.2251908961750898,0.7095405704266848,0.4874631831401711,0.0,0.4874631831401711
fashion_mnist,cut_minmax,clean,137,29,latent_assignment_not_attack,6,98,0,1,216,0.6734753144875723,0.8296270743037848,0.3853891809086058,0.0,0.3853891809086058
fashion_mnist,cut_minmax,clean,137,29,latent_assignment_not_attack,6,99,0,1,3039,0.5633075533326164,0.5913985662345242,0.044605911160442935,0.0,0.044605911160442935
fashion_mnist,cut_minmax,clean,2024,0,latent_assignment_not_attack,7,0,0,0,20,0.7575369968037056,0.9712740706738847,-0.5293981217275798,0.0,-0.5293981217275798
fashion_mnist,cut_minmax,clean,2024,0,latent_assignment_not_attack,7,1,0,0,690,0.6695854085808145,0.8062765355513785,-0.004270826588313958,0.0,-0.004270826588313958
fashion_mnist,cut_minmax,clean,2024,0,latent_assignment_not_attack,7,2,0,0,1697,0.5923186078701675,0.6519552287740993,0.03381206965409619,0.0,0.03381206965409619
fashion_mnist,cut_minmax,clean,2024,0,latent_assignment_not_attack,7,4,0,0,221,0.7716550670079501,0.9872939177514952,-0.5340987520708179,0.0,-0.5340987520708179
fashion_mnist,cut_minmax,clean,2024,0,latent_assignment_not_attack,7,5,0,0,364,0.7039189173109449,0.6167472753416785,0.05784625704265408,0.0,0.05784625704265408
fashion_mnist,cut_minmax,clean,2024,0,latent_assignment_not_attack,7,6,0,1,20,0.6352146917340795,0.8894901917748396,-0.48007501538500036,0.0,-0.48007501538500036
fashion_mnist,cut_minmax,clean,2024,0,latent_assignment_not_attack,7,7,0,0,20,0.788492844753682,0.9762480990931609,-0.5937709710151224,0.0,-0.5937709710151224
fashion_mnist,cut_minmax,clean,2024,0,latent_assignment_not_attack,7,8,0,0,20,0.7642641874386917,0.9826575650402647,-0.5336814966534834,0.0,-0.5336814966534834
fashion_mnist,cut_minmax,clean,2024,0,latent_assignment_not_attack,7,9,0,0,20,0.7414544814359817,0.9698204459436142,-0.5892516945869514,0.0,-0.5892516945869514
fashion_mnist,cut_minmax,clean,2024,0,latent_assignment_not_attack,7,10,0,0,4528,0.7803706808136113,0.9810214238902791,-0.3344346746305593,0.0,-0.3344346746305593
fashion_mnist,cut_minmax,clean,2024,0,latent_assignment_not_attack,7,11,0,0,20,0.7331492329257153,0.9599494110813417,-0.5269090441767069,0.0,-0.5269090441767069
fashion_mnist,cut_minmax,clean,2024,0,latent_assignment_not_attack,7,12,0,0,20,0.6527242202831358,0.8255764261297148,-0.33380915388457333,0.0,-0.33380915388457333
fashion_mnist,cut_minmax,clean,2024,0,latent_assignment_not_attack,7,14,0,0,20,0.8083409572767333,0.9831695264999258,-0.593517556768402,0.0,-0.593517556768402
fashion_mnist,cut_minmax,clean,2024,0,latent_assignment_not_attack,7,15,0,1,147,0.6523949462147812,0.8041918379899713,0.004421105607008368,0.0,0.004421105607008368
fashion_mnist,cut_minmax,clean,2024,0,latent_assignment_not_attack,7,16,0,0,588,0.697253095330459,0.6145942925818331,0.05726741423159704,0.0,0.05726741423159704
fashion_mnist,cut_minmax,clean,2024,0,latent_assignment_not_attack,7,17,0,0,20,0.7446510118037845,0.9735223283289443,-0.5858393138906497,0.0,-0.5858393138906497
fashion_mnist,cut_minmax,clean,2024,0,latent_assignment_not_attack,7,19,0,1,20,0.7746606799970123,0.971197968163537,-0.5820190255432024,0.0,-0.5820190255432024
fashion_mnist,cut_minmax,clean,2024,0,latent_assignment_not_attack,7,20,0,1,20,0.6530128485898578,0.860656104725444,-0.5496904008739714,0.0,-0.5496904008739714
fashion_mnist,cut_minmax,clean,2024,0,latent_assignment_not_attack,7,21,0,0,20,0.7868413431414104,0.9778430574578344,-0.5885551131438597,0.0,-0.5885551131438597
fashion_mnist,cut_minmax,clean,2024,0,latent_assignment_not_attack,7,22,0,0,464,0.7748170183391135,0.9887880294354023,-0.5383730648860571,0.0,-0.5383730648860571
fashion_mnist,cut_minmax,clean,2024,0,latent_assignment_not_attack,7,23,0,0,40,0.812022852431698,0.98544849160874,-0.5900955536303011,0.0,-0.5900955536303011
fashion_mnist,cut_minmax,clean,2024,0,latent_assignment_not_attack,7,24,0,0,3151,0.7130750427932382,0.9477646937363025,-0.1340932356997269,0.0,-0.1340932356997269
fashion_mnist,cut_minmax,clean,2024,0,latent_assignment_not_attack,7,25,0,1,20,0.7664564604939105,0.9819049128026828,-0.5324247748511515,0.0,-0.5324247748511515
fashion_mnist,cut_minmax,clean,2024,0,latent_assignment_not_attack,7,26,0,0,402,0.7448645240415,0.9832964162444409,-0.12632287484437849,0.0,-0.12632287484437849
fashion_mnist,cut_minmax,clean,2024,0,latent_assignment_not_attack,7,28,0,0,204,0.781465133582269,0.9500744759672898,-0.05835808333576234,0.0,-0.05835808333576234
fashion_mnist,cut_minmax,clean,2024,0,latent_assignment_not_attack,7,29,0,0,340,0.786766056655648,0.9835202989526209,-0.33817913294729823,0.0,-0.33817913294729823
fashion_mnist,cut_minmax,clean,2024,0,latent_assignment_not_attack,7,31,0,1,383,0.6640231166312824,0.9212578525915344,-0.30647991423053567,0.0,-0.30647991423053567
fashion_mnist,cut_minmax,clean,2024,0,latent_assignment_not_attack,7,32,0,0,20,0.7963977276106695,0.9409734368232066,-0.06045947786378653,0.0,-0.06045947786378653
fashion_mnist,cut_minmax,clean,2024,0,latent_assignment_not_attack,7,33,0,0,20,0.7798516778814037,0.9825233003296276,-0.534583182426266,0.0,-0.534583182426266
fashion_mnist,cut_minmax,clean,2024,0,latent_assignment_not_attack,7,34,0,0,124,0.6553804555915331,0.9607678682051557,-0.11575409747558588,0.0,-0.11575409747558588
fashion_mnist,cut_minmax,clean,2024,0,latent_assignment_not_attack,7,35,0,0,4526,0.5062055739535175,0.7129365638903187,-0.08998482163793414,0.0,-0.08998482163793414
fashion_mnist,cut_minmax,clean,2024,0,latent_assignment_not_attack,7,36,0,0,20,0.7616666848747543,0.9774023798140059,-0.589663498690281,0.0,-0.589663498690281
fashion_mnist,cut_minmax,clean,2024,0,latent_assignment_not_attack,7,37,0,0,545,0.745082004066408,0.5617050662956373,0.03637274220685675,0.0,0.03637274220685675
fashion_mnist,cut_minmax,clean,2024,0,latent_assignment_not_attack,7,38,0,0,20,0.7117703037933097,0.9611254799020388,-0.5339478279968369,0.0,-0.5339478279968369
fashion_mnist,cut_minmax,clean,2024,0,latent_assignment_not_attack,7,39,0,0,46,0.7580898192324979,0.982887394702854,-0.5359084492582361,0.0,-0.5359084492582361
fashion_mnist,cut_minmax,clean,2024,0,latent_assignment_not_attack,7,40,0,0,20,0.6561321082585665,0.6906994826041838,-0.6439802093174675,0.0,-0.6439802093174675
fashion_mnist,cut_minmax,clean,2024,0,latent_assignment_not_attack,7,41,0,0,351,0.7388641518965139,0.9844543138137268,-0.11993482414903624,0.0,-0.11993482414903624
fashion_mnist,cut_minmax,clean,2024,0,latent_assignment_not_attack,7,42,0,1,20,0.7566889622958443,0.9692011834142369,-0.5321504623634343,0.0,-0.5321504623634343
fashion_mnist,cut_minmax,clean,2024,0,latent_assignment_not_attack,7,43,0,0,20,0.8107712786964894,0.9843853957311491,-0.5908704190157357,0.0,-0.5908704190157357
fashion_mnist,cut_minmax,clean,2024,0,latent_assignment_not_attack,7,44,0,0,20,0.7843506567053868,0.9738564541103576,-0.32859705093119346,0.0,-0.32859705093119346
fashion_mnist,cut_minmax,clean,2024,0,latent_assignment_not_attack,7,46,0,1,20,0.7728144615500568,0.9813220548800636,-0.5958762339947355,0.0,-0.5958762339947355
fashion_mnist,cut_minmax,clean,2024,0,latent_assignment_not_attack,7,47,0,0,20,0.7835451824385802,0.9720479772203883,-0.32739792443375537,0.0,-0.32739792443375537
fashion_mnist,cut_minmax,clean,2024,0,latent_assignment_not_attack,7,48,0,1,20,0.7804618851189209,0.9707704568062845,-0.5283828891512178,0.0,-0.5283828891512178
fashion_mnist,cut_minmax,clean,2024,0,latent_assignment_not_attack,7,49,0,0,834,0.7723826625165128,0.9512942971894173,-0.056839699604721974,0.0,-0.056839699604721974
fashion_mnist,cut_minmax,clean,2024,0,latent_assignment_not_attack,7,50,0,0,20,0.7705329895414728,0.9785311681859948,-0.5871304649456512,0.0,-0.5871304649456512
fashion_mnist,cut_minmax,clean,2024,0,latent_assignment_not_attack,7,51,0,0,20,0.7852259062969497,0.9784958437697128,-0.33942081958010456,0.0,-0.33942081958010456
fashion_mnist,cut_minmax,clean,2024,0,latent_assignment_not_attack,7,53,0,1,20,0.710571867176193,0.9066809726981695,-0.7261368442408311,0.0,-0.7261368442408311
fashion_mnist,cut_minmax,clean,2024,0,latent_assignment_not_attack,7,54,0,1,649,0.6838670743701678,0.8077006120113863,-0.0017003388000610853,0.0,-0.0017003388000610853
fashion_mnist,cut_minmax,clean,2024,0,latent_assignment_not_attack,7,55,0,0,20,0.8252653080060569,0.9850985524823967,-0.591447170384899,0.0,-0.591447170384899
fashion_mnist,cut_minmax,clean,2024,0,latent_assignment_not_attack,7,56,0,0,20,0.8015210400041032,0.9760414079127342,-0.3356163477598269,0.0,-0.3356163477598269
fashion_mnist,cut_minmax,clean,2024,0,latent_assignment_not_attack,7,57,0,0,3893,0.6567145480801189,0.5500106653909731,0.02383408824100128,0.0,0.02383408824100128
fashion_mnist,cut_minmax,clean,2024,0,latent_assignment_not_attack,7,58,0,1,20,0.7364821591018772,0.9723315893152356,-0.5383825941338557,0.0,-0.5383825941338557
fashion_mnist,cut_minmax,clean,2024,0,latent_assignment_not_attack,7,59,0,0,657,0.8035242091154841,0.9873364909363499,-0.5943390800767353,0.0,-0.5943390800767353
fashion_mnist,cut_minmax,clean,2024,0,latent_assignment_not_attack,7,61,0,1,105,0.7184709119200323,0.9790662320022747,-0.1212748824794194,0.0,-0.1212748824794194
fashion_mnist,cut_minmax,clean,2024,0,latent_assignment_not_attack,7,62,0,0,4198,0.7334276237106497,0.8076075325758744,-0.0064219310553576756,0.0,-0.0064219310553576756
fashion_mnist,cut_minmax,clean,2024,0,latent_assignment_not_attack,7,63,0,0,20,0.7744101338665482,0.972990262698375,-0.3385772236589393,0.0,-0.3385772236589393
fashion_mnist,cut_minmax,clean,2024,0,latent_assignment_not_attack,7,65,0,1,1885,0.7131858847861496,0.5857963519104658,0.04103896286431044,0.0,0.04103896286431044
fashion_mnist,cut_minmax,clean,2024,0,latent_assignment_not_attack,7,66,0,0,20,0.7744366797878389,0.972884699792043,-0.5867641391478987,0.0,-0.5867641391478987
fashion_mnist,cut_minmax,clean,2024,0,latent_assignment_not_attack,7,67,0,0,4527,0.6480070916576919,0.6074126021416857,0.04219482882000136,0.0,0.04219482882000136
fashion_mnist,cut_minmax,clean,2024,0,latent_assignment_not_attack,7,68,0,1,2520,0.6882290364177068,0.5197220053964298,0.028099698100931606,0.0,0.028099698100931606
fashion_mnist,cut_minmax,clean,2024,0,latent_assignment_not_attack,7,70,0,0,20,0.7878795766807799,0.9764952530704551,-0.5248023534605668,0.0,-0.5248023534605668
fashion_mnist,cut_minmax,clean,2024,0,latent_assignment_not_attack,7,71,0,0,20,0.7897008955028699,0.9740020908265826,-0.5874811406327054,0.0,-0.5874811406327054
fashion_mnist,cut_minmax,clean,2024,0,latent_assignment_not_attack,7,72,0,0,20,0.7900615463147509,0.979582490813045,-0.3376687260212237,0.0,-0.3376687260212237
fashion_mnist,cut_minmax,clean,2024,0,latent_assignment_not_attack,7,73,0,0,20,0.7415962745266003,0.9708454862936027,-0.5360173267619823,0.0,-0.5360173267619823
fashion_mnist,cut_minmax,clean,2024,0,latent_assignment_not_attack,7,74,0,0,389,0.7907067697458867,0.9841233784769781,-0.3345597063842383,0.0,-0.3345597063842383
fashion_mnist,cut_minmax,clean,2024,0,latent_assignment_not_attack,7,75,0,1,4525,0.7623381741771843,0.9880589705100478,-0.5335114926585248,0.0,-0.5335114926585248
fashion_mnist,cut_minmax,clean,2024,0,latent_assignment_not_attack,7,76,0,1,20,0.7279907120233448,0.9598910151187546,-0.5806426459279652,0.0,-0.5806426459279652
fashion_mnist,cut_minmax,clean,2024,0,latent_assignment_not_attack,7,77,0,0,94,0.6930879216833704,0.5204703683190827,0.027339747139176702,0.0,0.027339747139176702
fashion_mnist,cut_minmax,clean,2024,0,latent_assignment_not_attack,7,78,0,0,136,0.749131631706666,0.9825421822953713,-0.12663702366984309,0.0,-0.12663702366984309
fashion_mnist,cut_minmax,clean,2024,0,latent_assignment_not_attack,7,79,0,0,20,0.7935511950790185,0.9742483716212853,-0.33308689858423984,0.0,-0.33308689858423984
fashion_mnist,cut_minmax,clean,2024,0,latent_assignment_not_attack,7,80,0,0,20,0.7595836910205401,0.9830721544760781,-0.5312516278182748,0.0,-0.5312516278182748
fashion_mnist,cut_minmax,clean,2024,0,latent_assignment_not_attack,7,81,0,0,1357,0.7199390759799779,0.9836130395556262,-0.12508589960958047,0.0,-0.12508589960958047
fashion_mnist,cut_minmax,clean,2024,0,latent_assignment_not_attack,7,82,0,0,20,0.8159284107839785,0.9870865911864056,-0.5953843306748098,0.0,-0.5953843306748098
fashion_mnist,cut_minmax,clean,2024,0,latent_assignment_not_attack,7,83,0,0,2670,0.701816793334214,0.6150756359292162,0.06035134024593155,0.0,0.06035134024593155
fashion_mnist,cut_minmax,clean,2024,0,latent_assignment_not_attack,7,84,0,0,20,0.7614138403678776,0.9625539324052277,-0.344166985878265,0.0,-0.344166985878265
fashion_mnist,cut_minmax,clean,2024,0,latent_assignment_not_attack,7,85,0,0,20,0.6778884095932631,0.9422719199078079,-0.5364711733273901,0.0,-0.5364711733273901
fashion_mnist,cut_minmax,clean,2024,0,latent_assignment_not_attack,7,86,0,0,4532,0.781807752918007,0.9873728598150711,-0.5935848960588473,0.0,-0.5935848960588473
fashion_mnist,cut_minmax,clean,2024,0,latent_assignment_not_attack,7,87,0,0,20,0.8063570013428025,0.9856343672935995,-0.5943126939350888,0.0,-0.5943126939350888
fashion_mnist,cut_minmax,clean,2024,0,latent_assignment_not_attack,7,88,0,0,20,0.7912111099037161,0.9686359892172994,-0.33305084190043033,0.0,-0.33305084190043033
fashion_mnist,cut_minmax,clean,2024,0,latent_assignment_not_attack,7,89,0,1,24,0.791012769909558,0.9424711195845825,-0.06423669611639288,0.0,-0.06423669611639288
fashion_mnist,cut_minmax,clean,2024,0,latent_assignment_not_attack,7,90,0,0,20,0.5990125648643332,0.6296603514998835,0.03229845842302775,0.0,0.03229845842302775
fashion_mnist,cut_minmax,clean,2024,0,latent_assignment_not_attack,7,91,0,0,20,0.7400962617080342,0.9779095457767845,-0.5392307747235109,0.0,-0.5392307747235109
fashion_mnist,cut_minmax,clean,2024,0,latent_assignment_not_attack,7,92,0,0,20,0.6551317833119576,0.8017902867275556,-0.0713076309567176,0.0,-0.0713076309567176
fashion_mnist,cut_minmax,clean,2024,0,latent_assignment_not_attack,7,93,0,0,20,0.8209071794233085,0.9738463537521518,-0.576208432174669,0.0,-0.576208432174669
fashion_mnist,cut_minmax,clean,2024,0,latent_assignment_not_attack,7,94,0,0,820,0.6741979234812563,0.7320482525221309,-0.2402799905696677,0.0,-0.2402799905696677
fashion_mnist,cut_minmax,clean,2024,0,latent_assignment_not_attack,7,95,0,0,20,0.7894083118135587,0.9671805861940774,-0.32708911884920144,0.0,-0.32708911884920144
fashion_mnist,cut_minmax,clean,2024,0,latent_assignment_not_attack,7,96,0,0,20,0.6386264577806768,0.6470975667341395,0.03616743358915637,0.0,0.03616743358915637
fashion_mnist,cut_minmax,clean,2024,0,latent_assignment_not_attack,7,97,0,0,1113,0.7261602844053512,0.616691743169776,0.05139431381340499,0.0,0.05139431381340499
fashion_mnist,cut_minmax,clean,2024,0,latent_assignment_not_attack,7,98,0,0,20,0.666183159746252,0.909501195878924,-0.687970726933982,0.0,-0.687970726933982
fashion_mnist,cut_minmax,clean,2024,0,latent_assignment_not_attack,7,99,0,0,159,0.703966617553471,0.9799126817544812,-0.12927650288787837,0.0,-0.12927650288787837
fashion_mnist,cut_minmax,clean,2024,9,latent_assignment_not_attack,7,0,0,0,20,0.2275047920907981,0.9384111942299039,-0.0724671297672534,0.0,-0.0724671297672534
fashion_mnist,cut_minmax,clean,2024,9,latent_assignment_not_attack,7,1,0,0,690,0.5965685682623568,0.8955897163122378,-0.15503114759576955,0.0,-0.15503114759576955
fashion_mnist,cut_minmax,clean,2024,9,latent_assignment_not_attack,7,3,0,0,20,0.2572131764350891,0.686045683228772,-0.07433610273011135,0.0,-0.07433610273011135
fashion_mnist,cut_minmax,clean,2024,9,latent_assignment_not_attack,7,4,0,0,221,0.24275695897190508,0.9758933370864543,-0.026881126461750136,0.0,-0.026881126461750136
fashion_mnist,cut_minmax,clean,2024,9,latent_assignment_not_attack,7,5,0,0,364,0.690763551939052,0.7721411927171846,-0.13088702747036446,0.0,-0.13088702747036446
fashion_mnist,cut_minmax,clean,2024,9,latent_assignment_not_attack,7,6,0,1,20,0.3943302058619657,0.6834604291012514,0.02818218101215294,0.0,0.02818218101215294
fashion_mnist,cut_minmax,clean,2024,9,latent_assignment_not_attack,7,7,0,0,20,0.16700729507847478,0.8151980796228899,-0.05235782946535422,0.0,-0.05235782946535422
fashion_mnist,cut_minmax,clean,2024,9,latent_assignment_not_attack,7,8,0,0,20,0.2941939838410074,0.938131946026328,0.0407812671344964,0.0,0.0407812671344964
fashion_mnist,cut_minmax,clean,2024,9,latent_assignment_not_attack,7,9,0,0,20,0.19897855638508452,0.7843350032668175,-0.14144341822426745,0.0,-0.14144341822426745
fashion_mnist,cut_minmax,clean,2024,9,latent_assignment_not_attack,7,10,0,0,4528,0.40085822063969495,0.9845509185489686,-0.07761561840756502,0.0,-0.07761561840756502
fashion_mnist,cut_minmax,clean,2024,9,latent_assignment_not_attack,7,11,0,0,20,0.25915068800248303,0.8688250955025818,-0.11772298977488292,0.0,-0.11772298977488292
fashion_mnist,cut_minmax,clean,2024,9,latent_assignment_not_attack,7,12,0,0,20,0.3998651793204778,0.7040440170916097,-0.1308361087693003,0.0,-0.1308361087693003
fashion_mnist,cut_minmax,clean,2024,9,latent_assignment_not_attack,7,13,0,0,20,0.25974887920420686,0.9644537506613828,-0.032730483706376726,0.0,-0.032730483706376726
fashion_mnist,cut_minmax,clean,2024,9,latent_assignment_not_attack,7,14,0,0,20,0.16979702117947804,0.9704695683566043,0.040271774374730125,0.0,0.040271774374730125
fashion_mnist,cut_minmax,clean,2024,9,latent_assignment_not_attack,7,15,0,1,147,0.6661808895408483,0.9096148793394544,-0.09450638727861105,0.0,-0.09450638727861105
fashion_mnist,cut_minmax,clean,2024,9,latent_assignment_not_attack,7,16,0,0,588,0.687955650340855,0.7741660031173945,-0.12696666503108608,0.0,-0.12696666503108608
fashion_mnist,cut_minmax,clean,2024,9,latent_assignment_not_attack,7,18,0,0,20,0.46068310385270755,0.7070758884880376,0.06974176781222914,0.0,0.06974176781222914
fashion_mnist,cut_minmax,clean,2024,9,latent_assignment_not_attack,7,19,0,1,20,0.22846262418841704,0.7459046067991145,0.056832721152021135,0.0,0.056832721152021135
fashion_mnist,cut_minmax,clean,2024,9,latent_assignment_not_attack,7,20,0,1,20,0.23730054333348222,0.6365802835945622,-0.0020734602862941187,0.0,-0.0020734602862941187
fashion_mnist,cut_minmax,clean,2024,9,latent_assignment_not_attack,7,21,0,0,20,0.2527126532845399,0.8877991148343701,0.09080101613441936,0.0,0.09080101613441936
fashion_mnist,cut_minmax,clean,2024,9,latent_assignment_not_attack,7,23,0,0,40,0.20284325030956743,0.9801870441856758,0.08094958057504868,0.0,0.08094958057504868
fashion_mnist,cut_minmax,clean,2024,9,latent_assignment_not_attack,7,24,0,0,3151,0.6739831232796125,0.9264861986592698,-0.06269042087322631,0.0,-0.06269042087322631
fashion_mnist,cut_minmax,clean,2024,9,latent_assignment_not_attack,7,25,0,1,20,0.26770518278144134,0.9709824229730474,-0.020170022641066668,0.0,-0.020170022641066668
fashion_mnist,cut_minmax,clean,2024,9,latent_assignment_not_attack,7,27,0,0,26,0.2537091629522403,0.9680038572600844,-0.03142942814842433,0.0,-0.03142942814842433
fashion_mnist,cut_minmax,clean,2024,9,latent_assignment_not_attack,7,28,0,0,204,0.777923020492228,0.9305015766177984,-0.040419417236936546,0.0,-0.040419417236936546
fashion_mnist,cut_minmax,clean,2024,9,latent_assignment_not_attack,7,29,0,0,340,0.3699928668753857,0.983551619735481,-0.10178350953497843,0.0,-0.10178350953497843
fashion_mnist,cut_minmax,clean,2024,9,latent_assignment_not_attack,7,30,0,0,20,0.1821423229426258,0.9742413722784805,0.03944021460621544,0.0,0.03944021460621544
fashion_mnist,cut_minmax,clean,2024,9,latent_assignment_not_attack,7,31,0,1,383,0.40643591575978444,0.9623877846124763,0.17095772632012332,0.0,0.17095772632012332
fashion_mnist,cut_minmax,clean,2024,9,latent_assignment_not_attack,7,32,0,0,20,0.723639315222715,0.9312342160168239,-0.040245336098954074,0.0,-0.040245336098954074
fashion_mnist,cut_minmax,clean,2024,9,latent_assignment_not_attack,7,33,0,0,20,0.17775768841369155,0.9478707940321618,-0.10253644098943879,0.0,-0.10253644098943879
fashion_mnist,cut_minmax,clean,2024,9,latent_assignment_not_attack,7,34,0,0,124,0.42363139922256426,0.8428984018583245,0.0959590035165575,0.0,0.0959590035165575
fashion_mnist,cut_minmax,clean,2024,9,latent_assignment_not_attack,7,36,0,0,20,0.23477780876408616,0.8877670074282706,0.01926224337543841,0.0,0.01926224337543841
fashion_mnist,cut_minmax,clean,2024,9,latent_assignment_not_attack,7,37,0,0,545,0.7314709998224942,0.605694527600634,0.1627673500910621,0.0,0.1627673500910621
fashion_mnist,cut_minmax,clean,2024,9,latent_assignment_not_attack,7,38,0,0,20,0.2607779396677401,0.7552397654748183,-0.22473136103078473,0.0,-0.22473136103078473
fashion_mnist,cut_minmax,clean,2024,9,latent_assignment_not_attack,7,39,0,0,46,0.2866393769538102,0.9481194804932663,0.025987396528022115,0.0,0.025987396528022115
fashion_mnist,cut_minmax,clean,2024,9,latent_assignment_not_attack,7,40,0,0,20,0.3374916548901732,0.7582117449651863,-0.024593028127560746,0.0,-0.024593028127560746
fashion_mnist,cut_minmax,clean,2024,9,latent_assignment_not_attack,7,41,0,0,351,0.41958605065203824,0.9669345181250492,0.14087544786019407,0.0,0.14087544786019407
fashion_mnist,cut_minmax,clean,2024,9,latent_assignment_not_attack,7,42,0,1,20,0.20050621276915281,0.9081212192273085,-0.14957982525344188,0.0,-0.14957982525344188
fashion_mnist,cut_minmax,clean,2024,9,latent_assignment_not_attack,7,43,0,0,20,0.21940393543146708,0.9805362491057574,0.08518893307164442,0.0,0.08518893307164442
fashion_mnist,cut_minmax,clean,2024,9,latent_assignment_not_attack,7,44,0,0,20,0.37327668341043074,0.9734744901874365,-0.11102690710830625,0.0,-0.11102690710830625
fashion_mnist,cut_minmax,clean,2024,9,latent_assignment_not_attack,7,45,0,0,20,0.23677872812028464,0.9696241437785027,-0.0431131584615756,0.0,-0.0431131584615756
fashion_mnist,cut_minmax,clean,2024,9,latent_assignment_not_attack,7,46,0,1,20,0.14112527821956272,0.8266399378530686,-0.06397814414381522,0.0,-0.06397814414381522
fashion_mnist,cut_minmax,clean,2024,9,latent_assignment_not_attack,7,47,0,0,20,0.3846421196557476,0.9621133992716697,-0.09241534178383587,0.0,-0.09241534178383587
fashion_mnist,cut_minmax,clean,2024,9,latent_assignment_not_attack,7,48,0,1,20,0.21165454266942949,0.9564815733198799,-0.022829391997906096,0.0,-0.022829391997906096
fashion_mnist,cut_minmax,clean,2024,9,latent_assignment_not_attack,7,49,0,0,834,0.7342523976375208,0.9288304319205949,-0.05887189880455376,0.0,-0.05887189880455376
fashion_mnist,cut_minmax,clean,2024,9,latent_assignment_not_attack,7,50,0,0,20,0.18464976611081765,0.7812450420246052,-0.05484378257836092,0.0,-0.05484378257836092
fashion_mnist,cut_minmax,clean,2024,9,latent_assignment_not_attack,7,51,0,0,20,0.39762905018735156,0.972803127654263,-0.06881978297841719,0.0,-0.06881978297841719
fashion_mnist,cut_minmax,clean,2024,9,latent_assignment_not_attack,7,52,0,0,20,0.4018259095280635,0.9245841329509566,0.16033018462919726,0.0,0.16033018462919726
fashion_mnist,cut_minmax,clean,2024,9,latent_assignment_not_attack,7,53,0,1,20,0.167175469488664,0.911094820397943,-0.07531010417198171,0.0,-0.07531010417198171
fashion_mnist,cut_minmax,clean,2024,9,latent_assignment_not_attack,7,54,0,1,649,0.6835160812849183,0.9137912994089412,-0.08723821636878705,0.0,-0.08723821636878705
fashion_mnist,cut_minmax,clean,2024,9,latent_assignment_not_attack,7,55,0,0,20,0.18781682826954788,0.9761994083699758,0.05501476120160194,0.0,0.05501476120160194
fashion_mnist,cut_minmax,clean,2024,9,latent_assignment_not_attack,7,56,0,0,20,0.36002676448449844,0.9672466015297507,-0.09093786572014892,0.0,-0.09093786572014892
fashion_mnist,cut_minmax,clean,2024,9,latent_assignment_not_attack,7,57,0,0,3893,0.6699347362325385,0.5891656423677605,0.12568676033202805,0.0,0.12568676033202805
fashion_mnist,cut_minmax,clean,2024,9,latent_assignment_not_attack,7,58,0,1,20,0.27180504377229925,0.9314873233184334,-0.08010851774203363,0.0,-0.08010851774203363
fashion_mnist,cut_minmax,clean,2024,9,latent_assignment_not_attack,7,59,0,0,657,0.2517747252506294,0.9472734474353072,0.11317334901059777,0.0,0.11317334901059777
fashion_mnist,cut_minmax,clean,2024,9,latent_assignment_not_attack,7,61,0,1,105,0.4587991834716176,0.9629379876000659,0.14438616102295687,0.0,0.14438616102295687
fashion_mnist,cut_minmax,clean,2024,9,latent_assignment_not_attack,7,62,0,0,4198,0.6611331373821769,0.914736190931275,-0.08597369942204253,0.0,-0.08597369942204253
fashion_mnist,cut_minmax,clean,2024,9,latent_assignment_not_attack,7,63,0,0,20,0.4012282722024204,0.9724728140801309,-0.06077986830600239,0.0,-0.06077986830600239
fashion_mnist,cut_minmax,clean,2024,9,latent_assignment_not_attack,7,64,0,0,20,0.20795898096055934,0.8409017261793146,-0.1617389184977584,0.0,-0.1617389184977584
fashion_mnist,cut_minmax,clean,2024,9,latent_assignment_not_attack,7,65,0,1,1885,0.7886790031435349,0.6556127561976909,0.04692163937389936,0.0,0.04692163937389936
fashion_mnist,cut_minmax,clean,2024,9,latent_assignment_not_attack,7,66,0,0,20,0.16597635533840738,0.7935764633752633,-0.050657858910807575,0.0,-0.050657858910807575
fashion_mnist,cut_minmax,clean,2024,9,latent_assignment_not_attack,7,67,0,0,4527,0.7115753187326945,0.6731300974040167,0.04915693862984087,0.0,0.04915693862984087
fashion_mnist,cut_minmax,clean,2024,9,latent_assignment_not_attack,7,68,0,1,2520,0.9243028524190784,0.40882959923684625,0.08305544475657378,0.0,0.08305544475657378
fashion_mnist,cut_minmax,clean,2024,9,latent_assignment_not_attack,7,69,0,0,20,0.40584904732350086,0.9743060750797381,-0.05383550606297469,0.0,-0.05383550606297469
fashion_mnist,cut_minmax,clean,2024,9,latent_assignment_not_attack,7,70,0,0,20,0.20362751785471217,0.9614134483998497,-0.05282596425448874,0.0,-0.05282596425448874
fashion_mnist,cut_minmax,clean,2024,9,latent_assignment_not_attack,7,71,0,0,20,0.21333082025667774,0.8997976521454676,0.008439038610211367,0.0,0.008439038610211367
fashion_mnist,cut_minmax,clean,2024,9,latent_assignment_not_attack,7,72,0,0,20,0.3608034144221647,0.9781781326187865,-0.08593824631246669,0.0,-0.08593824631246669
fashion_mnist,cut_minmax,clean,2024,9,latent_assignment_not_attack,7,73,0,0,20,0.2572708270470622,0.9083185508353975,-0.08771571839041624,0.0,-0.08771571839041624
fashion_mnist,cut_minmax,clean,2024,9,latent_assignment_not_attack,7,74,0,0,389,0.3263918740387402,0.9817237694357516,-0.1395366475885897,0.0,-0.1395366475885897
fashion_mnist,cut_minmax,clean,2024,9,latent_assignment_not_attack,7,75,0,1,4525,0.26833621175021566,0.9713059144974491,-0.02764955188693014,0.0,-0.02764955188693014
fashion_mnist,cut_minmax,clean,2024,9,latent_assignment_not_attack,7,76,0,1,20,0.26041130751548436,0.6784652214739465,-0.051766138318658686,0.0,-0.051766138318658686
fashion_mnist,cut_minmax,clean,2024,9,latent_assignment_not_attack,7,77,0,0,94,0.9191928110362555,0.4114930374373584,0.0772735291835026,0.0,0.0772735291835026
fashion_mnist,cut_minmax,clean,2024,9,latent_assignment_not_attack,7,78,0,0,136,0.4502875644950851,0.9691505806313657,0.15022413946872887,0.0,0.15022413946872887
fashion_mnist,cut_minmax,clean,2024,9,latent_assignment_not_attack,7,79,0,0,20,0.3224254244344075,0.9756265186112307,-0.13364904980568604,0.0,-0.13364904980568604
fashion_mnist,cut_minmax,clean,2024,9,latent_assignment_not_attack,7,80,0,0,20,0.26331303108595,0.9690122217490267,-0.02539868040365858,0.0,-0.02539868040365858
fashion_mnist,cut_minmax,clean,2024,9,latent_assignment_not_attack,7,81,0,0,1357,0.4241412630746416,0.966268389409404,0.13030164813334716,0.0,0.13030164813334716
fashion_mnist,cut_minmax,clean,2024,9,latent_assignment_not_attack,7,82,0,0,20,0.17164089908435448,0.981726228910898,0.06412410938126722,0.0,0.06412410938126722
fashion_mnist,cut_minmax,clean,2024,9,latent_assignment_not_attack,7,83,0,0,2670,0.713833933343868,0.7550752458809169,-0.11910598401509916,0.0,-0.11910598401509916
fashion_mnist,cut_minmax,clean,2024,9,latent_assignment_not_attack,7,84,0,0,20,0.28728524065195576,0.9674148846127192,-0.1522540566627168,0.0,-0.1522540566627168
fashion_mnist,cut_minmax,clean,2024,9,latent_assignment_not_attack,7,85,0,0,20,0.32010321926460916,0.819006005081451,0.05616343426019586,0.0,0.05616343426019586
fashion_mnist,cut_minmax,clean,2024,9,latent_assignment_not_attack,7,87,0,0,20,0.17419596072437038,0.9808807497506213,0.04446820858236794,0.0,0.04446820858236794
fashion_mnist,cut_minmax,clean,2024,9,latent_assignment_not_attack,7,88,0,0,20,0.3901023332356586,0.9756300433982339,-0.05630443179061846,0.0,-0.05630443179061846
fashion_mnist,cut_minmax,clean,2024,9,latent_assignment_not_attack,7,89,0,1,24,0.7186668635925253,0.9293148234030733,-0.055472656497125614,0.0,-0.055472656497125614
fashion_mnist,cut_minmax,clean,2024,9,latent_assignment_not_attack,7,90,0,0,20,0.6601363572548155,0.6575477764564793,-0.01167103666882247,0.0,-0.01167103666882247
fashion_mnist,cut_minmax,clean,2024,9,latent_assignment_not_attack,7,91,0,0,20,0.29500641080895257,0.8919140255050617,-0.051891779800362595,0.0,-0.051891779800362595
fashion_mnist,cut_minmax,clean,2024,9,latent_assignment_not_attack,7,92,0,0,20,0.5559832532951724,0.8928279823288665,-0.15051083541609023,0.0,-0.15051083541609023
fashion_mnist,cut_minmax,clean,2024,9,latent_assignment_not_attack,7,95,0,0,20,0.34036703067214874,0.9750786710131305,-0.13028050460956475,0.0,-0.13028050460956475
fashion_mnist,cut_minmax,clean,2024,9,latent_assignment_not_attack,7,96,0,0,20,0.6456316561270976,0.6589456044771159,0.04623100664226886,0.0,0.04623100664226886
fashion_mnist,cut_minmax,clean,2024,9,latent_assignment_not_attack,7,97,0,0,1113,0.6744956610386781,0.768032647067326,-0.12076465469716544,0.0,-0.12076465469716544
fashion_mnist,cut_minmax,clean,2024,9,latent_assignment_not_attack,7,98,0,0,20,0.2462774628163123,0.8017642767291362,-0.041356573763559695,0.0,-0.041356573763559695
fashion_mnist,cut_minmax,clean,2024,29,latent_assignment_not_attack,7,0,0,0,20,0.14096097670971935,0.9330964828038499,0.1817524441503698,0.0,0.1817524441503698
fashion_mnist,cut_minmax,clean,2024,29,latent_assignment_not_attack,7,1,0,0,690,0.3943453618430312,0.9040474753064318,0.26775169613841737,0.0,0.26775169613841737
fashion_mnist,cut_minmax,clean,2024,29,latent_assignment_not_attack,7,2,0,0,1697,0.9551064388451855,0.7362905547791432,-0.5408760582792075,0.0,-0.5408760582792075
fashion_mnist,cut_minmax,clean,2024,29,latent_assignment_not_attack,7,3,0,0,20,0.21239090193551569,0.5014595101323797,-0.2406382788904278,0.0,-0.2406382788904278
fashion_mnist,cut_minmax,clean,2024,29,latent_assignment_not_attack,7,4,0,0,221,0.1681383542606286,0.9720468932437203,0.125528320000648,0.0,0.125528320000648
fashion_mnist,cut_minmax,clean,2024,29,latent_assignment_not_attack,7,5,0,0,364,0.43887101568074405,0.7875209153226157,0.10693019249077741,0.0,0.10693019249077741
fashion_mnist,cut_minmax,clean,2024,29,latent_assignment_not_attack,7,6,0,1,20,0.40651274622443156,0.6497029803621902,-0.22949321684692947,0.0,-0.22949321684692947
fashion_mnist,cut_minmax,clean,2024,29,latent_assignment_not_attack,7,8,0,0,20,0.2713939382853501,0.9083640082662547,0.08745868679559167,0.0,0.08745868679559167
fashion_mnist,cut_minmax,clean,2024,29,latent_assignment_not_attack,7,9,0,0,20,0.055830261904661,0.510712144899417,0.3185257679513675,0.0,0.3185257679513675
fashion_mnist,cut_minmax,clean,2024,29,latent_assignment_not_attack,7,11,0,0,20,0.23084121689781706,0.7120055367066401,-0.10056474617659833,0.0,-0.10056474617659833
fashion_mnist,cut_minmax,clean,2024,29,latent_assignment_not_attack,7,12,0,0,20,0.5505797819356727,0.7951390932120369,-0.5562433116125864,0.0,-0.5562433116125864
fashion_mnist,cut_minmax,clean,2024,29,latent_assignment_not_attack,7,13,0,0,20,0.18815743133169063,0.9560280386361175,0.10680384489184622,0.0,0.10680384489184622
fashion_mnist,cut_minmax,clean,2024,29,latent_assignment_not_attack,7,14,0,0,20,0.05397504507825815,0.9285366022287829,0.35121159131799623,0.0,0.35121159131799623
fashion_mnist,cut_minmax,clean,2024,29,latent_assignment_not_attack,7,15,0,1,147,0.44810741661539716,0.9284627024284775,0.2915489503600023,0.0,0.2915489503600023
fashion_mnist,cut_minmax,clean,2024,29,latent_assignment_not_attack,7,16,0,0,588,0.45441861993898514,0.7886103113354944,0.09265977953217462,0.0,0.09265977953217462
fashion_mnist,cut_minmax,clean,2024,29,latent_assignment_not_attack,7,17,0,0,20,0.08800621806404502,0.5065079790689614,0.29218009891035285,0.0,0.29218009891035285
fashion_mnist,cut_minmax,clean,2024,29,latent_assignment_not_attack,7,18,0,0,20,0.48697664744837244,0.6845096437938156,-0.21339955879469313,0.0,-0.21339955879469313
fashion_mnist,cut_minmax,clean,2024,29,latent_assignment_not_attack,7,19,0,1,20,0.20857131968975498,0.5064056552996885,-0.09093827830811167,0.0,-0.09093827830811167
fashion_mnist,cut_minmax,clean,2024,29,latent_assignment_not_attack,7,20,0,1,20,0.14766245427849825,0.7668622501278716,0.036156333376041426,0.0,0.036156333376041426
fashion_mnist,cut_minmax,clean,2024,29,latent_assignment_not_attack,7,21,0,0,20,0.161556619687275,0.7125358630273031,0.12664827829536865,0.0,0.12664827829536865
fashion_mnist,cut_minmax,clean,2024,29,latent_assignment_not_attack,7,22,0,0,464,0.1913321322816297,0.9773979683768246,0.11875779827427305,0.0,0.11875779827427305
fashion_mnist,cut_minmax,clean,2024,29,latent_assignment_not_attack,7,23,0,0,40,0.1125459102449448,0.9357329037804624,0.32540360257230777,0.0,0.32540360257230777
fashion_mnist,cut_minmax,clean,2024,29,latent_assignment_not_attack,7,24,0,0,3151,0.9205086757449984,0.9458973715678312,-0.6479060759200526,0.0,-0.6479060759200526
fashion_mnist,cut_minmax,clean,2024,29,latent_assignment_not_attack,7,25,0,1,20,0.20175374780872993,0.9717682383286513,0.10679920703895682,0.0,0.10679920703895682
fashion_mnist,cut_minmax,clean,2024,29,latent_assignment_not_attack,7,26,0,0,402,0.24426514792562862,0.9650665189903099,-0.046530545348082944,0.0,-0.046530545348082944
fashion_mnist,cut_minmax,clean,2024,29,latent_assignment_not_attack,7,27,0,0,26,0.1831913704313053,0.9692619953023138,0.12428031223698734,0.0,0.12428031223698734
fashion_mnist,cut_minmax,clean,2024,29,latent_assignment_not_attack,7,28,0,0,204,0.9898160216488141,0.9463446328355198,-0.6460843000778095,0.0,-0.6460843000778095
fashion_mnist,cut_minmax,clean,2024,29,latent_assignment_not_attack,7,29,0,0,340,0.251000403209565,0.9749607687512171,0.019514628559423677,0.0,0.019514628559423677
fashion_mnist,cut_minmax,clean,2024,29,latent_assignment_not_attack,7,30,0,0,20,0.054901924046217215,0.9380232900957527,0.2907938521258836,0.0,0.2907938521258836
fashion_mnist,cut_minmax,clean,2024,29,latent_assignment_not_attack,7,31,0,1,383,0.26597244878027687,0.947734303963415,-0.020169033225388187,0.0,-0.020169033225388187
fashion_mnist,cut_minmax,clean,2024,29,latent_assignment_not_attack,7,32,0,0,20,0.9788254635396515,0.9506621729664065,-0.6471359231675464,0.0,-0.6471359231675464
fashion_mnist,cut_minmax,clean,2024,29,latent_assignment_not_attack,7,33,0,0,20,0.09945535151536837,0.9402331982438303,0.14655756072347476,0.0,0.14655756072347476
fashion_mnist,cut_minmax,clean,2024,29,latent_assignment_not_attack,7,34,0,0,124,0.3602954517262617,0.6683004651070606,-0.3038637775559207,0.0,-0.3038637775559207
fashion_mnist,cut_minmax,clean,2024,29,latent_assignment_not_attack,7,35,0,0,4526,0.7098922911697333,0.7351658768966693,-0.5302967785315176,0.0,-0.5302967785315176
fashion_mnist,cut_minmax,clean,2024,29,latent_assignment_not_attack,7,37,0,0,545,1.0079071881872073,0.6854749289934116,-0.28786176293078186,0.0,-0.28786176293078186
fashion_mnist,cut_minmax,clean,2024,29,latent_assignment_not_attack,7,38,0,0,20,0.2324679744763596,0.6972833071918287,-0.36112229624777814,0.0,-0.36112229624777814
fashion_mnist,cut_minmax,clean,2024,29,latent_assignment_not_attack,7,39,0,0,46,0.28736815978454394,0.9319487948188122,0.08091716689346855,0.0,0.08091716689346855
fashion_mnist,cut_minmax,clean,2024,29,latent_assignment_not_attack,7,40,0,0,20,0.2829564778481727,0.7856237181248987,0.05859922267285773,0.0,0.05859922267285773
fashion_mnist,cut_minmax,clean,2024,29,latent_assignment_not_attack,7,41,0,0,351,0.26076653433744545,0.9608015335029533,-0.06540234081810208,0.0,-0.06540234081810208
fashion_mnist,cut_minmax,clean,2024,29,latent_assignment_not_attack,7,42,0,1,20,0.1252615199016441,0.9323072542754669,0.19954954044573978,0.0,0.19954954044573978
fashion_mnist,cut_minmax,clean,2024,29,latent_assignment_not_attack,7,43,0,0,20,0.08702015742821599,0.9445285057838395,0.36312373222154437,0.0,0.36312373222154437
fashion_mnist,cut_minmax,clean,2024,29,latent_assignment_not_attack,7,44,0,0,20,0.3000331207190348,0.97161818142953,0.015612684809614934,0.0,0.015612684809614934
fashion_mnist,cut_minmax,clean,2024,29,latent_assignment_not_attack,7,45,0,0,20,0.1694534785350355,0.9654582750135811,0.11843107964171443,0.0,0.11843107964171443
fashion_mnist,cut_minmax,clean,2024,29,latent_assignment_not_attack,7,46,0,1,20,0.06845506467554517,0.5069240824606115,0.07890440106280933,0.0,0.07890440106280933
fashion_mnist,cut_minmax,clean,2024,29,latent_assignment_not_attack,7,48,0,1,20,0.17360564653049335,0.9412496493769064,0.07988635418938272,0.0,0.07988635418938272
fashion_mnist,cut_minmax,clean,2024,29,latent_assignment_not_attack,7,49,0,0,834,1.0112996861908314,0.9509371384395621,-0.6458301126176632,0.0,-0.6458301126176632
fashion_mnist,cut_minmax,clean,2024,29,latent_assignment_not_attack,7,51,0,0,20,0.3660895159708178,0.9655247671297827,0.014286218328759084,0.0,0.014286218328759084
fashion_mnist,cut_minmax,clean,2024,29,latent_assignment_not_attack,7,53,0,1,20,0.09428486479437466,0.9428824473759239,0.16430123456906418,0.0,0.16430123456906418
fashion_mnist,cut_minmax,clean,2024,29,latent_assignment_not_attack,7,54,0,1,649,0.41781285999086454,0.923756001182541,0.30188636109702327,0.0,0.30188636109702327
fashion_mnist,cut_minmax,clean,2024,29,latent_assignment_not_attack,7,55,0,0,20,0.05100067224757461,0.9432128893526546,0.2994067524208039,0.0,0.2994067524208039
fashion_mnist,cut_minmax,clean,2024,29,latent_assignment_not_attack,7,56,0,0,20,0.2926152759615913,0.9629941552325871,0.007719075182331062,0.0,0.007719075182331062
fashion_mnist,cut_minmax,clean,2024,29,latent_assignment_not_attack,7,57,0,0,3893,0.8766722105014594,0.6635392207664059,-0.48548902493255625,0.0,-0.48548902493255625
fashion_mnist,cut_minmax,clean,2024,29,latent_assignment_not_attack,7,58,0,1,20,0.19285846881656366,0.9630880964125836,0.1709654874232821,0.0,0.1709654874232821
fashion_mnist,cut_minmax,clean,2024,29,latent_assignment_not_attack,7,59,0,0,657,0.08742158102933306,0.927701785578898,0.19952667036794963,0.0,0.19952667036794963
fashion_mnist,cut_minmax,clean,2024,29,latent_assignment_not_attack,7,60,0,0,20,0.08089712145337541,0.6117978246857971,0.33552834688612704,0.0,0.33552834688612704
fashion_mnist,cut_minmax,clean,2024,29,latent_assignment_not_attack,7,61,0,1,105,0.29755208443549286,0.9593910223505979,-0.052726266370876164,0.0,-0.052726266370876164
fashion_mnist,cut_minmax,clean,2024,29,latent_assignment_not_attack,7,62,0,0,4198,0.4395725603225527,0.9234906455103447,0.2988948263493607,0.0,0.2988948263493607
fashion_mnist,cut_minmax,clean,2024,29,latent_assignment_not_attack,7,63,0,0,20,0.3829352548032356,0.9664217055511436,0.014909907264418676,0.0,0.014909907264418676
fashion_mnist,cut_minmax,clean,2024,29,latent_assignment_not_attack,7,64,0,0,20,0.1876946991558643,0.7803084604499549,-0.45736086534075804,0.0,-0.45736086534075804
fashion_mnist,cut_minmax,clean,2024,29,latent_assignment_not_attack,7,65,0,1,1885,1.0113060295228717,0.7333590545708464,-0.28231240098018306,0.0,-0.28231240098018306
fashion_mnist,cut_minmax,clean,2024,29,latent_assignment_not_attack,7,66,0,0,20,0.09700834730353772,0.3504469187118919,0.12913914107447222,0.0,0.12913914107447222
fashion_mnist,cut_minmax,clean,2024,29,latent_assignment_not_attack,7,67,0,0,4527,0.8862352726871648,0.7119108581201115,-0.3582525461335289,0.0,-0.3582525461335289
fashion_mnist,cut_minmax,clean,2024,29,latent_assignment_not_attack,7,68,0,1,2520,1.0711628134020794,0.7270633680063361,-0.3579119236292783,0.0,-0.3579119236292783
fashion_mnist,cut_minmax,clean,2024,29,latent_assignment_not_attack,7,69,0,0,20,0.3738290470611745,0.9705520814679451,0.012703457252810258,0.0,0.012703457252810258
fashion_mnist,cut_minmax,clean,2024,29,latent_assignment_not_attack,7,70,0,0,20,0.1396614426630619,0.9626886761550517,0.09046441926357274,0.0,0.09046441926357274
fashion_mnist,cut_minmax,clean,2024,29,latent_assignment_not_attack,7,71,0,0,20,0.1097262176589335,0.8636760465443363,0.2957701210892103,0.0,0.2957701210892103
fashion_mnist,cut_minmax,clean,2024,29,latent_assignment_not_attack,7,73,0,0,20,0.18170250775336103,0.9295836438903871,0.18611327704091798,0.0,0.18611327704091798
fashion_mnist,cut_minmax,clean,2024,29,latent_assignment_not_attack,7,74,0,0,389,0.3335393546535187,0.9740873051264287,0.010617972459778285,0.0,0.010617972459778285
fashion_mnist,cut_minmax,clean,2024,29,latent_assignment_not_attack,7,75,0,1,4525,0.19797891309632953,0.9689565285139683,0.04861979250177196,0.0,0.04861979250177196
fashion_mnist,cut_minmax,clean,2024,29,latent_assignment_not_attack,7,76,0,1,20,0.2199047272260126,0.7142134372610407,0.227545108472186,0.0,0.227545108472186
fashion_mnist,cut_minmax,clean,2024,29,latent_assignment_not_attack,7,77,0,0,94,1.0796557955670874,0.7405035100252372,-0.3541874032874398,0.0,-0.3541874032874398
fashion_mnist,cut_minmax,clean,2024,29,latent_assignment_not_attack,7,78,0,0,136,0.2871576568541706,0.960364104035812,-0.04157785125228058,0.0,-0.04157785125228058
fashion_mnist,cut_minmax,clean,2024,29,latent_assignment_not_attack,7,79,0,0,20,0.25676119565066785,0.9744552325176672,0.006270376396953674,0.0,0.006270376396953674
fashion_mnist,cut_minmax,clean,2024,29,latent_assignment_not_attack,7,80,0,0,20,0.20250997718367633,0.9620856774917526,0.10822475586301677,0.0,0.10822475586301677
fashion_mnist,cut_minmax,clean,2024,29,latent_assignment_not_attack,7,81,0,0,1357,0.25759474073463856,0.96185629037677,-0.052228063372201455,0.0,-0.052228063372201455
fashion_mnist,cut_minmax,clean,2024,29,latent_assignment_not_attack,7,82,0,0,20,0.05477969687653981,0.9475186875488639,0.3295899162213644,0.0,0.3295899162213644
fashion_mnist,cut_minmax,clean,2024,29,latent_assignment_not_attack,7,83,0,0,2670,0.46657980752263845,0.7576189294857933,-0.041815972053578995,0.0,-0.041815972053578995
fashion_mnist,cut_minmax,clean,2024,29,latent_assignment_not_attack,7,84,0,0,20,0.22785518769783403,0.9756237206254893,0.009302645003295487,0.0,0.009302645003295487
fashion_mnist,cut_minmax,clean,2024,29,latent_assignment_not_attack,7,85,0,0,20,0.25936791779421087,0.8639272586688982,0.07643027312972817,0.0,0.07643027312972817
fashion_mnist,cut_minmax,clean,2024,29,latent_assignment_not_attack,7,86,0,0,4532,0.103672727781792,0.8493218616999298,0.22407520942474618,0.0,0.22407520942474618
fashion_mnist,cut_minmax,clean,2024,29,latent_assignment_not_attack,7,87,0,0,20,0.04039600061752098,0.9504005822788242,0.3518702013578791,0.0,0.3518702013578791
fashion_mnist,cut_minmax,clean,2024,29,latent_assignment_not_attack,7,88,0,0,20,0.35887754544013784,0.9690559862231325,0.006986355520645386,0.0,0.006986355520645386
fashion_mnist,cut_minmax,clean,2024,29,latent_assignment_not_attack,7,89,0,1,24,0.9537001240919953,0.9495018333560334,-0.647744408705352,0.0,-0.647744408705352
fashion_mnist,cut_minmax,clean,2024,29,latent_assignment_not_attack,7,90,0,0,20,0.8454314220318446,0.6681673309615908,-0.5265400448815725,0.0,-0.5265400448815725
fashion_mnist,cut_minmax,clean,2024,29,latent_assignment_not_attack,7,91,0,0,20,0.273679154787947,0.78896464558662,-0.2479978560167127,0.0,-0.2479978560167127
fashion_mnist,cut_minmax,clean,2024,29,latent_assignment_not_attack,7,92,0,0,20,0.3220875259715028,0.8866589474123465,0.3327819024513598,0.0,0.3327819024513598
fashion_mnist,cut_minmax,clean,2024,29,latent_assignment_not_attack,7,93,0,0,20,0.15091372176597842,0.8952739541284412,0.22296344448330502,0.0,0.22296344448330502
fashion_mnist,cut_minmax,clean,2024,29,latent_assignment_not_attack,7,95,0,0,20,0.2552573991665186,0.9748821648478835,0.01699493924805215,0.0,0.01699493924805215
fashion_mnist,cut_minmax,clean,2024,29,latent_assignment_not_attack,7,97,0,0,1113,0.4330518995918265,0.7844153677210475,0.089872570525115,0.0,0.089872570525115
fashion_mnist,cut_minmax,clean,2024,29,latent_assignment_not_attack,7,99,0,0,159,0.22794054218516188,0.9243658861664091,-0.0448665570298878,0.0,-0.0448665570298878
fashion_mnist,cut_minmax,clean,42,0,latent_assignment_not_attack,8,0,0,0,20,0.8244324386563718,0.9776302591309186,-0.7890755046171017,0.0,-0.7890755046171017
fashion_mnist,cut_minmax,clean,42,0,latent_assignment_not_attack,8,1,0,1,20,0.8400749055308807,0.9843214007926804,-0.7977768446748971,0.0,-0.7977768446748971
fashion_mnist,cut_minmax,clean,42,0,latent_assignment_not_attack,8,2,0,0,20,0.8317311771442216,0.9790114677277861,-0.795893492975586,0.0,-0.795893492975586
fashion_mnist,cut_minmax,clean,42,0,latent_assignment_not_attack,8,3,0,0,20,0.7595926824180995,0.9430888681586567,-0.885316457847913,0.0,-0.885316457847913
fashion_mnist,cut_minmax,clean,42,0,latent_assignment_not_attack,8,4,0,0,20,0.8239580534961068,0.9825182818945969,-0.7974238178405094,0.0,-0.7974238178405094
fashion_mnist,cut_minmax,clean,42,0,latent_assignment_not_attack,8,5,0,1,20,0.7899326830820764,0.9770749285331084,-0.7942718080605028,0.0,-0.7942718080605028
fashion_mnist,cut_minmax,clean,42,0,latent_assignment_not_attack,8,6,0,0,2007,0.7396080696916849,0.9818998361119682,-0.010375718897166116,0.0,-0.010375718897166116
fashion_mnist,cut_minmax,clean,42,0,latent_assignment_not_attack,8,7,0,0,119,0.8103273373183638,0.9887008233989436,-0.8044330576612598,0.0,-0.8044330576612598
fashion_mnist,cut_minmax,clean,42,0,latent_assignment_not_attack,8,8,0,0,20,0.8189001069017413,0.9772417531810209,-0.7907814812306012,0.0,-0.7907814812306012
fashion_mnist,cut_minmax,clean,42,0,latent_assignment_not_attack,8,9,0,0,85,0.7424701983577068,0.9801223303440227,-0.011007775907847078,0.0,-0.011007775907847078
fashion_mnist,cut_minmax,clean,42,0,latent_assignment_not_attack,8,10,0,0,20,0.8331990212391378,0.9781073602536964,-0.7940504588481891,0.0,-0.7940504588481891
fashion_mnist,cut_minmax,clean,42,0,latent_assignment_not_attack,8,11,0,0,33,0.8000106538629684,0.5197826413226959,0.04990336344958727,0.0,0.04990336344958727
fashion_mnist,cut_minmax,clean,42,0,latent_assignment_not_attack,8,12,0,0,300,0.7291136080250663,0.6062115443363858,0.05068196168934906,0.0,0.05068196168934906
fashion_mnist,cut_minmax,clean,42,0,latent_assignment_not_attack,8,13,0,0,20,0.7230512302668928,0.5926034097586693,0.05132792149108919,0.0,0.05132792149108919
fashion_mnist,cut_minmax,clean,42,0,latent_assignment_not_attack,8,14,0,0,20,0.8402562226056445,0.9771265797572811,-0.7903570499358428,0.0,-0.7903570499358428
fashion_mnist,cut_minmax,clean,42,0,latent_assignment_not_attack,8,15,0,0,20,0.7575628154174304,0.9750784979329932,-0.4454026055782694,0.0,-0.4454026055782694
fashion_mnist,cut_minmax,clean,42,0,latent_assignment_not_attack,8,16,0,0,20,0.7392381436643689,0.9558700757470342,-0.7839388965916785,0.0,-0.7839388965916785
fashion_mnist,cut_minmax,clean,42,0,latent_assignment_not_attack,8,17,0,0,20,0.78204577053656,0.9622310455942727,-0.42926434493920695,0.0,-0.42926434493920695
fashion_mnist,cut_minmax,clean,42,0,latent_assignment_not_attack,8,18,0,0,20,0.8147200964763418,0.9790804388166873,-0.7942888531308508,0.0,-0.7942888531308508
fashion_mnist,cut_minmax,clean,42,0,latent_assignment_not_attack,8,19,0,0,20,0.7474227366831495,0.9653092123629632,-0.4377016906723685,0.0,-0.4377016906723685
fashion_mnist,cut_minmax,clean,42,0,latent_assignment_not_attack,8,20,0,0,542,0.7691135009432536,0.6219033989417561,0.019006210558707597,0.0,0.019006210558707597
fashion_mnist,cut_minmax,clean,42,0,latent_assignment_not_attack,8,21,0,0,436,0.7049755131012576,0.90151338956272,-0.051104892082630554,0.0,-0.051104892082630554
fashion_mnist,cut_minmax,clean,42,0,latent_assignment_not_attack,8,22,0,0,48,0.753392456509903,0.9661007968456102,-0.0053737444536842635,0.0,-0.0053737444536842635
fashion_mnist,cut_minmax,clean,42,0,latent_assignment_not_attack,8,23,0,0,20,0.8213070975038161,0.9793559701686764,-0.796421207139403,0.0,-0.796421207139403
fashion_mnist,cut_minmax,clean,42,0,latent_assignment_not_attack,8,25,0,0,20,0.8017726623079351,0.9778666148885637,-0.7929852799903755,0.0,-0.7929852799903755
fashion_mnist,cut_minmax,clean,42,0,latent_assignment_not_attack,8,26,0,0,20,0.7659693589797489,0.9766347311756448,-0.4467264691705547,0.0,-0.4467264691705547
fashion_mnist,cut_minmax,clean,42,0,latent_assignment_not_attack,8,27,0,0,3002,0.6664758396807973,0.6388871679878373,0.041015224351615705,0.0,0.041015224351615705
fashion_mnist,cut_minmax,clean,42,0,latent_assignment_not_attack,8,28,0,1,394,0.771112638295788,0.6229334473761635,0.018821192201873276,0.0,0.018821192201873276
fashion_mnist,cut_minmax,clean,42,0,latent_assignment_not_attack,8,29,0,0,4752,0.7942266749798439,0.1864298148607652,0.04693456027830973,0.0,0.04693456027830973
fashion_mnist,cut_minmax,clean,42,0,latent_assignment_not_attack,8,30,0,0,37,0.7197580494995438,0.5934324883510883,0.04661068260591918,0.0,0.04661068260591918
fashion_mnist,cut_minmax,clean,42,0,latent_assignment_not_attack,8,31,0,0,20,0.8225535636244583,0.9823029399897951,-0.7930988844776748,0.0,-0.7930988844776748
fashion_mnist,cut_minmax,clean,42,0,latent_assignment_not_attack,8,32,0,0,20,0.7464374670876124,0.9651936210294231,-0.43174645051167404,0.0,-0.43174645051167404
fashion_mnist,cut_minmax,clean,42,0,latent_assignment_not_attack,8,33,0,1,20,0.8389988393497926,0.9796136296641867,-0.7907074567426765,0.0,-0.7907074567426765
fashion_mnist,cut_minmax,clean,42,0,latent_assignment_not_attack,8,34,0,0,1601,0.6895930068289817,0.5991143059252357,0.07015540315194951,0.0,0.07015540315194951
fashion_mnist,cut_minmax,clean,42,0,latent_assignment_not_attack,8,39,0,0,266,0.6190790818551317,0.7035221374329002,-0.05257919557775524,0.0,-0.05257919557775524
fashion_mnist,cut_minmax,clean,42,0,latent_assignment_not_attack,8,40,0,0,102,0.7511826411177301,0.9784491602827199,-0.008288921470713943,0.0,-0.008288921470713943
fashion_mnist,cut_minmax,clean,42,0,latent_assignment_not_attack,8,41,0,1,2551,0.5184103631720706,0.4863041228325925,0.028780284046635362,0.0,0.028780284046635362
fashion_mnist,cut_minmax,clean,42,0,latent_assignment_not_attack,8,44,0,1,20,0.849313161224577,0.9790295743348285,-0.7912812374452073,0.0,-0.7912812374452073
fashion_mnist,cut_minmax,clean,42,0,latent_assignment_not_attack,8,45,0,0,3209,0.6658547341843436,0.6151625976182311,0.02610925556003965,0.0,0.02610925556003965
fashion_mnist,cut_minmax,clean,42,0,latent_assignment_not_attack,8,46,0,1,20,0.7346116490819976,0.944785690992999,-0.6008220798704129,0.0,-0.6008220798704129
fashion_mnist,cut_minmax,clean,42,0,latent_assignment_not_attack,8,47,0,0,20,0.8367319428868987,0.9798291673356342,-0.796871388566726,0.0,-0.796871388566726
fashion_mnist,cut_minmax,clean,42,0,latent_assignment_not_attack,8,48,0,0,20,0.7771686509104784,0.9801669402852159,-0.4473296903319479,0.0,-0.4473296903319479
fashion_mnist,cut_minmax,clean,42,0,latent_assignment_not_attack,8,49,0,1,20,0.832195341949094,0.9773303471995831,-0.7917248848466364,0.0,-0.7917248848466364
fashion_mnist,cut_minmax,clean,42,0,latent_assignment_not_attack,8,50,0,0,20,0.7561251743059385,0.9684232145952159,-0.43702910857164523,0.0,-0.43702910857164523
fashion_mnist,cut_minmax,clean,42,0,latent_assignment_not_attack,8,51,0,0,20,0.8681605617998499,0.9750963227853745,-0.779881171592334,0.0,-0.779881171592334
fashion_mnist,cut_minmax,clean,42,0,latent_assignment_not_attack,8,52,0,0,20,0.7793889712666776,0.9802156812121646,-0.44609149916074436,0.0,-0.44609149916074436
fashion_mnist,cut_minmax,clean,42,0,latent_assignment_not_attack,8,53,0,0,400,0.7831475594584009,0.9856748413066354,-0.4511583960266758,0.0,-0.4511583960266758
fashion_mnist,cut_minmax,clean,42,0,latent_assignment_not_attack,8,54,0,0,78,0.6990179914791556,0.8976459674845563,-0.03838691226391352,0.0,-0.03838691226391352
fashion_mnist,cut_minmax,clean,42,0,latent_assignment_not_attack,8,56,0,1,20,0.7780451351748371,0.9798520640853937,-0.4460356903054294,0.0,-0.4460356903054294
fashion_mnist,cut_minmax,clean,42,0,latent_assignment_not_attack,8,57,0,0,20,0.830443818555847,0.98048458821873,-0.7919997295978507,0.0,-0.7919997295978507
fashion_mnist,cut_minmax,clean,42,0,latent_assignment_not_attack,8,58,0,1,20,0.7848520024689113,0.9737746447795965,-0.44087653083006667,0.0,-0.44087653083006667
fashion_mnist,cut_minmax,clean,42,0,latent_assignment_not_attack,8,59,0,0,263,0.604725318497074,0.6791001189095281,-0.5472152647702667,0.0,-0.5472152647702667
fashion_mnist,cut_minmax,clean,42,0,latent_assignment_not_attack,8,60,0,0,83,0.7102212164943695,0.8964807841718775,-0.04018926182216356,0.0,-0.04018926182216356
fashion_mnist,cut_minmax,clean,42,0,latent_assignment_not_attack,8,61,0,0,128,0.6802983629284561,0.9507347401579083,-0.44138949331658744,0.0,-0.44138949331658744
fashion_mnist,cut_minmax,clean,42,0,latent_assignment_not_attack,8,62,0,0,20,0.8359699476573147,0.9820857371861184,-0.7952573444469649,0.0,-0.7952573444469649
fashion_mnist,cut_minmax,clean,42,0,latent_assignment_not_attack,8,63,0,0,20,0.78877018799727,0.9769379890061103,-0.4423746056095834,0.0,-0.4423746056095834
fashion_mnist,cut_minmax,clean,42,0,latent_assignment_not_attack,8,64,0,0,20,0.7880038281592558,0.975806522619252,-0.7912608480434906,0.0,-0.7912608480434906
fashion_mnist,cut_minmax,clean,42,0,latent_assignment_not_attack,8,65,0,1,2209,0.7877954853798671,0.6196499537583036,-0.015402876330455123,0.0,-0.015402876330455123
fashion_mnist,cut_minmax,clean,42,0,latent_assignment_not_attack,8,66,0,0,157,0.6589933737686791,0.5686144294787188,0.04638327938658047,0.0,0.04638327938658047
fashion_mnist,cut_minmax,clean,42,0,latent_assignment_not_attack,8,67,0,0,2577,0.6913628603301598,0.6125515068340163,-0.036294212322467885,0.0,-0.036294212322467885
fashion_mnist,cut_minmax,clean,42,0,latent_assignment_not_attack,8,68,0,0,1388,0.7289838237337023,0.9000367973773337,-0.04855684242810435,0.0,-0.04855684242810435
fashion_mnist,cut_minmax,clean,42,0,latent_assignment_not_attack,8,70,0,1,1087,0.7240540127509626,0.9801398895683082,-0.010138781482923607,0.0,-0.010138781482923607
fashion_mnist,cut_minmax,clean,42,0,latent_assignment_not_attack,8,71,0,1,269,0.8083534508079375,0.987199545088575,-0.7993605973027051,0.0,-0.7993605973027051
fashion_mnist,cut_minmax,clean,42,0,latent_assignment_not_attack,8,72,0,0,20,0.7716252691164385,0.9750706342750458,-0.4462718120897286,0.0,-0.4462718120897286
fashion_mnist,cut_minmax,clean,42,0,latent_assignment_not_attack,8,73,0,1,20,0.8247516011533141,0.9804881637489926,-0.7948836036134127,0.0,-0.7948836036134127
fashion_mnist,cut_minmax,clean,42,0,latent_assignment_not_attack,8,74,0,0,152,0.7343914760400571,0.5260111495036083,0.046098672594143915,0.0,0.046098672594143915
fashion_mnist,cut_minmax,clean,42,0,latent_assignment_not_attack,8,75,0,0,20,0.7657209140310133,0.9692424111164915,-0.43491224591248395,0.0,-0.43491224591248395
fashion_mnist,cut_minmax,clean,42,0,latent_assignment_not_attack,8,76,0,0,1289,0.7737163397224069,0.6230771082823339,0.017862967698509695,0.0,0.017862967698509695
fashion_mnist,cut_minmax,clean,42,0,latent_assignment_not_attack,8,77,0,1,20,0.7969361565508123,0.9776679207717514,-0.7917119926489291,0.0,-0.7917119926489291
fashion_mnist,cut_minmax,clean,42,0,latent_assignment_not_attack,8,78,0,1,4835,0.774242898610848,0.9846916218748929,-0.44986278390714984,0.0,-0.44986278390714984
fashion_mnist,cut_minmax,clean,42,0,latent_assignment_not_attack,8,79,0,0,1587,0.7240252873977187,0.9767547477775185,-0.00477328283742249,0.0,-0.00477328283742249
fashion_mnist,cut_minmax,clean,42,0,latent_assignment_not_attack,8,81,0,0,20,0.77078066383895,0.9783381695720825,-0.44253119672893326,0.0,-0.44253119672893326
fashion_mnist,cut_minmax,clean,42,0,latent_assignment_not_attack,8,82,0,0,20,0.8003553036595545,0.9749435822646253,-0.7824556253253883,0.0,-0.7824556253253883
fashion_mnist,cut_minmax,clean,42,0,latent_assignment_not_attack,8,83,0,0,20,0.8083575843856802,0.9800743934139398,-0.7890490876826605,0.0,-0.7890490876826605
fashion_mnist,cut_minmax,clean,42,0,latent_assignment_not_attack,8,84,0,0,20,0.7700841568924038,0.9726738934761988,-0.444864631114507,0.0,-0.444864631114507
fashion_mnist,cut_minmax,clean,42,0,latent_assignment_not_attack,8,85,0,0,2225,0.7313488924880581,0.6046118113768887,0.06706201603986543,0.0,0.06706201603986543
fashion_mnist,cut_minmax,clean,42,0,latent_assignment_not_attack,8,86,0,0,20,0.8304440742262843,0.9842014132830942,-0.7974343991869456,0.0,-0.7974343991869456
fashion_mnist,cut_minmax,clean,42,0,latent_assignment_not_attack,8,87,0,1,864,0.7819286626212961,0.619220894877979,-0.01429101507056893,0.0,-0.01429101507056893
fashion_mnist,cut_minmax,clean,42,0,latent_assignment_not_attack,8,88,0,0,20,0.7439334198342664,0.9688610676872601,-0.4385484776345268,0.0,-0.4385484776345268
fashion_mnist,cut_minmax,clean,42,0,latent_assignment_not_attack,8,89,0,0,4828,0.8486165127765724,0.9889418730336583,-0.8012871081925551,0.0,-0.8012871081925551
fashion_mnist,cut_minmax,clean,42,0,latent_assignment_not_attack,8,90,0,1,20,0.8256914517050475,0.9825600430748039,-0.7899858485150848,0.0,-0.7899858485150848
fashion_mnist,cut_minmax,clean,42,0,latent_assignment_not_attack,8,91,0,0,20,0.7857442524986201,0.9785485174764709,-0.4393313414263451,0.0,-0.4393313414263451
fashion_mnist,cut_minmax,clean,42,0,latent_assignment_not_attack,8,92,0,0,20,0.8347219864879234,0.9830579353374358,-0.7951886260425799,0.0,-0.7951886260425799
fashion_mnist,cut_minmax,clean,42,0,latent_assignment_not_attack,8,93,0,0,20,0.7693202477525473,0.969667836253499,-0.43553016975934444,0.0,-0.43553016975934444
fashion_mnist,cut_minmax,clean,42,0,latent_assignment_not_attack,8,94,0,0,20,0.713486329571594,0.9562784161023353,-0.8100708776666761,0.0,-0.8100708776666761
fashion_mnist,cut_minmax,clean,42,0,latent_assignment_not_attack,8,95,0,0,20,0.7900661016453624,0.9742526686318987,-0.4379941616718309,0.0,-0.4379941616718309
fashion_mnist,cut_minmax,clean,42,0,latent_assignment_not_attack,8,96,0,0,286,0.7267829866547467,0.9023444093542119,-0.046118335103313285,0.0,-0.046118335103313285
fashion_mnist,cut_minmax,clean,42,0,latent_assignment_not_attack,8,97,0,0,20,0.5834682249377057,0.6605558864446699,-0.03254316012398683,0.0,-0.03254316012398683
fashion_mnist,cut_minmax,clean,42,0,latent_assignment_not_attack,8,98,0,0,20,0.8179503674654941,0.9784810472350879,-0.7997235029768937,0.0,-0.7997235029768937
fashion_mnist,cut_minmax,clean,42,0,latent_assignment_not_attack,8,99,0,0,905,0.6848763572685506,0.61330330084268,0.04805597178210567,0.0,0.04805597178210567
fashion_mnist,cut_minmax,clean,42,9,latent_assignment_not_attack,8,1,0,1,20,0.04729037755246794,0.8193516365231412,0.4130974661199804,0.0,0.4130974661199804
fashion_mnist,cut_minmax,clean,42,9,latent_assignment_not_attack,8,2,0,0,20,0.046641079098347506,0.8516527400968451,0.5385165012845331,0.0,0.5385165012845331
fashion_mnist,cut_minmax,clean,42,9,latent_assignment_not_attack,8,4,0,0,20,0.0664684607507425,0.874974871570292,0.4864909624248516,0.0,0.4864909624248516
fashion_mnist,cut_minmax,clean,42,9,latent_assignment_not_attack,8,5,0,1,20,0.1389495243077139,0.7328982783996405,-0.3078727192470023,0.0,-0.3078727192470023
fashion_mnist,cut_minmax,clean,42,9,latent_assignment_not_attack,8,6,0,0,2007,1.1085240032118415,0.9810691126316822,-0.5336620887431304,0.0,-0.5336620887431304
fashion_mnist,cut_minmax,clean,42,9,latent_assignment_not_attack,8,7,0,0,119,0.056896810914521145,0.6511275143764235,-0.07068365552574452,0.0,-0.07068365552574452
fashion_mnist,cut_minmax,clean,42,9,latent_assignment_not_attack,8,8,0,0,20,0.0834317497576874,0.8493188081407681,0.36993258388237243,0.0,0.36993258388237243
fashion_mnist,cut_minmax,clean,42,9,latent_assignment_not_attack,8,9,0,0,85,1.1149609915659515,0.9847021459596659,-0.5310908774081424,0.0,-0.5310908774081424
fashion_mnist,cut_minmax,clean,42,9,latent_assignment_not_attack,8,10,0,0,20,0.05296904631911089,0.8631520699959092,0.5020886836174329,0.0,0.5020886836174329
fashion_mnist,cut_minmax,clean,42,9,latent_assignment_not_attack,8,11,0,0,33,1.3346272700708621,0.9187492186816616,-0.5650816467760682,0.0,-0.5650816467760682
fashion_mnist,cut_minmax,clean,42,9,latent_assignment_not_attack,8,12,0,0,300,1.3694479357148424,0.7788183820782446,-0.5714077495936055,0.0,-0.5714077495936055
fashion_mnist,cut_minmax,clean,42,9,latent_assignment_not_attack,8,13,0,0,20,1.0979773934832937,0.9244322254881625,-0.3235557794296581,0.0,-0.3235557794296581
fashion_mnist,cut_minmax,clean,42,9,latent_assignment_not_attack,8,15,0,0,20,0.05555590293560818,0.8778351431333954,0.17865570443381765,0.0,0.17865570443381765
fashion_mnist,cut_minmax,clean,42,9,latent_assignment_not_attack,8,16,0,0,20,0.265390750711602,0.8457934347752882,-0.4807031676530607,0.0,-0.4807031676530607
fashion_mnist,cut_minmax,clean,42,9,latent_assignment_not_attack,8,17,0,0,20,0.04478306255292117,0.8675428703172645,0.13802908921968018,0.0,0.13802908921968018
fashion_mnist,cut_minmax,clean,42,9,latent_assignment_not_attack,8,19,0,0,20,0.09236555271097155,0.4837055711021341,-0.10350552967059955,0.0,-0.10350552967059955
fashion_mnist,cut_minmax,clean,42,9,latent_assignment_not_attack,8,20,0,0,542,1.1722487646027941,0.9020557679632948,-0.49360037600919304,0.0,-0.49360037600919304
fashion_mnist,cut_minmax,clean,42,9,latent_assignment_not_attack,8,21,0,0,436,0.8734002763899263,0.888195727440219,-0.3252056512821411,0.0,-0.3252056512821411
fashion_mnist,cut_minmax,clean,42,9,latent_assignment_not_attack,8,22,0,0,48,1.1058482228681668,0.9779189952117843,-0.5443192036391595,0.0,-0.5443192036391595
fashion_mnist,cut_minmax,clean,42,9,latent_assignment_not_attack,8,23,0,0,20,0.08040028717125836,0.4626787512293927,-0.24008745875085902,0.0,-0.24008745875085902
fashion_mnist,cut_minmax,clean,42,9,latent_assignment_not_attack,8,24,0,0,20,0.04197180193431711,0.9226637527750396,0.008722347418389264,0.0,0.008722347418389264
fashion_mnist,cut_minmax,clean,42,9,latent_assignment_not_attack,8,25,0,0,20,0.058259785951207496,0.8936496425144071,0.5484521515788472,0.0,0.5484521515788472
fashion_mnist,cut_minmax,clean,42,9,latent_assignment_not_attack,8,26,0,0,20,0.037894059886179624,0.936504566144291,0.12649120999804997,0.0,0.12649120999804997
fashion_mnist,cut_minmax,clean,42,9,latent_assignment_not_attack,8,27,0,0,3002,1.0748529090489007,0.9154182929455004,-0.4589971869383857,0.0,-0.4589971869383857
fashion_mnist,cut_minmax,clean,42,9,latent_assignment_not_attack,8,28,0,1,394,1.1886744393263657,0.9040617601298067,-0.49048504677389904,0.0,-0.49048504677389904
fashion_mnist,cut_minmax,clean,42,9,latent_assignment_not_attack,8,29,0,0,4752,1.2634009787192384,0.5186599000867046,-0.49889948461006783,0.0,-0.49889948461006783
fashion_mnist,cut_minmax,clean,42,9,latent_assignment_not_attack,8,31,0,0,20,0.036697743789448685,0.9274195120921155,0.6507918260549341,0.0,0.6507918260549341
fashion_mnist,cut_minmax,clean,42,9,latent_assignment_not_attack,8,32,0,0,20,0.23712558457208696,0.7426989666952633,-0.6101772285338941,0.0,-0.6101772285338941
fashion_mnist,cut_minmax,clean,42,9,latent_assignment_not_attack,8,33,0,1,20,0.026544146058540646,0.9120237487052355,0.6009345247072413,0.0,0.6009345247072413
fashion_mnist,cut_minmax,clean,42,9,latent_assignment_not_attack,8,34,0,0,1601,1.2753954813920696,0.7976927082427857,-0.5721921273337103,0.0,-0.5721921273337103
fashion_mnist,cut_minmax,clean,42,9,latent_assignment_not_attack,8,35,0,0,20,0.06622233558112593,0.8491894878893828,0.17914509844836418,0.0,0.17914509844836418
fashion_mnist,cut_minmax,clean,42,9,latent_assignment_not_attack,8,36,0,0,43,0.05542028893543875,0.9229030190106547,-0.08022045717040527,0.0,-0.08022045717040527
fashion_mnist,cut_minmax,clean,42,9,latent_assignment_not_attack,8,37,0,0,686,1.0810051543948922,0.9311711405698093,-0.3079746823299152,0.0,-0.3079746823299152
fashion_mnist,cut_minmax,clean,42,9,latent_assignment_not_attack,8,39,0,0,266,1.131230339756098,0.8933535467137954,-0.6782016382075459,0.0,-0.6782016382075459
fashion_mnist,cut_minmax,clean,42,9,latent_assignment_not_attack,8,40,0,0,102,1.1007035822000533,0.9779457490166322,-0.5405483506492731,0.0,-0.5405483506492731
fashion_mnist,cut_minmax,clean,42,9,latent_assignment_not_attack,8,41,0,1,2551,0.9759116716024092,0.6985754447442553,-0.6843317052836364,0.0,-0.6843317052836364
fashion_mnist,cut_minmax,clean,42,9,latent_assignment_not_attack,8,42,0,0,22,1.4163014210089417,0.946524689327406,-0.5837354040083774,0.0,-0.5837354040083774
fashion_mnist,cut_minmax,clean,42,9,latent_assignment_not_attack,8,43,0,0,4793,1.2211828846016344,0.9333769044319358,-0.576966244197236,0.0,-0.576966244197236
fashion_mnist,cut_minmax,clean,42,9,latent_assignment_not_attack,8,44,0,1,20,0.03186754198136005,0.9077707654270901,0.6333359556066589,0.0,0.6333359556066589
fashion_mnist,cut_minmax,clean,42,9,latent_assignment_not_attack,8,45,0,0,3209,1.1656940230064587,0.9004304774071572,-0.5570885600434691,0.0,-0.5570885600434691
fashion_mnist,cut_minmax,clean,42,9,latent_assignment_not_attack,8,46,0,1,20,0.05291024158698004,0.858066475684115,0.0011093614958588545,0.0,0.0011093614958588545
fashion_mnist,cut_minmax,clean,42,9,latent_assignment_not_attack,8,47,0,0,20,0.03582734124578687,0.9092438230016452,0.6142021416662765,0.0,0.6142021416662765
fashion_mnist,cut_minmax,clean,42,9,latent_assignment_not_attack,8,48,0,0,20,0.045512217250701384,0.8888273125887765,-0.04076511719099215,0.0,-0.04076511719099215
fashion_mnist,cut_minmax,clean,42,9,latent_assignment_not_attack,8,49,0,1,20,0.04099009216945553,0.8828599897641837,0.6146118061369348,0.0,0.6146118061369348
fashion_mnist,cut_minmax,clean,42,9,latent_assignment_not_attack,8,52,0,0,20,0.02786333284160308,0.8958361817466033,0.14230930919039853,0.0,0.14230930919039853
fashion_mnist,cut_minmax,clean,42,9,latent_assignment_not_attack,8,53,0,0,400,0.03854186636257895,0.9402209279861566,0.0819471884970093,0.0,0.0819471884970093
fashion_mnist,cut_minmax,clean,42,9,latent_assignment_not_attack,8,54,0,0,78,0.8782298648197794,0.88775717603173,-0.3228425868743374,0.0,-0.3228425868743374
fashion_mnist,cut_minmax,clean,42,9,latent_assignment_not_attack,8,55,0,0,20,0.8794683679305643,0.8961637496836967,-0.617715266357435,0.0,-0.617715266357435
fashion_mnist,cut_minmax,clean,42,9,latent_assignment_not_attack,8,56,0,1,20,0.027701938144880242,0.9057437635129432,0.07920550691028044,0.0,0.07920550691028044
fashion_mnist,cut_minmax,clean,42,9,latent_assignment_not_attack,8,57,0,0,20,0.05855365507750746,0.8655983528694788,0.5211384146106709,0.0,0.5211384146106709
fashion_mnist,cut_minmax,clean,42,9,latent_assignment_not_attack,8,58,0,1,20,0.030932284085503876,0.93339137532735,0.07653963871072536,0.0,0.07653963871072536
fashion_mnist,cut_minmax,clean,42,9,latent_assignment_not_attack,8,60,0,0,83,0.870888147636337,0.8880568602028858,-0.3146608690810996,0.0,-0.3146608690810996
fashion_mnist,cut_minmax,clean,42,9,latent_assignment_not_attack,8,61,0,0,128,0.31034044514449455,0.9613826955914699,-0.54823548065846,0.0,-0.54823548065846
fashion_mnist,cut_minmax,clean,42,9,latent_assignment_not_attack,8,62,0,0,20,0.043553579996827956,0.8945038773041014,0.5837501108312592,0.0,0.5837501108312592
fashion_mnist,cut_minmax,clean,42,9,latent_assignment_not_attack,8,63,0,0,20,0.01693246323340336,0.9323198300028489,0.15348521898403358,0.0,0.15348521898403358
fashion_mnist,cut_minmax,clean,42,9,latent_assignment_not_attack,8,64,0,0,20,0.17587941794308806,0.7426842655796645,-0.14317818388532344,0.0,-0.14317818388532344
fashion_mnist,cut_minmax,clean,42,9,latent_assignment_not_attack,8,65,0,1,2209,1.4553120486021172,0.9488054763323224,-0.5817361594171053,0.0,-0.5817361594171053
fashion_mnist,cut_minmax,clean,42,9,latent_assignment_not_attack,8,66,0,0,157,1.2151656886508075,0.9115165224569903,-0.6361325582877638,0.0,-0.6361325582877638
fashion_mnist,cut_minmax,clean,42,9,latent_assignment_not_attack,8,67,0,0,2577,1.391375349858709,0.9445859893263885,-0.6270197024842447,0.0,-0.6270197024842447
fashion_mnist,cut_minmax,clean,42,9,latent_assignment_not_attack,8,68,0,0,1388,0.8573462666871872,0.8875836639287046,-0.30457194435690776,0.0,-0.30457194435690776
fashion_mnist,cut_minmax,clean,42,9,latent_assignment_not_attack,8,70,0,1,1087,1.0973918118230734,0.9846807533977288,-0.5383287735203539,0.0,-0.5383287735203539
fashion_mnist,cut_minmax,clean,42,9,latent_assignment_not_attack,8,71,0,1,269,0.05851112875401621,0.9184924754758825,0.5535886509259643,0.0,0.5535886509259643
fashion_mnist,cut_minmax,clean,42,9,latent_assignment_not_attack,8,72,0,0,20,0.05238439089158857,0.8459902669754884,0.22594012537667388,0.0,0.22594012537667388
fashion_mnist,cut_minmax,clean,42,9,latent_assignment_not_attack,8,73,0,1,20,0.0660281109662985,0.8645428098739668,0.5062136499566724,0.0,0.5062136499566724
fashion_mnist,cut_minmax,clean,42,9,latent_assignment_not_attack,8,74,0,0,152,1.1772695943151605,0.930890016551888,-0.5747280291910546,0.0,-0.5747280291910546
fashion_mnist,cut_minmax,clean,42,9,latent_assignment_not_attack,8,75,0,0,20,0.11772714059291925,0.8619029455720003,-0.14269192447848555,0.0,-0.14269192447848555
fashion_mnist,cut_minmax,clean,42,9,latent_assignment_not_attack,8,76,0,0,1289,1.1610486159745457,0.9020242892008049,-0.4927918790088528,0.0,-0.4927918790088528
fashion_mnist,cut_minmax,clean,42,9,latent_assignment_not_attack,8,77,0,1,20,0.09264455633085356,0.8418680731056707,0.4185245423614171,0.0,0.4185245423614171
fashion_mnist,cut_minmax,clean,42,9,latent_assignment_not_attack,8,78,0,1,4835,0.04745901706995061,0.9219549986124633,-0.044887125824342275,0.0,-0.044887125824342275
fashion_mnist,cut_minmax,clean,42,9,latent_assignment_not_attack,8,79,0,0,1587,1.0946502526222182,0.9837782721735191,-0.5421262187457858,0.0,-0.5421262187457858
fashion_mnist,cut_minmax,clean,42,9,latent_assignment_not_attack,8,80,0,0,905,1.0993899773577422,0.9313637431485,-0.38066347354961116,0.0,-0.38066347354961116
fashion_mnist,cut_minmax,clean,42,9,latent_assignment_not_attack,8,81,0,0,20,0.05830387838892737,0.8599311977528521,0.020430199216166133,0.0,0.020430199216166133
fashion_mnist,cut_minmax,clean,42,9,latent_assignment_not_attack,8,82,0,0,20,0.10982696488822877,0.846333350245526,0.33046854829507183,0.0,0.33046854829507183
fashion_mnist,cut_minmax,clean,42,9,latent_assignment_not_attack,8,83,0,0,20,0.07914396554675263,0.8666197717052778,0.5148257126175293,0.0,0.5148257126175293
fashion_mnist,cut_minmax,clean,42,9,latent_assignment_not_attack,8,84,0,0,20,0.05296213691139172,0.8459888013656223,0.08846122800278641,0.0,0.08846122800278641
fashion_mnist,cut_minmax,clean,42,9,latent_assignment_not_attack,8,85,0,0,2225,1.3414307141009314,0.7712869695630105,-0.5608830919753088,0.0,-0.5608830919753088
fashion_mnist,cut_minmax,clean,42,9,latent_assignment_not_attack,8,86,0,0,20,0.07522060874109328,0.7285622509361828,0.3281536342343269,0.0,0.3281536342343269
fashion_mnist,cut_minmax,clean,42,9,latent_assignment_not_attack,8,87,0,1,864,1.4897284732149112,0.9486878679929103,-0.5880825796696177,0.0,-0.5880825796696177
fashion_mnist,cut_minmax,clean,42,9,latent_assignment_not_attack,8,88,0,0,20,0.13108498421270987,0.6278615743782815,-0.4477623803870776,0.0,-0.4477623803870776
fashion_mnist,cut_minmax,clean,42,9,latent_assignment_not_attack,8,89,0,0,4828,0.05682398552066426,0.8686332964580418,0.5060508772044091,0.0,0.5060508772044091
fashion_mnist,cut_minmax,clean,42,9,latent_assignment_not_attack,8,90,0,1,20,0.06439314760189456,0.8737970633695535,0.4179275806342437,0.0,0.4179275806342437
fashion_mnist,cut_minmax,clean,42,9,latent_assignment_not_attack,8,91,0,0,20,0.04152263428338217,0.8998756743303128,-0.011726210494692881,0.0,-0.011726210494692881
fashion_mnist,cut_minmax,clean,42,9,latent_assignment_not_attack,8,92,0,0,20,0.041304644315647746,0.9046846993516251,0.6181468970549403,0.0,0.6181468970549403
fashion_mnist,cut_minmax,clean,42,9,latent_assignment_not_attack,8,93,0,0,20,0.04550322867994738,0.8629115783775525,0.22141393598456893,0.0,0.22141393598456893
fashion_mnist,cut_minmax,clean,42,9,latent_assignment_not_attack,8,94,0,0,20,0.09260821622917223,0.7375751456496923,0.43975871406557443,0.0,0.43975871406557443
fashion_mnist,cut_minmax,clean,42,9,latent_assignment_not_attack,8,95,0,0,20,0.01568389382208628,0.9284746776929799,0.1806144980606439,0.0,0.1806144980606439
fashion_mnist,cut_minmax,clean,42,9,latent_assignment_not_attack,8,96,0,0,286,0.8387696650600024,0.88601947371063,-0.3012426513306904,0.0,-0.3012426513306904
fashion_mnist,cut_minmax,clean,42,9,latent_assignment_not_attack,8,97,0,0,20,0.8893064844498807,0.834445437002256,-0.631411015635252,0.0,-0.631411015635252
fashion_mnist,cut_minmax,clean,42,9,latent_assignment_not_attack,8,98,0,0,20,0.13953519142175919,0.8105597027095264,-0.414317965885292,0.0,-0.414317965885292
fashion_mnist,cut_minmax,clean,42,9,latent_assignment_not_attack,8,99,0,0,905,1.062770252514347,0.9089640797975079,-0.44340294902980637,0.0,-0.44340294902980637
fashion_mnist,cut_minmax,clean,42,29,latent_assignment_not_attack,8,0,0,0,20,0.025061347696309966,0.8738279681445116,0.4787004316965555,0.0,0.4787004316965555
fashion_mnist,cut_minmax,clean,42,29,latent_assignment_not_attack,8,1,0,1,20,0.017265171491708652,0.8322781358900329,0.465800896761111,0.0,0.465800896761111
fashion_mnist,cut_minmax,clean,42,29,latent_assignment_not_attack,8,2,0,0,20,0.016350531650239638,0.8315819284392267,0.5871977970175101,0.0,0.5871977970175101
fashion_mnist,cut_minmax,clean,42,29,latent_assignment_not_attack,8,3,0,0,20,0.019513867381583574,0.8321048790724509,0.5910540469210791,0.0,0.5910540469210791
fashion_mnist,cut_minmax,clean,42,29,latent_assignment_not_attack,8,4,0,0,20,0.026299559216294864,0.8690659863204043,0.5191734598255361,0.0,0.5191734598255361
fashion_mnist,cut_minmax,clean,42,29,latent_assignment_not_attack,8,5,0,1,20,0.15229987237291912,0.7460628454430804,-0.43191936929321556,0.0,-0.43191936929321556
fashion_mnist,cut_minmax,clean,42,29,latent_assignment_not_attack,8,6,0,0,2007,1.098907044150947,0.9794541980070619,-0.5169715881524503,0.0,-0.5169715881524503
fashion_mnist,cut_minmax,clean,42,29,latent_assignment_not_attack,8,7,0,0,119,0.05556632491039285,0.8445994860043206,-0.34178401399396774,0.0,-0.34178401399396774
fashion_mnist,cut_minmax,clean,42,29,latent_assignment_not_attack,8,8,0,0,20,0.03330835572089782,0.8626191027117649,0.42762646560438916,0.0,0.42762646560438916
fashion_mnist,cut_minmax,clean,42,29,latent_assignment_not_attack,8,10,0,0,20,0.018385219958269423,0.8597039059678492,0.5596390287710749,0.0,0.5596390287710749
fashion_mnist,cut_minmax,clean,42,29,latent_assignment_not_attack,8,11,0,0,33,1.2715193544356527,0.9059223581301374,-0.5653913631867609,0.0,-0.5653913631867609
fashion_mnist,cut_minmax,clean,42,29,latent_assignment_not_attack,8,12,0,0,300,1.475273786778688,0.8615224071591976,-0.6003999565759811,0.0,-0.6003999565759811
fashion_mnist,cut_minmax,clean,42,29,latent_assignment_not_attack,8,13,0,0,20,1.191268316535092,0.9331963035869831,-0.36058390877715885,0.0,-0.36058390877715885
fashion_mnist,cut_minmax,clean,42,29,latent_assignment_not_attack,8,14,0,0,20,0.014945251443160413,0.861376975045691,0.6380582689176456,0.0,0.6380582689176456
fashion_mnist,cut_minmax,clean,42,29,latent_assignment_not_attack,8,15,0,0,20,0.021408449042743617,0.8382495553027685,0.1988159123826362,0.0,0.1988159123826362
fashion_mnist,cut_minmax,clean,42,29,latent_assignment_not_attack,8,16,0,0,20,0.3120043150356202,0.8579222847698229,-0.5393343772349558,0.0,-0.5393343772349558
fashion_mnist,cut_minmax,clean,42,29,latent_assignment_not_attack,8,18,0,0,20,0.09709015021880643,0.5292438942968003,-0.26875755893661785,0.0,-0.26875755893661785
fashion_mnist,cut_minmax,clean,42,29,latent_assignment_not_attack,8,19,0,0,20,0.09961393534141123,0.4926451407390764,-0.27209158531060706,0.0,-0.27209158531060706
fashion_mnist,cut_minmax,clean,42,29,latent_assignment_not_attack,8,20,0,0,542,1.236716180605766,0.8123758041913793,-0.4758376584996956,0.0,-0.4758376584996956
fashion_mnist,cut_minmax,clean,42,29,latent_assignment_not_attack,8,22,0,0,48,1.1512893291161235,0.9714636241413123,-0.5213291173736209,0.0,-0.5213291173736209
fashion_mnist,cut_minmax,clean,42,29,latent_assignment_not_attack,8,23,0,0,20,0.10162056096924907,0.6892284541644453,-0.41757547815786505,0.0,-0.41757547815786505
fashion_mnist,cut_minmax,clean,42,29,latent_assignment_not_attack,8,24,0,0,20,0.00803735150652212,0.9076370396858673,0.1017189852521853,0.0,0.1017189852521853
fashion_mnist,cut_minmax,clean,42,29,latent_assignment_not_attack,8,25,0,0,20,0.020590184867296024,0.8858657015846495,0.5885474084061063,0.0,0.5885474084061063
fashion_mnist,cut_minmax,clean,42,29,latent_assignment_not_attack,8,26,0,0,20,0.008879177224768853,0.9137629031382579,0.1742950174851675,0.0,0.1742950174851675
fashion_mnist,cut_minmax,clean,42,29,latent_assignment_not_attack,8,27,0,0,3002,1.1690227717300363,0.930715612105337,-0.5001380369055968,0.0,-0.5001380369055968
fashion_mnist,cut_minmax,clean,42,29,latent_assignment_not_attack,8,28,0,1,394,1.2519060522964074,0.8152776622585828,-0.4863593051392679,0.0,-0.4863593051392679
fashion_mnist,cut_minmax,clean,42,29,latent_assignment_not_attack,8,29,0,0,4752,1.402933120113652,0.5510433589438553,-0.5194351084489882,0.0,-0.5194351084489882
fashion_mnist,cut_minmax,clean,42,29,latent_assignment_not_attack,8,32,0,0,20,0.2514592779642225,0.7514216494851651,-0.6370845772798278,0.0,-0.6370845772798278
fashion_mnist,cut_minmax,clean,42,29,latent_assignment_not_attack,8,33,0,1,20,0.007886067645095201,0.8936869135125244,0.6461866464306367,0.0,0.6461866464306367
fashion_mnist,cut_minmax,clean,42,29,latent_assignment_not_attack,8,34,0,0,1601,1.286787160185424,0.8600759674286648,-0.5893653081506603,0.0,-0.5893653081506603
fashion_mnist,cut_minmax,clean,42,29,latent_assignment_not_attack,8,35,0,0,20,0.025181209624380273,0.8276626867952819,0.18163313185413227,0.0,0.18163313185413227
fashion_mnist,cut_minmax,clean,42,29,latent_assignment_not_attack,8,36,0,0,43,0.01820105666910143,0.8840372068250014,-0.08440318215005482,0.0,-0.08440318215005482
fashion_mnist,cut_minmax,clean,42,29,latent_assignment_not_attack,8,37,0,0,686,1.231008659562553,0.9465234231286221,-0.35404657974197984,0.0,-0.35404657974197984
fashion_mnist,cut_minmax,clean,42,29,latent_assignment_not_attack,8,38,0,0,1815,0.9866480247631583,0.9807114738212972,-0.38163849104734016,0.0,-0.38163849104734016
fashion_mnist,cut_minmax,clean,42,29,latent_assignment_not_attack,8,39,0,0,266,1.2690798831228616,0.8634548127189439,-0.7388662722361161,0.0,-0.7388662722361161
fashion_mnist,cut_minmax,clean,42,29,latent_assignment_not_attack,8,40,0,0,102,1.1196219634532898,0.9784580007193903,-0.5102664768141386,0.0,-0.5102664768141386
fashion_mnist,cut_minmax,clean,42,29,latent_assignment_not_attack,8,41,0,1,2551,1.1733219722072465,0.7351849690028206,-0.7301094801670248,0.0,-0.7301094801670248
fashion_mnist,cut_minmax,clean,42,29,latent_assignment_not_attack,8,42,0,0,22,1.5460724021886012,0.9428213425308994,-0.6037697401691953,0.0,-0.6037697401691953
fashion_mnist,cut_minmax,clean,42,29,latent_assignment_not_attack,8,43,0,0,4793,1.420847183718911,0.9222286439148917,-0.6063655533293494,0.0,-0.6063655533293494
fashion_mnist,cut_minmax,clean,42,29,latent_assignment_not_attack,8,44,0,1,20,0.012066204261726214,0.8762046734509988,0.6665233886693971,0.0,0.6665233886693971
fashion_mnist,cut_minmax,clean,42,29,latent_assignment_not_attack,8,46,0,1,20,0.01997334052736851,0.784014915224151,-0.008018221116576796,0.0,-0.008018221116576796
fashion_mnist,cut_minmax,clean,42,29,latent_assignment_not_attack,8,47,0,0,20,0.011514807606078424,0.8806406188852012,0.6698240738055085,0.0,0.6698240738055085
fashion_mnist,cut_minmax,clean,42,29,latent_assignment_not_attack,8,48,0,0,20,0.011565001526677015,0.8572159343369734,-0.02573168960462907,0.0,-0.02573168960462907
fashion_mnist,cut_minmax,clean,42,29,latent_assignment_not_attack,8,49,0,1,20,0.0176159625488087,0.8699043611580513,0.6252353032810851,0.0,0.6252353032810851
fashion_mnist,cut_minmax,clean,42,29,latent_assignment_not_attack,8,50,0,0,20,0.043002666427381306,0.8473761119985536,0.01821953521197169,0.0,0.01821953521197169
fashion_mnist,cut_minmax,clean,42,29,latent_assignment_not_attack,8,51,0,0,20,0.017927289429065813,0.787018444975414,0.4173240366464589,0.0,0.4173240366464589
fashion_mnist,cut_minmax,clean,42,29,latent_assignment_not_attack,8,52,0,0,20,0.008549800538601602,0.8548862527501276,0.11660257436063212,0.0,0.11660257436063212
fashion_mnist,cut_minmax,clean,42,29,latent_assignment_not_attack,8,53,0,0,400,0.0120724613199431,0.9189012727756765,0.10812699736876571,0.0,0.10812699736876571
fashion_mnist,cut_minmax,clean,42,29,latent_assignment_not_attack,8,54,0,0,78,1.0198599809268503,0.9782060551977168,-0.3986950420435726,0.0,-0.3986950420435726
fashion_mnist,cut_minmax,clean,42,29,latent_assignment_not_attack,8,55,0,0,20,0.9838491914841125,0.8872821816245748,-0.6645631963354361,0.0,-0.6645631963354361
fashion_mnist,cut_minmax,clean,42,29,latent_assignment_not_attack,8,56,0,1,20,0.0049135694512225676,0.877949491051945,0.15892509553771528,0.0,0.15892509553771528
fashion_mnist,cut_minmax,clean,42,29,latent_assignment_not_attack,8,57,0,0,20,0.02818689663489197,0.8241032165076836,0.5429254529647555,0.0,0.5429254529647555
fashion_mnist,cut_minmax,clean,42,29,latent_assignment_not_attack,8,58,0,1,20,0.0054983485160123155,0.9136471829945985,0.17472009260815488,0.0,0.17472009260815488
fashion_mnist,cut_minmax,clean,42,29,latent_assignment_not_attack,8,59,0,0,263,0.7054988479163224,0.8510947717764022,-0.6071212166562123,0.0,-0.6071212166562123
fashion_mnist,cut_minmax,clean,42,29,latent_assignment_not_attack,8,60,0,0,83,1.0348472924446115,0.9786764836680829,-0.38422843461665634,0.0,-0.38422843461665634
fashion_mnist,cut_minmax,clean,42,29,latent_assignment_not_attack,8,61,0,0,128,0.3262188665965066,0.9680981119312732,-0.515156533577307,0.0,-0.515156533577307
fashion_mnist,cut_minmax,clean,42,29,latent_assignment_not_attack,8,62,0,0,20,0.01665112436931294,0.8418571357280127,0.6061250196803104,0.0,0.6061250196803104
fashion_mnist,cut_minmax,clean,42,29,latent_assignment_not_attack,8,64,0,0,20,0.1805795611308463,0.8099025989504461,-0.2547453917744438,0.0,-0.2547453917744438
fashion_mnist,cut_minmax,clean,42,29,latent_assignment_not_attack,8,65,0,1,2209,1.6377249228551989,0.9444660731132156,-0.6067492618983156,0.0,-0.6067492618983156
fashion_mnist,cut_minmax,clean,42,29,latent_assignment_not_attack,8,66,0,0,157,1.2939835761314056,0.9115285437130712,-0.6466669884654502,0.0,-0.6466669884654502
fashion_mnist,cut_minmax,clean,42,29,latent_assignment_not_attack,8,67,0,0,2577,1.5171771914632972,0.94207456972153,-0.659814357923465,0.0,-0.659814357923465
fashion_mnist,cut_minmax,clean,42,29,latent_assignment_not_attack,8,68,0,0,1388,1.037548276359958,0.9796647850971884,-0.39230918172923684,0.0,-0.39230918172923684
fashion_mnist,cut_minmax,clean,42,29,latent_assignment_not_attack,8,69,0,0,63,0.44097232116884316,0.9601265361153217,-0.37479688134201833,0.0,-0.37479688134201833
fashion_mnist,cut_minmax,clean,42,29,latent_assignment_not_attack,8,70,0,1,1087,1.101328540992574,0.981648298724848,-0.5082436218643335,0.0,-0.5082436218643335
fashion_mnist,cut_minmax,clean,42,29,latent_assignment_not_attack,8,71,0,1,269,0.023157721413056824,0.9119877528773703,0.5652525292094095,0.0,0.5652525292094095
fashion_mnist,cut_minmax,clean,42,29,latent_assignment_not_attack,8,72,0,0,20,0.022060093889564696,0.8122459811509304,0.24738909187784427,0.0,0.24738909187784427
fashion_mnist,cut_minmax,clean,42,29,latent_assignment_not_attack,8,73,0,1,20,0.027116474571849045,0.8708235762280406,0.5379122541449138,0.0,0.5379122541449138
fashion_mnist,cut_minmax,clean,42,29,latent_assignment_not_attack,8,74,0,0,152,1.3991795985014137,0.9231802399302753,-0.6099623058467583,0.0,-0.6099623058467583
fashion_mnist,cut_minmax,clean,42,29,latent_assignment_not_attack,8,75,0,0,20,0.045907602208510145,0.8135005080255485,-0.13786557118473367,0.0,-0.13786557118473367
fashion_mnist,cut_minmax,clean,42,29,latent_assignment_not_attack,8,76,0,0,1289,1.2793192812812235,0.8148970040708114,-0.47817272475479355,0.0,-0.47817272475479355
fashion_mnist,cut_minmax,clean,42,29,latent_assignment_not_attack,8,77,0,1,20,0.04441983426777582,0.8609973733857249,0.4308742243851238,0.0,0.4308742243851238
fashion_mnist,cut_minmax,clean,42,29,latent_assignment_not_attack,8,78,0,1,4835,0.03974922617216302,0.6611852706898407,-0.26226230010026746,0.0,-0.26226230010026746
fashion_mnist,cut_minmax,clean,42,29,latent_assignment_not_attack,8,79,0,0,1587,1.1261569687377049,0.9790563610303528,-0.5112188491306879,0.0,-0.5112188491306879
fashion_mnist,cut_minmax,clean,42,29,latent_assignment_not_attack,8,80,0,0,905,1.2444768173054204,0.9449124631552135,-0.4351984928399041,0.0,-0.4351984928399041
fashion_mnist,cut_minmax,clean,42,29,latent_assignment_not_attack,8,81,0,0,20,0.028923029492695637,0.7941292862134672,-0.04739572469404015,0.0,-0.04739572469404015
fashion_mnist,cut_minmax,clean,42,29,latent_assignment_not_attack,8,82,0,0,20,0.05873492453196632,0.8634835179039333,0.3525905512485776,0.0,0.3525905512485776
fashion_mnist,cut_minmax,clean,42,29,latent_assignment_not_attack,8,83,0,0,20,0.03735809307042235,0.8372848840662901,0.5673367272781081,0.0,0.5673367272781081
fashion_mnist,cut_minmax,clean,42,29,latent_assignment_not_attack,8,84,0,0,20,0.017721818305309965,0.7658799604459189,0.11903859543089979,0.0,0.11903859543089979
fashion_mnist,cut_minmax,clean,42,29,latent_assignment_not_attack,8,85,0,0,2225,1.3779825273836162,0.8621653235289524,-0.5960281874419167,0.0,-0.5960281874419167
fashion_mnist,cut_minmax,clean,42,29,latent_assignment_not_attack,8,87,0,1,864,1.6210487822916169,0.9474717239635183,-0.6037617431341754,0.0,-0.6037617431341754
fashion_mnist,cut_minmax,clean,42,29,latent_assignment_not_attack,8,88,0,0,20,0.1364302247745233,0.6604437324861847,-0.5112857426263433,0.0,-0.5112857426263433
fashion_mnist,cut_minmax,clean,42,29,latent_assignment_not_attack,8,89,0,0,4828,0.021580859725553764,0.9172529494420557,0.5953316675611681,0.0,0.5953316675611681
fashion_mnist,cut_minmax,clean,42,29,latent_assignment_not_attack,8,90,0,1,20,0.025070419046905514,0.886053744699017,0.4648597698781423,0.0,0.4648597698781423
fashion_mnist,cut_minmax,clean,42,29,latent_assignment_not_attack,8,91,0,0,20,0.0109356500304368,0.8444325673472142,0.04884002776395653,0.0,0.04884002776395653
fashion_mnist,cut_minmax,clean,42,29,latent_assignment_not_attack,8,93,0,0,20,0.017856739284896617,0.8171822488986855,0.2329949282678224,0.0,0.2329949282678224
fashion_mnist,cut_minmax,clean,42,29,latent_assignment_not_attack,8,94,0,0,20,0.06532469600740269,0.37249656728976116,0.19465902940560392,0.0,0.19465902940560392
fashion_mnist,cut_minmax,clean,42,29,latent_assignment_not_attack,8,96,0,0,286,0.9936209578553452,0.9778188975936054,-0.4086254759698484,0.0,-0.4086254759698484
fashion_mnist,cut_minmax,clean,42,29,latent_assignment_not_attack,8,97,0,0,20,1.0104507108818765,0.8221004340708452,-0.6906539579166994,0.0,-0.6906539579166994
fashion_mnist,cut_minmax,clean,42,29,latent_assignment_not_attack,8,98,0,0,20,0.13920405024396443,0.8143969568846666,-0.42121547890773176,0.0,-0.42121547890773176
fashion_mnist,cut_minmax,clean,42,29,latent_assignment_not_attack,8,99,0,0,905,1.1480785242835336,0.9244815752918587,-0.467501980951357,0.0,-0.467501980951357
mnist,cut_minmax,clean,137,0,latent_assignment_not_attack,9,0,0,0,20,0.6171610781312116,0.9014894029182464,-0.8867340573535847,0.0,-0.8867340573535847
mnist,cut_minmax,clean,137,0,latent_assignment_not_attack,9,1,0,0,562,0.7036301293245032,0.9585692463087934,-0.014309091624726968,0.0,-0.014309091624726968
mnist,cut_minmax,clean,137,0,latent_assignment_not_attack,9,2,0,0,422,0.710443302873628,0.8283983102123023,-0.3083348354347623,0.0,-0.3083348354347623
mnist,cut_minmax,clean,137,0,latent_assignment_not_attack,9,3,0,1,20,0.5333381350717752,0.6582842974594946,-0.6083039163778542,0.0,-0.6083039163778542
mnist,cut_minmax,clean,137,0,latent_assignment_not_attack,9,4,0,0,20,0.6043190529615409,0.9002961196967181,-0.8860787204534069,0.0,-0.8860787204534069
mnist,cut_minmax,clean,137,0,latent_assignment_not_attack,9,5,0,0,20,0.6639778778436283,0.9386870136027579,-0.8856053062946596,0.0,-0.8856053062946596
mnist,cut_minmax,clean,137,0,latent_assignment_not_attack,9,6,0,1,20,0.6278808568524376,0.9276648511965785,-0.9279019232136279,0.0,-0.9279019232136279
mnist,cut_minmax,clean,137,0,latent_assignment_not_attack,9,7,0,0,20,0.6033867720273459,0.917315655819305,-0.908403447580748,0.0,-0.908403447580748
mnist,cut_minmax,clean,137,0,latent_assignment_not_attack,9,8,0,0,20,0.6312363334354877,0.9208214824982749,-0.9239849881513362,0.0,-0.9239849881513362
mnist,cut_minmax,clean,137,0,latent_assignment_not_attack,9,9,0,0,1661,0.7020854851687587,0.5566348829922045,-0.031683465677394426,0.0,-0.031683465677394426
mnist,cut_minmax,clean,137,0,latent_assignment_not_attack,9,10,0,0,102,0.7127192520969134,0.7734958364936324,0.09532144132341898,0.0,0.09532144132341898
mnist,cut_minmax,clean,137,0,latent_assignment_not_attack,9,11,0,0,380,0.4981645152412757,0.6391427973053775,-0.014281492870652635,0.0,-0.014281492870652635
mnist,cut_minmax,clean,137,0,latent_assignment_not_attack,9,12,0,0,20,0.6080312898826425,0.9297537731301567,-0.9267115125141389,0.0,-0.9267115125141389
mnist,cut_minmax,clean,137,0,latent_assignment_not_attack,9,13,0,1,20,0.616893763775938,0.6481137467337692,-0.7082348653238384,0.0,-0.7082348653238384
mnist,cut_minmax,clean,137,0,latent_assignment_not_attack,9,14,0,1,20,0.5406080733544406,0.8754584414303901,-0.872258896086814,0.0,-0.872258896086814
mnist,cut_minmax,clean,137,0,latent_assignment_not_attack,9,15,0,1,20,0.5706124151102187,0.8894464511593195,-0.8830789820714527,0.0,-0.8830789820714527
mnist,cut_minmax,clean,137,0,latent_assignment_not_attack,9,16,0,0,303,0.6880742325197214,0.6305684535546365,0.08526898966744266,0.0,0.08526898966744266
mnist,cut_minmax,clean,137,0,latent_assignment_not_attack,9,17,0,0,20,0.6291660911926618,0.9282020129407625,-0.9315257483171252,0.0,-0.9315257483171252
mnist,cut_minmax,clean,137,0,latent_assignment_not_attack,9,18,0,0,1463,0.6950358938824528,0.771518401070781,0.09687689663377423,0.0,0.09687689663377423
mnist,cut_minmax,clean,137,0,latent_assignment_not_attack,9,19,0,0,414,0.7052482436762703,0.958697274854895,-0.8755194164589608,0.0,-0.8755194164589608
mnist,cut_minmax,clean,137,0,latent_assignment_not_attack,9,20,0,1,20,0.6881772104887578,0.9224794373699066,-0.8847667915587101,0.0,-0.8847667915587101
mnist,cut_minmax,clean,137,0,latent_assignment_not_attack,9,21,0,0,2254,0.7204625575259823,0.7733376896961897,0.08997398856867203,0.0,0.08997398856867203
mnist,cut_minmax,clean,137,0,latent_assignment_not_attack,9,22,0,0,20,0.6102699108804817,0.9209728693468111,-0.9150347392290261,0.0,-0.9150347392290261
mnist,cut_minmax,clean,137,0,latent_assignment_not_attack,9,23,0,0,195,0.7137626882117912,0.9557270434805251,-0.005942317058670307,0.0,-0.005942317058670307
mnist,cut_minmax,clean,137,0,latent_assignment_not_attack,9,25,0,0,20,0.6420473942999784,0.9234569706646709,-0.89469912421527,0.0,-0.89469912421527
mnist,cut_minmax,clean,137,0,latent_assignment_not_attack,9,26,0,0,20,0.5671057487336053,0.8944752831313643,-0.8846769056022565,0.0,-0.8846769056022565
mnist,cut_minmax,clean,137,0,latent_assignment_not_attack,9,27,0,0,20,0.5655049553818003,0.8925283580020139,-0.9039432125169785,0.0,-0.9039432125169785
mnist,cut_minmax,clean,137,0,latent_assignment_not_attack,9,28,0,0,2075,0.6837052686058738,0.6297934552562532,0.0883245111402546,0.0,0.0883245111402546
mnist,cut_minmax,clean,137,0,latent_assignment_not_attack,9,29,0,1,20,0.604768444896832,0.9084490420883722,-0.894339379202218,0.0,-0.894339379202218
mnist,cut_minmax,clean,137,0,latent_assignment_not_attack,9,31,0,0,1732,0.5923205393066479,0.8762038754466139,-0.05935804280446555,0.0,-0.05935804280446555
mnist,cut_minmax,clean,137,0,latent_assignment_not_attack,9,32,0,1,20,0.589189268311203,0.9118489280835874,-0.9081965219000685,0.0,-0.9081965219000685
mnist,cut_minmax,clean,137,0,latent_assignment_not_attack,9,33,0,0,20,0.6026743533836981,0.9232095802821633,-0.9222586382309146,0.0,-0.9222586382309146
mnist,cut_minmax,clean,137,0,latent_assignment_not_attack,9,34,0,0,33,0.8271681189898756,0.7893584495014629,-0.08754629067588038,0.0,-0.08754629067588038
mnist,cut_minmax,clean,137,0,latent_assignment_not_attack,9,35,0,0,242,0.6782352600254345,0.7470001695291495,0.0490175320791254,0.0,0.0490175320791254
mnist,cut_minmax,clean,137,0,latent_assignment_not_attack,9,36,0,0,91,0.7304935108415866,0.5360333682372612,0.04902019946185719,0.0,0.04902019946185719
mnist,cut_minmax,clean,137,0,latent_assignment_not_attack,9,37,0,0,505,0.6867632726110158,0.9543663706447422,-0.01101310237248978,0.0,-0.01101310237248978
mnist,cut_minmax,clean,137,0,latent_assignment_not_attack,9,38,0,0,20,0.5645511779442474,0.8907103238273721,-0.8828833554790908,0.0,-0.8828833554790908
mnist,cut_minmax,clean,137,0,latent_assignment_not_attack,9,39,0,0,2300,0.6086770623459716,0.618120323135696,0.007275052484582221,0.0,0.007275052484582221
mnist,cut_minmax,clean,137,0,latent_assignment_not_attack,9,41,0,1,20,0.6173419244921465,0.9152541331371473,-0.913130842290512,0.0,-0.913130842290512
mnist,cut_minmax,clean,137,0,latent_assignment_not_attack,9,42,0,0,20,0.6106252011108025,0.9210719728128385,-0.9186845104904835,0.0,-0.9186845104904835
mnist,cut_minmax,clean,137,0,latent_assignment_not_attack,9,43,0,0,20,0.4555720595474908,0.5807272816841758,-0.47663690707010054,0.0,-0.47663690707010054
mnist,cut_minmax,clean,137,0,latent_assignment_not_attack,9,44,0,0,20,0.5687937879681908,0.885835042724158,-0.883603663016277,0.0,-0.883603663016277
mnist,cut_minmax,clean,137,0,latent_assignment_not_attack,9,45,0,0,20,0.6071312529606625,0.6893788788974946,-0.04309610425159979,0.0,-0.04309610425159979
mnist,cut_minmax,clean,137,0,latent_assignment_not_attack,9,46,0,0,161,0.7116868002415004,0.7739542341981845,0.0902693890565747,0.0,0.0902693890565747
mnist,cut_minmax,clean,137,0,latent_assignment_not_attack,9,47,0,1,20,0.6283506225205306,0.8707092454891164,-0.8554129613154507,0.0,-0.8554129613154507
mnist,cut_minmax,clean,137,0,latent_assignment_not_attack,9,48,0,0,1297,0.5825036069744609,0.7827258978902446,-0.3057881930718902,0.0,-0.3057881930718902
mnist,cut_minmax,clean,137,0,latent_assignment_not_attack,9,49,0,0,20,0.6128334509576279,0.9032972762184748,-0.8944530339886232,0.0,-0.8944530339886232
mnist,cut_minmax,clean,137,0,latent_assignment_not_attack,9,50,0,0,20,0.5621454312628338,0.8871799986486748,-0.8800149497263658,0.0,-0.8800149497263658
mnist,cut_minmax,clean,137,0,latent_assignment_not_attack,9,51,0,0,20,0.6608263266388166,0.9353892708357767,-0.8832322540847983,0.0,-0.8832322540847983
mnist,cut_minmax,clean,137,0,latent_assignment_not_attack,9,52,0,0,20,0.565193266393271,0.881897500954353,-0.8731704913435251,0.0,-0.8731704913435251
mnist,cut_minmax,clean,137,0,latent_assignment_not_attack,9,53,0,0,27,0.7733947592284414,0.535175120905053,0.007434536903054268,0.0,0.007434536903054268
mnist,cut_minmax,clean,137,0,latent_assignment_not_attack,9,54,0,0,20,0.6027551741236606,0.9004407257825259,-0.8913073029660135,0.0,-0.8913073029660135
mnist,cut_minmax,clean,137,0,latent_assignment_not_attack,9,55,0,0,1013,0.7615126464501681,0.8497047137073453,-0.08761279350144979,0.0,-0.08761279350144979
mnist,cut_minmax,clean,137,0,latent_assignment_not_attack,9,56,0,0,4874,0.5418090527929498,0.8008506924056137,-0.29646050008120167,0.0,-0.29646050008120167
mnist,cut_minmax,clean,137,0,latent_assignment_not_attack,9,57,0,0,20,0.6551356262180655,0.9234196803724064,-0.8974369748976394,0.0,-0.8974369748976394
mnist,cut_minmax,clean,137,0,latent_assignment_not_attack,9,58,0,0,20,0.5747599444319498,0.9019370932723983,-0.8966567550266991,0.0,-0.8966567550266991
mnist,cut_minmax,clean,137,0,latent_assignment_not_attack,9,59,0,0,20,0.6403540915483,0.9290842474296381,-0.9020783811968677,0.0,-0.9020783811968677
mnist,cut_minmax,clean,137,0,latent_assignment_not_attack,9,61,0,1,20,0.645018246911557,0.9223022562616141,-0.9168057921610665,0.0,-0.9168057921610665
mnist,cut_minmax,clean,137,0,latent_assignment_not_attack,9,62,0,0,20,0.6129644310484336,0.8966087105841639,-0.8848009527100125,0.0,-0.8848009527100125
mnist,cut_minmax,clean,137,0,latent_assignment_not_attack,9,63,0,0,20,0.5437594665188277,0.68054669282054,-0.48939555675858,0.0,-0.48939555675858
mnist,cut_minmax,clean,137,0,latent_assignment_not_attack,9,64,0,0,20,0.6476796089462404,0.9075045046115309,-0.893607999631173,0.0,-0.893607999631173
mnist,cut_minmax,clean,137,0,latent_assignment_not_attack,9,65,0,0,29,0.7146837767971985,0.9456717271777348,-0.8508258958868584,0.0,-0.8508258958868584
mnist,cut_minmax,clean,137,0,latent_assignment_not_attack,9,66,0,1,366,0.6405669986820058,0.7832133741042806,-0.05532145027589202,0.0,-0.05532145027589202
mnist,cut_minmax,clean,137,0,latent_assignment_not_attack,9,67,0,1,20,0.6126968383749061,0.9254624454422933,-0.923614221006103,0.0,-0.923614221006103
mnist,cut_minmax,clean,137,0,latent_assignment_not_attack,9,68,0,0,20,0.6715750045467257,0.9286706446974019,-0.9087825280752075,0.0,-0.9087825280752075
mnist,cut_minmax,clean,137,0,latent_assignment_not_attack,9,69,0,1,2867,0.6630895264989244,0.9555083010898731,-0.03039027586904412,0.0,-0.03039027586904412
mnist,cut_minmax,clean,137,0,latent_assignment_not_attack,9,70,0,1,25,0.7648184384199378,0.8403698580167702,-0.10647723429450395,0.0,-0.10647723429450395
mnist,cut_minmax,clean,137,0,latent_assignment_not_attack,9,71,0,0,20,0.5891047473453417,0.906808910356552,-0.898576813762149,0.0,-0.898576813762149
mnist,cut_minmax,clean,137,0,latent_assignment_not_attack,9,72,0,0,20,0.6178298534501091,0.9164046890142548,-0.911180923235286,0.0,-0.911180923235286
mnist,cut_minmax,clean,137,0,latent_assignment_not_attack,9,73,0,1,169,0.7596984979981298,0.8502272247596538,-0.08823587962737042,0.0,-0.08823587962737042
mnist,cut_minmax,clean,137,0,latent_assignment_not_attack,9,75,0,0,20,0.6918121348868672,0.8271091950343955,-0.363471587265151,0.0,-0.363471587265151
mnist,cut_minmax,clean,137,0,latent_assignment_not_attack,9,76,0,0,20,0.561730984400155,0.8971284045321515,-0.8983975507586036,0.0,-0.8983975507586036
mnist,cut_minmax,clean,137,0,latent_assignment_not_attack,9,79,0,0,5435,0.5942453026717625,0.9490011525739558,-0.9576587028656907,0.0,-0.9576587028656907
mnist,cut_minmax,clean,137,0,latent_assignment_not_attack,9,80,0,0,257,0.6331949960658491,0.9390997957347716,-0.011723035516799698,0.0,-0.011723035516799698
mnist,cut_minmax,clean,137,0,latent_assignment_not_attack,9,81,0,0,20,0.6757295131506914,0.9274117223916237,-0.8482525300253723,0.0,-0.8482525300253723
mnist,cut_minmax,clean,137,0,latent_assignment_not_attack,9,82,0,0,109,0.7282390184006452,0.9571707332153574,-0.8778607817865502,0.0,-0.8778607817865502
mnist,cut_minmax,clean,137,0,latent_assignment_not_attack,9,83,0,0,51,0.7129895460801176,0.3988031481962219,0.019293888815751403,0.0,0.019293888815751403
mnist,cut_minmax,clean,137,0,latent_assignment_not_attack,9,85,0,0,2323,0.6905388435200158,0.6296166382916388,0.08842937693497528,0.0,0.08842937693497528
mnist,cut_minmax,clean,137,0,latent_assignment_not_attack,9,86,0,0,1497,0.5519500699593818,0.6710528662071241,-0.1769240148549629,0.0,-0.1769240148549629
mnist,cut_minmax,clean,137,0,latent_assignment_not_attack,9,88,0,0,2129,0.6901696323417057,0.74364767975518,0.049615517441630834,0.0,0.049615517441630834
mnist,cut_minmax,clean,137,0,latent_assignment_not_attack,9,89,0,0,20,0.6734139084366512,0.9319027186350481,-0.8869086167641123,0.0,-0.8869086167641123
mnist,cut_minmax,clean,137,0,latent_assignment_not_attack,9,91,0,0,476,0.6974592186277281,0.7442305858347312,0.04793521914204847,0.0,0.04793521914204847
mnist,cut_minmax,clean,137,0,latent_assignment_not_attack,9,92,0,0,3674,0.7534443511076666,0.5433446925912444,0.004545235785376369,0.0,0.004545235785376369
mnist,cut_minmax,clean,137,0,latent_assignment_not_attack,9,93,0,0,20,0.6320975040124192,0.918229150521013,-0.9149346501214611,0.0,-0.9149346501214611
mnist,cut_minmax,clean,137,0,latent_assignment_not_attack,9,94,0,0,22,0.6817668576708319,0.8224793017227128,-0.3111145239877033,0.0,-0.3111145239877033
mnist,cut_minmax,clean,137,0,latent_assignment_not_attack,9,95,0,0,20,0.5948238763843949,0.9159879920184965,-0.9180102233170986,0.0,-0.9180102233170986
mnist,cut_minmax,clean,137,0,latent_assignment_not_attack,9,96,0,0,20,0.6088819000063492,0.9195635905131774,-0.9185630946369707,0.0,-0.9185630946369707
mnist,cut_minmax,clean,137,0,latent_assignment_not_attack,9,97,0,0,4171,0.7082989342303744,0.39533635198318007,0.02340228347838158,0.0,0.02340228347838158
mnist,cut_minmax,clean,137,0,latent_assignment_not_attack,9,98,0,1,48,0.700344668536924,0.5326701398197721,0.05093326280368869,0.0,0.05093326280368869
mnist,cut_minmax,clean,137,0,latent_assignment_not_attack,9,99,0,1,277,0.6940297715180768,0.6263309908829207,0.09447653811964297,0.0,0.09447653811964297
mnist,cut_minmax,clean,137,9,latent_assignment_not_attack,9,0,0,0,20,0.03744158119911877,0.753121354452362,0.21068320560372195,0.0,0.21068320560372195
mnist,cut_minmax,clean,137,9,latent_assignment_not_attack,9,1,0,0,562,1.354762659106083,0.8672121843711735,-0.5635141796659985,0.0,-0.5635141796659985
mnist,cut_minmax,clean,137,9,latent_assignment_not_attack,9,2,0,0,422,0.12823369274629728,0.7100586368624526,-0.1459660996441685,0.0,-0.1459660996441685
mnist,cut_minmax,clean,137,9,latent_assignment_not_attack,9,3,0,1,20,0.6389511630123912,0.8663626055909397,-0.5953944874421653,0.0,-0.5953944874421653
mnist,cut_minmax,clean,137,9,latent_assignment_not_attack,9,4,0,0,20,0.07237431028643569,0.5401378035533562,0.1542345768388835,0.0,0.1542345768388835
mnist,cut_minmax,clean,137,9,latent_assignment_not_attack,9,6,0,1,20,0.04676637834268444,0.7127722488759846,0.18314734959107565,0.0,0.18314734959107565
mnist,cut_minmax,clean,137,9,latent_assignment_not_attack,9,7,0,0,20,0.08957691572917019,0.603420400489665,-0.019690480882559414,0.0,-0.019690480882559414
mnist,cut_minmax,clean,137,9,latent_assignment_not_attack,9,8,0,0,20,0.06557542484215594,0.6861549834432783,0.3593712478854546,0.0,0.3593712478854546
mnist,cut_minmax,clean,137,9,latent_assignment_not_attack,9,9,0,0,1661,1.3570526633193698,0.724756324825653,-0.6059211288599017,0.0,-0.6059211288599017
mnist,cut_minmax,clean,137,9,latent_assignment_not_attack,9,10,0,0,102,1.2436492551989011,0.8809785350718036,-0.591843036448487,0.0,-0.591843036448487
mnist,cut_minmax,clean,137,9,latent_assignment_not_attack,9,11,0,0,380,1.1039804698148556,0.7725946696406154,-0.7789315675180817,0.0,-0.7789315675180817
mnist,cut_minmax,clean,137,9,latent_assignment_not_attack,9,12,0,0,20,0.05425131716670082,0.6131546523423032,0.45482989668496837,0.0,0.45482989668496837
mnist,cut_minmax,clean,137,9,latent_assignment_not_attack,9,13,0,1,20,0.7076632360806514,0.9293867523810775,-0.6251081165852928,0.0,-0.6251081165852928
mnist,cut_minmax,clean,137,9,latent_assignment_not_attack,9,14,0,1,20,0.3225243533167643,0.6591414934030542,-0.465011787360477,0.0,-0.465011787360477
mnist,cut_minmax,clean,137,9,latent_assignment_not_attack,9,15,0,1,20,0.12717324857790346,0.7086026920530006,0.3829832116737979,0.0,0.3829832116737979
mnist,cut_minmax,clean,137,9,latent_assignment_not_attack,9,16,0,0,303,1.2273595849550212,0.6587130634658089,-0.5636296647913471,0.0,-0.5636296647913471
mnist,cut_minmax,clean,137,9,latent_assignment_not_attack,9,17,0,0,20,0.06850865486631537,0.7710737877441063,0.39002645730927477,0.0,0.39002645730927477
mnist,cut_minmax,clean,137,9,latent_assignment_not_attack,9,18,0,0,1463,1.2628604067135216,0.889731895612693,-0.5950298688993161,0.0,-0.5950298688993161
mnist,cut_minmax,clean,137,9,latent_assignment_not_attack,9,20,0,1,20,0.02934875365526111,0.6449418619757294,0.507175880537606,0.0,0.507175880537606
mnist,cut_minmax,clean,137,9,latent_assignment_not_attack,9,21,0,0,2254,1.2898630763558103,0.8852608996808587,-0.5916011210914912,0.0,-0.5916011210914912
mnist,cut_minmax,clean,137,9,latent_assignment_not_attack,9,22,0,0,20,0.06627447117710142,0.4930178000143403,0.1975946884895763,0.0,0.1975946884895763
mnist,cut_minmax,clean,137,9,latent_assignment_not_attack,9,24,0,0,20,0.050458254155825964,0.6105715566949017,0.48880603033700326,0.0,0.48880603033700326
mnist,cut_minmax,clean,137,9,latent_assignment_not_attack,9,25,0,0,20,0.09307063004825028,0.639660664054633,0.3188153048366102,0.0,0.3188153048366102
mnist,cut_minmax,clean,137,9,latent_assignment_not_attack,9,26,0,0,20,0.08911791358557179,0.466171933478552,0.24441624327460448,0.0,0.24441624327460448
mnist,cut_minmax,clean,137,9,latent_assignment_not_attack,9,27,0,0,20,0.1440573425270357,0.7036617865928118,-0.4059638864687518,0.0,-0.4059638864687518
mnist,cut_minmax,clean,137,9,latent_assignment_not_attack,9,29,0,1,20,0.13332404808786752,0.5461177732373413,-0.07712992257164246,0.0,-0.07712992257164246
mnist,cut_minmax,clean,137,9,latent_assignment_not_attack,9,30,0,0,573,1.0813002198490957,0.9465933826447428,-0.569802485933364,0.0,-0.569802485933364
mnist,cut_minmax,clean,137,9,latent_assignment_not_attack,9,32,0,1,20,0.04478064514232348,0.7120857834861904,0.3691265719206774,0.0,0.3691265719206774
mnist,cut_minmax,clean,137,9,latent_assignment_not_attack,9,33,0,0,20,0.09404947176564149,0.7193514862340661,0.348438826061761,0.0,0.348438826061761
mnist,cut_minmax,clean,137,9,latent_assignment_not_attack,9,34,0,0,33,1.285907261351223,0.9221143857028252,-0.5819387599591419,0.0,-0.5819387599591419
mnist,cut_minmax,clean,137,9,latent_assignment_not_attack,9,35,0,0,242,1.1019131820364716,0.947517240541363,-0.5727591230554058,0.0,-0.5727591230554058
mnist,cut_minmax,clean,137,9,latent_assignment_not_attack,9,36,0,0,91,1.198847840579409,0.7103816648752449,-0.5168734745612141,0.0,-0.5168734745612141
mnist,cut_minmax,clean,137,9,latent_assignment_not_attack,9,37,0,0,505,1.3652022019418275,0.8683078193736472,-0.5705036494630908,0.0,-0.5705036494630908
mnist,cut_minmax,clean,137,9,latent_assignment_not_attack,9,38,0,0,20,0.11825075836839748,0.5961115383949264,0.3097220307244129,0.0,0.3097220307244129
mnist,cut_minmax,clean,137,9,latent_assignment_not_attack,9,39,0,0,2300,1.0894258817708,0.7724255498097741,-0.690484895479762,0.0,-0.690484895479762
mnist,cut_minmax,clean,137,9,latent_assignment_not_attack,9,40,0,0,177,0.06612788028959062,0.8143419769977737,0.4336179409719705,0.0,0.4336179409719705
mnist,cut_minmax,clean,137,9,latent_assignment_not_attack,9,41,0,1,20,0.033598336604629214,0.680563532591619,0.32122937178631505,0.0,0.32122937178631505
mnist,cut_minmax,clean,137,9,latent_assignment_not_attack,9,42,0,0,20,0.04889725707874515,0.7449745416800159,0.08958582210577691,0.0,0.08958582210577691
mnist,cut_minmax,clean,137,9,latent_assignment_not_attack,9,43,0,0,20,0.7536744052826126,0.7542848125788428,-0.6871928516102495,0.0,-0.6871928516102495
mnist,cut_minmax,clean,137,9,latent_assignment_not_attack,9,44,0,0,20,0.28424363136052494,0.6005596845545842,-0.4242674277408594,0.0,-0.4242674277408594
mnist,cut_minmax,clean,137,9,latent_assignment_not_attack,9,45,0,0,20,1.1156185502528544,0.7781350243915794,-0.7208147239803497,0.0,-0.7208147239803497
mnist,cut_minmax,clean,137,9,latent_assignment_not_attack,9,46,0,0,161,1.2378220860616023,0.8826711498801604,-0.5837289725903978,0.0,-0.5837289725903978
mnist,cut_minmax,clean,137,9,latent_assignment_not_attack,9,47,0,1,20,0.12701790760712145,0.4956042679586993,-0.25563804642917437,0.0,-0.25563804642917437
mnist,cut_minmax,clean,137,9,latent_assignment_not_attack,9,48,0,0,1297,0.5724359882364233,0.9485165910636301,-0.6566349861040547,0.0,-0.6566349861040547
mnist,cut_minmax,clean,137,9,latent_assignment_not_attack,9,49,0,0,20,0.06006648826755455,0.6685396505041241,0.4572594692089071,0.0,0.4572594692089071
mnist,cut_minmax,clean,137,9,latent_assignment_not_attack,9,50,0,0,20,0.19600830587137966,0.5428649415119627,-0.1777196368962937,0.0,-0.1777196368962937
mnist,cut_minmax,clean,137,9,latent_assignment_not_attack,9,51,0,0,20,0.08942612558168177,0.7586579949908983,0.40954508680474794,0.0,0.40954508680474794
mnist,cut_minmax,clean,137,9,latent_assignment_not_attack,9,52,0,0,20,0.07602745631844174,0.45390998699943574,0.19684493016209564,0.0,0.19684493016209564
mnist,cut_minmax,clean,137,9,latent_assignment_not_attack,9,53,0,0,27,1.4538616820587738,0.7196193442569112,-0.5875834496474457,0.0,-0.5875834496474457
mnist,cut_minmax,clean,137,9,latent_assignment_not_attack,9,54,0,0,20,0.13493904607237583,0.4154295925573904,0.13673849329252247,0.0,0.13673849329252247
mnist,cut_minmax,clean,137,9,latent_assignment_not_attack,9,55,0,0,1013,1.1356101402852619,0.9558061773713449,-0.6035852816450068,0.0,-0.6035852816450068
mnist,cut_minmax,clean,137,9,latent_assignment_not_attack,9,57,0,0,20,0.051116903625945335,0.4957909972811939,0.31984000054947503,0.0,0.31984000054947503
mnist,cut_minmax,clean,137,9,latent_assignment_not_attack,9,58,0,0,20,0.14368016331803943,0.3501125494046886,-0.004757448509396864,0.0,-0.004757448509396864
mnist,cut_minmax,clean,137,9,latent_assignment_not_attack,9,59,0,0,20,0.04297416644275901,0.6614336768594355,0.5313222640102979,0.0,0.5313222640102979
mnist,cut_minmax,clean,137,9,latent_assignment_not_attack,9,60,0,0,20,0.06022559735420572,0.4681072956558102,0.43516573974927647,0.0,0.43516573974927647
mnist,cut_minmax,clean,137,9,latent_assignment_not_attack,9,61,0,1,20,0.02851238459509752,0.635980775843381,0.41338519438710075,0.0,0.41338519438710075
mnist,cut_minmax,clean,137,9,latent_assignment_not_attack,9,62,0,0,20,0.04977394296630911,0.6961573824072091,0.6244251448942935,0.0,0.6244251448942935
mnist,cut_minmax,clean,137,9,latent_assignment_not_attack,9,63,0,0,20,0.7202080504491528,0.8792736352506914,-0.5072839352177241,0.0,-0.5072839352177241
mnist,cut_minmax,clean,137,9,latent_assignment_not_attack,9,64,0,0,20,0.042317775086350255,0.6076539226777214,0.5055315118395121,0.0,0.5055315118395121
mnist,cut_minmax,clean,137,9,latent_assignment_not_attack,9,65,0,0,29,0.07782815811152262,0.8207173980518006,0.456922210411194,0.0,0.456922210411194
mnist,cut_minmax,clean,137,9,latent_assignment_not_attack,9,66,0,1,366,1.1459854498386433,0.8852801357931315,-0.6153648869051477,0.0,-0.6153648869051477
mnist,cut_minmax,clean,137,9,latent_assignment_not_attack,9,67,0,1,20,0.041807861289232244,0.7438047952931968,0.5225417384081029,0.0,0.5225417384081029
mnist,cut_minmax,clean,137,9,latent_assignment_not_attack,9,68,0,0,20,0.021743607116103816,0.7255364264556794,0.5080929474101111,0.0,0.5080929474101111
mnist,cut_minmax,clean,137,9,latent_assignment_not_attack,9,69,0,1,2867,1.2647975285468975,0.8696751804214393,-0.5701347289281379,0.0,-0.5701347289281379
mnist,cut_minmax,clean,137,9,latent_assignment_not_attack,9,70,0,1,25,1.1846883972010656,0.9586511387889196,-0.6298294760590626,0.0,-0.6298294760590626
mnist,cut_minmax,clean,137,9,latent_assignment_not_attack,9,71,0,0,20,0.10769657159472487,0.6105554210211231,0.10511587534402575,0.0,0.10511587534402575
mnist,cut_minmax,clean,137,9,latent_assignment_not_attack,9,72,0,0,20,0.03483409664003037,0.7040953492445297,0.39745756409564564,0.0,0.39745756409564564
mnist,cut_minmax,clean,137,9,latent_assignment_not_attack,9,73,0,1,169,1.126907558560232,0.9585348703467821,-0.6311731376882884,0.0,-0.6311731376882884
mnist,cut_minmax,clean,137,9,latent_assignment_not_attack,9,75,0,0,20,0.19870864323532333,0.6137392108392286,-0.4569630059952975,0.0,-0.4569630059952975
mnist,cut_minmax,clean,137,9,latent_assignment_not_attack,9,76,0,0,20,0.2431445996807135,0.7303207560235533,-0.4347442569430311,0.0,-0.4347442569430311
mnist,cut_minmax,clean,137,9,latent_assignment_not_attack,9,77,0,0,20,0.03726816124756097,0.6461135543633812,0.3355317734569468,0.0,0.3355317734569468
mnist,cut_minmax,clean,137,9,latent_assignment_not_attack,9,79,0,0,5435,0.04491036422637689,0.7106011282664101,0.49697815851591864,0.0,0.49697815851591864
mnist,cut_minmax,clean,137,9,latent_assignment_not_attack,9,80,0,0,257,1.2782058452882552,0.8667029747729972,-0.6288159067094149,0.0,-0.6288159067094149
mnist,cut_minmax,clean,137,9,latent_assignment_not_attack,9,81,0,0,20,0.0924807938605696,0.7638384655172732,0.4609061524444929,0.0,0.4609061524444929
mnist,cut_minmax,clean,137,9,latent_assignment_not_attack,9,82,0,0,109,0.058149162008236666,0.8133315181326621,0.4673740131191241,0.0,0.4673740131191241
mnist,cut_minmax,clean,137,9,latent_assignment_not_attack,9,83,0,0,51,1.3134477689590152,0.7701121572334152,-0.5571475020906366,0.0,-0.5571475020906366
mnist,cut_minmax,clean,137,9,latent_assignment_not_attack,9,85,0,0,2323,1.2400507375027534,0.665547742294875,-0.5706702047227866,0.0,-0.5706702047227866
mnist,cut_minmax,clean,137,9,latent_assignment_not_attack,9,86,0,0,1497,0.7796221046246833,0.7125644622662463,-0.5644365045532918,0.0,-0.5644365045532918
mnist,cut_minmax,clean,137,9,latent_assignment_not_attack,9,87,0,0,20,0.01989525401161836,0.6742650994977557,0.5509683743292803,0.0,0.5509683743292803
mnist,cut_minmax,clean,137,9,latent_assignment_not_attack,9,88,0,0,2129,1.0520764023367857,0.9473539004995877,-0.5562241110369509,0.0,-0.5562241110369509
mnist,cut_minmax,clean,137,9,latent_assignment_not_attack,9,89,0,0,20,0.05057625203641397,0.6689616570734923,0.5652018007453091,0.0,0.5652018007453091
mnist,cut_minmax,clean,137,9,latent_assignment_not_attack,9,91,0,0,476,1.075772719771592,0.9449079016041088,-0.5597698207333681,0.0,-0.5597698207333681
mnist,cut_minmax,clean,137,9,latent_assignment_not_attack,9,92,0,0,3674,1.414184865668619,0.7243365609790835,-0.6103968187388904,0.0,-0.6103968187388904
mnist,cut_minmax,clean,137,9,latent_assignment_not_attack,9,93,0,0,20,0.05067626340306022,0.5304872847929261,0.4284313237146657,0.0,0.4284313237146657
mnist,cut_minmax,clean,137,9,latent_assignment_not_attack,9,94,0,0,22,0.22342913585042098,0.6951444455519357,-0.4692896350391652,0.0,-0.4692896350391652
mnist,cut_minmax,clean,137,9,latent_assignment_not_attack,9,95,0,0,20,0.15587980380278801,0.6741332874945616,-0.36849871561006253,0.0,-0.36849871561006253
mnist,cut_minmax,clean,137,9,latent_assignment_not_attack,9,96,0,0,20,0.034458617543385424,0.6817299866706268,0.2763144394692845,0.0,0.2763144394692845
mnist,cut_minmax,clean,137,9,latent_assignment_not_attack,9,97,0,0,4171,1.315933196935862,0.7661824361725114,-0.5615430455470112,0.0,-0.5615430455470112
mnist,cut_minmax,clean,137,9,latent_assignment_not_attack,9,98,0,1,48,1.1623619030005714,0.7073741389640642,-0.5020150491923897,0.0,-0.5020150491923897
mnist,cut_minmax,clean,137,9,latent_assignment_not_attack,9,99,0,1,277,1.2193558262207511,0.6594579250437794,-0.5649812891690776,0.0,-0.5649812891690776
mnist,cut_minmax,clean,137,29,latent_assignment_not_attack,9,0,0,0,20,0.01970257485000412,0.6635736961192211,0.2366492311202997,0.0,0.2366492311202997
mnist,cut_minmax,clean,137,29,latent_assignment_not_attack,9,1,0,0,562,1.4352093720225556,0.98333605293846,-0.6682102207575416,0.0,-0.6682102207575416
mnist,cut_minmax,clean,137,29,latent_assignment_not_attack,9,2,0,0,422,0.07023707723392439,0.6580334410806706,-0.14354859280548402,0.0,-0.14354859280548402
mnist,cut_minmax,clean,137,29,latent_assignment_not_attack,9,3,0,1,20,0.5737323108255811,0.8347206989449182,-0.5089186443962423,0.0,-0.5089186443962423
mnist,cut_minmax,clean,137,29,latent_assignment_not_attack,9,4,0,0,20,0.042001264904610786,0.47841106093897673,0.16767742582895306,0.0,0.16767742582895306
mnist,cut_minmax,clean,137,29,latent_assignment_not_attack,9,5,0,0,20,0.07953111087872396,0.7564617586495759,0.35019604824053635,0.0,0.35019604824053635
mnist,cut_minmax,clean,137,29,latent_assignment_not_attack,9,6,0,1,20,0.026625482182048354,0.5667415591597634,0.41301565806172763,0.0,0.41301565806172763
mnist,cut_minmax,clean,137,29,latent_assignment_not_attack,9,7,0,0,20,0.06293079177528423,0.5659544685800774,-0.04341052849239157,0.0,-0.04341052849239157
mnist,cut_minmax,clean,137,29,latent_assignment_not_attack,9,8,0,0,20,0.03858938440829219,0.7027636882097514,0.3769358215182856,0.0,0.3769358215182856
mnist,cut_minmax,clean,137,29,latent_assignment_not_attack,9,9,0,0,1661,1.5144813253546878,0.6089410966360351,-0.5884240333208537,0.0,-0.5884240333208537
mnist,cut_minmax,clean,137,29,latent_assignment_not_attack,9,10,0,0,102,1.2961061904994486,0.7474215048311539,-0.5360291594546327,0.0,-0.5360291594546327
mnist,cut_minmax,clean,137,29,latent_assignment_not_attack,9,12,0,0,20,0.044006401419925324,0.5674980253439582,0.48051102209272356,0.0,0.48051102209272356
mnist,cut_minmax,clean,137,29,latent_assignment_not_attack,9,13,0,1,20,0.6311702181756467,0.9289767204780184,-0.5667258560172328,0.0,-0.5667258560172328
mnist,cut_minmax,clean,137,29,latent_assignment_not_attack,9,14,0,1,20,0.289112822796426,0.7476862458447849,-0.4676059181006329,0.0,-0.4676059181006329
mnist,cut_minmax,clean,137,29,latent_assignment_not_attack,9,15,0,1,20,0.11993647886589859,0.7303248147296341,0.3836866401993508,0.0,0.3836866401993508
mnist,cut_minmax,clean,137,29,latent_assignment_not_attack,9,16,0,0,303,1.2204325260022337,0.7338460459759537,-0.5747115094989644,0.0,-0.5747115094989644
mnist,cut_minmax,clean,137,29,latent_assignment_not_attack,9,17,0,0,20,0.02975464609317173,0.7644891890481839,0.42543343880947365,0.0,0.42543343880947365
mnist,cut_minmax,clean,137,29,latent_assignment_not_attack,9,18,0,0,1463,1.2904063271544033,0.7425163385558713,-0.547082889307425,0.0,-0.547082889307425
mnist,cut_minmax,clean,137,29,latent_assignment_not_attack,9,20,0,1,20,0.016735522648816368,0.7020727153176274,0.5918443749165678,0.0,0.5918443749165678
mnist,cut_minmax,clean,137,29,latent_assignment_not_attack,9,22,0,0,20,0.05786443804084753,0.37287984733790386,0.12169103858470842,0.0,0.12169103858470842
mnist,cut_minmax,clean,137,29,latent_assignment_not_attack,9,23,0,0,195,1.4442621033690526,0.9848337271514698,-0.6649731439905044,0.0,-0.6649731439905044
mnist,cut_minmax,clean,137,29,latent_assignment_not_attack,9,25,0,0,20,0.050807075626721626,0.6970714697185161,0.42475634274120805,0.0,0.42475634274120805
mnist,cut_minmax,clean,137,29,latent_assignment_not_attack,9,26,0,0,20,0.06054121156328161,0.3636239471396139,0.23344452102063,0.0,0.23344452102063
mnist,cut_minmax,clean,137,29,latent_assignment_not_attack,9,27,0,0,20,0.0975928380622413,0.7086254069538596,-0.3033103130718454,0.0,-0.3033103130718454
mnist,cut_minmax,clean,137,29,latent_assignment_not_attack,9,28,0,0,2075,1.2446978723748383,0.7386734524087972,-0.5704933297769561,0.0,-0.5704933297769561
mnist,cut_minmax,clean,137,29,latent_assignment_not_attack,9,29,0,1,20,0.07157865781757117,0.5927135121151557,-0.00813007640068434,0.0,-0.00813007640068434
mnist,cut_minmax,clean,137,29,latent_assignment_not_attack,9,31,0,0,1732,1.3504446346068992,0.9691146121303668,-0.7476617906327195,0.0,-0.7476617906327195
mnist,cut_minmax,clean,137,29,latent_assignment_not_attack,9,32,0,1,20,0.02956379457523564,0.6102769678968267,0.5046489771787324,0.0,0.5046489771787324
mnist,cut_minmax,clean,137,29,latent_assignment_not_attack,9,34,0,0,33,0.989769084799824,0.8539171339262065,-0.4574627214064291,0.0,-0.4574627214064291
mnist,cut_minmax,clean,137,29,latent_assignment_not_attack,9,35,0,0,242,0.9745887473810867,0.9234928470451141,-0.483190166181899,0.0,-0.483190166181899
mnist,cut_minmax,clean,137,29,latent_assignment_not_attack,9,36,0,0,91,1.2446563173807557,0.6042972174391984,-0.4573970515567016,0.0,-0.4573970515567016
mnist,cut_minmax,clean,137,29,latent_assignment_not_attack,9,37,0,0,505,1.5180631170038164,0.9839170179806332,-0.6644866464112992,0.0,-0.6644866464112992
mnist,cut_minmax,clean,137,29,latent_assignment_not_attack,9,38,0,0,20,0.08368738213499194,0.6371594408620421,0.3080110996786232,0.0,0.3080110996786232
mnist,cut_minmax,clean,137,29,latent_assignment_not_attack,9,39,0,0,2300,1.1098114928880192,0.7100916308833718,-0.6030810788580206,0.0,-0.6030810788580206
mnist,cut_minmax,clean,137,29,latent_assignment_not_attack,9,40,0,0,177,0.04493778629431918,0.7701656636123986,0.4450482552636157,0.0,0.4450482552636157
mnist,cut_minmax,clean,137,29,latent_assignment_not_attack,9,41,0,1,20,0.02343274953357751,0.581160950141502,0.3278712797414647,0.0,0.3278712797414647
mnist,cut_minmax,clean,137,29,latent_assignment_not_attack,9,42,0,0,20,0.016011358559661504,0.6639590984125038,0.33072663127931423,0.0,0.33072663127931423
mnist,cut_minmax,clean,137,29,latent_assignment_not_attack,9,43,0,0,20,0.7351402421278305,0.7527194395342791,-0.7041772696951561,0.0,-0.7041772696951561
mnist,cut_minmax,clean,137,29,latent_assignment_not_attack,9,44,0,0,20,0.2738929645981236,0.6855982841277224,-0.44623172831369773,0.0,-0.44623172831369773
mnist,cut_minmax,clean,137,29,latent_assignment_not_attack,9,45,0,0,20,1.0249223338778986,0.767508247963072,-0.7020956575047081,0.0,-0.7020956575047081
mnist,cut_minmax,clean,137,29,latent_assignment_not_attack,9,46,0,0,161,1.2825686915660677,0.7530376271818972,-0.5488272120549831,0.0,-0.5488272120549831
mnist,cut_minmax,clean,137,29,latent_assignment_not_attack,9,47,0,1,20,0.1180863813717816,0.39238934364594696,-0.16601863039177672,0.0,-0.16601863039177672
mnist,cut_minmax,clean,137,29,latent_assignment_not_attack,9,48,0,0,1297,0.5435376196340279,0.9523498207672139,-0.5994515984155344,0.0,-0.5994515984155344
mnist,cut_minmax,clean,137,29,latent_assignment_not_attack,9,49,0,0,20,0.048815339594696895,0.649816251753522,0.3954915772254212,0.0,0.3954915772254212
mnist,cut_minmax,clean,137,29,latent_assignment_not_attack,9,50,0,0,20,0.2046818193762841,0.5489313404964717,-0.1848751324693865,0.0,-0.1848751324693865
mnist,cut_minmax,clean,137,29,latent_assignment_not_attack,9,51,0,0,20,0.05129675005384935,0.739220604628184,0.41838494804439164,0.0,0.41838494804439164
mnist,cut_minmax,clean,137,29,latent_assignment_not_attack,9,52,0,0,20,0.04506459604591457,0.6488155895829766,0.3115908954373573,0.0,0.3115908954373573
mnist,cut_minmax,clean,137,29,latent_assignment_not_attack,9,53,0,0,27,1.5026366179059543,0.603682621785223,-0.5603128747512611,0.0,-0.5603128747512611
mnist,cut_minmax,clean,137,29,latent_assignment_not_attack,9,54,0,0,20,0.11952898428711924,0.5512128078969207,0.1924000072012532,0.0,0.1924000072012532
mnist,cut_minmax,clean,137,29,latent_assignment_not_attack,9,55,0,0,1013,1.0080146564935792,0.9558538158112739,-0.5641812191346616,0.0,-0.5641812191346616
mnist,cut_minmax,clean,137,29,latent_assignment_not_attack,9,56,0,0,4874,0.6272884194854899,0.8997704426648012,-0.6914767537254288,0.0,-0.6914767537254288
mnist,cut_minmax,clean,137,29,latent_assignment_not_attack,9,57,0,0,20,0.03191351108120625,0.5021469610097886,0.28931318472099676,0.0,0.28931318472099676
mnist,cut_minmax,clean,137,29,latent_assignment_not_attack,9,58,0,0,20,0.13441252307070944,0.35909718282091674,-0.02949847000405504,0.0,-0.02949847000405504
mnist,cut_minmax,clean,137,29,latent_assignment_not_attack,9,60,0,0,20,0.04808434635971075,0.48763009345117014,0.4214854029824308,0.0,0.4214854029824308
mnist,cut_minmax,clean,137,29,latent_assignment_not_attack,9,61,0,1,20,0.01221984366439833,0.6643608987052476,0.5270435398268783,0.0,0.5270435398268783
mnist,cut_minmax,clean,137,29,latent_assignment_not_attack,9,62,0,0,20,0.05486771757277766,0.5488884519710193,0.5844881885393688,0.0,0.5844881885393688
mnist,cut_minmax,clean,137,29,latent_assignment_not_attack,9,63,0,0,20,0.6043124703247236,0.8308408523099345,-0.381440994447479,0.0,-0.381440994447479
mnist,cut_minmax,clean,137,29,latent_assignment_not_attack,9,64,0,0,20,0.025782721023000547,0.6407926467312093,0.5604132215624217,0.0,0.5604132215624217
mnist,cut_minmax,clean,137,29,latent_assignment_not_attack,9,65,0,0,29,0.045461236225259945,0.7573078083531424,0.4835745452705002,0.0,0.4835745452705002
mnist,cut_minmax,clean,137,29,latent_assignment_not_attack,9,66,0,1,366,1.1745240373236525,0.7525587704360407,-0.5697160455536175,0.0,-0.5697160455536175
mnist,cut_minmax,clean,137,29,latent_assignment_not_attack,9,67,0,1,20,0.0208795704541834,0.7179108047506018,0.60181477265281,0.0,0.60181477265281
mnist,cut_minmax,clean,137,29,latent_assignment_not_attack,9,68,0,0,20,0.008598303324354604,0.7164932701132382,0.7317808861359489,0.0,0.7317808861359489
mnist,cut_minmax,clean,137,29,latent_assignment_not_attack,9,69,0,1,2867,1.436612645869536,0.9847712964173881,-0.6663857425404113,0.0,-0.6663857425404113
mnist,cut_minmax,clean,137,29,latent_assignment_not_attack,9,70,0,1,25,1.057787290991208,0.9525271797726514,-0.5714382647380934,0.0,-0.5714382647380934
mnist,cut_minmax,clean,137,29,latent_assignment_not_attack,9,71,0,0,20,0.07700345624191036,0.5444020809468844,0.06697143536999652,0.0,0.06697143536999652
mnist,cut_minmax,clean,137,29,latent_assignment_not_attack,9,72,0,0,20,0.016768136770668535,0.6839198126533932,0.6074524487639231,0.0,0.6074524487639231
mnist,cut_minmax,clean,137,29,latent_assignment_not_attack,9,73,0,1,169,1.0094185207707322,0.9551479503278433,-0.5532700350996409,0.0,-0.5532700350996409
mnist,cut_minmax,clean,137,29,latent_assignment_not_attack,9,74,0,0,20,0.02165383125626723,0.5763660335287863,0.4046131001035902,0.0,0.4046131001035902
mnist,cut_minmax,clean,137,29,latent_assignment_not_attack,9,75,0,0,20,0.15024566874622117,0.621635157454259,-0.4159193664361813,0.0,-0.4159193664361813
mnist,cut_minmax,clean,137,29,latent_assignment_not_attack,9,76,0,0,20,0.17393397161441215,0.735434193597922,-0.34215707143652974,0.0,-0.34215707143652974
mnist,cut_minmax,clean,137,29,latent_assignment_not_attack,9,77,0,0,20,0.017576932916041642,0.6398924990217256,0.34981342551833755,0.0,0.34981342551833755
mnist,cut_minmax,clean,137,29,latent_assignment_not_attack,9,78,0,0,38,0.3814967745728323,0.8780118952552639,-0.43623251935301843,0.0,-0.43623251935301843
mnist,cut_minmax,clean,137,29,latent_assignment_not_attack,9,79,0,0,5435,0.031684716709126835,0.5039000161977508,0.27878914890789475,0.0,0.27878914890789475
mnist,cut_minmax,clean,137,29,latent_assignment_not_attack,9,80,0,0,257,1.3968007461333551,0.9775980929339052,-0.7118795949307756,0.0,-0.7118795949307756
mnist,cut_minmax,clean,137,29,latent_assignment_not_attack,9,81,0,0,20,0.05527828991311963,0.7151809700998502,0.5082168254447066,0.0,0.5082168254447066
mnist,cut_minmax,clean,137,29,latent_assignment_not_attack,9,82,0,0,109,0.033738716743832116,0.7757003412883818,0.4820683486251468,0.0,0.4820683486251468
mnist,cut_minmax,clean,137,29,latent_assignment_not_attack,9,83,0,0,51,1.2565023343015886,0.860841304046426,-0.5774988809825572,0.0,-0.5774988809825572
mnist,cut_minmax,clean,137,29,latent_assignment_not_attack,9,84,0,0,171,1.2427160296456234,0.8617980842547152,-0.5741038440369487,0.0,-0.5741038440369487
mnist,cut_minmax,clean,137,29,latent_assignment_not_attack,9,85,0,0,2323,1.1905500173798333,0.7435653763920198,-0.5651889664489448,0.0,-0.5651889664489448
mnist,cut_minmax,clean,137,29,latent_assignment_not_attack,9,87,0,0,20,0.009123707811327734,0.7486729720109827,0.7167386433337453,0.0,0.7167386433337453
mnist,cut_minmax,clean,137,29,latent_assignment_not_attack,9,88,0,0,2129,0.9480221569033309,0.9243890767874022,-0.4685351951107959,0.0,-0.4685351951107959
mnist,cut_minmax,clean,137,29,latent_assignment_not_attack,9,89,0,0,20,0.05822500829644117,0.47388266073437857,0.4530144686069785,0.0,0.4530144686069785
mnist,cut_minmax,clean,137,29,latent_assignment_not_attack,9,91,0,0,476,0.9326222596705236,0.9262451464658124,-0.4567938717313073,0.0,-0.4567938717313073
mnist,cut_minmax,clean,137,29,latent_assignment_not_attack,9,92,0,0,3674,1.4468489084701077,0.6036590031599818,-0.5669512117441199,0.0,-0.5669512117441199
mnist,cut_minmax,clean,137,29,latent_assignment_not_attack,9,94,0,0,22,0.1947540024734554,0.8276500814479487,-0.5862852682177648,0.0,-0.5862852682177648
mnist,cut_minmax,clean,137,29,latent_assignment_not_attack,9,95,0,0,20,0.1282317430750728,0.6616742430147924,-0.2594028309429974,0.0,-0.2594028309429974
mnist,cut_minmax,clean,137,29,latent_assignment_not_attack,9,96,0,0,20,0.012415499623513317,0.63880112046126,0.4564127096159091,0.0,0.4564127096159091
mnist,cut_minmax,clean,137,29,latent_assignment_not_attack,9,97,0,0,4171,1.1694380625817928,0.8634726557682418,-0.5762969261605528,0.0,-0.5762969261605528
mnist,cut_minmax,clean,137,29,latent_assignment_not_attack,9,98,0,1,48,1.2632991287681545,0.6001920026523454,-0.4440906054922122,0.0,-0.4440906054922122
mnist,cut_minmax,clean,137,29,latent_assignment_not_attack,9,99,0,1,277,1.2732139748736655,0.7385198395290727,-0.5759013173592245,0.0,-0.5759013173592245
mnist,cut_minmax,clean,2024,0,latent_assignment_not_attack,10,0,0,0,20,0.5179102895800194,0.7871694687774585,-0.7646561951666819,0.0,-0.7646561951666819
mnist,cut_minmax,clean,2024,0,latent_assignment_not_attack,10,1,0,0,840,0.7587082088926558,0.4085833312914189,0.10772618577044396,0.0,0.10772618577044396
mnist,cut_minmax,clean,2024,0,latent_assignment_not_attack,10,2,0,0,174,0.5397017200499478,0.699261552680353,-0.028828397608573433,0.0,-0.028828397608573433
mnist,cut_minmax,clean,2024,0,latent_assignment_not_attack,10,4,0,0,20,0.5741365608194128,0.8186374329469217,-0.3712794143733598,0.0,-0.3712794143733598
mnist,cut_minmax,clean,2024,0,latent_assignment_not_attack,10,5,0,0,20,0.5811488998349819,0.8873597102419716,-0.8781793505566899,0.0,-0.8781793505566899
mnist,cut_minmax,clean,2024,0,latent_assignment_not_attack,10,6,0,1,20,0.5583095608763279,0.8811953342217096,-0.879746046543464,0.0,-0.879746046543464
mnist,cut_minmax,clean,2024,0,latent_assignment_not_attack,10,7,0,0,20,0.5887026928544327,0.8935543601398491,-0.8899464336173768,0.0,-0.8899464336173768
mnist,cut_minmax,clean,2024,0,latent_assignment_not_attack,10,8,0,0,20,0.5918133811917043,0.8513725422367793,-0.8363375210391182,0.0,-0.8363375210391182
mnist,cut_minmax,clean,2024,0,latent_assignment_not_attack,10,9,0,0,2917,0.752433803147387,0.8964140353198559,-0.2678067843570386,0.0,-0.2678067843570386
mnist,cut_minmax,clean,2024,0,latent_assignment_not_attack,10,10,0,0,2345,0.6583242439374936,0.5448744475000955,0.11953441805913609,0.0,0.11953441805913609
mnist,cut_minmax,clean,2024,0,latent_assignment_not_attack,10,11,0,0,20,0.6279104222906389,0.9109926050554862,-0.8932057581088412,0.0,-0.8932057581088412
mnist,cut_minmax,clean,2024,0,latent_assignment_not_attack,10,12,0,0,442,0.6144328912043997,0.9246090684438351,-0.8420399536880382,0.0,-0.8420399536880382
mnist,cut_minmax,clean,2024,0,latent_assignment_not_attack,10,14,0,0,222,0.5950217633742215,0.7315662423177317,-0.7152753053171235,0.0,-0.7152753053171235
mnist,cut_minmax,clean,2024,0,latent_assignment_not_attack,10,15,0,1,20,0.6767393235409865,0.9171364056180668,-0.8687650127904082,0.0,-0.8687650127904082
mnist,cut_minmax,clean,2024,0,latent_assignment_not_attack,10,16,0,0,208,0.6658960416073049,0.9717068534865634,-0.03290604800830397,0.0,-0.03290604800830397
mnist,cut_minmax,clean,2024,0,latent_assignment_not_attack,10,17,0,0,1070,0.666883694069479,0.9651201545632748,-0.07432042980386057,0.0,-0.07432042980386057
mnist,cut_minmax,clean,2024,0,latent_assignment_not_attack,10,19,0,1,959,0.7337386711743097,0.9454201264653429,-0.009691580373702002,0.0,-0.009691580373702002
mnist,cut_minmax,clean,2024,0,latent_assignment_not_attack,10,20,0,1,20,0.6227102003011238,0.9174682592388669,-0.883769322317328,0.0,-0.883769322317328
mnist,cut_minmax,clean,2024,0,latent_assignment_not_attack,10,21,0,0,20,0.5713457684522951,0.8414334425344043,-0.8575699572407398,0.0,-0.8575699572407398
mnist,cut_minmax,clean,2024,0,latent_assignment_not_attack,10,22,0,0,20,0.6047887619775325,0.8923205718063736,-0.8831826512042742,0.0,-0.8831826512042742
mnist,cut_minmax,clean,2024,0,latent_assignment_not_attack,10,23,0,0,1514,0.6661215882240804,0.9696598064654334,-0.02942579316619766,0.0,-0.02942579316619766
mnist,cut_minmax,clean,2024,0,latent_assignment_not_attack,10,24,0,0,20,0.6062231209095188,0.9098735401227765,-0.8901415160295998,0.0,-0.8901415160295998
mnist,cut_minmax,clean,2024,0,latent_assignment_not_attack,10,25,0,1,20,0.6501562810951121,0.9264764853572874,-0.8922424172873885,0.0,-0.8922424172873885
mnist,cut_minmax,clean,2024,0,latent_assignment_not_attack,10,26,0,0,20,0.6029924727279121,0.8923750623130303,-0.8756397941509061,0.0,-0.8756397941509061
mnist,cut_minmax,clean,2024,0,latent_assignment_not_attack,10,28,0,0,20,0.5427130187560045,0.6428757510050566,-0.3300647889096054,0.0,-0.3300647889096054
mnist,cut_minmax,clean,2024,0,latent_assignment_not_attack,10,29,0,0,3555,0.6449538985199045,0.5630257175745985,0.08760519482238356,0.0,0.08760519482238356
mnist,cut_minmax,clean,2024,0,latent_assignment_not_attack,10,31,0,1,20,0.6309845266615014,0.9230677668916852,-0.9052476755963503,0.0,-0.9052476755963503
mnist,cut_minmax,clean,2024,0,latent_assignment_not_attack,10,32,0,0,20,0.6951006227745249,0.9270613154037235,-0.8452445152696669,0.0,-0.8452445152696669
mnist,cut_minmax,clean,2024,0,latent_assignment_not_attack,10,33,0,0,20,0.6589832479941671,0.9222361968975056,-0.8897383264088479,0.0,-0.8897383264088479
mnist,cut_minmax,clean,2024,0,latent_assignment_not_attack,10,34,0,0,20,0.590939532677655,0.8091287544035008,-0.7673366512610048,0.0,-0.7673366512610048
mnist,cut_minmax,clean,2024,0,latent_assignment_not_attack,10,35,0,0,35,0.7880874091024551,0.569767801354055,0.056935800812514856,0.0,0.056935800812514856
mnist,cut_minmax,clean,2024,0,latent_assignment_not_attack,10,36,0,0,2410,0.7258091122699992,0.9431549482178561,-0.006119078368860622,0.0,-0.006119078368860622
mnist,cut_minmax,clean,2024,0,latent_assignment_not_attack,10,37,0,0,5088,0.7062745407361677,0.5887984229914893,0.05942718476279879,0.0,0.05942718476279879
mnist,cut_minmax,clean,2024,0,latent_assignment_not_attack,10,38,0,0,20,0.7076388184973078,0.5678580264052313,0.03067555109732236,0.0,0.03067555109732236
mnist,cut_minmax,clean,2024,0,latent_assignment_not_attack,10,39,0,0,20,0.5586300747901385,0.788033533947436,-0.400921199400312,0.0,-0.400921199400312
mnist,cut_minmax,clean,2024,0,latent_assignment_not_attack,10,40,0,0,20,0.6481971461729934,0.9158175705902233,-0.8882055691626126,0.0,-0.8882055691626126
mnist,cut_minmax,clean,2024,0,latent_assignment_not_attack,10,41,0,0,20,0.6312504428267532,0.9137986945166248,-0.9013211111509657,0.0,-0.9013211111509657
mnist,cut_minmax,clean,2024,0,latent_assignment_not_attack,10,42,0,1,20,0.6329352664430998,0.9017459648813411,-0.8560900008974524,0.0,-0.8560900008974524
mnist,cut_minmax,clean,2024,0,latent_assignment_not_attack,10,43,0,0,37,0.6701847001318715,0.9561320004835275,-0.02194812673700528,0.0,-0.02194812673700528
mnist,cut_minmax,clean,2024,0,latent_assignment_not_attack,10,44,0,0,916,0.7238293950795343,0.944466678269106,-0.0050277404176853335,0.0,-0.0050277404176853335
mnist,cut_minmax,clean,2024,0,latent_assignment_not_attack,10,46,0,1,156,0.661316727903031,0.9364789809632136,-0.008585694385712793,0.0,-0.008585694385712793
mnist,cut_minmax,clean,2024,0,latent_assignment_not_attack,10,47,0,0,20,0.6386028116597937,0.9158392229621862,-0.8929902493773499,0.0,-0.8929902493773499
mnist,cut_minmax,clean,2024,0,latent_assignment_not_attack,10,48,0,1,678,0.7609757859725969,0.41066798042011915,0.11031496953436493,0.0,0.11031496953436493
mnist,cut_minmax,clean,2024,0,latent_assignment_not_attack,10,49,0,0,20,0.6834769687942608,0.8731331266907727,-0.4209684800285812,0.0,-0.4209684800285812
mnist,cut_minmax,clean,2024,0,latent_assignment_not_attack,10,50,0,0,183,0.724830685559519,0.5923825321962898,0.06270328612025804,0.0,0.06270328612025804
mnist,cut_minmax,clean,2024,0,latent_assignment_not_attack,10,51,0,0,20,0.6430832811701495,0.9181096870815111,-0.9036137057353498,0.0,-0.9036137057353498
mnist,cut_minmax,clean,2024,0,latent_assignment_not_attack,10,53,0,1,20,0.6247980686053349,0.9025235050991917,-0.8853365092674835,0.0,-0.8853365092674835
mnist,cut_minmax,clean,2024,0,latent_assignment_not_attack,10,54,0,1,20,0.6779641888041424,0.9183639593717121,-0.8621435340366772,0.0,-0.8621435340366772
mnist,cut_minmax,clean,2024,0,latent_assignment_not_attack,10,55,0,0,20,0.6222762108272778,0.8962824583741063,-0.8696299568984596,0.0,-0.8696299568984596
mnist,cut_minmax,clean,2024,0,latent_assignment_not_attack,10,56,0,0,20,0.6497686799774774,0.9212743062150416,-0.8723339515857926,0.0,-0.8723339515857926
mnist,cut_minmax,clean,2024,0,latent_assignment_not_attack,10,57,0,0,533,0.6759964589985165,0.9742659620871972,-0.034527635732217614,0.0,-0.034527635732217614
mnist,cut_minmax,clean,2024,0,latent_assignment_not_attack,10,58,0,1,20,0.5767665269354177,0.8312919968139886,-0.8291845129858004,0.0,-0.8291845129858004
mnist,cut_minmax,clean,2024,0,latent_assignment_not_attack,10,59,0,0,20,0.6572114355935796,0.915766056248087,-0.9012787643794722,0.0,-0.9012787643794722
mnist,cut_minmax,clean,2024,0,latent_assignment_not_attack,10,61,0,1,20,0.5778776654746896,0.8680478680687307,-0.8374474214838658,0.0,-0.8374474214838658
mnist,cut_minmax,clean,2024,0,latent_assignment_not_attack,10,62,0,0,20,0.6287853656421233,0.8919428612740212,-0.8948161991456896,0.0,-0.8948161991456896
mnist,cut_minmax,clean,2024,0,latent_assignment_not_attack,10,63,0,0,283,0.7509187392109049,0.8944893211692222,-0.27128268754439755,0.0,-0.27128268754439755
mnist,cut_minmax,clean,2024,0,latent_assignment_not_attack,10,65,0,1,5315,0.610653940146268,0.9386854126727794,-0.9276224443390809,0.0,-0.9276224443390809
mnist,cut_minmax,clean,2024,0,latent_assignment_not_attack,10,66,0,0,113,0.738584671774703,0.9460053224007291,-0.026746034760816707,0.0,-0.026746034760816707
mnist,cut_minmax,clean,2024,0,latent_assignment_not_attack,10,67,0,0,20,0.6046631894580707,0.8997066812328904,-0.8818185205508328,0.0,-0.8818185205508328
mnist,cut_minmax,clean,2024,0,latent_assignment_not_attack,10,68,0,1,20,0.6255175383411052,0.8826695114648088,-0.8794093654412123,0.0,-0.8794093654412123
mnist,cut_minmax,clean,2024,0,latent_assignment_not_attack,10,70,0,0,5312,0.6981540299442028,0.9667283417856801,-0.03365312996315536,0.0,-0.03365312996315536
mnist,cut_minmax,clean,2024,0,latent_assignment_not_attack,10,71,0,0,20,0.6760861348068549,0.8983900588175882,-0.8124182491471835,0.0,-0.8124182491471835
mnist,cut_minmax,clean,2024,0,latent_assignment_not_attack,10,72,0,0,20,0.5391237392595838,0.6805382465825424,-0.7000160335667491,0.0,-0.7000160335667491
mnist,cut_minmax,clean,2024,0,latent_assignment_not_attack,10,73,0,0,242,0.6773900873910215,0.9649507560007429,-0.036270457709270516,0.0,-0.036270457709270516
mnist,cut_minmax,clean,2024,0,latent_assignment_not_attack,10,74,0,0,288,0.7405200371498124,0.5893042603070402,0.059743399634056484,0.0,0.059743399634056484
mnist,cut_minmax,clean,2024,0,latent_assignment_not_attack,10,75,0,1,20,0.6304680970171175,0.907462016588568,-0.8786675697183935,0.0,-0.8786675697183935
mnist,cut_minmax,clean,2024,0,latent_assignment_not_attack,10,76,0,1,20,0.5672333643020829,0.8730512691078406,-0.871768316201438,0.0,-0.871768316201438
mnist,cut_minmax,clean,2024,0,latent_assignment_not_attack,10,77,0,0,20,0.6688061112170576,0.8867692749381094,-0.8291702542911198,0.0,-0.8291702542911198
mnist,cut_minmax,clean,2024,0,latent_assignment_not_attack,10,78,0,0,20,0.663070128984553,0.4399660716540896,-0.05376440804547581,0.0,-0.05376440804547581
mnist,cut_minmax,clean,2024,0,latent_assignment_not_attack,10,79,0,0,20,0.6216198928223511,0.910060089458075,-0.8686043949548519,0.0,-0.8686043949548519
mnist,cut_minmax,clean,2024,0,latent_assignment_not_attack,10,80,0,0,193,0.6225145804340573,0.9207581468631021,0.01788772486258749,0.0,0.01788772486258749
mnist,cut_minmax,clean,2024,0,latent_assignment_not_attack,10,81,0,0,662,0.7066722264331748,0.9414158123452294,-0.026139278098952536,0.0,-0.026139278098952536
mnist,cut_minmax,clean,2024,0,latent_assignment_not_attack,10,82,0,0,20,0.6117031509295883,0.9123139366634266,-0.8978328766379737,0.0,-0.8978328766379737
mnist,cut_minmax,clean,2024,0,latent_assignment_not_attack,10,83,0,0,20,0.4867146079801443,0.7274006937504318,-0.7008877090503421,0.0,-0.7008877090503421
mnist,cut_minmax,clean,2024,0,latent_assignment_not_attack,10,84,0,0,305,0.7535579665870867,0.8955085701618625,-0.26860960557995733,0.0,-0.26860960557995733
mnist,cut_minmax,clean,2024,0,latent_assignment_not_attack,10,85,0,0,50,0.6580216147479147,0.5468610495598126,0.11335767252409908,0.0,0.11335767252409908
mnist,cut_minmax,clean,2024,0,latent_assignment_not_attack,10,86,0,0,20,0.6300324200883168,0.914633439916001,-0.9037511592189923,0.0,-0.9037511592189923
mnist,cut_minmax,clean,2024,0,latent_assignment_not_attack,10,87,0,0,20,0.667069650967974,0.9425474153705722,-0.031016185970778716,0.0,-0.031016185970778716
mnist,cut_minmax,clean,2024,0,latent_assignment_not_attack,10,88,0,0,1103,0.7227009241993352,0.9415667655375645,-0.024474597360371338,0.0,-0.024474597360371338
mnist,cut_minmax,clean,2024,0,latent_assignment_not_attack,10,89,0,1,86,0.6867704682289066,0.5759539962113263,0.03800477344417538,0.0,0.03800477344417538
mnist,cut_minmax,clean,2024,0,latent_assignment_not_attack,10,90,0,0,20,0.6353387949006843,0.885701345011128,-0.8287783050486451,0.0,-0.8287783050486451
mnist,cut_minmax,clean,2024,0,latent_assignment_not_attack,10,91,0,0,20,0.6611127414004884,0.9110050823374586,-0.06114611071372051,0.0,-0.06114611071372051
mnist,cut_minmax,clean,2024,0,latent_assignment_not_attack,10,92,0,0,515,0.7253330400374652,0.9440511807765086,-0.03109638946880719,0.0,-0.03109638946880719
mnist,cut_minmax,clean,2024,0,latent_assignment_not_attack,10,93,0,0,1843,0.7079774847167206,0.5770520770925819,0.03536950023516948,0.0,0.03536950023516948
mnist,cut_minmax,clean,2024,0,latent_assignment_not_attack,10,94,0,0,71,0.7516406231756404,0.8902400990587415,-0.26530465574240975,0.0,-0.26530465574240975
mnist,cut_minmax,clean,2024,0,latent_assignment_not_attack,10,95,0,0,20,0.6745222944977387,0.9418102824528114,-0.024637702623085636,0.0,-0.024637702623085636
mnist,cut_minmax,clean,2024,0,latent_assignment_not_attack,10,96,0,0,2532,0.7425165286880108,0.9448697217589912,-0.023090676461235124,0.0,-0.023090676461235124
mnist,cut_minmax,clean,2024,0,latent_assignment_not_attack,10,97,0,0,76,0.6728290649818917,0.964637931350015,-0.027440720367104324,0.0,-0.027440720367104324
mnist,cut_minmax,clean,2024,0,latent_assignment_not_attack,10,98,0,0,3259,0.6825235756831407,0.9708854738830078,-0.03233105499736764,0.0,-0.03233105499736764
mnist,cut_minmax,clean,2024,0,latent_assignment_not_attack,10,99,0,0,20,0.5151387077218241,0.8571686828921836,-0.8343975923843844,0.0,-0.8343975923843844
mnist,cut_minmax,clean,2024,9,latent_assignment_not_attack,10,0,0,0,20,0.33602877131148107,0.8055934526544212,-0.26182323465332,0.0,-0.26182323465332
mnist,cut_minmax,clean,2024,9,latent_assignment_not_attack,10,1,0,0,840,1.194613631850929,0.5506736729881224,-0.37778510337432725,0.0,-0.37778510337432725
mnist,cut_minmax,clean,2024,9,latent_assignment_not_attack,10,3,0,0,104,1.2896790027859035,0.8215843504125597,-0.5975215594292611,0.0,-0.5975215594292611
mnist,cut_minmax,clean,2024,9,latent_assignment_not_attack,10,4,0,0,20,0.46912736593911974,0.8983338744142358,-0.21707319590788718,0.0,-0.21707319590788718
mnist,cut_minmax,clean,2024,9,latent_assignment_not_attack,10,5,0,0,20,0.14530363758343656,0.6276424765326144,0.4075351977433635,0.0,0.4075351977433635
mnist,cut_minmax,clean,2024,9,latent_assignment_not_attack,10,6,0,1,20,0.16903136847311676,0.7084243479459317,-0.13535504934233783,0.0,-0.13535504934233783
mnist,cut_minmax,clean,2024,9,latent_assignment_not_attack,10,7,0,0,20,0.10439660622909526,0.753000273450615,0.5061105704914068,0.0,0.5061105704914068
mnist,cut_minmax,clean,2024,9,latent_assignment_not_attack,10,8,0,0,20,0.17865217292655983,0.5353204107133183,0.4744048225866323,0.0,0.4744048225866323
mnist,cut_minmax,clean,2024,9,latent_assignment_not_attack,10,9,0,0,2917,0.3114315724326927,0.7912410517876834,0.10218253650162074,0.0,0.10218253650162074
mnist,cut_minmax,clean,2024,9,latent_assignment_not_attack,10,10,0,0,2345,0.8418838404514725,0.9169715034892805,-0.27200561948759855,0.0,-0.27200561948759855
mnist,cut_minmax,clean,2024,9,latent_assignment_not_attack,10,11,0,0,20,0.10614954854206939,0.6428585986457017,0.5478433613743467,0.0,0.5478433613743467
mnist,cut_minmax,clean,2024,9,latent_assignment_not_attack,10,12,0,0,442,0.25863191435564686,0.8666717104657927,-0.14615890101789433,0.0,-0.14615890101789433
mnist,cut_minmax,clean,2024,9,latent_assignment_not_attack,10,13,0,0,20,0.5058153965987605,0.9388455906632732,-0.269623067984678,0.0,-0.269623067984678
mnist,cut_minmax,clean,2024,9,latent_assignment_not_attack,10,14,0,0,222,0.39278248756401996,0.9541019858150754,-0.24919132879525635,0.0,-0.24919132879525635
mnist,cut_minmax,clean,2024,9,latent_assignment_not_attack,10,15,0,1,20,0.06442415213258999,0.6819781332173068,0.48804642731531944,0.0,0.48804642731531944
mnist,cut_minmax,clean,2024,9,latent_assignment_not_attack,10,16,0,0,208,0.82381319934987,0.977320984448711,-0.48758652669169195,0.0,-0.48758652669169195
mnist,cut_minmax,clean,2024,9,latent_assignment_not_attack,10,18,0,0,20,0.10169882729951041,0.6639118514625653,0.429092222904505,0.0,0.429092222904505
mnist,cut_minmax,clean,2024,9,latent_assignment_not_attack,10,19,0,1,959,0.6716757832915721,0.9444451168502489,-0.26366371205161926,0.0,-0.26366371205161926
mnist,cut_minmax,clean,2024,9,latent_assignment_not_attack,10,20,0,1,20,0.13152207153229417,0.5988037368734824,0.46918081173450227,0.0,0.46918081173450227
mnist,cut_minmax,clean,2024,9,latent_assignment_not_attack,10,21,0,0,20,0.16512292303862425,0.6045049045646145,-0.03986908696094567,0.0,-0.03986908696094567
mnist,cut_minmax,clean,2024,9,latent_assignment_not_attack,10,23,0,0,1514,0.8294128290019289,0.9785633850414299,-0.48022485068367854,0.0,-0.48022485068367854
mnist,cut_minmax,clean,2024,9,latent_assignment_not_attack,10,24,0,0,20,0.11274685867248856,0.7607284325669416,0.5053041752617132,0.0,0.5053041752617132
mnist,cut_minmax,clean,2024,9,latent_assignment_not_attack,10,25,0,1,20,0.10288753114472018,0.6750895527300251,0.43117787721631007,0.0,0.43117787721631007
mnist,cut_minmax,clean,2024,9,latent_assignment_not_attack,10,27,0,0,20,0.10230787123970161,0.6336664901587171,0.406984448425749,0.0,0.406984448425749
mnist,cut_minmax,clean,2024,9,latent_assignment_not_attack,10,28,0,0,20,0.5516934949697258,0.7661226354791513,-0.19471317149937245,0.0,-0.19471317149937245
mnist,cut_minmax,clean,2024,9,latent_assignment_not_attack,10,29,0,0,3555,0.8421677367870619,0.9069390661685086,-0.30137314120663766,0.0,-0.30137314120663766
mnist,cut_minmax,clean,2024,9,latent_assignment_not_attack,10,30,0,0,20,0.1822996726478077,0.7273335426963993,0.4399299110889122,0.0,0.4399299110889122
mnist,cut_minmax,clean,2024,9,latent_assignment_not_attack,10,31,0,1,20,0.0824594908339939,0.6743422204224341,0.4746482652311744,0.0,0.4746482652311744
mnist,cut_minmax,clean,2024,9,latent_assignment_not_attack,10,32,0,0,20,0.18343545775391962,0.718477177206194,0.42435001338016753,0.0,0.42435001338016753
mnist,cut_minmax,clean,2024,9,latent_assignment_not_attack,10,33,0,0,20,0.05857907598136842,0.8019037995203657,0.5582269914263494,0.0,0.5582269914263494
mnist,cut_minmax,clean,2024,9,latent_assignment_not_attack,10,34,0,0,20,0.1704489667915103,0.5814985137498481,0.28875693036553934,0.0,0.28875693036553934
mnist,cut_minmax,clean,2024,9,latent_assignment_not_attack,10,36,0,0,2410,0.6628416486215719,0.9397290973833335,-0.24970961405403538,0.0,-0.24970961405403538
mnist,cut_minmax,clean,2024,9,latent_assignment_not_attack,10,37,0,0,5088,1.3069106532022232,0.8289210290943757,-0.6001128837837958,0.0,-0.6001128837837958
mnist,cut_minmax,clean,2024,9,latent_assignment_not_attack,10,38,0,0,20,0.8359978894103922,0.7729077512063711,-0.2211822851236153,0.0,-0.2211822851236153
mnist,cut_minmax,clean,2024,9,latent_assignment_not_attack,10,39,0,0,20,0.3649516316592612,0.8568914642523868,-0.19690391372682847,0.0,-0.19690391372682847
mnist,cut_minmax,clean,2024,9,latent_assignment_not_attack,10,40,0,0,20,0.08004067486250237,0.6086357613423374,0.4402899709522,0.0,0.4402899709522
mnist,cut_minmax,clean,2024,9,latent_assignment_not_attack,10,41,0,0,20,0.05639913485152798,0.8087183924645615,0.5812899349420773,0.0,0.5812899349420773
mnist,cut_minmax,clean,2024,9,latent_assignment_not_attack,10,42,0,1,20,0.17158366972437136,0.5132846913583203,0.36084902540698005,0.0,0.36084902540698005
mnist,cut_minmax,clean,2024,9,latent_assignment_not_attack,10,43,0,0,37,0.833539274033342,0.9711944400608171,-0.4764864736451041,0.0,-0.4764864736451041
mnist,cut_minmax,clean,2024,9,latent_assignment_not_attack,10,44,0,0,916,0.6713195915950793,0.9439432611232782,-0.2827795180028959,0.0,-0.2827795180028959
mnist,cut_minmax,clean,2024,9,latent_assignment_not_attack,10,45,0,0,20,0.16511952532432736,0.433688245831407,0.2778738087805958,0.0,0.2778738087805958
mnist,cut_minmax,clean,2024,9,latent_assignment_not_attack,10,46,0,1,156,0.6060049361262518,0.9203964115876202,-0.3799512394616469,0.0,-0.3799512394616469
mnist,cut_minmax,clean,2024,9,latent_assignment_not_attack,10,47,0,0,20,0.08016425158975671,0.7807878569170386,0.5364051121119613,0.0,0.5364051121119613
mnist,cut_minmax,clean,2024,9,latent_assignment_not_attack,10,48,0,1,678,1.2599746285325915,0.5502009615739254,-0.3771089289282757,0.0,-0.3771089289282757
mnist,cut_minmax,clean,2024,9,latent_assignment_not_attack,10,49,0,0,20,0.20799423100535946,0.7644169405604568,0.25035504178102963,0.0,0.25035504178102963
mnist,cut_minmax,clean,2024,9,latent_assignment_not_attack,10,50,0,0,183,1.293313805284727,0.8302700667460454,-0.6059131885495678,0.0,-0.6059131885495678
mnist,cut_minmax,clean,2024,9,latent_assignment_not_attack,10,51,0,0,20,0.05861166256573052,0.6969851178222444,0.5286644093997936,0.0,0.5286644093997936
mnist,cut_minmax,clean,2024,9,latent_assignment_not_attack,10,52,0,0,210,0.8699903465654408,0.7802977733666727,-0.22985310528360833,0.0,-0.22985310528360833
mnist,cut_minmax,clean,2024,9,latent_assignment_not_attack,10,53,0,1,20,0.10143411002524184,0.616435957210441,0.4784777052069394,0.0,0.4784777052069394
mnist,cut_minmax,clean,2024,9,latent_assignment_not_attack,10,54,0,1,20,0.09375056289382241,0.7657436567151789,0.5417394940702922,0.0,0.5417394940702922
mnist,cut_minmax,clean,2024,9,latent_assignment_not_attack,10,55,0,0,20,0.1413582967378154,0.4883806052642508,0.18369066350169164,0.0,0.18369066350169164
mnist,cut_minmax,clean,2024,9,latent_assignment_not_attack,10,56,0,0,20,0.10663953262950417,0.6480619908920302,0.48424409196344875,0.0,0.48424409196344875
mnist,cut_minmax,clean,2024,9,latent_assignment_not_attack,10,57,0,0,533,0.8445968286569171,0.9805944363232053,-0.48208134725381696,0.0,-0.48208134725381696
mnist,cut_minmax,clean,2024,9,latent_assignment_not_attack,10,58,0,1,20,0.16817360944886695,0.4569685717025484,-0.05335066709315769,0.0,-0.05335066709315769
mnist,cut_minmax,clean,2024,9,latent_assignment_not_attack,10,59,0,0,20,0.07383183849129411,0.5764863260405855,0.44319475961656574,0.0,0.44319475961656574
mnist,cut_minmax,clean,2024,9,latent_assignment_not_attack,10,61,0,1,20,0.18724445823143282,0.5181364632356307,0.056719881998750436,0.0,0.056719881998750436
mnist,cut_minmax,clean,2024,9,latent_assignment_not_attack,10,62,0,0,20,0.057885186741571046,0.6797559351514213,0.4839979487374776,0.0,0.4839979487374776
mnist,cut_minmax,clean,2024,9,latent_assignment_not_attack,10,63,0,0,283,0.2645417263635709,0.8222445465252812,0.15025319808224752,0.0,0.15025319808224752
mnist,cut_minmax,clean,2024,9,latent_assignment_not_attack,10,64,0,0,20,0.6066465152479965,0.7399838039662685,-0.49766033075300714,0.0,-0.49766033075300714
mnist,cut_minmax,clean,2024,9,latent_assignment_not_attack,10,65,0,1,5315,0.0971156453670175,0.7610516237786398,0.6464194582185613,0.0,0.6464194582185613
mnist,cut_minmax,clean,2024,9,latent_assignment_not_attack,10,66,0,0,113,0.6330974759170763,0.9627447481194326,-0.30765778976853864,0.0,-0.30765778976853864
mnist,cut_minmax,clean,2024,9,latent_assignment_not_attack,10,67,0,0,20,0.09190315855454044,0.6600423323229826,0.4870639299214217,0.0,0.4870639299214217
mnist,cut_minmax,clean,2024,9,latent_assignment_not_attack,10,68,0,1,20,0.08645403287972755,0.6749217682611733,0.21463606803887672,0.0,0.21463606803887672
mnist,cut_minmax,clean,2024,9,latent_assignment_not_attack,10,69,0,0,20,0.12559619381304427,0.5294909763107366,0.2610181499247489,0.0,0.2610181499247489
mnist,cut_minmax,clean,2024,9,latent_assignment_not_attack,10,70,0,0,5312,0.6100023649406361,0.9536367566962491,-0.25926104405329614,0.0,-0.25926104405329614
mnist,cut_minmax,clean,2024,9,latent_assignment_not_attack,10,71,0,0,20,0.10341927967627514,0.7863283142125587,0.480804189675314,0.0,0.480804189675314
mnist,cut_minmax,clean,2024,9,latent_assignment_not_attack,10,72,0,0,20,0.4076100450349828,0.8849487574187658,-0.5272630777080721,0.0,-0.5272630777080721
mnist,cut_minmax,clean,2024,9,latent_assignment_not_attack,10,73,0,0,242,0.5969932790824234,0.9539287952323858,-0.25564858469187063,0.0,-0.25564858469187063
mnist,cut_minmax,clean,2024,9,latent_assignment_not_attack,10,74,0,0,288,1.2943082268176778,0.8315499185131138,-0.5985001262352672,0.0,-0.5985001262352672
mnist,cut_minmax,clean,2024,9,latent_assignment_not_attack,10,75,0,1,20,0.08061831200317075,0.680213887604295,0.5494969162626193,0.0,0.5494969162626193
mnist,cut_minmax,clean,2024,9,latent_assignment_not_attack,10,76,0,1,20,0.13897717646274124,0.453703350911432,0.1608448833278772,0.0,0.1608448833278772
mnist,cut_minmax,clean,2024,9,latent_assignment_not_attack,10,77,0,0,20,0.0877799400594553,0.6270538066144566,0.4407185402359301,0.0,0.4407185402359301
mnist,cut_minmax,clean,2024,9,latent_assignment_not_attack,10,78,0,0,20,0.9987079671589522,0.5302418210188679,-0.3378078833186807,0.0,-0.3378078833186807
mnist,cut_minmax,clean,2024,9,latent_assignment_not_attack,10,79,0,0,20,0.17895095063241756,0.4101981699647504,0.199551324700084,0.0,0.199551324700084
mnist,cut_minmax,clean,2024,9,latent_assignment_not_attack,10,80,0,0,193,0.6142289785985282,0.8718868976527425,-0.3952163370742611,0.0,-0.3952163370742611
mnist,cut_minmax,clean,2024,9,latent_assignment_not_attack,10,81,0,0,662,0.6297549397522979,0.9757520697152356,-0.3092231012902258,0.0,-0.3092231012902258
mnist,cut_minmax,clean,2024,9,latent_assignment_not_attack,10,82,0,0,20,0.1068467198901868,0.5881090040963619,0.3997143081161359,0.0,0.3997143081161359
mnist,cut_minmax,clean,2024,9,latent_assignment_not_attack,10,83,0,0,20,0.3990013486632787,0.8592345389928054,-0.15966084189674806,0.0,-0.15966084189674806
mnist,cut_minmax,clean,2024,9,latent_assignment_not_attack,10,84,0,0,305,0.32437465507158836,0.8052242403501323,0.11900341270984231,0.0,0.11900341270984231
mnist,cut_minmax,clean,2024,9,latent_assignment_not_attack,10,85,0,0,50,0.8567361599141308,0.911774336006259,-0.275675028597729,0.0,-0.275675028597729
mnist,cut_minmax,clean,2024,9,latent_assignment_not_attack,10,87,0,0,20,0.6059682795218679,0.8878315215576205,-0.47083799573506024,0.0,-0.47083799573506024
mnist,cut_minmax,clean,2024,9,latent_assignment_not_attack,10,88,0,0,1103,0.6409735350268678,0.9760725000543159,-0.2959332055001088,0.0,-0.2959332055001088
mnist,cut_minmax,clean,2024,9,latent_assignment_not_attack,10,89,0,1,86,0.8382603954212374,0.7623130147040506,-0.2790718469842064,0.0,-0.2790718469842064
mnist,cut_minmax,clean,2024,9,latent_assignment_not_attack,10,90,0,0,20,0.10259565756292428,0.5574412101157316,0.37192339156057,0.0,0.37192339156057
mnist,cut_minmax,clean,2024,9,latent_assignment_not_attack,10,91,0,0,20,0.5540064851660232,0.9369469335184167,-0.3089724061836884,0.0,-0.3089724061836884
mnist,cut_minmax,clean,2024,9,latent_assignment_not_attack,10,92,0,0,515,0.6677533078683675,0.9762944818669906,-0.3141834705414805,0.0,-0.3141834705414805
mnist,cut_minmax,clean,2024,9,latent_assignment_not_attack,10,95,0,0,20,0.6317826107588769,0.9277578327943825,-0.24031228095376858,0.0,-0.24031228095376858
mnist,cut_minmax,clean,2024,9,latent_assignment_not_attack,10,96,0,0,2532,0.6292912627632605,0.9675654946203244,-0.32333203498811236,0.0,-0.32333203498811236
mnist,cut_minmax,clean,2024,9,latent_assignment_not_attack,10,97,0,0,76,0.8622489929779216,0.9758922947051423,-0.4991924617969019,0.0,-0.4991924617969019
mnist,cut_minmax,clean,2024,9,latent_assignment_not_attack,10,98,0,0,3259,0.8648135587527651,0.9806911257407714,-0.5040096060977223,0.0,-0.5040096060977223
mnist,cut_minmax,clean,2024,29,latent_assignment_not_attack,10,0,0,0,20,0.3266085896348044,0.6821140772782336,-0.3113841106596613,0.0,-0.3113841106596613
mnist,cut_minmax,clean,2024,29,latent_assignment_not_attack,10,1,0,0,840,1.241866700820358,0.6473233425814391,-0.38650196095967576,0.0,-0.38650196095967576
mnist,cut_minmax,clean,2024,29,latent_assignment_not_attack,10,2,0,0,174,0.5712522892851227,0.894517806264614,-0.5245893889898671,0.0,-0.5245893889898671
mnist,cut_minmax,clean,2024,29,latent_assignment_not_attack,10,3,0,0,104,1.3560731649357296,0.84710065066303,-0.6352183613755983,0.0,-0.6352183613755983
mnist,cut_minmax,clean,2024,29,latent_assignment_not_attack,10,4,0,0,20,0.21220613656863055,0.6481397073430337,0.059467701639717846,0.0,0.059467701639717846
mnist,cut_minmax,clean,2024,29,latent_assignment_not_attack,10,5,0,0,20,0.10349866167145766,0.577295725724458,0.3382244271940215,0.0,0.3382244271940215
mnist,cut_minmax,clean,2024,29,latent_assignment_not_attack,10,6,0,1,20,0.07411936887440447,0.6220175172382199,-0.0034064439376278385,0.0,-0.0034064439376278385
mnist,cut_minmax,clean,2024,29,latent_assignment_not_attack,10,8,0,0,20,0.18867291961597615,0.45535307822387566,0.34197019457702554,0.0,0.34197019457702554
mnist,cut_minmax,clean,2024,29,latent_assignment_not_attack,10,9,0,0,2917,0.22434969293008875,0.7629313241483231,0.11187252162281873,0.0,0.11187252162281873
mnist,cut_minmax,clean,2024,29,latent_assignment_not_attack,10,11,0,0,20,0.1056458029377447,0.5423826205189934,0.3172460023934333,0.0,0.3172460023934333
mnist,cut_minmax,clean,2024,29,latent_assignment_not_attack,10,12,0,0,442,0.15314920687437938,0.6984985344979298,-0.17432797558817303,0.0,-0.17432797558817303
mnist,cut_minmax,clean,2024,29,latent_assignment_not_attack,10,13,0,0,20,0.2225733680448539,0.9223254119834354,-0.13189344263152852,0.0,-0.13189344263152852
mnist,cut_minmax,clean,2024,29,latent_assignment_not_attack,10,14,0,0,222,0.18284457874834323,0.8231985451234591,0.013383604809465691,0.0,0.013383604809465691
mnist,cut_minmax,clean,2024,29,latent_assignment_not_attack,10,15,0,1,20,0.04760418591393745,0.600838325344022,0.3654241073339313,0.0,0.3654241073339313
mnist,cut_minmax,clean,2024,29,latent_assignment_not_attack,10,16,0,0,208,0.8880362884077019,0.9617142788243044,-0.5418219937011978,0.0,-0.5418219937011978
mnist,cut_minmax,clean,2024,29,latent_assignment_not_attack,10,17,0,0,1070,0.3247837701368713,0.9573350129302064,-0.15012668862563652,0.0,-0.15012668862563652
mnist,cut_minmax,clean,2024,29,latent_assignment_not_attack,10,18,0,0,20,0.06002576371053301,0.6204255818617875,0.3834684366909836,0.0,0.3834684366909836
mnist,cut_minmax,clean,2024,29,latent_assignment_not_attack,10,19,0,1,959,0.28104179467568946,0.7150463857343858,-0.017870872015624158,0.0,-0.017870872015624158
mnist,cut_minmax,clean,2024,29,latent_assignment_not_attack,10,20,0,1,20,0.12561130689111938,0.5569287130797462,0.3576319181635118,0.0,0.3576319181635118
mnist,cut_minmax,clean,2024,29,latent_assignment_not_attack,10,21,0,0,20,0.07039245976706755,0.579797100678852,0.15825206239731876,0.0,0.15825206239731876
mnist,cut_minmax,clean,2024,29,latent_assignment_not_attack,10,22,0,0,20,0.0414058148408638,0.7417547916751017,0.5221587358145915,0.0,0.5221587358145915
mnist,cut_minmax,clean,2024,29,latent_assignment_not_attack,10,23,0,0,1514,0.8623911719346004,0.9514481650972473,-0.5214432145154345,0.0,-0.5214432145154345
mnist,cut_minmax,clean,2024,29,latent_assignment_not_attack,10,24,0,0,20,0.060334945881099465,0.7390456545055875,0.4291222234575193,0.0,0.4291222234575193
mnist,cut_minmax,clean,2024,29,latent_assignment_not_attack,10,25,0,1,20,0.15178597568204658,0.6483505033823711,0.27940826155985443,0.0,0.27940826155985443
mnist,cut_minmax,clean,2024,29,latent_assignment_not_attack,10,26,0,0,20,0.1175763533458738,0.28980361202996835,-0.07967392708029221,0.0,-0.07967392708029221
mnist,cut_minmax,clean,2024,29,latent_assignment_not_attack,10,27,0,0,20,0.05177620722127322,0.5901946770729927,0.3285271233528596,0.0,0.3285271233528596
mnist,cut_minmax,clean,2024,29,latent_assignment_not_attack,10,28,0,0,20,0.669343616049352,0.8786325600716814,-0.4200027465768857,0.0,-0.4200027465768857
mnist,cut_minmax,clean,2024,29,latent_assignment_not_attack,10,29,0,0,3555,0.8281050588290565,0.7462000208767459,-0.253983151824517,0.0,-0.253983151824517
mnist,cut_minmax,clean,2024,29,latent_assignment_not_attack,10,30,0,0,20,0.17974414856823998,0.669101795471067,0.31005045549899596,0.0,0.31005045549899596
mnist,cut_minmax,clean,2024,29,latent_assignment_not_attack,10,31,0,1,20,0.05761603691170112,0.5724111601447331,0.32925716131878024,0.0,0.32925716131878024
mnist,cut_minmax,clean,2024,29,latent_assignment_not_attack,10,32,0,0,20,0.17708429557562239,0.7001705572895942,0.3386837150552419,0.0,0.3386837150552419
mnist,cut_minmax,clean,2024,29,latent_assignment_not_attack,10,33,0,0,20,0.02449392308218767,0.7760237657249515,0.498365142057794,0.0,0.498365142057794
mnist,cut_minmax,clean,2024,29,latent_assignment_not_attack,10,34,0,0,20,0.13324672523198428,0.5018939736059733,0.32605425432781093,0.0,0.32605425432781093
mnist,cut_minmax,clean,2024,29,latent_assignment_not_attack,10,35,0,0,35,1.3928407987732756,0.8428339867245682,-0.6335209375084853,0.0,-0.6335209375084853
mnist,cut_minmax,clean,2024,29,latent_assignment_not_attack,10,37,0,0,5088,1.379338584139121,0.8609859181779059,-0.6513561398504482,0.0,-0.6513561398504482
mnist,cut_minmax,clean,2024,29,latent_assignment_not_attack,10,38,0,0,20,0.9743970327590212,0.8939339029533493,-0.4321030642628051,0.0,-0.4321030642628051
mnist,cut_minmax,clean,2024,29,latent_assignment_not_attack,10,39,0,0,20,0.2204518739247433,0.6082290614773221,0.03107676797991448,0.0,0.03107676797991448
mnist,cut_minmax,clean,2024,29,latent_assignment_not_attack,10,40,0,0,20,0.04376417023754795,0.5773008740762142,0.3683875978322564,0.0,0.3683875978322564
mnist,cut_minmax,clean,2024,29,latent_assignment_not_attack,10,41,0,0,20,0.02329618292972579,0.7699526031743119,0.4880769971675312,0.0,0.4880769971675312
mnist,cut_minmax,clean,2024,29,latent_assignment_not_attack,10,42,0,1,20,0.20629776178892253,0.5835261697848281,0.21982431997087587,0.0,0.21982431997087587
mnist,cut_minmax,clean,2024,29,latent_assignment_not_attack,10,43,0,0,37,0.9119251554224624,0.9473623537302978,-0.5343031512514873,0.0,-0.5343031512514873
mnist,cut_minmax,clean,2024,29,latent_assignment_not_attack,10,44,0,0,916,0.36544425917098755,0.7136888828327695,0.008838603990075323,0.0,0.008838603990075323
mnist,cut_minmax,clean,2024,29,latent_assignment_not_attack,10,45,0,0,20,0.16364339446367296,0.48745883429678427,0.1321413713747522,0.0,0.1321413713747522
mnist,cut_minmax,clean,2024,29,latent_assignment_not_attack,10,46,0,1,156,0.3058394334322937,0.7239684000992415,-0.310328390215959,0.0,-0.310328390215959
mnist,cut_minmax,clean,2024,29,latent_assignment_not_attack,10,48,0,1,678,1.3124564761708872,0.6461310402684739,-0.37838138292817236,0.0,-0.37838138292817236
mnist,cut_minmax,clean,2024,29,latent_assignment_not_attack,10,49,0,0,20,0.17863101504034473,0.6727085406274661,0.25202211584923734,0.0,0.25202211584923734
mnist,cut_minmax,clean,2024,29,latent_assignment_not_attack,10,51,0,0,20,0.0395430597523184,0.6261201434626091,0.4146488613390726,0.0,0.4146488613390726
mnist,cut_minmax,clean,2024,29,latent_assignment_not_attack,10,53,0,1,20,0.08145035509522654,0.5409560201997947,0.3535001804203829,0.0,0.3535001804203829
mnist,cut_minmax,clean,2024,29,latent_assignment_not_attack,10,54,0,1,20,0.053289933340209955,0.7309437951802719,0.4410896644394092,0.0,0.4410896644394092
mnist,cut_minmax,clean,2024,29,latent_assignment_not_attack,10,55,0,0,20,0.09391685168246662,0.525779791666317,0.15504305285681214,0.0,0.15504305285681214
mnist,cut_minmax,clean,2024,29,latent_assignment_not_attack,10,56,0,0,20,0.0838741832115839,0.5773976230788109,0.39639660812139144,0.0,0.39639660812139144
mnist,cut_minmax,clean,2024,29,latent_assignment_not_attack,10,57,0,0,533,0.8546254795913544,0.9573081413763104,-0.5311285212030729,0.0,-0.5311285212030729
mnist,cut_minmax,clean,2024,29,latent_assignment_not_attack,10,58,0,1,20,0.17782855400008965,0.46437538545616874,-0.17903882813986818,0.0,-0.17903882813986818
mnist,cut_minmax,clean,2024,29,latent_assignment_not_attack,10,59,0,0,20,0.04904592849858066,0.5368909630540027,0.4180694191195319,0.0,0.4180694191195319
mnist,cut_minmax,clean,2024,29,latent_assignment_not_attack,10,60,0,0,3223,1.072011350371744,0.8841580406247962,-0.47583376484319384,0.0,-0.47583376484319384
mnist,cut_minmax,clean,2024,29,latent_assignment_not_attack,10,61,0,1,20,0.21031332990246382,0.6218755873401292,-0.21329215042921168,0.0,-0.21329215042921168
mnist,cut_minmax,clean,2024,29,latent_assignment_not_attack,10,62,0,0,20,0.0274557513910209,0.6342858431378124,0.4678016841789285,0.0,0.4678016841789285
mnist,cut_minmax,clean,2024,29,latent_assignment_not_attack,10,63,0,0,283,0.2146667621486584,0.7939343900015234,0.1755240600791968,0.0,0.1755240600791968
mnist,cut_minmax,clean,2024,29,latent_assignment_not_attack,10,64,0,0,20,0.6454001713608309,0.7397037327081947,-0.5298201148050364,0.0,-0.5298201148050364
mnist,cut_minmax,clean,2024,29,latent_assignment_not_attack,10,65,0,1,5315,0.10051775220357671,0.7300804045054671,0.4228628668248016,0.0,0.4228628668248016
mnist,cut_minmax,clean,2024,29,latent_assignment_not_attack,10,66,0,0,113,0.27573681500577985,0.8796511930532626,-0.06806872864202841,0.0,-0.06806872864202841
mnist,cut_minmax,clean,2024,29,latent_assignment_not_attack,10,67,0,0,20,0.05005095361478304,0.6182597593909798,0.4115669836851439,0.0,0.4115669836851439
mnist,cut_minmax,clean,2024,29,latent_assignment_not_attack,10,68,0,1,20,0.029219282890373215,0.6358511759507679,0.2704828110085644,0.0,0.2704828110085644
mnist,cut_minmax,clean,2024,29,latent_assignment_not_attack,10,69,0,0,20,0.10352834898135164,0.5253417821831265,0.14657557718164385,0.0,0.14657557718164385
mnist,cut_minmax,clean,2024,29,latent_assignment_not_attack,10,70,0,0,5312,0.3254641197686243,0.9624594743959864,-0.12206370305629254,0.0,-0.12206370305629254
mnist,cut_minmax,clean,2024,29,latent_assignment_not_attack,10,71,0,0,20,0.051005596701958825,0.7663622360346409,0.4030508768128369,0.0,0.4030508768128369
mnist,cut_minmax,clean,2024,29,latent_assignment_not_attack,10,73,0,0,242,0.3363143936148996,0.9528151498008002,-0.11145451147575655,0.0,-0.11145451147575655
mnist,cut_minmax,clean,2024,29,latent_assignment_not_attack,10,74,0,0,288,1.3784335925781648,0.8522884316584077,-0.6321053464341851,0.0,-0.6321053464341851
mnist,cut_minmax,clean,2024,29,latent_assignment_not_attack,10,75,0,1,20,0.07113668847316236,0.59397500170382,0.41210582107831345,0.0,0.41210582107831345
mnist,cut_minmax,clean,2024,29,latent_assignment_not_attack,10,76,0,1,20,0.15365017257339136,0.6441650915579572,-0.2043025520749515,0.0,-0.2043025520749515
mnist,cut_minmax,clean,2024,29,latent_assignment_not_attack,10,77,0,0,20,0.04996542283754915,0.509822742378652,0.36251358624871705,0.0,0.36251358624871705
mnist,cut_minmax,clean,2024,29,latent_assignment_not_attack,10,78,0,0,20,1.0550426423127184,0.6380218008788631,-0.3711356735048186,0.0,-0.3711356735048186
mnist,cut_minmax,clean,2024,29,latent_assignment_not_attack,10,79,0,0,20,0.19167536544497873,0.4429277478517193,0.05389245566056448,0.0,0.05389245566056448
mnist,cut_minmax,clean,2024,29,latent_assignment_not_attack,10,80,0,0,193,0.39857553779127974,0.7087206777005379,-0.3403919000907997,0.0,-0.3403919000907997
mnist,cut_minmax,clean,2024,29,latent_assignment_not_attack,10,81,0,0,662,0.32611146104165734,0.8804504387442155,-0.08695259853602606,0.0,-0.08695259853602606
mnist,cut_minmax,clean,2024,29,latent_assignment_not_attack,10,82,0,0,20,0.09838111653693957,0.5586766259181253,0.28693946842862156,0.0,0.28693946842862156
mnist,cut_minmax,clean,2024,29,latent_assignment_not_attack,10,83,0,0,20,0.385300432109547,0.721788845739987,-0.1541068930999627,0.0,-0.1541068930999627
mnist,cut_minmax,clean,2024,29,latent_assignment_not_attack,10,84,0,0,305,0.2704998360630894,0.7811650412327995,0.14920719943490104,0.0,0.14920719943490104
mnist,cut_minmax,clean,2024,29,latent_assignment_not_attack,10,85,0,0,50,0.7995185295406801,0.7617257801197533,-0.21785058913693836,0.0,-0.21785058913693836
mnist,cut_minmax,clean,2024,29,latent_assignment_not_attack,10,86,0,0,20,0.021529078159558197,0.7066353638475975,0.5124315877523847,0.0,0.5124315877523847
mnist,cut_minmax,clean,2024,29,latent_assignment_not_attack,10,87,0,0,20,0.3955899392979978,0.6924757531294109,-0.5645987317685699,0.0,-0.5645987317685699
mnist,cut_minmax,clean,2024,29,latent_assignment_not_attack,10,88,0,0,1103,0.2898860562533402,0.8816438867130977,-0.08944100738010752,0.0,-0.08944100738010752
mnist,cut_minmax,clean,2024,29,latent_assignment_not_attack,10,89,0,1,86,0.9859724309643901,0.8952779344276867,-0.4870272767058503,0.0,-0.4870272767058503
mnist,cut_minmax,clean,2024,29,latent_assignment_not_attack,10,90,0,0,20,0.07933312374251032,0.44522487845396147,0.26368496012723297,0.0,0.26368496012723297
mnist,cut_minmax,clean,2024,29,latent_assignment_not_attack,10,91,0,0,20,0.2682231525304659,0.948715958970307,-0.11206664135811654,0.0,-0.11206664135811654
mnist,cut_minmax,clean,2024,29,latent_assignment_not_attack,10,92,0,0,515,0.31480027998064997,0.8824980665425992,-0.08788242884319955,0.0,-0.08788242884319955
mnist,cut_minmax,clean,2024,29,latent_assignment_not_attack,10,93,0,0,1843,1.0681671683160918,0.8992586139755236,-0.44452289699460384,0.0,-0.44452289699460384
mnist,cut_minmax,clean,2024,29,latent_assignment_not_attack,10,95,0,0,20,0.4189367268712282,0.8937646869095429,-0.10562315606088975,0.0,-0.10562315606088975
mnist,cut_minmax,clean,2024,29,latent_assignment_not_attack,10,97,0,0,76,0.9512478068641553,0.9543466326355375,-0.5492613588800791,0.0,-0.5492613588800791
mnist,cut_minmax,clean,2024,29,latent_assignment_not_attack,10,99,0,0,20,0.23432357792631023,0.3073756543413196,-0.22777114682610924,0.0,-0.22777114682610924
mnist,cut_minmax,clean,42,0,latent_assignment_not_attack,11,0,0,0,3774,0.695709214894305,0.9094935407805107,0.051534794959126336,0.0,0.051534794959126336
mnist,cut_minmax,clean,42,0,latent_assignment_not_attack,11,1,0,1,20,0.7964021817841368,0.9305517301729177,-0.894339419072363,0.0,-0.894339419072363
mnist,cut_minmax,clean,42,0,latent_assignment_not_attack,11,2,0,0,245,0.686803050884221,0.9123197654785319,0.0456545383161933,0.0,0.0456545383161933
mnist,cut_minmax,clean,42,0,latent_assignment_not_attack,11,3,0,0,20,0.6963308382256796,0.9152006889957797,-0.9137934384332744,0.0,-0.9137934384332744
mnist,cut_minmax,clean,42,0,latent_assignment_not_attack,11,4,0,0,138,0.6515711485693528,0.914372053208735,-0.8724299282237182,0.0,-0.8724299282237182
mnist,cut_minmax,clean,42,0,latent_assignment_not_attack,11,5,0,1,20,0.7501069641078597,0.9188072749136443,-0.9010313405383862,0.0,-0.9010313405383862
mnist,cut_minmax,clean,42,0,latent_assignment_not_attack,11,6,0,0,3232,0.7291481773253127,0.8187523547401192,0.04088977638606878,0.0,0.04088977638606878
mnist,cut_minmax,clean,42,0,latent_assignment_not_attack,11,7,0,0,151,0.7404781086612529,0.3889475713207914,0.09432055864046562,0.0,0.09432055864046562
mnist,cut_minmax,clean,42,0,latent_assignment_not_attack,11,8,0,0,20,0.699933870797942,0.9059416634604702,-0.9014578545148141,0.0,-0.9014578545148141
mnist,cut_minmax,clean,42,0,latent_assignment_not_attack,11,9,0,0,111,0.662492116633345,0.7305674318655317,0.13771377580647912,0.0,0.13771377580647912
mnist,cut_minmax,clean,42,0,latent_assignment_not_attack,11,10,0,0,20,0.7901974123674701,0.9316753724735165,-0.9044442897964459,0.0,-0.9044442897964459
mnist,cut_minmax,clean,42,0,latent_assignment_not_attack,11,11,0,0,205,0.721867994923603,0.9835870573684445,-0.04782022313510282,0.0,-0.04782022313510282
mnist,cut_minmax,clean,42,0,latent_assignment_not_attack,11,12,0,0,53,0.7693256796252457,0.7388957026514401,-0.26435809097350416,0.0,-0.26435809097350416
mnist,cut_minmax,clean,42,0,latent_assignment_not_attack,11,13,0,0,220,0.7378393420271111,0.5736292838464014,0.03838449267088019,0.0,0.03838449267088019
mnist,cut_minmax,clean,42,0,latent_assignment_not_attack,11,14,0,0,20,0.626477916296194,0.8511173053829211,-0.8579019651524091,0.0,-0.8579019651524091
mnist,cut_minmax,clean,42,0,latent_assignment_not_attack,11,15,0,0,20,0.7297375908947166,0.9151077682987931,-0.9093653526470176,0.0,-0.9093653526470176
mnist,cut_minmax,clean,42,0,latent_assignment_not_attack,11,16,0,0,20,0.6784471749739088,0.9033031848255776,-0.8994623682192183,0.0,-0.8994623682192183
mnist,cut_minmax,clean,42,0,latent_assignment_not_attack,11,17,0,0,142,0.7244218447201789,0.9144052414773552,-0.018888496669111358,0.0,-0.018888496669111358
mnist,cut_minmax,clean,42,0,latent_assignment_not_attack,11,18,0,0,20,0.7118281013190804,0.915388353492135,-0.9178602732975029,0.0,-0.9178602732975029
mnist,cut_minmax,clean,42,0,latent_assignment_not_attack,11,19,0,0,20,0.7045307812826743,0.5736755859222195,0.012448542741889935,0.0,0.012448542741889935
mnist,cut_minmax,clean,42,0,latent_assignment_not_attack,11,20,0,0,5124,0.717380794641232,0.914004619204567,-0.022860584669410284,0.0,-0.022860584669410284
mnist,cut_minmax,clean,42,0,latent_assignment_not_attack,11,21,0,0,20,0.6688989819205153,0.8809576990967047,-0.8786510274327309,0.0,-0.8786510274327309
mnist,cut_minmax,clean,42,0,latent_assignment_not_attack,11,22,0,0,20,0.6255555317956463,0.848123817030026,-0.8629734606196553,0.0,-0.8629734606196553
mnist,cut_minmax,clean,42,0,latent_assignment_not_attack,11,23,0,0,20,0.7426205809725391,0.9080539940342609,-0.868001847054038,0.0,-0.868001847054038
mnist,cut_minmax,clean,42,0,latent_assignment_not_attack,11,25,0,0,20,0.6639499508689007,0.8988175373149263,-0.9039899145949407,0.0,-0.9039899145949407
mnist,cut_minmax,clean,42,0,latent_assignment_not_attack,11,26,0,0,20,0.7256974349451074,0.9044710975387563,-0.8884427229755374,0.0,-0.8884427229755374
mnist,cut_minmax,clean,42,0,latent_assignment_not_attack,11,27,0,0,516,0.7426065550988767,0.6017500540869204,0.05228142436124427,0.0,0.05228142436124427
mnist,cut_minmax,clean,42,0,latent_assignment_not_attack,11,28,0,1,20,0.6306974251424998,0.8054994031228324,-0.3407211340782317,0.0,-0.3407211340782317
mnist,cut_minmax,clean,42,0,latent_assignment_not_attack,11,29,0,0,1271,0.7290583720491295,0.9824990901071258,-0.0461717938918502,0.0,-0.0461717938918502
mnist,cut_minmax,clean,42,0,latent_assignment_not_attack,11,30,0,0,137,0.7603350431557944,0.7422185378122265,-0.27197160986853336,0.0,-0.27197160986853336
mnist,cut_minmax,clean,42,0,latent_assignment_not_attack,11,31,0,0,20,0.6024186061804647,0.743253264773531,-0.49485659462882486,0.0,-0.49485659462882486
mnist,cut_minmax,clean,42,0,latent_assignment_not_attack,11,32,0,0,20,0.7154432107114833,0.9185279566686233,-0.9148696896113925,0.0,-0.9148696896113925
mnist,cut_minmax,clean,42,0,latent_assignment_not_attack,11,33,0,1,20,0.71041681911206,0.9060919428904564,-0.8974027215191837,0.0,-0.8974027215191837
mnist,cut_minmax,clean,42,0,latent_assignment_not_attack,11,34,0,0,20,0.6988681920159779,0.9124849671495292,-0.8759784162286646,0.0,-0.8759784162286646
mnist,cut_minmax,clean,42,0,latent_assignment_not_attack,11,39,0,0,20,0.7066090361287066,0.8857271494274913,-0.8871427266854449,0.0,-0.8871427266854449
mnist,cut_minmax,clean,42,0,latent_assignment_not_attack,11,40,0,0,2966,0.6773264430477342,0.404432901087686,0.09161718920183261,0.0,0.09161718920183261
mnist,cut_minmax,clean,42,0,latent_assignment_not_attack,11,41,0,1,20,0.7540930872064467,0.9190711074445683,-0.9291796828713551,0.0,-0.9291796828713551
mnist,cut_minmax,clean,42,0,latent_assignment_not_attack,11,44,0,1,20,0.7068489834293932,0.8984496734684484,-0.8913631367663329,0.0,-0.8913631367663329
mnist,cut_minmax,clean,42,0,latent_assignment_not_attack,11,45,0,0,219,0.7113217866552118,0.8203156813468923,0.03473736340939015,0.0,0.03473736340939015
mnist,cut_minmax,clean,42,0,latent_assignment_not_attack,11,46,0,1,20,0.6735679599743616,0.8759737763450011,-0.8662122931404809,0.0,-0.8662122931404809
mnist,cut_minmax,clean,42,0,latent_assignment_not_attack,11,47,0,0,20,0.6762197139115204,0.9025616209198002,-0.9049970093001846,0.0,-0.9049970093001846
mnist,cut_minmax,clean,42,0,latent_assignment_not_attack,11,48,0,0,280,0.7104976998357557,0.9150622059135524,-0.017924467246908552,0.0,-0.017924467246908552
mnist,cut_minmax,clean,42,0,latent_assignment_not_attack,11,49,0,1,2759,0.7326854092730481,0.3915272529505236,0.09379850121141914,0.0,0.09379850121141914
mnist,cut_minmax,clean,42,0,latent_assignment_not_attack,11,50,0,0,20,0.7274563488458616,0.9191663710405358,-0.9106779034328536,0.0,-0.9106779034328536
mnist,cut_minmax,clean,42,0,latent_assignment_not_attack,11,51,0,0,56,0.5762431592361184,0.7882777774378974,-0.19389773990302897,0.0,-0.19389773990302897
mnist,cut_minmax,clean,42,0,latent_assignment_not_attack,11,52,0,0,50,0.7598419467935998,0.5767039398231113,0.04044440760573234,0.0,0.04044440760573234
mnist,cut_minmax,clean,42,0,latent_assignment_not_attack,11,53,0,0,20,0.7303594239803922,0.9246260360746801,-0.8872038270163906,0.0,-0.8872038270163906
mnist,cut_minmax,clean,42,0,latent_assignment_not_attack,11,54,0,0,20,0.7140055218860749,0.9126636644711077,-0.8936894106811876,0.0,-0.8936894106811876
mnist,cut_minmax,clean,42,0,latent_assignment_not_attack,11,56,0,1,24,0.6634918260200103,0.6105360839849933,0.037133019948936904,0.0,0.037133019948936904
mnist,cut_minmax,clean,42,0,latent_assignment_not_attack,11,57,0,0,20,0.6886401982537002,0.5967440167882195,-0.12733311516349294,0.0,-0.12733311516349294
mnist,cut_minmax,clean,42,0,latent_assignment_not_attack,11,58,0,1,20,0.6939764588885234,0.8957127430790874,-0.8901088497263127,0.0,-0.8901088497263127
mnist,cut_minmax,clean,42,0,latent_assignment_not_attack,11,59,0,0,2558,0.7220052598749781,0.7244493471722157,0.1326663356389565,0.0,0.1326663356389565
mnist,cut_minmax,clean,42,0,latent_assignment_not_attack,11,60,0,0,6145,0.6558751681377454,0.9362422427792438,-0.9453560414906793,0.0,-0.9453560414906793
mnist,cut_minmax,clean,42,0,latent_assignment_not_attack,11,61,0,0,20,0.6849365469079047,0.9023989767065288,-0.8921401917325816,0.0,-0.8921401917325816
mnist,cut_minmax,clean,42,0,latent_assignment_not_attack,11,62,0,0,379,0.7066306422698394,0.7234979041050219,0.13485964414504178,0.0,0.13485964414504178
mnist,cut_minmax,clean,42,0,latent_assignment_not_attack,11,63,0,0,94,0.7185838641489758,0.8156119732967886,0.03653528339063298,0.0,0.03653528339063298
mnist,cut_minmax,clean,42,0,latent_assignment_not_attack,11,64,0,0,20,0.6811750858628463,0.8844446834916905,-0.8631605608890217,0.0,-0.8631605608890217
mnist,cut_minmax,clean,42,0,latent_assignment_not_attack,11,65,0,1,163,0.7529860665282608,0.6002655610455163,0.05438222901753636,0.0,0.05438222901753636
mnist,cut_minmax,clean,42,0,latent_assignment_not_attack,11,66,0,0,20,0.7116616381661331,0.9006002699278248,-0.8821480627867547,0.0,-0.8821480627867547
mnist,cut_minmax,clean,42,0,latent_assignment_not_attack,11,67,0,0,2111,0.5282615189587427,0.748272640235869,0.004157577428974924,0.0,0.004157577428974924
mnist,cut_minmax,clean,42,0,latent_assignment_not_attack,11,68,0,0,142,0.6129090959824859,0.8923690019799096,0.047046737296038636,0.0,0.047046737296038636
mnist,cut_minmax,clean,42,0,latent_assignment_not_attack,11,70,0,1,20,0.7161869372051998,0.8786104411007235,-0.8745192920582249,0.0,-0.8745192920582249
mnist,cut_minmax,clean,42,0,latent_assignment_not_attack,11,71,0,1,20,0.6502621658504057,0.8533112251056598,-0.8156842279435201,0.0,-0.8156842279435201
mnist,cut_minmax,clean,42,0,latent_assignment_not_attack,11,72,0,0,254,0.8216420851141156,0.9512571061131861,-0.9077750054127262,0.0,-0.9077750054127262
mnist,cut_minmax,clean,42,0,latent_assignment_not_attack,11,73,0,1,308,0.7256796908592925,0.9815341815613221,-0.046101596391673015,0.0,-0.046101596391673015
mnist,cut_minmax,clean,42,0,latent_assignment_not_attack,11,74,0,0,628,0.7059795033468848,0.9082606140668584,0.047002313228472765,0.0,0.047002313228472765
mnist,cut_minmax,clean,42,0,latent_assignment_not_attack,11,75,0,0,341,0.619583243787927,0.810112530373116,0.057759753315024316,0.0,0.057759753315024316
mnist,cut_minmax,clean,42,0,latent_assignment_not_attack,11,76,0,0,20,0.5650706585633931,0.8105089415879269,-0.8093437048489609,0.0,-0.8093437048489609
mnist,cut_minmax,clean,42,0,latent_assignment_not_attack,11,77,0,1,20,0.6655560931153831,0.908640817484191,-0.9060059767812596,0.0,-0.9060059767812596
mnist,cut_minmax,clean,42,0,latent_assignment_not_attack,11,78,0,1,20,0.7405817859626754,0.9209298750853661,-0.895380316947043,0.0,-0.895380316947043
mnist,cut_minmax,clean,42,0,latent_assignment_not_attack,11,79,0,0,20,0.7124176985635076,0.9177560805859727,-0.9060523901436625,0.0,-0.9060523901436625
mnist,cut_minmax,clean,42,0,latent_assignment_not_attack,11,81,0,0,851,0.5771921328407391,0.7825467856268931,0.046009194339573296,0.0,0.046009194339573296
mnist,cut_minmax,clean,42,0,latent_assignment_not_attack,11,82,0,0,20,0.7523603701145722,0.717569633061961,-0.25295325746514674,0.0,-0.25295325746514674
mnist,cut_minmax,clean,42,0,latent_assignment_not_attack,11,83,0,0,20,0.7634244421812544,0.9190503286892975,-0.8713072945196955,0.0,-0.8713072945196955
mnist,cut_minmax,clean,42,0,latent_assignment_not_attack,11,84,0,0,20,0.7991569735053207,0.9366503362665559,-0.9057889989203718,0.0,-0.9057889989203718
mnist,cut_minmax,clean,42,0,latent_assignment_not_attack,11,85,0,0,24,0.6008397087638855,0.8799330397211544,-0.030245916132356512,0.0,-0.030245916132356512
mnist,cut_minmax,clean,42,0,latent_assignment_not_attack,11,86,0,0,20,0.7083521687484075,0.910456664294838,-0.9048546224668783,0.0,-0.9048546224668783
mnist,cut_minmax,clean,42,0,latent_assignment_not_attack,11,87,0,1,989,0.7211980741429941,0.983864515664564,-0.045052801890560844,0.0,-0.045052801890560844
mnist,cut_minmax,clean,42,0,latent_assignment_not_attack,11,88,0,0,279,0.7127892702312212,0.7188611448684089,0.13351267264884165,0.0,0.13351267264884165
mnist,cut_minmax,clean,42,0,latent_assignment_not_attack,11,89,0,0,20,0.7224341779219224,0.9067587034767313,-0.902454436963159,0.0,-0.902454436963159
mnist,cut_minmax,clean,42,0,latent_assignment_not_attack,11,90,0,1,20,0.5999942519357269,0.6609822971501359,-0.7068143255321837,0.0,-0.7068143255321837
mnist,cut_minmax,clean,42,0,latent_assignment_not_attack,11,91,0,0,2856,0.7510413742313897,0.5794340236288154,0.043624309485382276,0.0,0.043624309485382276
mnist,cut_minmax,clean,42,0,latent_assignment_not_attack,11,92,0,0,20,0.7511410226976106,0.9236862567793958,-0.9027791362976406,0.0,-0.9027791362976406
mnist,cut_minmax,clean,42,0,latent_assignment_not_attack,11,93,0,0,368,0.7389640633242376,0.8178040551173236,0.04008180086075192,0.0,0.04008180086075192
mnist,cut_minmax,clean,42,0,latent_assignment_not_attack,11,94,0,0,589,0.7120823554777735,0.9168172811684393,-0.019603878182922165,0.0,-0.019603878182922165
mnist,cut_minmax,clean,42,0,latent_assignment_not_attack,11,95,0,0,20,0.7399926819115524,0.911691982642844,-0.8897326359212319,0.0,-0.8897326359212319
mnist,cut_minmax,clean,42,0,latent_assignment_not_attack,11,96,0,0,586,0.6951209470718115,0.9783639192286927,-0.03940127337710014,0.0,-0.03940127337710014
mnist,cut_minmax,clean,42,0,latent_assignment_not_attack,11,97,0,0,40,0.7333089797864276,0.9741431444323236,-0.04246803574080762,0.0,-0.04246803574080762
mnist,cut_minmax,clean,42,0,latent_assignment_not_attack,11,98,0,0,20,0.6865943100146471,0.9069374902319222,-0.8549462288232745,0.0,-0.8549462288232745
mnist,cut_minmax,clean,42,0,latent_assignment_not_attack,11,99,0,0,20,0.5157919820408363,0.7674700829107437,-0.7381714837120852,0.0,-0.7381714837120852
mnist,cut_minmax,clean,42,9,latent_assignment_not_attack,11,1,0,1,20,0.14741333329666848,0.7654801325569058,0.03801959614266134,0.0,0.03801959614266134
mnist,cut_minmax,clean,42,9,latent_assignment_not_attack,11,2,0,0,245,0.7954718397158992,0.8035451221565137,-0.3276119863714614,0.0,-0.3276119863714614
mnist,cut_minmax,clean,42,9,latent_assignment_not_attack,11,4,0,0,138,0.3131260638712891,0.8892352163354651,-0.6517264908591653,0.0,-0.6517264908591653
mnist,cut_minmax,clean,42,9,latent_assignment_not_attack,11,5,0,1,20,0.10183828595735625,0.3874488887507025,0.05027312600533772,0.0,0.05027312600533772
mnist,cut_minmax,clean,42,9,latent_assignment_not_attack,11,6,0,0,3232,1.1489655317747784,0.9592989352732026,-0.5582506601707399,0.0,-0.5582506601707399
mnist,cut_minmax,clean,42,9,latent_assignment_not_attack,11,7,0,0,151,1.1730831951967358,0.5980099164558318,-0.37869160591875606,0.0,-0.37869160591875606
mnist,cut_minmax,clean,42,9,latent_assignment_not_attack,11,8,0,0,20,0.10694279534055157,0.45543676702190306,0.282999393912672,0.0,0.282999393912672
mnist,cut_minmax,clean,42,9,latent_assignment_not_attack,11,9,0,0,111,0.8549640689182603,0.8781477139950038,-0.5076913916388992,0.0,-0.5076913916388992
mnist,cut_minmax,clean,42,9,latent_assignment_not_attack,11,10,0,0,20,0.13453914128533145,0.6440869501365792,-0.01939740912762883,0.0,-0.01939740912762883
mnist,cut_minmax,clean,42,9,latent_assignment_not_attack,11,11,0,0,205,0.7978245916279922,0.9808228411398447,-0.4508053128374824,0.0,-0.4508053128374824
mnist,cut_minmax,clean,42,9,latent_assignment_not_attack,11,12,0,0,53,0.205264025993709,0.7311483749492302,0.5458460158350087,0.0,0.5458460158350087
mnist,cut_minmax,clean,42,9,latent_assignment_not_attack,11,13,0,0,220,1.2067948568345883,0.9775169900364917,-0.5889862957681924,0.0,-0.5889862957681924
mnist,cut_minmax,clean,42,9,latent_assignment_not_attack,11,15,0,0,20,0.07856125704333759,0.6787219577273568,0.25638602125906884,0.0,0.25638602125906884
mnist,cut_minmax,clean,42,9,latent_assignment_not_attack,11,16,0,0,20,0.10618442113344195,0.370078633723877,0.1025253466632619,0.0,0.1025253466632619
mnist,cut_minmax,clean,42,9,latent_assignment_not_attack,11,17,0,0,142,0.7640317575751878,0.9363344372248822,-0.36930075702438886,0.0,-0.36930075702438886
mnist,cut_minmax,clean,42,9,latent_assignment_not_attack,11,19,0,0,20,1.1162250081945975,0.9591159697124599,-0.5756016942549745,0.0,-0.5756016942549745
mnist,cut_minmax,clean,42,9,latent_assignment_not_attack,11,20,0,0,5124,0.7578415905760704,0.9391285387376263,-0.41532705551935073,0.0,-0.41532705551935073
mnist,cut_minmax,clean,42,9,latent_assignment_not_attack,11,21,0,0,20,0.1176394947405383,0.3501392536855047,0.11700716341909122,0.0,0.11700716341909122
mnist,cut_minmax,clean,42,9,latent_assignment_not_attack,11,22,0,0,20,0.2727318469942376,0.7927557348519919,-0.41941734787880736,0.0,-0.41941734787880736
mnist,cut_minmax,clean,42,9,latent_assignment_not_attack,11,23,0,0,20,0.15246649794225187,0.30734437306594203,-0.06584864420340833,0.0,-0.06584864420340833
mnist,cut_minmax,clean,42,9,latent_assignment_not_attack,11,24,0,0,20,0.15406789682677652,0.5342875919770872,-0.05020055885529509,0.0,-0.05020055885529509
mnist,cut_minmax,clean,42,9,latent_assignment_not_attack,11,25,0,0,20,0.14230990696469673,0.45944622784229605,0.16121486611366495,0.0,0.16121486611366495
mnist,cut_minmax,clean,42,9,latent_assignment_not_attack,11,26,0,0,20,0.12675341749330404,0.725215289718945,0.1986648690536586,0.0,0.1986648690536586
mnist,cut_minmax,clean,42,9,latent_assignment_not_attack,11,27,0,0,516,1.0607131882961447,0.8553290176241749,-0.4176586482320532,0.0,-0.4176586482320532
mnist,cut_minmax,clean,42,9,latent_assignment_not_attack,11,28,0,1,20,0.6905891472813712,0.7612188315714209,-0.23541399158946452,0.0,-0.23541399158946452
mnist,cut_minmax,clean,42,9,latent_assignment_not_attack,11,29,0,0,1271,0.7867843591611697,0.9737838490169095,-0.438197612741849,0.0,-0.438197612741849
mnist,cut_minmax,clean,42,9,latent_assignment_not_attack,11,31,0,0,20,0.533078274966764,0.8771183659620707,-0.2871247779057948,0.0,-0.2871247779057948
mnist,cut_minmax,clean,42,9,latent_assignment_not_attack,11,32,0,0,20,0.14796201319998034,0.5374016970477862,0.2072111234201136,0.0,0.2072111234201136
mnist,cut_minmax,clean,42,9,latent_assignment_not_attack,11,33,0,1,20,0.05806599392404178,0.6320326845385584,0.6207488797105046,0.0,0.6207488797105046
mnist,cut_minmax,clean,42,9,latent_assignment_not_attack,11,34,0,0,20,0.2284494156455628,0.5178535960114541,-0.24420500411472634,0.0,-0.24420500411472634
mnist,cut_minmax,clean,42,9,latent_assignment_not_attack,11,35,0,0,84,1.2170804503290675,0.9763801786130644,-0.5819392483762634,0.0,-0.5819392483762634
mnist,cut_minmax,clean,42,9,latent_assignment_not_attack,11,36,0,0,3089,0.9866292924334806,0.7899858409966724,-0.6172290105527054,0.0,-0.6172290105527054
mnist,cut_minmax,clean,42,9,latent_assignment_not_attack,11,37,0,0,20,0.1402900529546163,0.34518250366488856,0.14182957421741166,0.0,0.14182957421741166
mnist,cut_minmax,clean,42,9,latent_assignment_not_attack,11,39,0,0,20,0.08811171090191958,0.6646704370342528,0.5676676564365495,0.0,0.5676676564365495
mnist,cut_minmax,clean,42,9,latent_assignment_not_attack,11,40,0,0,2966,1.1088431352927843,0.5997189956376894,-0.3831595775841047,0.0,-0.3831595775841047
mnist,cut_minmax,clean,42,9,latent_assignment_not_attack,11,41,0,1,20,0.05296323220373253,0.5928994154531656,0.5523053977428274,0.0,0.5523053977428274
mnist,cut_minmax,clean,42,9,latent_assignment_not_attack,11,42,0,0,748,0.9168546783752096,0.8851767707403994,-0.46908143356273324,0.0,-0.46908143356273324
mnist,cut_minmax,clean,42,9,latent_assignment_not_attack,11,43,0,0,20,0.09171219404108076,0.5252026237443451,0.3625385067144782,0.0,0.3625385067144782
mnist,cut_minmax,clean,42,9,latent_assignment_not_attack,11,44,0,1,20,0.06035157935926376,0.6471256525381212,0.5909864452671084,0.0,0.5909864452671084
mnist,cut_minmax,clean,42,9,latent_assignment_not_attack,11,45,0,0,219,1.071023884876331,0.9596891397115256,-0.5427762730060668,0.0,-0.5427762730060668
mnist,cut_minmax,clean,42,9,latent_assignment_not_attack,11,46,0,1,20,0.12715332191351328,0.4893211397388194,0.21116652236590194,0.0,0.21116652236590194
mnist,cut_minmax,clean,42,9,latent_assignment_not_attack,11,47,0,0,20,0.11505776393806065,0.4430917572886471,0.0530728052595191,0.0,0.0530728052595191
mnist,cut_minmax,clean,42,9,latent_assignment_not_attack,11,48,0,0,280,0.7667165626192417,0.9359022447996328,-0.3811203797091507,0.0,-0.3811203797091507
mnist,cut_minmax,clean,42,9,latent_assignment_not_attack,11,49,0,1,2759,1.137127025739697,0.600039972550979,-0.3745658412336246,0.0,-0.3745658412336246
mnist,cut_minmax,clean,42,9,latent_assignment_not_attack,11,52,0,0,50,1.220189161675058,0.973903124031619,-0.5822143234961947,0.0,-0.5822143234961947
mnist,cut_minmax,clean,42,9,latent_assignment_not_attack,11,53,0,0,20,0.15677174572855523,0.5141331197082968,-0.23717945573486668,0.0,-0.23717945573486668
mnist,cut_minmax,clean,42,9,latent_assignment_not_attack,11,54,0,0,20,0.06914163841872624,0.5921875970977848,0.5207197646218074,0.0,0.5207197646218074
mnist,cut_minmax,clean,42,9,latent_assignment_not_attack,11,55,0,0,20,0.09649801126007727,0.7577412159596448,-0.14293163926687918,0.0,-0.14293163926687918
mnist,cut_minmax,clean,42,9,latent_assignment_not_attack,11,56,0,1,24,0.9276488654621444,0.8245613562480122,-0.43602135666760217,0.0,-0.43602135666760217
mnist,cut_minmax,clean,42,9,latent_assignment_not_attack,11,57,0,0,20,0.9578208874623901,0.83052599608266,-0.3898123296076417,0.0,-0.3898123296076417
mnist,cut_minmax,clean,42,9,latent_assignment_not_attack,11,58,0,1,20,0.0803580768418236,0.7075955655164368,0.3062892236515391,0.0,0.3062892236515391
mnist,cut_minmax,clean,42,9,latent_assignment_not_attack,11,60,0,0,6145,0.05989718866929885,0.32110646309082047,0.2139544065007585,0.0,0.2139544065007585
mnist,cut_minmax,clean,42,9,latent_assignment_not_attack,11,61,0,0,20,0.09309626342462522,0.4584389407878836,0.387676844882744,0.0,0.387676844882744
mnist,cut_minmax,clean,42,9,latent_assignment_not_attack,11,62,0,0,379,0.9370805148711303,0.881803269195591,-0.47106357437303814,0.0,-0.47106357437303814
mnist,cut_minmax,clean,42,9,latent_assignment_not_attack,11,63,0,0,94,1.1526899941927709,0.957276090465176,-0.5322560298427439,0.0,-0.5322560298427439
mnist,cut_minmax,clean,42,9,latent_assignment_not_attack,11,64,0,0,20,0.13407507942436858,0.7018959555796871,0.526977564139651,0.0,0.526977564139651
mnist,cut_minmax,clean,42,9,latent_assignment_not_attack,11,65,0,1,163,1.0454894398100891,0.8530733638459116,-0.4074070308415031,0.0,-0.4074070308415031
mnist,cut_minmax,clean,42,9,latent_assignment_not_attack,11,66,0,0,20,0.14446743672441045,0.392595991391996,-0.045821245773953655,0.0,-0.045821245773953655
mnist,cut_minmax,clean,42,9,latent_assignment_not_attack,11,67,0,0,2111,0.6514249066782412,0.739584860192948,-0.48266591455292657,0.0,-0.48266591455292657
mnist,cut_minmax,clean,42,9,latent_assignment_not_attack,11,68,0,0,142,0.7758189722213216,0.7938469605764388,-0.4349771631735766,0.0,-0.4349771631735766
mnist,cut_minmax,clean,42,9,latent_assignment_not_attack,11,70,0,1,20,0.09212071403098121,0.6667726434938297,0.5568869188374884,0.0,0.5568869188374884
mnist,cut_minmax,clean,42,9,latent_assignment_not_attack,11,71,0,1,20,0.1054501355758719,0.4619842684436114,0.4048798679238689,0.0,0.4048798679238689
mnist,cut_minmax,clean,42,9,latent_assignment_not_attack,11,72,0,0,254,0.08415651156785246,0.672159406844498,-0.21104130485445374,0.0,-0.21104130485445374
mnist,cut_minmax,clean,42,9,latent_assignment_not_attack,11,73,0,1,308,0.7804647661968752,0.9767002297825934,-0.4435454161105225,0.0,-0.4435454161105225
mnist,cut_minmax,clean,42,9,latent_assignment_not_attack,11,74,0,0,628,0.870589390622511,0.8052982197635107,-0.31074612656410755,0.0,-0.31074612656410755
mnist,cut_minmax,clean,42,9,latent_assignment_not_attack,11,75,0,0,341,1.0003080241750162,0.9374120372339025,-0.6139996129245129,0.0,-0.6139996129245129
mnist,cut_minmax,clean,42,9,latent_assignment_not_attack,11,76,0,0,20,0.34205183174588477,0.7963070508113854,-0.327099222692228,0.0,-0.327099222692228
mnist,cut_minmax,clean,42,9,latent_assignment_not_attack,11,77,0,1,20,0.1609698355111451,0.5731947178485834,-0.18100981214356418,0.0,-0.18100981214356418
mnist,cut_minmax,clean,42,9,latent_assignment_not_attack,11,78,0,1,20,0.19288052693646002,0.5269251006111177,-0.2853595656358464,0.0,-0.2853595656358464
mnist,cut_minmax,clean,42,9,latent_assignment_not_attack,11,79,0,0,20,0.1736119493004875,0.5083105007174515,0.13499847778522067,0.0,0.13499847778522067
mnist,cut_minmax,clean,42,9,latent_assignment_not_attack,11,80,0,0,2672,1.138312851422237,0.9768767420733824,-0.5693208981989346,0.0,-0.5693208981989346
mnist,cut_minmax,clean,42,9,latent_assignment_not_attack,11,81,0,0,851,0.7267104654678752,0.8001741369591464,-0.5532117145342589,0.0,-0.5532117145342589
mnist,cut_minmax,clean,42,9,latent_assignment_not_attack,11,82,0,0,20,0.2491768133317515,0.6800546080518199,0.448128616178064,0.0,0.448128616178064
mnist,cut_minmax,clean,42,9,latent_assignment_not_attack,11,83,0,0,20,0.0834916955796532,0.7155347407292878,0.22358850270150074,0.0,0.22358850270150074
mnist,cut_minmax,clean,42,9,latent_assignment_not_attack,11,84,0,0,20,0.07093544411865957,0.7545368896540812,0.03498402100791594,0.0,0.03498402100791594
mnist,cut_minmax,clean,42,9,latent_assignment_not_attack,11,85,0,0,24,0.7255495358669749,0.8091400190359804,-0.5937598014859998,0.0,-0.5937598014859998
mnist,cut_minmax,clean,42,9,latent_assignment_not_attack,11,86,0,0,20,0.1865197583122784,0.5792131653889409,-0.3360248467118053,0.0,-0.3360248467118053
mnist,cut_minmax,clean,42,9,latent_assignment_not_attack,11,87,0,1,989,0.7980826695340053,0.9800394371832217,-0.4388723913378984,0.0,-0.4388723913378984
mnist,cut_minmax,clean,42,9,latent_assignment_not_attack,11,88,0,0,279,0.9262904441832313,0.8815123331254189,-0.4592115311252183,0.0,-0.4592115311252183
mnist,cut_minmax,clean,42,9,latent_assignment_not_attack,11,89,0,0,20,0.09989110890304097,0.4633402404197626,0.3771858186559646,0.0,0.3771858186559646
mnist,cut_minmax,clean,42,9,latent_assignment_not_attack,11,90,0,1,20,0.3662312724132779,0.8766086136438915,-0.35697863976533256,0.0,-0.35697863976533256
mnist,cut_minmax,clean,42,9,latent_assignment_not_attack,11,91,0,0,2856,1.1894512809174091,0.9744339602107157,-0.5696826574348104,0.0,-0.5696826574348104
mnist,cut_minmax,clean,42,9,latent_assignment_not_attack,11,92,0,0,20,0.11401720267793157,0.7040244653153004,0.15554203866676874,0.0,0.15554203866676874
mnist,cut_minmax,clean,42,9,latent_assignment_not_attack,11,93,0,0,368,1.1596511580358604,0.9597262928575552,-0.5546645491096437,0.0,-0.5546645491096437
mnist,cut_minmax,clean,42,9,latent_assignment_not_attack,11,94,0,0,589,0.753564397633291,0.9379876596622422,-0.3667886346121175,0.0,-0.3667886346121175
mnist,cut_minmax,clean,42,9,latent_assignment_not_attack,11,95,0,0,20,0.06822718998400373,0.6129649465832466,0.638809205929657,0.0,0.638809205929657
mnist,cut_minmax,clean,42,9,latent_assignment_not_attack,11,96,0,0,586,0.75264089014551,0.9768804034740036,-0.4500828477447866,0.0,-0.4500828477447866
mnist,cut_minmax,clean,42,9,latent_assignment_not_attack,11,97,0,0,40,0.834295572583678,0.9672800625033382,-0.45513007463427385,0.0,-0.45513007463427385
mnist,cut_minmax,clean,42,9,latent_assignment_not_attack,11,98,0,0,20,0.2649771298046136,0.5185873829787381,-0.3747769024258021,0.0,-0.3747769024258021
mnist,cut_minmax,clean,42,9,latent_assignment_not_attack,11,99,0,0,20,0.24825029114345665,0.43863612929231427,-0.5805490338272771,0.0,-0.5805490338272771
mnist,cut_minmax,clean,42,29,latent_assignment_not_attack,11,0,0,0,3774,0.970203830331692,0.9488290128546784,-0.40743472765906563,0.0,-0.40743472765906563
mnist,cut_minmax,clean,42,29,latent_assignment_not_attack,11,1,0,1,20,0.05903643967684211,0.7913469261929885,0.13090600900871632,0.0,0.13090600900871632
mnist,cut_minmax,clean,42,29,latent_assignment_not_attack,11,2,0,0,245,0.9738206559943627,0.9475296007714377,-0.4211472370364408,0.0,-0.4211472370364408
mnist,cut_minmax,clean,42,29,latent_assignment_not_attack,11,3,0,0,20,0.02816256008251079,0.6144650956697408,0.5233678075036801,0.0,0.5233678075036801
mnist,cut_minmax,clean,42,29,latent_assignment_not_attack,11,4,0,0,138,0.3559445040641949,0.7787383171449827,-0.5156538147614866,0.0,-0.5156538147614866
mnist,cut_minmax,clean,42,29,latent_assignment_not_attack,11,5,0,1,20,0.07099007766165218,0.4770699069455032,-0.020070891196370014,0.0,-0.020070891196370014
mnist,cut_minmax,clean,42,29,latent_assignment_not_attack,11,6,0,0,3232,1.1338944948177014,0.7947645487399599,-0.47382643347201897,0.0,-0.47382643347201897
mnist,cut_minmax,clean,42,29,latent_assignment_not_attack,11,7,0,0,151,1.2284610750352263,0.6435102703382984,-0.41102366316114447,0.0,-0.41102366316114447
mnist,cut_minmax,clean,42,29,latent_assignment_not_attack,11,8,0,0,20,0.1090537214001154,0.5483182291510739,0.17934080433584756,0.0,0.17934080433584756
mnist,cut_minmax,clean,42,29,latent_assignment_not_attack,11,10,0,0,20,0.13652293025347784,0.6328842992742517,-0.01885105045561472,0.0,-0.01885105045561472
mnist,cut_minmax,clean,42,29,latent_assignment_not_attack,11,11,0,0,205,0.684865028308487,0.9685949326940415,-0.3963186120874316,0.0,-0.3963186120874316
mnist,cut_minmax,clean,42,29,latent_assignment_not_attack,11,12,0,0,53,0.14019001789526805,0.769939367455337,0.5380107209775006,0.0,0.5380107209775006
mnist,cut_minmax,clean,42,29,latent_assignment_not_attack,11,13,0,0,220,1.3359845094032872,0.9782343768451065,-0.6673855854873323,0.0,-0.6673855854873323
mnist,cut_minmax,clean,42,29,latent_assignment_not_attack,11,14,0,0,20,0.10969011681189363,0.551955901698977,-0.0317093769130929,0.0,-0.0317093769130929
mnist,cut_minmax,clean,42,29,latent_assignment_not_attack,11,15,0,0,20,0.048895618353520263,0.677511351598395,0.25802470896230006,0.0,0.25802470896230006
mnist,cut_minmax,clean,42,29,latent_assignment_not_attack,11,16,0,0,20,0.0770806945976057,0.38702614584388,0.14764384176805706,0.0,0.14764384176805706
mnist,cut_minmax,clean,42,29,latent_assignment_not_attack,11,18,0,0,20,0.07373565813098465,0.3293447137712847,0.059877287376576764,0.0,0.059877287376576764
mnist,cut_minmax,clean,42,29,latent_assignment_not_attack,11,19,0,0,20,1.2562103450119133,0.95859705563372,-0.6513067516701905,0.0,-0.6513067516701905
mnist,cut_minmax,clean,42,29,latent_assignment_not_attack,11,20,0,0,5124,0.8441186944883043,0.7859890186259343,-0.40983358032382167,0.0,-0.40983358032382167
mnist,cut_minmax,clean,42,29,latent_assignment_not_attack,11,22,0,0,20,0.2111975996491655,0.8137425109404974,-0.30897831571826295,0.0,-0.30897831571826295
mnist,cut_minmax,clean,42,29,latent_assignment_not_attack,11,23,0,0,20,0.08022701743316075,0.30378272399420003,0.02184087473906777,0.0,0.02184087473906777
mnist,cut_minmax,clean,42,29,latent_assignment_not_attack,11,24,0,0,20,0.10971359502755183,0.45286614088329696,0.10957665247426712,0.0,0.10957665247426712
mnist,cut_minmax,clean,42,29,latent_assignment_not_attack,11,25,0,0,20,0.1025274658686936,0.4566499553996932,0.2291280545930508,0.0,0.2291280545930508
mnist,cut_minmax,clean,42,29,latent_assignment_not_attack,11,26,0,0,20,0.08641503842880961,0.7301399359590034,0.24367218092575116,0.0,0.24367218092575116
mnist,cut_minmax,clean,42,29,latent_assignment_not_attack,11,27,0,0,516,1.1609896706343428,0.8733543978009616,-0.4338643645164648,0.0,-0.4338643645164648
mnist,cut_minmax,clean,42,29,latent_assignment_not_attack,11,28,0,1,20,0.8093416296426025,0.9114293785147843,-0.33589712253958365,0.0,-0.33589712253958365
mnist,cut_minmax,clean,42,29,latent_assignment_not_attack,11,29,0,0,1271,0.7071826266983022,0.9649497491352372,-0.3896076159344616,0.0,-0.3896076159344616
mnist,cut_minmax,clean,42,29,latent_assignment_not_attack,11,32,0,0,20,0.15887617873937387,0.6498215271852432,0.08356863570103404,0.0,0.08356863570103404
mnist,cut_minmax,clean,42,29,latent_assignment_not_attack,11,33,0,1,20,0.04478688430918344,0.6949476473649511,0.5851863387841624,0.0,0.5851863387841624
mnist,cut_minmax,clean,42,29,latent_assignment_not_attack,11,34,0,0,20,0.22575600753320765,0.520378351710517,-0.2636048905214565,0.0,-0.2636048905214565
mnist,cut_minmax,clean,42,29,latent_assignment_not_attack,11,35,0,0,84,1.3851293526584192,0.9785210912492047,-0.6599035579160313,0.0,-0.6599035579160313
mnist,cut_minmax,clean,42,29,latent_assignment_not_attack,11,36,0,0,3089,1.0930727258371247,0.8019709944710757,-0.5766815043398832,0.0,-0.5766815043398832
mnist,cut_minmax,clean,42,29,latent_assignment_not_attack,11,37,0,0,20,0.16818055902299517,0.4009666788945673,0.1701432430362593,0.0,0.1701432430362593
mnist,cut_minmax,clean,42,29,latent_assignment_not_attack,11,38,0,0,20,0.16061952345516212,0.5802918488921691,0.2754281163679916,0.0,0.2754281163679916
mnist,cut_minmax,clean,42,29,latent_assignment_not_attack,11,39,0,0,20,0.07455932409581888,0.7185625480674487,0.540781855943539,0.0,0.540781855943539
mnist,cut_minmax,clean,42,29,latent_assignment_not_attack,11,40,0,0,2966,1.1986501762748756,0.6519627200417475,-0.4187811131990908,0.0,-0.4187811131990908
mnist,cut_minmax,clean,42,29,latent_assignment_not_attack,11,41,0,1,20,0.026226498968673354,0.6112867823706185,0.5404489166452395,0.0,0.5404489166452395
mnist,cut_minmax,clean,42,29,latent_assignment_not_attack,11,42,0,0,748,0.6886375373892071,0.8788131283590122,-0.3525242023418658,0.0,-0.3525242023418658
mnist,cut_minmax,clean,42,29,latent_assignment_not_attack,11,43,0,0,20,0.06124149197395079,0.5026241990265039,0.48011975880356417,0.0,0.48011975880356417
mnist,cut_minmax,clean,42,29,latent_assignment_not_attack,11,44,0,1,20,0.028975047430384045,0.6749604609882478,0.598374250492004,0.0,0.598374250492004
mnist,cut_minmax,clean,42,29,latent_assignment_not_attack,11,46,0,1,20,0.07288237860791479,0.39043717334838546,0.168334711366545,0.0,0.168334711366545
mnist,cut_minmax,clean,42,29,latent_assignment_not_attack,11,47,0,0,20,0.07916004315120703,0.44290612442111305,0.11006462747667546,0.0,0.11006462747667546
mnist,cut_minmax,clean,42,29,latent_assignment_not_attack,11,48,0,0,280,0.8950364060159197,0.7844794095058659,-0.4318095271244851,0.0,-0.4318095271244851
mnist,cut_minmax,clean,42,29,latent_assignment_not_attack,11,49,0,1,2759,1.1949179922647384,0.6528171403307848,-0.41396417397808316,0.0,-0.41396417397808316
mnist,cut_minmax,clean,42,29,latent_assignment_not_attack,11,50,0,0,20,0.05343683254606364,0.6201842333377245,0.5601325627081748,0.0,0.5601325627081748
mnist,cut_minmax,clean,42,29,latent_assignment_not_attack,11,51,0,0,56,0.38715786049758005,0.8299516806604841,-0.17569369966195186,0.0,-0.17569369966195186
mnist,cut_minmax,clean,42,29,latent_assignment_not_attack,11,52,0,0,50,1.356573918180034,0.9745260293207959,-0.6567515518744106,0.0,-0.6567515518744106
mnist,cut_minmax,clean,42,29,latent_assignment_not_attack,11,53,0,0,20,0.11496020172885672,0.4525423506230471,-0.167095420088681,0.0,-0.167095420088681
mnist,cut_minmax,clean,42,29,latent_assignment_not_attack,11,54,0,0,20,0.04573325864186889,0.6877314959480312,0.569852806184858,0.0,0.569852806184858
mnist,cut_minmax,clean,42,29,latent_assignment_not_attack,11,55,0,0,20,0.12863988516268893,0.6883163901458204,-0.3248526086830774,0.0,-0.3248526086830774
mnist,cut_minmax,clean,42,29,latent_assignment_not_attack,11,56,0,1,24,1.0488953520734594,0.8451791140660696,-0.46370951358555196,0.0,-0.46370951358555196
mnist,cut_minmax,clean,42,29,latent_assignment_not_attack,11,57,0,0,20,1.0854177293108471,0.8511025605141789,-0.4103872245678136,0.0,-0.4103872245678136
mnist,cut_minmax,clean,42,29,latent_assignment_not_attack,11,58,0,1,20,0.036162901218930704,0.7214195479415754,0.3518160330563325,0.0,0.3518160330563325
mnist,cut_minmax,clean,42,29,latent_assignment_not_attack,11,59,0,0,2558,0.721203205538983,0.8789462489591854,-0.36937630649233716,0.0,-0.36937630649233716
mnist,cut_minmax,clean,42,29,latent_assignment_not_attack,11,60,0,0,6145,0.061037191483376954,0.5482194061031592,0.08010377418209212,0.0,0.08010377418209212
mnist,cut_minmax,clean,42,29,latent_assignment_not_attack,11,61,0,0,20,0.07379919485543773,0.4034658139865682,0.3300248101261291,0.0,0.3300248101261291
mnist,cut_minmax,clean,42,29,latent_assignment_not_attack,11,62,0,0,379,0.7096283977270699,0.8766102920977907,-0.36125216293357265,0.0,-0.36125216293357265
mnist,cut_minmax,clean,42,29,latent_assignment_not_attack,11,64,0,0,20,0.09039111768410335,0.741896096378753,0.4932190994236546,0.0,0.4932190994236546
mnist,cut_minmax,clean,42,29,latent_assignment_not_attack,11,65,0,1,163,1.2031247299024155,0.8751473536093008,-0.4453101870692008,0.0,-0.4453101870692008
mnist,cut_minmax,clean,42,29,latent_assignment_not_attack,11,66,0,0,20,0.1347079998184702,0.4565840420698857,-0.11646277285108114,0.0,-0.11646277285108114
mnist,cut_minmax,clean,42,29,latent_assignment_not_attack,11,67,0,0,2111,0.6920406490475965,0.857188514773692,-0.5545076184853697,0.0,-0.5545076184853697
mnist,cut_minmax,clean,42,29,latent_assignment_not_attack,11,68,0,0,142,0.9425047423627487,0.9319852865609134,-0.5096334163867372,0.0,-0.5096334163867372
mnist,cut_minmax,clean,42,29,latent_assignment_not_attack,11,69,0,0,3987,0.22652494829921607,0.7651433389887136,0.41122909065955654,0.0,0.41122909065955654
mnist,cut_minmax,clean,42,29,latent_assignment_not_attack,11,70,0,1,20,0.05563488146843746,0.6604862115651902,0.514441416651759,0.0,0.514441416651759
mnist,cut_minmax,clean,42,29,latent_assignment_not_attack,11,71,0,1,20,0.07432444754182166,0.20480539427617597,0.19335788722181999,0.0,0.19335788722181999
mnist,cut_minmax,clean,42,29,latent_assignment_not_attack,11,72,0,0,254,0.07052848831175194,0.761755823859653,-0.06465062963406239,0.0,-0.06465062963406239
mnist,cut_minmax,clean,42,29,latent_assignment_not_attack,11,73,0,1,308,0.6078390058142423,0.9732704660432574,-0.3598891658105484,0.0,-0.3598891658105484
mnist,cut_minmax,clean,42,29,latent_assignment_not_attack,11,74,0,0,628,1.024223440983819,0.9512583375327874,-0.44443646623633976,0.0,-0.44443646623633976
mnist,cut_minmax,clean,42,29,latent_assignment_not_attack,11,75,0,0,341,0.9042110951979315,0.7722230948896222,-0.5120208758792829,0.0,-0.5120208758792829
mnist,cut_minmax,clean,42,29,latent_assignment_not_attack,11,76,0,0,20,0.22209920555527096,0.7708170603269289,-0.1990306112745694,0.0,-0.1990306112745694
mnist,cut_minmax,clean,42,29,latent_assignment_not_attack,11,77,0,1,20,0.13060062975308726,0.6273462319395289,-0.19448076843206294,0.0,-0.19448076843206294
mnist,cut_minmax,clean,42,29,latent_assignment_not_attack,11,78,0,1,20,0.14957933836911733,0.4778262683673792,-0.17395723910552185,0.0,-0.17395723910552185
mnist,cut_minmax,clean,42,29,latent_assignment_not_attack,11,79,0,0,20,0.2194911543207918,0.45708081231356024,-0.009607191715410177,0.0,-0.009607191715410177
mnist,cut_minmax,clean,42,29,latent_assignment_not_attack,11,80,0,0,2672,1.3429937021905625,0.9776006510197167,-0.6537656544474852,0.0,-0.6537656544474852
mnist,cut_minmax,clean,42,29,latent_assignment_not_attack,11,81,0,0,851,0.7661203184669059,0.7422342508810276,-0.5284128493527802,0.0,-0.5284128493527802
mnist,cut_minmax,clean,42,29,latent_assignment_not_attack,11,82,0,0,20,0.1891715448748194,0.6723583192221356,0.3587007019787954,0.0,0.3587007019787954
mnist,cut_minmax,clean,42,29,latent_assignment_not_attack,11,83,0,0,20,0.04342097019466999,0.6901941597721915,0.2420676746349932,0.0,0.2420676746349932
mnist,cut_minmax,clean,42,29,latent_assignment_not_attack,11,84,0,0,20,0.02459158681627722,0.7590861596340756,0.11257249467796873,0.0,0.11257249467796873
mnist,cut_minmax,clean,42,29,latent_assignment_not_attack,11,85,0,0,24,0.6304270600419472,0.6632659825985505,-0.5908973082986902,0.0,-0.5908973082986902
mnist,cut_minmax,clean,42,29,latent_assignment_not_attack,11,87,0,1,989,0.6499146955347764,0.9721287153845145,-0.37476721613806047,0.0,-0.37476721613806047
mnist,cut_minmax,clean,42,29,latent_assignment_not_attack,11,88,0,0,279,0.7516178803940129,0.8654595732860602,-0.3489591521797719,0.0,-0.3489591521797719
mnist,cut_minmax,clean,42,29,latent_assignment_not_attack,11,89,0,0,20,0.10116851735912842,0.3965289918415726,0.32203804437002875,0.0,0.32203804437002875
mnist,cut_minmax,clean,42,29,latent_assignment_not_attack,11,90,0,1,20,0.25816440884469505,0.8829472077911877,-0.2960287353665507,0.0,-0.2960287353665507
mnist,cut_minmax,clean,42,29,latent_assignment_not_attack,11,91,0,0,2856,1.3096463233601283,0.9784915174441652,-0.6585454882132712,0.0,-0.6585454882132712
mnist,cut_minmax,clean,42,29,latent_assignment_not_attack,11,93,0,0,368,1.1320745559920433,0.7922067230462335,-0.4462339066697975,0.0,-0.4462339066697975
mnist,cut_minmax,clean,42,29,latent_assignment_not_attack,11,94,0,0,589,0.8669919308355746,0.7889769782503617,-0.42184234764632994,0.0,-0.42184234764632994
mnist,cut_minmax,clean,42,29,latent_assignment_not_attack,11,96,0,0,586,0.6204744348382111,0.9704796903632914,-0.4101794132482867,0.0,-0.4101794132482867
mnist,cut_minmax,clean,42,29,latent_assignment_not_attack,11,97,0,0,40,0.6400279496299155,0.9686719603272514,-0.38744119221407675,0.0,-0.38744119221407675
mnist,cut_minmax,clean,42,29,latent_assignment_not_attack,11,98,0,0,20,0.2295416509721736,0.43860579873985667,-0.3341814929035512,0.0,-0.3341814929035512
mnist,cut_minmax,clean,42,29,latent_assignment_not_attack,11,99,0,0,20,0.2374339358974247,0.4928275420729863,-0.5728265396463654,0.0,-0.5728265396463654
fashion_mnist,cut_backdoor,attacked,137,0,actual_attacker,12,0,0,0,364,0.5332365850230703,0.815362287482766,-0.29711015715220057,0.0,-0.30688609265648764
fashion_mnist,cut_backdoor,attacked,137,0,actual_attacker,12,1,0,0,29,0.5713160777156517,0.6393607882448371,-0.215695662173112,0.0,-0.19709996924810746
fashion_mnist,cut_backdoor,attacked,137,0,actual_attacker,12,2,0,0,36,0.4323956707704685,0.5114012167829945,-0.34691765965278176,0.0,-0.35915480801720673
fashion_mnist,cut_backdoor,attacked,137,0,actual_attacker,12,3,1,1,1158,0.41904590389032037,0.6929639464425301,-0.2522034921057946,0.0,-0.19763585109061285
fashion_mnist,cut_backdoor,attacked,137,0,actual_attacker,12,4,0,0,1894,0.4890490274050476,0.8519999392783257,-0.6082436009267715,0.0,-0.569086146911531
fashion_mnist,cut_backdoor,attacked,137,0,actual_attacker,12,5,0,0,81,0.5240602391064354,0.7347473284820658,-0.27974951339097304,0.0,-0.2779953025001179
fashion_mnist,cut_backdoor,attacked,137,0,actual_attacker,12,6,1,1,43,0.6150348123128238,0.8768125508942719,-0.4533093510157917,0.0,-0.4776524486206749
fashion_mnist,cut_backdoor,attacked,137,0,actual_attacker,12,7,0,0,43,0.5881564575779282,0.8281738742165181,-0.5210869082004008,0.0,-0.5271995690685654
fashion_mnist,cut_backdoor,attacked,137,0,actual_attacker,12,8,0,0,750,0.479526453312165,0.7720447072964222,-0.358173333770004,0.0,-0.3599382984039355
fashion_mnist,cut_backdoor,attacked,137,0,actual_attacker,12,9,0,0,1292,0.4812402176031924,0.7506518146545242,-0.4619654269310722,0.0,-0.448822721627253
fashion_mnist,cut_backdoor,attacked,137,0,actual_attacker,12,10,0,0,939,0.6571238885690373,0.6612579247631034,-0.10651256245853133,0.0,-0.0989720554950814
fashion_mnist,cut_backdoor,attacked,137,0,actual_attacker,12,11,0,0,2210,0.6575795182677625,0.7326273108209767,-0.4269161673484113,0.0,-0.43916011713094627
fashion_mnist,cut_backdoor,attacked,137,0,actual_attacker,12,12,0,0,269,0.7154788593715639,0.9457310604407425,-0.40773590709497837,0.0,-0.3420697008977695
fashion_mnist,cut_backdoor,attacked,137,0,actual_attacker,12,13,1,1,198,0.5304669555297662,0.7686331012500435,-0.0811058606913942,0.0,-0.04382102527070498
fashion_mnist,cut_backdoor,attacked,137,0,actual_attacker,12,14,1,1,299,0.4327475307024086,0.72887227800752,-0.6157189331053591,0.0,-0.6224302606513396
fashion_mnist,cut_backdoor,attacked,137,0,actual_attacker,12,15,1,1,45,0.44931953961103505,0.662454377019571,-0.31171078169018496,0.0,-0.2860981266335734
fashion_mnist,cut_backdoor,attacked,137,0,actual_attacker,12,16,0,0,101,0.4652503855462734,0.6660754641739004,-0.2014426369287351,0.0,-0.18419227804483024
fashion_mnist,cut_backdoor,attacked,137,0,actual_attacker,12,17,0,0,1061,0.5253507063576036,0.8872001003609643,-0.5401807059067495,0.0,-0.4857450899095044
fashion_mnist,cut_backdoor,attacked,137,0,actual_attacker,12,18,0,0,129,0.6094693195356339,0.8413545386734429,-0.33021348030894054,0.0,-0.3347036670438754
fashion_mnist,cut_backdoor,attacked,137,0,actual_attacker,12,19,0,0,397,0.6168368458157624,0.9206761773992989,-0.2316020165154723,0.0,-0.24995292937046557
fashion_mnist,cut_backdoor,attacked,137,0,actual_attacker,12,20,1,1,479,0.5024252308578985,0.7302811469087445,-0.47130414429727757,0.0,-0.4728163553527788
fashion_mnist,cut_backdoor,attacked,137,0,actual_attacker,12,21,0,0,23,0.5850179247072245,0.878240251694898,-0.3616786414030612,0.0,-0.3775547991373671
fashion_mnist,cut_backdoor,attacked,137,0,actual_attacker,12,22,0,0,489,0.5366035957530133,0.6943841544052066,-0.3905847719119471,0.0,-0.4154706915693211
fashion_mnist,cut_backdoor,attacked,137,0,actual_attacker,12,23,0,0,109,0.5306361987667443,0.8989523490139655,-0.5701497621998305,0.0,-0.5207120233987953
fashion_mnist,cut_backdoor,attacked,137,0,actual_attacker,12,25,0,0,804,0.484900995758985,0.7767084319758653,-0.4829103469861066,0.0,-0.44361773561456863
fashion_mnist,cut_backdoor,attacked,137,0,actual_attacker,12,26,0,0,1237,0.5541761589431599,0.9221169223014813,-0.3974353525632829,0.0,-0.42761245704098927
fashion_mnist,cut_backdoor,attacked,137,0,actual_attacker,12,27,0,0,594,0.6327257405653447,0.9476193001049561,-0.2863406128230488,0.0,-0.30479109220243733
fashion_mnist,cut_backdoor,attacked,137,0,actual_attacker,12,28,0,0,354,0.6698785986750008,0.7573437352353026,-0.31853374850955274,0.0,-0.3401792930907594
fashion_mnist,cut_backdoor,attacked,137,0,actual_attacker,12,29,1,1,151,0.5368966266169959,0.8575406652921389,-0.22575897188158853,0.0,-0.21046128175532142
fashion_mnist,cut_backdoor,attacked,137,0,actual_attacker,12,31,0,0,921,0.4483937403441229,0.6467973491747788,-0.37273964762756007,0.0,-0.36590256322523834
fashion_mnist,cut_backdoor,attacked,137,0,actual_attacker,12,32,1,1,514,0.5249844842072717,0.8495053979908225,-0.408170584731672,0.0,-0.3696765964978124
fashion_mnist,cut_backdoor,attacked,137,0,actual_attacker,12,33,0,0,497,0.46841074805972793,0.7353108254455819,-0.5015512674440218,0.0,-0.5031924955545232
fashion_mnist,cut_backdoor,attacked,137,0,actual_attacker,12,34,0,0,264,0.6201409027145209,0.9590852296979302,-0.3231992623818826,0.0,-0.3448900336664702
fashion_mnist,cut_backdoor,attacked,137,0,actual_attacker,12,35,0,0,912,0.5119533492545683,0.7796688356651582,-0.2577012320249335,0.0,-0.2402350183742779
fashion_mnist,cut_backdoor,attacked,137,0,actual_attacker,12,36,0,0,191,0.48495351978313356,0.7331641756568518,-0.5549192069765635,0.0,-0.5234215242672073
fashion_mnist,cut_backdoor,attacked,137,0,actual_attacker,12,37,0,0,1407,0.6654052005327815,0.8446302489208485,-0.2736028862019495,0.0,-0.303227833898764
fashion_mnist,cut_backdoor,attacked,137,0,actual_attacker,12,38,0,0,338,0.6652098275396577,0.8230475336689469,-0.30029321342863463,0.0,-0.3329560243101196
fashion_mnist,cut_backdoor,attacked,137,0,actual_attacker,12,39,0,0,20,0.5966238086405243,0.7474225038141025,-0.31484646093510377,0.0,-0.3224393641492892
fashion_mnist,cut_backdoor,attacked,137,0,actual_attacker,12,41,1,1,1832,0.4824847376113908,0.8701542041208817,-0.32243432022661966,0.0,-0.3204301241501476
fashion_mnist,cut_backdoor,attacked,137,0,actual_attacker,12,42,0,0,388,0.5401536786372984,0.7998097513776289,-0.25801739099537874,0.0,-0.24722600036700879
fashion_mnist,cut_backdoor,attacked,137,0,actual_attacker,12,43,0,0,20,0.7138974880359358,0.8897950923256696,-0.1551860318942253,0.0,-0.17808420744255146
fashion_mnist,cut_backdoor,attacked,137,0,actual_attacker,12,44,0,0,287,0.5044287815640419,0.8261279452534588,-0.59828122498564,0.0,-0.5755715157360354
fashion_mnist,cut_backdoor,attacked,137,0,actual_attacker,12,45,0,0,754,0.5313416302464369,0.7077845216441023,-0.4706732772907187,0.0,-0.41146435169319084
fashion_mnist,cut_backdoor,attacked,137,0,actual_attacker,12,46,0,0,189,0.7238209701271099,0.8930738526793895,-0.3828610177830034,0.0,-0.39739271370811546
fashion_mnist,cut_backdoor,attacked,137,0,actual_attacker,12,47,1,1,210,0.5296816921211266,0.8156564851077575,-0.48698666009929314,0.0,-0.4988339898716204
fashion_mnist,cut_backdoor,attacked,137,0,actual_attacker,12,48,0,0,192,0.6515005461957036,0.876721129766258,-0.1417306989685008,0.0,-0.1308924675913856
fashion_mnist,cut_backdoor,attacked,137,0,actual_attacker,12,49,0,0,1077,0.5015782589522374,0.8491489988661876,-0.4432389122041245,0.0,-0.4716140758697142
fashion_mnist,cut_backdoor,attacked,137,0,actual_attacker,12,50,0,0,59,0.5177057422129707,0.7441573867181414,-0.49695192485055095,0.0,-0.5152590038226856
fashion_mnist,cut_backdoor,attacked,137,0,actual_attacker,12,51,0,0,939,0.6454916213981117,0.8100665657043924,-0.2433261045116792,0.0,-0.24488370446516614
fashion_mnist,cut_backdoor,attacked,137,0,actual_attacker,12,52,0,0,70,0.5688343921007823,0.801731934764784,-0.5764786525173694,0.0,-0.5694367646825866
fashion_mnist,cut_backdoor,attacked,137,0,actual_attacker,12,53,0,0,249,0.5249869336765198,0.7968289955812586,-0.25276993649495205,0.0,-0.23374178230056183
fashion_mnist,cut_backdoor,attacked,137,0,actual_attacker,12,54,0,0,69,0.6871929552248057,0.942227106068971,-0.42475752207242845,0.0,-0.35768929313987236
fashion_mnist,cut_backdoor,attacked,137,0,actual_attacker,12,55,0,0,1032,0.7005138150499589,0.8432969201072826,-0.2620185874387481,0.0,-0.270592659182829
fashion_mnist,cut_backdoor,attacked,137,0,actual_attacker,12,56,0,0,1452,0.5399272667310131,0.7631580538500864,-0.35101703867927636,0.0,-0.3779481061360194
fashion_mnist,cut_backdoor,attacked,137,0,actual_attacker,12,57,0,0,887,0.46866953154548413,0.7104899125348263,-0.39109761663934006,0.0,-0.38566734502470806
fashion_mnist,cut_backdoor,attacked,137,0,actual_attacker,12,58,0,0,44,0.71833004754864,0.9287163200878187,-0.43638235168506,0.0,-0.3729885403643265
fashion_mnist,cut_backdoor,attacked,137,0,actual_attacker,12,59,0,0,52,0.6841121372666611,0.945178815543291,-0.2938364726050043,0.0,-0.30869239545192545
fashion_mnist,cut_backdoor,attacked,137,0,actual_attacker,12,61,1,1,216,0.40689732879274065,0.6500948843313886,-0.36792336932804653,0.0,-0.3469310843702299
fashion_mnist,cut_backdoor,attacked,137,0,actual_attacker,12,62,0,0,975,0.5571382574060348,0.8052974053966047,-0.37393241256492993,0.0,-0.36393474529705044
fashion_mnist,cut_backdoor,attacked,137,0,actual_attacker,12,63,0,0,250,0.7831489656517155,0.8104962610802253,-0.23978606547157624,0.0,-0.2667602527010396
fashion_mnist,cut_backdoor,attacked,137,0,actual_attacker,12,64,0,0,435,0.5174169230949152,0.8378223512091256,-0.3022419469355162,0.0,-0.3257879357498089
fashion_mnist,cut_backdoor,attacked,137,0,actual_attacker,12,65,0,0,747,0.6054146012147689,0.9235990903045519,-0.4657448047102387,0.0,-0.4094956116746573
fashion_mnist,cut_backdoor,attacked,137,0,actual_attacker,12,66,1,1,20,0.6100574246462237,0.721078951178431,-0.4457930530498172,0.0,-0.428968374299382
fashion_mnist,cut_backdoor,attacked,137,0,actual_attacker,12,67,1,1,304,0.4008545272833492,0.6358176008223173,-0.4412472150004612,0.0,-0.42842469454309795
fashion_mnist,cut_backdoor,attacked,137,0,actual_attacker,12,68,0,0,87,0.6495329496990183,0.7605685575793872,0.010408804049941477,0.0,0.06108873047294262
fashion_mnist,cut_backdoor,attacked,137,0,actual_attacker,12,69,1,1,324,0.3529875910034567,0.6786525664858649,-0.4143208874474344,0.0,-0.3897232958061684
fashion_mnist,cut_backdoor,attacked,137,0,actual_attacker,12,70,1,1,437,0.4850358713945663,0.8472673740372949,-0.3372154848201764,0.0,-0.34420281702296907
fashion_mnist,cut_backdoor,attacked,137,0,actual_attacker,12,71,0,0,76,0.6710350436414954,0.795970549691461,-0.2638452957070475,0.0,-0.26476085588546466
fashion_mnist,cut_backdoor,attacked,137,0,actual_attacker,12,72,0,0,119,0.5520415320267457,0.890807229349676,-0.2754155575718863,0.0,-0.24652964495812194
fashion_mnist,cut_backdoor,attacked,137,0,actual_attacker,12,73,1,1,1907,0.4642600942992577,0.6872786622572401,-0.22630837430392145,0.0,-0.19014305823147998
fashion_mnist,cut_backdoor,attacked,137,0,actual_attacker,12,75,0,0,435,0.5468635104260231,0.7678680866080801,-0.35392735978385115,0.0,-0.34050574861927957
fashion_mnist,cut_backdoor,attacked,137,0,actual_attacker,12,76,0,0,143,0.46782963370088493,0.8867727298933777,-0.45414913991373546,0.0,-0.4839305364745287
fashion_mnist,cut_backdoor,attacked,137,0,actual_attacker,12,79,0,0,489,0.626132799097116,0.8212578804765789,-0.26955132671106374,0.0,-0.27210976312118285
fashion_mnist,cut_backdoor,attacked,137,0,actual_attacker,12,80,0,0,41,0.6320176194057213,0.8799860064179015,-0.4793785802302005,0.0,-0.42484388661147293
fashion_mnist,cut_backdoor,attacked,137,0,actual_attacker,12,81,0,0,1537,0.5412185607965313,0.8387273436020571,-0.1796573979545913,0.0,-0.18414302537033847
fashion_mnist,cut_backdoor,attacked,137,0,actual_attacker,12,82,0,0,32,0.5183456138283108,0.6988419671568253,-0.48062271201783374,0.0,-0.4508973355505537
fashion_mnist,cut_backdoor,attacked,137,0,actual_attacker,12,83,0,0,20,0.568984798989888,0.7628264493296657,-0.21178454076046224,0.0,-0.20409248580036846
fashion_mnist,cut_backdoor,attacked,137,0,actual_attacker,12,85,0,0,117,0.5782125676698844,0.7400814492058484,-0.4945366847575262,0.0,-0.5185001545361455
fashion_mnist,cut_backdoor,attacked,137,0,actual_attacker,12,86,0,0,149,0.657337037791016,0.90024455831102,-0.21257339211041953,0.0,-0.23856443492836427
fashion_mnist,cut_backdoor,attacked,137,0,actual_attacker,12,88,0,0,351,0.556188295594481,0.6858266684388292,-0.291045917383359,0.0,-0.2926815813840589
fashion_mnist,cut_backdoor,attacked,137,0,actual_attacker,12,89,0,0,162,0.5763512318896383,0.8220162061593115,-0.3414979118928907,0.0,-0.36850850460189705
fashion_mnist,cut_backdoor,attacked,137,0,actual_attacker,12,91,0,0,933,0.6848622211237257,0.9472051266868983,-0.2762650559734721,0.0,-0.2915090785127068
fashion_mnist,cut_backdoor,attacked,137,0,actual_attacker,12,92,0,0,113,0.770341166375273,0.9049421855229977,-0.3405380229713141,0.0,-0.351401629109465
fashion_mnist,cut_backdoor,attacked,137,0,actual_attacker,12,93,0,0,237,0.6138637735990267,0.7835497475745841,-0.4674937211224437,0.0,-0.5052937001987274
fashion_mnist,cut_backdoor,attacked,137,0,actual_attacker,12,94,0,0,407,0.44682506143400863,0.7136855051689412,-0.4657142123341797,0.0,-0.501935158312284
fashion_mnist,cut_backdoor,attacked,137,0,actual_attacker,12,95,0,0,1084,0.7215836937063205,0.889323626888249,-0.3929042312770062,0.0,-0.4183972128959584
fashion_mnist,cut_backdoor,attacked,137,0,actual_attacker,12,96,0,0,896,0.5663819604312589,0.8433400697202794,-0.27919203804837456,0.0,-0.2712320101509078
fashion_mnist,cut_backdoor,attacked,137,0,actual_attacker,12,97,0,0,478,0.37347520719708793,0.7076385352712503,-0.4603816116102848,0.0,-0.4347997282727789
fashion_mnist,cut_backdoor,attacked,137,0,actual_attacker,12,98,1,1,499,0.45853620214328206,0.6367774759378936,-0.44657024262993317,0.0,-0.4588730675687953
fashion_mnist,cut_backdoor,attacked,137,0,actual_attacker,12,99,1,1,97,0.460425071382808,0.7702689033469319,-0.6003824232231154,0.0,-0.5700924776873113
fashion_mnist,cut_backdoor,attacked,137,9,actual_attacker,12,0,0,0,364,0.4618375150032646,0.7108881560693924,-0.14600754283296674,0.0,-0.2815583617839512
fashion_mnist,cut_backdoor,attacked,137,9,actual_attacker,12,1,0,0,29,0.47660453368197764,0.8068873705924506,-0.2041121387354562,0.0,-0.09346368937159359
fashion_mnist,cut_backdoor,attacked,137,9,actual_attacker,12,2,0,0,36,0.38804494497126496,0.5651314039366906,-0.050790050406445984,0.0,-0.06441000677067861
fashion_mnist,cut_backdoor,attacked,137,9,actual_attacker,12,3,1,1,1158,0.3349736204340262,0.6323160907006009,-0.09887716239510184,0.0,0.09786719101121469
fashion_mnist,cut_backdoor,attacked,137,9,actual_attacker,12,4,0,0,1894,0.274300782369016,0.6508321475747074,-0.34046244292431493,0.0,-0.3001873072705357
fashion_mnist,cut_backdoor,attacked,137,9,actual_attacker,12,6,1,1,43,0.3573921287821413,0.636479126421951,-0.0462240369903004,0.0,-0.06706373925434178
fashion_mnist,cut_backdoor,attacked,137,9,actual_attacker,12,7,0,0,43,0.35035866656400555,0.7114608462994223,-0.13330492682438574,0.0,-0.17087938954564472
fashion_mnist,cut_backdoor,attacked,137,9,actual_attacker,12,8,0,0,750,0.3200141514738947,0.6228560239827343,-0.033198142594828305,0.0,-0.062411352393599503
fashion_mnist,cut_backdoor,attacked,137,9,actual_attacker,12,9,0,0,1292,0.41978499455447205,0.7413356526525067,-0.1561557040871396,0.0,-0.15611150039192087
fashion_mnist,cut_backdoor,attacked,137,9,actual_attacker,12,10,0,0,939,0.5566017718756269,0.9003864942576989,-0.1609746120047791,0.0,-0.12199543850376098
fashion_mnist,cut_backdoor,attacked,137,9,actual_attacker,12,11,0,0,2210,0.48985749396340084,0.7153621445455205,-0.01014229879422993,0.0,-0.1229460147571731
fashion_mnist,cut_backdoor,attacked,137,9,actual_attacker,12,12,0,0,269,0.45427329873357825,0.8898230924686965,-0.029767761670569368,0.0,0.21642935630574803
fashion_mnist,cut_backdoor,attacked,137,9,actual_attacker,12,13,1,1,198,0.5323941575631601,0.7984609953458082,0.16150263490250927,0.0,0.2848491859409682
fashion_mnist,cut_backdoor,attacked,137,9,actual_attacker,12,14,1,1,299,0.260274463096182,0.5572592798255243,-0.06012785872073328,0.0,0.13910471085560716
fashion_mnist,cut_backdoor,attacked,137,9,actual_attacker,12,15,1,1,45,0.39423409367868684,0.7199048393614877,-0.025242191751452626,0.0,0.09194277082525017
fashion_mnist,cut_backdoor,attacked,137,9,actual_attacker,12,16,0,0,101,0.4190689320550889,0.6612320657731124,0.1279235136733791,0.0,0.07034803189782314
fashion_mnist,cut_backdoor,attacked,137,9,actual_attacker,12,17,0,0,1061,0.3402772136091892,0.693539102756375,-0.26524522262552463,0.0,-0.04417296186754339
fashion_mnist,cut_backdoor,attacked,137,9,actual_attacker,12,18,0,0,129,0.4501953607373567,0.646337061231293,0.005361910538248562,0.0,-0.015753443281593338
fashion_mnist,cut_backdoor,attacked,137,9,actual_attacker,12,20,1,1,479,0.40835465452480135,0.5346848791407031,0.08011430789144723,0.0,0.2216034950566966
fashion_mnist,cut_backdoor,attacked,137,9,actual_attacker,12,21,0,0,23,0.33003486483051675,0.7420193822717527,0.009709165615237393,0.0,-0.0601899288951262
fashion_mnist,cut_backdoor,attacked,137,9,actual_attacker,12,22,0,0,489,0.34371700291731927,0.6028163628459537,-0.2751453957335539,0.0,-0.35181818751551625
fashion_mnist,cut_backdoor,attacked,137,9,actual_attacker,12,24,0,0,234,0.5464933277460344,0.8754610905700464,-0.03537323971230303,0.0,-0.1749035947284469
fashion_mnist,cut_backdoor,attacked,137,9,actual_attacker,12,25,0,0,804,0.3078358466890943,0.7420516586093548,-0.3061146328125054,0.0,-0.18926762110588555
fashion_mnist,cut_backdoor,attacked,137,9,actual_attacker,12,26,0,0,1237,0.28111451581787655,0.7830661745052127,-0.00144557521407366,0.0,-0.07365825204915222
fashion_mnist,cut_backdoor,attacked,137,9,actual_attacker,12,27,0,0,594,0.3340562690043644,0.8752095298528415,0.13052847251732388,0.0,0.07580146981632528
fashion_mnist,cut_backdoor,attacked,137,9,actual_attacker,12,29,1,1,151,0.3671823373866646,0.7321235757294194,-0.21120784123267788,0.0,-0.10396473387493459
fashion_mnist,cut_backdoor,attacked,137,9,actual_attacker,12,30,0,0,2276,0.5146624054899847,0.8793119621214022,-0.19811714862684657,0.0,-0.1425202525884166
fashion_mnist,cut_backdoor,attacked,137,9,actual_attacker,12,32,1,1,514,0.4077039658318359,0.7539811412149806,-0.1765977151929047,0.0,0.024917874638797282
fashion_mnist,cut_backdoor,attacked,137,9,actual_attacker,12,33,0,0,497,0.3214364336698306,0.7089704936756576,-0.322554097649455,0.0,-0.26846756308599
fashion_mnist,cut_backdoor,attacked,137,9,actual_attacker,12,34,0,0,264,0.33123384066917894,0.898535553768418,0.11312472899923387,0.0,0.027262177171672404
fashion_mnist,cut_backdoor,attacked,137,9,actual_attacker,12,35,0,0,912,0.4831228044584388,0.677527576998393,0.04614162361635796,0.0,0.022989792111671677
fashion_mnist,cut_backdoor,attacked,137,9,actual_attacker,12,36,0,0,191,0.316735246675556,0.5601226649376352,-0.053003171694760154,0.0,0.0798709873927667
fashion_mnist,cut_backdoor,attacked,137,9,actual_attacker,12,37,0,0,1407,0.37038311736244456,0.8405477825066093,-0.2505870227780788,0.0,-0.3508350456472154
fashion_mnist,cut_backdoor,attacked,137,9,actual_attacker,12,38,0,0,338,0.3475290708799961,0.8011128206284862,-0.2651945291017345,0.0,-0.355111792653286
fashion_mnist,cut_backdoor,attacked,137,9,actual_attacker,12,39,0,0,20,0.43709540840057487,0.6390868685290153,-0.20659962233362575,0.0,-0.24380515295787084
fashion_mnist,cut_backdoor,attacked,137,9,actual_attacker,12,40,0,0,608,0.4313662647481438,0.8505731514850773,-0.057390695884279246,0.0,-0.167324243292223
fashion_mnist,cut_backdoor,attacked,137,9,actual_attacker,12,41,1,1,1832,0.33893985924147607,0.6979957926704723,-0.23228548649690342,0.0,-0.06596517419796748
fashion_mnist,cut_backdoor,attacked,137,9,actual_attacker,12,42,0,0,388,0.42240843931502314,0.7614376949663869,-0.2186168158182415,0.0,-0.21832427481005603
fashion_mnist,cut_backdoor,attacked,137,9,actual_attacker,12,43,0,0,20,0.6605562695045363,0.8603876403478452,0.06471837034343669,0.0,-0.07871721112759711
fashion_mnist,cut_backdoor,attacked,137,9,actual_attacker,12,44,0,0,287,0.2736957201159668,0.6909129031010252,-0.19373465650411664,0.0,-0.15827397474920152
fashion_mnist,cut_backdoor,attacked,137,9,actual_attacker,12,45,0,0,754,0.38513771320231716,0.6523362144412808,0.09988522989550508,0.0,0.29608927806415775
fashion_mnist,cut_backdoor,attacked,137,9,actual_attacker,12,46,0,0,189,0.40004730495621893,0.8447637063122369,-0.06809905362049108,0.0,-0.1775450479062762
fashion_mnist,cut_backdoor,attacked,137,9,actual_attacker,12,47,1,1,210,0.3118913882491447,0.5668655728774308,-0.0564660569891305,0.0,0.08074369366985136
fashion_mnist,cut_backdoor,attacked,137,9,actual_attacker,12,48,0,0,192,0.5618186745377157,0.8325874079155258,-0.12885746742368562,0.0,-0.1710412271959025
fashion_mnist,cut_backdoor,attacked,137,9,actual_attacker,12,49,0,0,1077,0.3387776646711343,0.6566269763744719,0.06283807077892073,0.0,-0.08473397102787801
fashion_mnist,cut_backdoor,attacked,137,9,actual_attacker,12,50,0,0,59,0.28479529917009616,0.5753442319349633,-0.4015147177958506,0.0,-0.5235635131171119
fashion_mnist,cut_backdoor,attacked,137,9,actual_attacker,12,51,0,0,939,0.4187780832002004,0.6344461771151817,-0.13860264839490405,0.0,-0.20831727839796668
fashion_mnist,cut_backdoor,attacked,137,9,actual_attacker,12,52,0,0,70,0.37378884481692476,0.7109269266918453,-0.13108632472042098,0.0,-0.11609037449843236
fashion_mnist,cut_backdoor,attacked,137,9,actual_attacker,12,53,0,0,249,0.43094302855279387,0.6818635814166409,0.04069994604530566,0.0,0.03717178073947344
fashion_mnist,cut_backdoor,attacked,137,9,actual_attacker,12,54,0,0,69,0.40496728275209354,0.8791483505413332,-0.08516383151458516,0.0,0.15610103552846738
fashion_mnist,cut_backdoor,attacked,137,9,actual_attacker,12,55,0,0,1032,0.6055283734470444,0.7852377096359333,0.027851999461420498,0.0,-0.04770122565123351
fashion_mnist,cut_backdoor,attacked,137,9,actual_attacker,12,57,0,0,887,0.39064692424817177,0.641491292896075,-0.019964960642625745,0.0,-0.035143577807862224
fashion_mnist,cut_backdoor,attacked,137,9,actual_attacker,12,58,0,0,44,0.4449926323512274,0.8269973734518288,-0.025823705721168565,0.0,0.2217293022435351
fashion_mnist,cut_backdoor,attacked,137,9,actual_attacker,12,59,0,0,52,0.37186532893005386,0.8839620033872274,0.15916985958404756,0.0,0.1011302921349556
fashion_mnist,cut_backdoor,attacked,137,9,actual_attacker,12,60,0,0,187,0.457255744871491,0.8478236711217635,-0.22829666228609624,0.0,-0.24376124029995488
fashion_mnist,cut_backdoor,attacked,137,9,actual_attacker,12,61,1,1,216,0.38148563429121,0.8248404119799944,-0.2852522681452171,0.0,-0.2087986159757412
fashion_mnist,cut_backdoor,attacked,137,9,actual_attacker,12,62,0,0,975,0.46598202019066287,0.7518649855916981,-0.07591599924037411,0.0,-0.03697495801368667
fashion_mnist,cut_backdoor,attacked,137,9,actual_attacker,12,63,0,0,250,0.4108215928969408,0.8277153160852825,-0.17232208269445118,0.0,-0.21615163426695827
fashion_mnist,cut_backdoor,attacked,137,9,actual_attacker,12,64,0,0,435,0.46425193132767933,0.7985517135746856,-0.1427561293704788,0.0,-0.3053912139412856
fashion_mnist,cut_backdoor,attacked,137,9,actual_attacker,12,65,0,0,747,0.3932886813523863,0.7970755785281467,-0.06666336347954242,0.0,0.11254087416041388
fashion_mnist,cut_backdoor,attacked,137,9,actual_attacker,12,66,1,1,20,0.5105171724631578,0.6695876698131155,-4.7512169771325865e-05,0.0,0.08078192290657853
fashion_mnist,cut_backdoor,attacked,137,9,actual_attacker,12,67,1,1,304,0.27743580437995363,0.5104613199509258,-0.40747545289058773,0.0,-0.18320319723213385
fashion_mnist,cut_backdoor,attacked,137,9,actual_attacker,12,68,0,0,87,0.6579975926907013,0.7853677034521306,0.172568587327972,0.0,0.24499165930787195
fashion_mnist,cut_backdoor,attacked,137,9,actual_attacker,12,69,1,1,324,0.32374125563531486,0.6514789967944541,-0.026711037069046036,0.0,0.22454663733872285
fashion_mnist,cut_backdoor,attacked,137,9,actual_attacker,12,70,1,1,437,0.4027584604289219,0.6745268722233011,-0.12676573481503745,0.0,-0.1050930850691144
fashion_mnist,cut_backdoor,attacked,137,9,actual_attacker,12,71,0,0,76,0.5920233684815596,0.7643543258808114,-0.026415999666412338,0.0,-0.06356314291937279
fashion_mnist,cut_backdoor,attacked,137,9,actual_attacker,12,72,0,0,119,0.37389920237043506,0.7765490428908566,-0.18803627621509547,0.0,-0.10196162377239631
fashion_mnist,cut_backdoor,attacked,137,9,actual_attacker,12,73,1,1,1907,0.48849594344247504,0.7751304478438584,0.07575114694647496,0.0,0.2251725751769488
fashion_mnist,cut_backdoor,attacked,137,9,actual_attacker,12,75,0,0,435,0.4353919232663715,0.7383539870631877,-0.13593135977247586,0.0,-0.15735246824778218
fashion_mnist,cut_backdoor,attacked,137,9,actual_attacker,12,76,0,0,143,0.18567195027897082,0.6534826649326277,-0.1935405980728665,0.0,-0.32703186563608083
fashion_mnist,cut_backdoor,attacked,137,9,actual_attacker,12,77,0,0,288,0.4072991337866251,0.7987577034001866,-0.18141066579525253,0.0,-0.30247272530219566
fashion_mnist,cut_backdoor,attacked,137,9,actual_attacker,12,79,0,0,489,0.403222142380355,0.7099238025305833,-0.21137313016360282,0.0,-0.24018282451771933
fashion_mnist,cut_backdoor,attacked,137,9,actual_attacker,12,80,0,0,41,0.3439693186618206,0.7975337801517155,-0.17656503408471455,0.0,0.007385171840710169
fashion_mnist,cut_backdoor,attacked,137,9,actual_attacker,12,81,0,0,1537,0.4638806966131065,0.71063681283497,0.06426125716647048,0.0,-0.0006881938204246652
fashion_mnist,cut_backdoor,attacked,137,9,actual_attacker,12,82,0,0,32,0.35415434908190585,0.5372314954214794,-0.09329958205990439,0.0,0.046321734960823306
fashion_mnist,cut_backdoor,attacked,137,9,actual_attacker,12,83,0,0,20,0.47937139295047604,0.7300881143515032,-0.2642848688908323,0.0,-0.2726226449398099
fashion_mnist,cut_backdoor,attacked,137,9,actual_attacker,12,85,0,0,117,0.34146767511222126,0.6709047128699019,-0.0010443804547782575,0.0,-0.11225830077632963
fashion_mnist,cut_backdoor,attacked,137,9,actual_attacker,12,86,0,0,149,0.630695795436583,0.8818078787368215,0.028613583917252487,0.0,-0.13071566973559076
fashion_mnist,cut_backdoor,attacked,137,9,actual_attacker,12,87,0,0,394,0.42771964920291944,0.8285858012944051,-0.20154832259539154,0.0,-0.2001525402303886
fashion_mnist,cut_backdoor,attacked,137,9,actual_attacker,12,88,0,0,351,0.47693538697662113,0.8470108448347101,-0.1903953183594766,0.0,-0.1783692328094907
fashion_mnist,cut_backdoor,attacked,137,9,actual_attacker,12,89,0,0,162,0.3700692677526722,0.758288935363341,-0.30578692718017597,0.0,-0.37810065404673204
fashion_mnist,cut_backdoor,attacked,137,9,actual_attacker,12,91,0,0,933,0.37849776829477977,0.9015293677328755,0.1432841864677915,0.0,0.07592073341733445
fashion_mnist,cut_backdoor,attacked,137,9,actual_attacker,12,92,0,0,113,0.39528793397334844,0.842719834647221,-0.07510913636028924,0.0,-0.18612344548685972
fashion_mnist,cut_backdoor,attacked,137,9,actual_attacker,12,93,0,0,237,0.3636933507892388,0.7358171190855402,-0.2015370096590441,0.0,-0.33457104820715217
fashion_mnist,cut_backdoor,attacked,137,9,actual_attacker,12,94,0,0,407,0.3905442242717367,0.7911839367337061,-0.1263951575219606,0.0,-0.30648361645219413
fashion_mnist,cut_backdoor,attacked,137,9,actual_attacker,12,95,0,0,1084,0.4106941357377942,0.8603870736302615,-0.12871920282216195,0.0,-0.25266375199417823
fashion_mnist,cut_backdoor,attacked,137,9,actual_attacker,12,96,0,0,896,0.49266351408782366,0.7029162393328567,-0.07995820965572391,0.0,-0.14384152468410338
fashion_mnist,cut_backdoor,attacked,137,9,actual_attacker,12,97,0,0,478,0.29500995087932513,0.7236806500306721,-0.07460667304392145,0.0,0.041467909980627576
fashion_mnist,cut_backdoor,attacked,137,9,actual_attacker,12,98,1,1,499,0.315991431584384,0.42230020062072066,-0.14426854427730446,0.0,-0.1181258605818455
fashion_mnist,cut_backdoor,attacked,137,9,actual_attacker,12,99,1,1,97,0.30170215980761583,0.7493509656620778,-0.1757476498373298,0.0,0.07983080997194938
fashion_mnist,cut_backdoor,attacked,137,29,actual_attacker,12,0,0,0,364,0.4211426213014518,0.7984744217088703,-0.28685169192468857,0.0,-0.48370971226036474
fashion_mnist,cut_backdoor,attacked,137,29,actual_attacker,12,1,0,0,29,0.35918773178800995,0.6418214161099502,-0.03904261300814349,0.0,0.08774740233974912
fashion_mnist,cut_backdoor,attacked,137,29,actual_attacker,12,2,0,0,36,0.2981542229922315,0.466234441450596,-0.17947171707455084,0.0,-0.2910375424602442
fashion_mnist,cut_backdoor,attacked,137,29,actual_attacker,12,3,1,1,1158,0.2678802820761392,0.7027178375726794,-0.28881995644455233,0.0,0.13981150236695333
fashion_mnist,cut_backdoor,attacked,137,29,actual_attacker,12,4,0,0,1894,0.24116536281841225,0.7047429599661682,-0.10978098282296112,0.0,-0.06425829106094379
fashion_mnist,cut_backdoor,attacked,137,29,actual_attacker,12,5,0,0,81,0.3473250646844585,0.7234823639752839,-0.2742526200683261,0.0,-0.43829154649171576
fashion_mnist,cut_backdoor,attacked,137,29,actual_attacker,12,6,1,1,43,0.2751847260433313,0.5637980904567967,-0.04011644554562987,0.0,0.05609264520712335
fashion_mnist,cut_backdoor,attacked,137,29,actual_attacker,12,7,0,0,43,0.3053414588347999,0.780469506214941,0.5234425634910834,0.0,0.39666712772342905
fashion_mnist,cut_backdoor,attacked,137,29,actual_attacker,12,8,0,0,750,0.29177221583120205,0.570316076240565,-0.1197039810713179,0.0,-0.17213988257881419
fashion_mnist,cut_backdoor,attacked,137,29,actual_attacker,12,9,0,0,1292,0.36527333337364637,0.7577911264834329,0.016610150831552147,0.0,0.012855076021630395
fashion_mnist,cut_backdoor,attacked,137,29,actual_attacker,12,10,0,0,939,0.42446383528928056,0.7352503296755426,0.07997778529219036,0.0,0.057954931234913416
fashion_mnist,cut_backdoor,attacked,137,29,actual_attacker,12,12,0,0,269,0.4073386851904946,0.8625193583654781,0.23600986941374155,0.0,0.5798911749261695
fashion_mnist,cut_backdoor,attacked,137,29,actual_attacker,12,13,1,1,198,0.5161610157795935,0.7991238972154788,-0.1073897320760444,0.0,0.17649975786636116
fashion_mnist,cut_backdoor,attacked,137,29,actual_attacker,12,14,1,1,299,0.24914144870390656,0.4711284451904489,-0.18028231626683258,0.0,0.24406203432660958
fashion_mnist,cut_backdoor,attacked,137,29,actual_attacker,12,15,1,1,45,0.4063864061674662,0.7544312695389669,-0.2360721344135868,0.0,0.18586574349576904
fashion_mnist,cut_backdoor,attacked,137,29,actual_attacker,12,16,0,0,101,0.3887430961277593,0.6687417010876642,-0.19613746832626414,0.0,-0.3460543502534257
fashion_mnist,cut_backdoor,attacked,137,29,actual_attacker,12,17,0,0,1061,0.21910416050925882,0.7022208588724592,-0.04562025364010304,0.0,0.18886497842626931
fashion_mnist,cut_backdoor,attacked,137,29,actual_attacker,12,18,0,0,129,0.41064466401684024,0.7009718903113421,-0.12018072875011564,0.0,-0.13882828407640146
fashion_mnist,cut_backdoor,attacked,137,29,actual_attacker,12,20,1,1,479,0.34534533797116246,0.5823591454934828,0.32100925501126243,0.0,0.5590663189773144
fashion_mnist,cut_backdoor,attacked,137,29,actual_attacker,12,22,0,0,489,0.2967049874440051,0.6592624436166454,0.17022267764531576,0.0,-0.01558763416125142
fashion_mnist,cut_backdoor,attacked,137,29,actual_attacker,12,23,0,0,109,0.25828090592791675,0.6973811918265911,0.2802395917919523,0.0,0.3536027522247969
fashion_mnist,cut_backdoor,attacked,137,29,actual_attacker,12,25,0,0,804,0.2762489012984978,0.7447374550636265,-0.05243923702216691,0.0,0.1376166570458899
fashion_mnist,cut_backdoor,attacked,137,29,actual_attacker,12,26,0,0,1237,0.24769221725178941,0.7674017932317713,0.194316605465464,0.0,0.09210935358106122
fashion_mnist,cut_backdoor,attacked,137,29,actual_attacker,12,27,0,0,594,0.2616867870075608,0.8489425457406968,0.23499889149884173,0.0,0.13866477926725007
fashion_mnist,cut_backdoor,attacked,137,29,actual_attacker,12,28,0,0,354,0.4707238710344595,0.8075018028008651,0.4495017937183778,0.0,0.28623825826305294
fashion_mnist,cut_backdoor,attacked,137,29,actual_attacker,12,29,1,1,151,0.2718026310876448,0.7037320968096112,-0.24554450952762163,0.0,-0.003100322869741782
fashion_mnist,cut_backdoor,attacked,137,29,actual_attacker,12,31,0,0,921,0.39528423157864645,0.7117714395960152,-0.06939974286682626,0.0,-0.25072902802230534
fashion_mnist,cut_backdoor,attacked,137,29,actual_attacker,12,32,1,1,514,0.35517333808850854,0.6760697337638158,-0.012460101950612144,0.0,0.18249243592578604
fashion_mnist,cut_backdoor,attacked,137,29,actual_attacker,12,34,0,0,264,0.26854006137661873,0.8565062059517642,0.188097598780859,0.0,0.06224898784515039
fashion_mnist,cut_backdoor,attacked,137,29,actual_attacker,12,35,0,0,912,0.4408994094763106,0.6866671490098207,0.16967349085883132,0.0,0.07491364412173449
fashion_mnist,cut_backdoor,attacked,137,29,actual_attacker,12,36,0,0,191,0.24175724522559291,0.49958528269182906,0.2857032502214077,0.0,0.46536600515377646
fashion_mnist,cut_backdoor,attacked,137,29,actual_attacker,12,37,0,0,1407,0.269843278632729,0.7647935983032232,-0.21554466490689345,0.0,-0.3647018526471865
fashion_mnist,cut_backdoor,attacked,137,29,actual_attacker,12,38,0,0,338,0.26427743203923304,0.7518165799728143,0.0007977773505547961,0.0,-0.15573891191312178
fashion_mnist,cut_backdoor,attacked,137,29,actual_attacker,12,39,0,0,20,0.3054868606799212,0.5250357822377453,-0.08888051698559299,0.0,-0.14649742492073173
fashion_mnist,cut_backdoor,attacked,137,29,actual_attacker,12,40,0,0,608,0.2563159073665916,0.7497657867149917,0.05539005209352305,0.0,-0.11947473938978949
fashion_mnist,cut_backdoor,attacked,137,29,actual_attacker,12,41,1,1,1832,0.29924076823542706,0.7266817989606533,-0.10708312818995427,0.0,0.14589237615527337
fashion_mnist,cut_backdoor,attacked,137,29,actual_attacker,12,42,0,0,388,0.3520064251226236,0.8434690119901939,-0.19312009480804954,0.0,-0.2802515549921739
fashion_mnist,cut_backdoor,attacked,137,29,actual_attacker,12,43,0,0,20,0.6291015711001557,0.7861284682781744,-0.03046696255839799,0.0,-0.22120732490844058
fashion_mnist,cut_backdoor,attacked,137,29,actual_attacker,12,44,0,0,287,0.2143971979294838,0.6556925225488985,-0.20736308699552972,0.0,-0.13524506792932853
fashion_mnist,cut_backdoor,attacked,137,29,actual_attacker,12,45,0,0,754,0.3470247955995697,0.6744326583286007,0.054275808227195084,0.0,0.38506939962750925
fashion_mnist,cut_backdoor,attacked,137,29,actual_attacker,12,46,0,0,189,0.2205424207018173,0.7334976664520233,0.1489053687647575,0.0,-0.026527296000860314
fashion_mnist,cut_backdoor,attacked,137,29,actual_attacker,12,47,1,1,210,0.26580540107250256,0.5064146762968711,-0.00923673386535702,0.0,0.3682560187539034
fashion_mnist,cut_backdoor,attacked,137,29,actual_attacker,12,48,0,0,192,0.43662239206427034,0.8808776944757245,-0.20890496373795264,0.0,-0.29857761434173546
fashion_mnist,cut_backdoor,attacked,137,29,actual_attacker,12,49,0,0,1077,0.33438355178975626,0.6740153410536551,0.0049415925224513095,0.0,-0.20563052889062827
fashion_mnist,cut_backdoor,attacked,137,29,actual_attacker,12,50,0,0,59,0.19072443403173414,0.639192877320505,-0.30607259141265347,0.0,-0.5230076701965175
fashion_mnist,cut_backdoor,attacked,137,29,actual_attacker,12,51,0,0,939,0.3041218746174935,0.640289174113062,-0.18707136921509143,0.0,-0.3808677369930135
fashion_mnist,cut_backdoor,attacked,137,29,actual_attacker,12,52,0,0,70,0.3120272246173864,0.7405541626965098,-0.004258288407376309,0.0,-0.02883760486109849
fashion_mnist,cut_backdoor,attacked,137,29,actual_attacker,12,53,0,0,249,0.4672337424397862,0.6711463127503506,0.17953739556357207,0.0,0.05265056834418192
fashion_mnist,cut_backdoor,attacked,137,29,actual_attacker,12,54,0,0,69,0.3228517215292052,0.8573252643679281,0.18837801684094652,0.0,0.5184513015445572
fashion_mnist,cut_backdoor,attacked,137,29,actual_attacker,12,55,0,0,1032,0.3991422575985299,0.7921433288148212,0.4886342851005784,0.0,0.2582850486798772
fashion_mnist,cut_backdoor,attacked,137,29,actual_attacker,12,56,0,0,1452,0.4977450292853685,0.7769793346632612,-0.057058039628998886,0.0,-0.27412243162875793
fashion_mnist,cut_backdoor,attacked,137,29,actual_attacker,12,57,0,0,887,0.33650411950565967,0.6645020546286726,0.10893110140566076,0.0,-0.003365908725851014
fashion_mnist,cut_backdoor,attacked,137,29,actual_attacker,12,58,0,0,44,0.35430864736608575,0.7936922588439712,0.24539208610363136,0.0,0.6028120222113458
fashion_mnist,cut_backdoor,attacked,137,29,actual_attacker,12,60,0,0,187,0.3394517888688433,0.8578905438564378,-0.2507232698426425,0.0,-0.2855831349204524
fashion_mnist,cut_backdoor,attacked,137,29,actual_attacker,12,61,1,1,216,0.28987193143391726,0.5530328408132185,-0.20043407830921414,0.0,-0.005805212522071116
fashion_mnist,cut_backdoor,attacked,137,29,actual_attacker,12,62,0,0,975,0.3609050453368454,0.7927126867155728,0.4902867552551337,0.0,0.5247829604486189
fashion_mnist,cut_backdoor,attacked,137,29,actual_attacker,12,63,0,0,250,0.3531447957241528,0.7635360055036854,-0.11857621116137822,0.0,-0.1647751241891497
fashion_mnist,cut_backdoor,attacked,137,29,actual_attacker,12,64,0,0,435,0.48271564795006383,0.7531870530029099,-0.25929216714043507,0.0,-0.48808045120722793
fashion_mnist,cut_backdoor,attacked,137,29,actual_attacker,12,65,0,0,747,0.33337592380724596,0.7659777817626774,0.37960791425884843,0.0,0.563122444496662
fashion_mnist,cut_backdoor,attacked,137,29,actual_attacker,12,66,1,1,20,0.437857603184092,0.728466799254636,0.43481290089674396,0.0,0.5448996990331049
fashion_mnist,cut_backdoor,attacked,137,29,actual_attacker,12,67,1,1,304,0.22677993819116526,0.45071589014205493,-0.42690890148462574,0.0,-0.004792651997435431
fashion_mnist,cut_backdoor,attacked,137,29,actual_attacker,12,68,0,0,87,0.6608786446400725,0.822048996193821,-0.11482856692484766,0.0,-0.004240772270992456
fashion_mnist,cut_backdoor,attacked,137,29,actual_attacker,12,69,1,1,324,0.34086882514915195,0.793944189914746,-0.2778108695690269,0.0,0.13962521208828127
fashion_mnist,cut_backdoor,attacked,137,29,actual_attacker,12,70,1,1,437,0.37172145355734026,0.602242664834505,-0.29168216784714446,0.0,-0.11935821827060843
fashion_mnist,cut_backdoor,attacked,137,29,actual_attacker,12,71,0,0,76,0.4862225552902586,0.7772565352249702,0.48594217327465244,0.0,0.34487984560709356
fashion_mnist,cut_backdoor,attacked,137,29,actual_attacker,12,72,0,0,119,0.3055903345941278,0.7948532047334819,-0.04639648695462212,0.0,0.014468929927331045
fashion_mnist,cut_backdoor,attacked,137,29,actual_attacker,12,73,1,1,1907,0.4573091399560493,0.8385348227495824,-0.25580728538030284,0.0,0.041964902003612185
fashion_mnist,cut_backdoor,attacked,137,29,actual_attacker,12,74,0,0,533,0.3623510960079029,0.8333847502888523,-0.2744710326406303,0.0,-0.452019502881198
fashion_mnist,cut_backdoor,attacked,137,29,actual_attacker,12,75,0,0,435,0.32439889176034503,0.7169087948512105,0.2260585055735297,0.0,0.1230093782184903
fashion_mnist,cut_backdoor,attacked,137,29,actual_attacker,12,76,0,0,143,0.1385136763271511,0.6797214819647656,0.18429298445127953,0.0,-0.07758468261929617
fashion_mnist,cut_backdoor,attacked,137,29,actual_attacker,12,77,0,0,288,0.3525365623264782,0.7102031896904164,-0.2012379583178916,0.0,-0.36170097964993164
fashion_mnist,cut_backdoor,attacked,137,29,actual_attacker,12,78,0,0,1205,0.2812538381116929,0.648015856806706,0.028208553961001505,0.0,0.35503708796619665
fashion_mnist,cut_backdoor,attacked,137,29,actual_attacker,12,79,0,0,489,0.30016530956413673,0.6784185094553419,-0.20716568489101778,0.0,-0.31227684808590284
fashion_mnist,cut_backdoor,attacked,137,29,actual_attacker,12,80,0,0,41,0.2505262933563509,0.8044026590772635,0.13324413752031058,0.0,0.3875606675414029
fashion_mnist,cut_backdoor,attacked,137,29,actual_attacker,12,81,0,0,1537,0.50764265594161,0.7361606295955246,-0.27522077538913864,0.0,-0.3968285333345917
fashion_mnist,cut_backdoor,attacked,137,29,actual_attacker,12,82,0,0,32,0.30024639791646945,0.3796740080826918,-0.006604670574653089,0.0,0.12309994962358313
fashion_mnist,cut_backdoor,attacked,137,29,actual_attacker,12,83,0,0,20,0.3492499714665279,0.7467680631174372,-0.18419603403485132,0.0,-0.2567047913765373
fashion_mnist,cut_backdoor,attacked,137,29,actual_attacker,12,84,0,0,225,0.6172976928416404,0.7854905521417985,-0.10732575104667504,0.0,-0.06718861818032394
fashion_mnist,cut_backdoor,attacked,137,29,actual_attacker,12,85,0,0,117,0.2711990647085016,0.7492698473925106,0.19233824102151775,0.0,0.05429435224978054
fashion_mnist,cut_backdoor,attacked,137,29,actual_attacker,12,87,0,0,394,0.32343453637123576,0.6582108437172064,-0.0281250768357515,0.0,-0.08803828053927082
fashion_mnist,cut_backdoor,attacked,137,29,actual_attacker,12,88,0,0,351,0.3884733810889141,0.6951197894026844,0.1314077524785714,0.0,0.09007069840176306
fashion_mnist,cut_backdoor,attacked,137,29,actual_attacker,12,89,0,0,162,0.31157292377086643,0.6569367752024116,-0.33019078499879523,0.0,-0.3834502032341153
fashion_mnist,cut_backdoor,attacked,137,29,actual_attacker,12,91,0,0,933,0.344983727776375,0.8527996369462005,0.2468270224738521,0.0,0.16803898181394586
fashion_mnist,cut_backdoor,attacked,137,29,actual_attacker,12,92,0,0,113,0.24361727650768464,0.7287309597262107,0.10002153146245277,0.0,-0.07425127705300624
fashion_mnist,cut_backdoor,attacked,137,29,actual_attacker,12,94,0,0,407,0.3740761972575941,0.7563739958101496,-0.2936358465369424,0.0,-0.4938247046075224
fashion_mnist,cut_backdoor,attacked,137,29,actual_attacker,12,95,0,0,1084,0.279437731557361,0.6996702477205946,0.04701877600216197,0.0,-0.10879544126588142
fashion_mnist,cut_backdoor,attacked,137,29,actual_attacker,12,96,0,0,896,0.395801204072529,0.7022444893500189,0.2429490109356487,0.0,0.07322769359513692
fashion_mnist,cut_backdoor,attacked,137,29,actual_attacker,12,97,0,0,478,0.27974638915495253,0.7390814482211363,-0.21281750789476372,0.0,-0.03877321338798069
fashion_mnist,cut_backdoor,attacked,137,29,actual_attacker,12,98,1,1,499,0.25104026156602327,0.44729895621408416,-0.009206193693043568,0.0,0.14295063144280312
fashion_mnist,cut_backdoor,attacked,137,29,actual_attacker,12,99,1,1,97,0.3092816937685876,0.6321355329664966,-0.06588108425149405,0.0,0.36523422662240496
fashion_mnist,cut_backdoor,attacked,2024,0,actual_attacker,13,0,0,0,604,0.5658464364496951,0.7344392908525466,-0.4903038771400771,0.0,-0.4814902898075057
fashion_mnist,cut_backdoor,attacked,2024,0,actual_attacker,13,1,0,0,1427,0.44108118452172035,0.6456637163018752,-0.47674072873440376,0.0,-0.45296098874324836
fashion_mnist,cut_backdoor,attacked,2024,0,actual_attacker,13,2,0,0,82,0.6394658668205665,0.9287423978564819,-0.22070055135267705,0.0,-0.2682138170337418
fashion_mnist,cut_backdoor,attacked,2024,0,actual_attacker,13,4,0,0,72,0.5557779195850396,0.8860112839597093,-0.3409802500626098,0.0,-0.2203729036344583
fashion_mnist,cut_backdoor,attacked,2024,0,actual_attacker,13,5,0,0,1138,0.511981570941154,0.9113847522503697,-0.3647534604874954,0.0,-0.2473034198395878
fashion_mnist,cut_backdoor,attacked,2024,0,actual_attacker,13,6,1,1,131,0.616273321755023,0.9372111232945137,-0.31485291430473816,0.0,-0.24114036571107164
fashion_mnist,cut_backdoor,attacked,2024,0,actual_attacker,13,7,0,0,222,0.5048095389922208,0.6519856161260911,-0.24442579692246466,0.0,-0.19011858402719758
fashion_mnist,cut_backdoor,attacked,2024,0,actual_attacker,13,8,0,0,1510,0.5564137800723631,0.7339847619895228,-0.08756087073736689,0.0,-0.03669189243123666
fashion_mnist,cut_backdoor,attacked,2024,0,actual_attacker,13,9,0,0,272,0.5787232056359478,0.9092495066513944,-0.3192161743031252,0.0,-0.2876883089008418
fashion_mnist,cut_backdoor,attacked,2024,0,actual_attacker,13,10,0,0,455,0.6248683160214665,0.8830401045486406,-0.14281587957842695,0.0,-0.13099414049673852
fashion_mnist,cut_backdoor,attacked,2024,0,actual_attacker,13,11,0,0,313,0.5904941907288864,0.9146253420384147,-0.30760737178324216,0.0,-0.3688303047020622
fashion_mnist,cut_backdoor,attacked,2024,0,actual_attacker,13,12,0,0,437,0.46345878092750603,0.6927166403625502,-0.5341287097881209,0.0,-0.4689176167518806
fashion_mnist,cut_backdoor,attacked,2024,0,actual_attacker,13,14,0,0,517,0.5165183605153066,0.7461013387153324,-0.5367610316926792,0.0,-0.5514199366939272
fashion_mnist,cut_backdoor,attacked,2024,0,actual_attacker,13,15,1,1,919,0.6792534965824267,0.9481319314795428,-0.2747426042081406,0.0,-0.20962827840498996
fashion_mnist,cut_backdoor,attacked,2024,0,actual_attacker,13,16,0,0,245,0.47333206708583386,0.6834911555229024,-0.5467807972748285,0.0,-0.6119505722990121
fashion_mnist,cut_backdoor,attacked,2024,0,actual_attacker,13,17,0,0,105,0.5464472586936555,0.8709900769071623,-0.3799038416702684,0.0,-0.2981294636334209
fashion_mnist,cut_backdoor,attacked,2024,0,actual_attacker,13,19,1,1,265,0.4055356493712328,0.7362263648157212,-0.34639242621909977,0.0,-0.3074490488062522
fashion_mnist,cut_backdoor,attacked,2024,0,actual_attacker,13,20,1,1,1265,0.4525451276202166,0.7916509648261102,-0.3728917086437219,0.0,-0.2985232381623739
fashion_mnist,cut_backdoor,attacked,2024,0,actual_attacker,13,21,0,0,990,0.5158703206844039,0.8749082076492771,-0.24627213842573245,0.0,-0.2738196580158337
fashion_mnist,cut_backdoor,attacked,2024,0,actual_attacker,13,22,0,0,48,0.4688294719965644,0.7594201770529756,-0.4199974642898424,0.0,-0.30972316639574626
fashion_mnist,cut_backdoor,attacked,2024,0,actual_attacker,13,23,0,0,626,0.49034347363037056,0.7048805670813107,-0.399185311962848,0.0,-0.33824497849937074
fashion_mnist,cut_backdoor,attacked,2024,0,actual_attacker,13,24,0,0,869,0.5033579422813275,0.7516314628661966,-0.3298790428103032,0.0,-0.3786703921136865
fashion_mnist,cut_backdoor,attacked,2024,0,actual_attacker,13,25,1,1,786,0.38015998654105726,0.7416021825679611,-0.34891950201887034,0.0,-0.3033428430825418
fashion_mnist,cut_backdoor,attacked,2024,0,actual_attacker,13,26,0,0,743,0.4991352138867461,0.6834568901608234,-0.24184699179039365,0.0,-0.22201199316315057
fashion_mnist,cut_backdoor,attacked,2024,0,actual_attacker,13,28,0,0,324,0.6301838464535104,0.8557666671050119,-0.26195718145540037,0.0,-0.23924194649450978
fashion_mnist,cut_backdoor,attacked,2024,0,actual_attacker,13,29,0,0,122,0.6980050443369755,0.9448928012441892,-0.2614579081373526,0.0,-0.1507202952992407
fashion_mnist,cut_backdoor,attacked,2024,0,actual_attacker,13,31,1,1,107,0.5318688622692727,0.8776983991715571,-0.28424177603847905,0.0,-0.26867974305361497
fashion_mnist,cut_backdoor,attacked,2024,0,actual_attacker,13,32,0,0,465,0.5768366904280864,0.8186469903304572,-0.37120971795433483,0.0,-0.35024695287580654
fashion_mnist,cut_backdoor,attacked,2024,0,actual_attacker,13,33,0,0,109,0.586708242280015,0.9214464179118863,-0.23575092851216817,0.0,-0.2670055149718673
fashion_mnist,cut_backdoor,attacked,2024,0,actual_attacker,13,34,0,0,964,0.6067828558286701,0.8171051937293832,-0.3374557359255814,0.0,-0.30514345107077306
fashion_mnist,cut_backdoor,attacked,2024,0,actual_attacker,13,35,0,0,498,0.6428774833088856,0.9080383609241389,-0.4171227521183726,0.0,-0.4929524673983317
fashion_mnist,cut_backdoor,attacked,2024,0,actual_attacker,13,36,0,0,949,0.5269890683479803,0.8681940192476576,-0.5362056827028727,0.0,-0.5928722302092698
fashion_mnist,cut_backdoor,attacked,2024,0,actual_attacker,13,37,0,0,20,0.5396691689033978,0.7433563560466934,-0.21910770714172134,0.0,-0.2338610689080507
fashion_mnist,cut_backdoor,attacked,2024,0,actual_attacker,13,38,0,0,410,0.6277215729705079,0.8041666794555014,-0.3863818025061647,0.0,-0.41064486524461724
fashion_mnist,cut_backdoor,attacked,2024,0,actual_attacker,13,39,0,0,20,0.49179593862592885,0.7890696446988875,-0.3069114464507356,0.0,-0.32251211274747865
fashion_mnist,cut_backdoor,attacked,2024,0,actual_attacker,13,40,0,0,1422,0.6080516392081298,0.8511668529130774,-0.3595340897498999,0.0,-0.4055519419449296
fashion_mnist,cut_backdoor,attacked,2024,0,actual_attacker,13,41,0,0,1175,0.6847547570967071,0.9194879169734144,-0.25324304527790026,0.0,-0.2271120968016138
fashion_mnist,cut_backdoor,attacked,2024,0,actual_attacker,13,42,1,1,124,0.42963196240965024,0.6848711859352815,-0.45575410531810406,0.0,-0.46055972458856986
fashion_mnist,cut_backdoor,attacked,2024,0,actual_attacker,13,43,0,0,1127,0.6558356811293578,0.9272299168651038,-0.3952361600056053,0.0,-0.42663931970994734
fashion_mnist,cut_backdoor,attacked,2024,0,actual_attacker,13,44,0,0,406,0.6650740619825111,0.9162897732286114,-0.45118190027849725,0.0,-0.48730526135219293
fashion_mnist,cut_backdoor,attacked,2024,0,actual_attacker,13,46,1,1,20,0.5085117115358918,0.6181913367419922,-0.33037451687278907,0.0,-0.34129054811502646
fashion_mnist,cut_backdoor,attacked,2024,0,actual_attacker,13,47,0,0,475,0.6146783733800915,0.7994731879909143,-0.35730591322680744,0.0,-0.3483372673898061
fashion_mnist,cut_backdoor,attacked,2024,0,actual_attacker,13,48,1,1,175,0.5200637562137354,0.8682740538916317,-0.2790434047346545,0.0,-0.2120774712395689
fashion_mnist,cut_backdoor,attacked,2024,0,actual_attacker,13,49,0,0,3274,0.5275534466109033,0.7779295831888247,-0.2479184997127435,0.0,-0.2573829852798354
fashion_mnist,cut_backdoor,attacked,2024,0,actual_attacker,13,50,0,0,27,0.6587371271053734,0.888752652806887,-0.3974025261539903,0.0,-0.40749442444041467
fashion_mnist,cut_backdoor,attacked,2024,0,actual_attacker,13,51,0,0,1215,0.6013217786682344,0.8044577455646988,-0.37651715608498765,0.0,-0.3496643595819929
fashion_mnist,cut_backdoor,attacked,2024,0,actual_attacker,13,53,1,1,452,0.46027478979688696,0.6271872077433911,-0.42627808953805874,0.0,-0.427653443974414
fashion_mnist,cut_backdoor,attacked,2024,0,actual_attacker,13,54,1,1,210,0.5748650261203572,0.87747044977238,-0.20824820392613566,0.0,-0.24497075654055037
fashion_mnist,cut_backdoor,attacked,2024,0,actual_attacker,13,55,0,0,552,0.607389050569599,0.8944599479773672,-0.4338735796644205,0.0,-0.4933908508941274
fashion_mnist,cut_backdoor,attacked,2024,0,actual_attacker,13,56,0,0,311,0.5904178374493945,0.8703916252548523,-0.31989170220543117,0.0,-0.34482788534108605
fashion_mnist,cut_backdoor,attacked,2024,0,actual_attacker,13,57,0,0,47,0.5859043423780059,0.7992181677387512,-0.2827027689190212,0.0,-0.28118214399933644
fashion_mnist,cut_backdoor,attacked,2024,0,actual_attacker,13,58,1,1,156,0.6221866848134914,0.8972707589419262,-0.26504589120701005,0.0,-0.22876702601863674
fashion_mnist,cut_backdoor,attacked,2024,0,actual_attacker,13,59,0,0,82,0.5968826801555787,0.8706424877160737,-0.35038987013238954,0.0,-0.35370448454435816
fashion_mnist,cut_backdoor,attacked,2024,0,actual_attacker,13,61,1,1,40,0.516263215892075,0.9014896871135043,-0.3189276091198729,0.0,-0.2439951899252586
fashion_mnist,cut_backdoor,attacked,2024,0,actual_attacker,13,62,0,0,497,0.8042522711979642,0.9435823577910745,-0.33357377419428114,0.0,-0.40729059529058254
fashion_mnist,cut_backdoor,attacked,2024,0,actual_attacker,13,63,0,0,249,0.6340158906630438,0.7884418787891514,-0.3777557033824331,0.0,-0.3159334333594277
fashion_mnist,cut_backdoor,attacked,2024,0,actual_attacker,13,65,1,1,109,0.49978985498418915,0.8419329106992162,-0.2246445462314743,0.0,-0.25254913164589016
fashion_mnist,cut_backdoor,attacked,2024,0,actual_attacker,13,66,0,0,1087,0.5232634522943259,0.6076191156388211,-0.2556439550876842,0.0,-0.2568837362614321
fashion_mnist,cut_backdoor,attacked,2024,0,actual_attacker,13,67,0,0,353,0.5829649786391954,0.909241309406454,-0.2477179728842406,0.0,-0.27635813633483214
fashion_mnist,cut_backdoor,attacked,2024,0,actual_attacker,13,68,1,1,1156,0.5128941485788479,0.8633879382863853,-0.3277075312921373,0.0,-0.255735603900645
fashion_mnist,cut_backdoor,attacked,2024,0,actual_attacker,13,70,0,0,20,0.4332045766136906,0.6310094758791095,-0.35773471496748627,0.0,-0.3594618774027684
fashion_mnist,cut_backdoor,attacked,2024,0,actual_attacker,13,71,0,0,268,0.604290047045202,0.7319926798624803,-0.08609930091588154,0.0,-0.016749813822630615
fashion_mnist,cut_backdoor,attacked,2024,0,actual_attacker,13,72,0,0,514,0.5717086834253492,0.7961154594740023,-0.3147945833079332,0.0,-0.29279448738765546
fashion_mnist,cut_backdoor,attacked,2024,0,actual_attacker,13,73,0,0,1403,0.521612591677261,0.7961036823681333,-0.4703186146084331,0.0,-0.5351770579207393
fashion_mnist,cut_backdoor,attacked,2024,0,actual_attacker,13,74,0,0,27,0.6553350425771456,0.9370203109887066,-0.2712244477095496,0.0,-0.16043308176104693
fashion_mnist,cut_backdoor,attacked,2024,0,actual_attacker,13,75,1,1,574,0.6257926450687267,0.8392845092670231,-0.2677917306844737,0.0,-0.27361393119908584
fashion_mnist,cut_backdoor,attacked,2024,0,actual_attacker,13,76,1,1,363,0.46042434020724915,0.7172460138973481,-0.42058087458121785,0.0,-0.4025182296869203
fashion_mnist,cut_backdoor,attacked,2024,0,actual_attacker,13,77,0,0,193,0.5524389962127145,0.8333053318571653,-0.3212193122420107,0.0,-0.2922354412055346
fashion_mnist,cut_backdoor,attacked,2024,0,actual_attacker,13,78,0,0,148,0.6041489274702453,0.7790745117678098,-0.3346422654539099,0.0,-0.3826023891426167
fashion_mnist,cut_backdoor,attacked,2024,0,actual_attacker,13,79,0,0,927,0.6489196345440927,0.8621197656330878,-0.1804058569120634,0.0,-0.15789437273374787
fashion_mnist,cut_backdoor,attacked,2024,0,actual_attacker,13,80,0,0,230,0.6164589466412338,0.769609885754983,-0.32724801658691327,0.0,-0.36405044857365293
fashion_mnist,cut_backdoor,attacked,2024,0,actual_attacker,13,81,0,0,2792,0.47164463264108697,0.739283626598797,-0.5076941879139982,0.0,-0.4742446720732239
fashion_mnist,cut_backdoor,attacked,2024,0,actual_attacker,13,82,0,0,590,0.5799207940961901,0.8637146912200893,-0.3580520450107678,0.0,-0.3957507410912419
fashion_mnist,cut_backdoor,attacked,2024,0,actual_attacker,13,83,0,0,332,0.7843305423261674,0.94299516390941,-0.3343192889324786,0.0,-0.41075874974468285
fashion_mnist,cut_backdoor,attacked,2024,0,actual_attacker,13,84,0,0,893,0.6287467288157282,0.8829037940107369,-0.3053500386019278,0.0,-0.27222858285930457
fashion_mnist,cut_backdoor,attacked,2024,0,actual_attacker,13,85,0,0,701,0.5423875152764726,0.8735163924127333,-0.25189388737513085,0.0,-0.27726659634936496
fashion_mnist,cut_backdoor,attacked,2024,0,actual_attacker,13,86,0,0,98,0.6542449815906661,0.7496729132824042,-0.40400254173883726,0.0,-0.34950260437504355
fashion_mnist,cut_backdoor,attacked,2024,0,actual_attacker,13,87,0,0,880,0.5562088185244052,0.7671059858689714,-0.2876313124509748,0.0,-0.2970742899781126
fashion_mnist,cut_backdoor,attacked,2024,0,actual_attacker,13,88,0,0,872,0.602340976305092,0.9314005604241311,-0.46139268116153004,0.0,-0.4940608290164247
fashion_mnist,cut_backdoor,attacked,2024,0,actual_attacker,13,89,1,1,273,0.612200826153165,0.7300059711997807,-0.054755564394572194,0.0,-0.02537689219056047
fashion_mnist,cut_backdoor,attacked,2024,0,actual_attacker,13,90,0,0,306,0.612622949015592,0.9171846610139289,-0.2624669003862673,0.0,-0.32889888798833516
fashion_mnist,cut_backdoor,attacked,2024,0,actual_attacker,13,91,0,0,670,0.6398764455894971,0.8665565406414082,-0.20308376153654262,0.0,-0.2135517816102195
fashion_mnist,cut_backdoor,attacked,2024,0,actual_attacker,13,92,0,0,294,0.7454331716506097,0.8926518370125176,-0.2416558172464063,0.0,-0.2683695040387445
fashion_mnist,cut_backdoor,attacked,2024,0,actual_attacker,13,93,0,0,887,0.6039205287541548,0.8627412761657863,-0.11003299788346145,0.0,-0.08050650393495562
fashion_mnist,cut_backdoor,attacked,2024,0,actual_attacker,13,94,0,0,67,0.6371329091682587,0.8959245244654902,-0.24757099599790516,0.0,-0.2278467785762416
fashion_mnist,cut_backdoor,attacked,2024,0,actual_attacker,13,95,0,0,815,0.6589717987826336,0.8930313770367564,-0.16813585965323669,0.0,-0.1908699063058603
fashion_mnist,cut_backdoor,attacked,2024,0,actual_attacker,13,96,0,0,300,0.636512125908426,0.9271925093213756,-0.4132843276015705,0.0,-0.44126850141047413
fashion_mnist,cut_backdoor,attacked,2024,0,actual_attacker,13,97,0,0,94,0.6807645822097431,0.8697402398704586,-0.16515297757513484,0.0,-0.14454609410427774
fashion_mnist,cut_backdoor,attacked,2024,0,actual_attacker,13,98,0,0,20,0.7498066650925421,0.9118104533003264,-0.3597336742718195,0.0,-0.4289338351940342
fashion_mnist,cut_backdoor,attacked,2024,0,actual_attacker,13,99,0,0,76,0.6364403017584938,0.9012840915648896,-0.4549467820120339,0.0,-0.5308840739997
fashion_mnist,cut_backdoor,attacked,2024,9,actual_attacker,13,0,0,0,604,0.32964672219876656,0.6254443353323608,-0.1687076167708044,0.0,-0.054090970076970016
fashion_mnist,cut_backdoor,attacked,2024,9,actual_attacker,13,1,0,0,1427,0.32950632603256,0.6260688022364477,-0.2383773058714215,0.0,-0.22033939196363325
fashion_mnist,cut_backdoor,attacked,2024,9,actual_attacker,13,3,0,0,621,0.4128845540755606,0.8098876560494002,-0.09593672497245392,0.0,-0.17417559027109256
fashion_mnist,cut_backdoor,attacked,2024,9,actual_attacker,13,4,0,0,72,0.3585143019994538,0.7118788800899103,-0.1290875281517553,0.0,0.15326937793691864
fashion_mnist,cut_backdoor,attacked,2024,9,actual_attacker,13,5,0,0,1138,0.34035980581053216,0.7359855205707727,-0.15057341649572245,0.0,0.13784135406611653
fashion_mnist,cut_backdoor,attacked,2024,9,actual_attacker,13,6,1,1,131,0.38687753794857066,0.7515913569790917,-0.08431038169666272,0.0,0.14348493611665872
fashion_mnist,cut_backdoor,attacked,2024,9,actual_attacker,13,7,0,0,222,0.5018923520867661,0.6809732511459643,0.03837561975079963,0.0,0.06271250498273737
fashion_mnist,cut_backdoor,attacked,2024,9,actual_attacker,13,8,0,0,1510,0.5240290658505972,0.6916885218719352,0.12528433613852688,0.0,0.20679015896862227
fashion_mnist,cut_backdoor,attacked,2024,9,actual_attacker,13,9,0,0,272,0.36574871085999117,0.802029483318967,-0.08024988662378031,0.0,-0.08995085716027305
fashion_mnist,cut_backdoor,attacked,2024,9,actual_attacker,13,10,0,0,455,0.485092299877355,0.722531498639648,0.03359754397849546,0.0,0.024621615369277164
fashion_mnist,cut_backdoor,attacked,2024,9,actual_attacker,13,11,0,0,313,0.4390695310546327,0.8919905969840706,-0.15826499026814322,0.0,-0.34635076199439924
fashion_mnist,cut_backdoor,attacked,2024,9,actual_attacker,13,12,0,0,437,0.28813248183240797,0.6831126027768653,-0.21556173557296895,0.0,0.027379980505241548
fashion_mnist,cut_backdoor,attacked,2024,9,actual_attacker,13,13,0,0,159,0.3160411607383944,0.6133226466787903,-0.16325833318367805,0.0,0.02233156334520923
fashion_mnist,cut_backdoor,attacked,2024,9,actual_attacker,13,14,0,0,517,0.33419127665493353,0.6878698796390942,-0.23031588130840502,0.0,-0.24666381467983836
fashion_mnist,cut_backdoor,attacked,2024,9,actual_attacker,13,15,1,1,919,0.4918464620655906,0.8400553321452644,-0.00790174505767914,0.0,0.2488854263496097
fashion_mnist,cut_backdoor,attacked,2024,9,actual_attacker,13,16,0,0,245,0.3030474210298015,0.66374980124865,-0.245231976341328,0.0,-0.37463687189001643
fashion_mnist,cut_backdoor,attacked,2024,9,actual_attacker,13,18,0,0,105,0.4162519829053653,0.5837167028342236,-0.13052852459903772,0.0,-0.23702354050793578
fashion_mnist,cut_backdoor,attacked,2024,9,actual_attacker,13,19,1,1,265,0.40486693849633915,0.6828728357325101,0.06386357573455854,0.0,0.22519915335893348
fashion_mnist,cut_backdoor,attacked,2024,9,actual_attacker,13,20,1,1,1265,0.28234977395392197,0.6606634689343901,-0.11246989066488973,0.0,0.10473541679344577
fashion_mnist,cut_backdoor,attacked,2024,9,actual_attacker,13,21,0,0,990,0.3612921611972242,0.6699009784216191,-0.1730409854612154,0.0,-0.3065708326421783
fashion_mnist,cut_backdoor,attacked,2024,9,actual_attacker,13,23,0,0,626,0.39700722443658265,0.6398608370945621,-0.14621102650283752,0.0,-0.1595298846461989
fashion_mnist,cut_backdoor,attacked,2024,9,actual_attacker,13,24,0,0,869,0.36111745093248576,0.591867313918067,-0.14590021791714888,0.0,-0.27431451010259267
fashion_mnist,cut_backdoor,attacked,2024,9,actual_attacker,13,25,1,1,786,0.3387242130381264,0.5086685464556602,-0.011621453631331179,0.0,0.2921621428381412
fashion_mnist,cut_backdoor,attacked,2024,9,actual_attacker,13,27,0,0,567,0.3187652699881748,0.7199015110525646,-0.16190897304285679,0.0,-0.23445652764178238
fashion_mnist,cut_backdoor,attacked,2024,9,actual_attacker,13,28,0,0,324,0.40664387062418517,0.7685082886501882,-0.13122586549919682,0.0,-0.06780757764409813
fashion_mnist,cut_backdoor,attacked,2024,9,actual_attacker,13,29,0,0,122,0.47927484492843414,0.8421612034541421,-0.008993815772137845,0.0,0.32683660502101797
fashion_mnist,cut_backdoor,attacked,2024,9,actual_attacker,13,30,0,0,654,0.313175983785731,0.7310927128437699,-0.2001332732437838,0.0,-0.37247035290082414
fashion_mnist,cut_backdoor,attacked,2024,9,actual_attacker,13,31,1,1,107,0.38849914798917173,0.5928181578572834,-0.04623971835395713,0.0,0.10494900796871255
fashion_mnist,cut_backdoor,attacked,2024,9,actual_attacker,13,32,0,0,465,0.3563942229107039,0.7922824551706611,-0.0546834293302865,0.0,-0.019349834418170085
fashion_mnist,cut_backdoor,attacked,2024,9,actual_attacker,13,33,0,0,109,0.5054047581875764,0.8999046850105167,-0.11657636884639355,0.0,-0.23802097199492625
fashion_mnist,cut_backdoor,attacked,2024,9,actual_attacker,13,34,0,0,964,0.45276290411946657,0.7148794338158819,-0.11295987020366148,0.0,-0.2342816262087488
fashion_mnist,cut_backdoor,attacked,2024,9,actual_attacker,13,36,0,0,949,0.30572107614598726,0.7788462105427303,-0.23836345583197324,0.0,-0.3612557682277356
fashion_mnist,cut_backdoor,attacked,2024,9,actual_attacker,13,37,0,0,20,0.47688830698008844,0.6265142431756525,-0.10567983295953821,0.0,-0.2766559256008686
fashion_mnist,cut_backdoor,attacked,2024,9,actual_attacker,13,38,0,0,410,0.3030601825321719,0.7828046159687136,-0.18755823270000763,0.0,-0.24507450359444627
fashion_mnist,cut_backdoor,attacked,2024,9,actual_attacker,13,39,0,0,20,0.34359751690551027,0.5876463877616656,-0.15658988428242132,0.0,-0.3128182942140625
fashion_mnist,cut_backdoor,attacked,2024,9,actual_attacker,13,40,0,0,1422,0.3702705070657534,0.8095625910956082,-0.116337804625712,0.0,-0.18662500018923825
fashion_mnist,cut_backdoor,attacked,2024,9,actual_attacker,13,41,0,0,1175,0.46703499366317286,0.8341612383541808,0.007003722126082904,0.0,0.03481927133685466
fashion_mnist,cut_backdoor,attacked,2024,9,actual_attacker,13,42,1,1,124,0.2610020049027163,0.5491739424555153,-0.14317011753109377,0.0,0.07597872765242016
fashion_mnist,cut_backdoor,attacked,2024,9,actual_attacker,13,43,0,0,1127,0.37829382379852344,0.8090971149854299,-0.15586673223677996,0.0,-0.29698891652050896
fashion_mnist,cut_backdoor,attacked,2024,9,actual_attacker,13,44,0,0,406,0.3505179545546686,0.8444987222379018,-0.13312273339027253,0.0,-0.23026912071495487
fashion_mnist,cut_backdoor,attacked,2024,9,actual_attacker,13,45,0,0,376,0.533739983742695,0.7503658394126742,0.026403183618100304,0.0,0.015178783946410835
fashion_mnist,cut_backdoor,attacked,2024,9,actual_attacker,13,46,1,1,20,0.34639519454477374,0.5728584095058087,-0.16498965778837654,0.0,-0.07406882351575468
fashion_mnist,cut_backdoor,attacked,2024,9,actual_attacker,13,47,0,0,475,0.32937643623624835,0.6680185643682999,-0.2066612446298145,0.0,-0.34133751133361656
fashion_mnist,cut_backdoor,attacked,2024,9,actual_attacker,13,48,1,1,175,0.3526473108431318,0.7477103522581096,-0.058901145773185455,0.0,0.17062791865546356
fashion_mnist,cut_backdoor,attacked,2024,9,actual_attacker,13,49,0,0,3274,0.424035657287137,0.6426936296752124,-0.14586484834479005,0.0,-0.3161427676420276
fashion_mnist,cut_backdoor,attacked,2024,9,actual_attacker,13,50,0,0,27,0.2804707004414506,0.7246579495816826,-0.24247077046299723,0.0,-0.3345576854262032
fashion_mnist,cut_backdoor,attacked,2024,9,actual_attacker,13,51,0,0,1215,0.37352902416943995,0.6408157110792361,-0.12075656732336679,0.0,-0.15650681733371052
fashion_mnist,cut_backdoor,attacked,2024,9,actual_attacker,13,52,0,0,182,0.4407780260322707,0.7562543302110216,-0.08126573402745824,0.0,-0.13327561716401062
fashion_mnist,cut_backdoor,attacked,2024,9,actual_attacker,13,53,1,1,452,0.3837830686530286,0.6721241584598348,0.059359937453156694,0.0,0.277601572231605
fashion_mnist,cut_backdoor,attacked,2024,9,actual_attacker,13,54,1,1,210,0.5250825207137292,0.7771000667757149,-0.10757033866669376,0.0,-0.1370039955573673
fashion_mnist,cut_backdoor,attacked,2024,9,actual_attacker,13,55,0,0,552,0.304065130852225,0.6571943329515504,-0.20649589374484612,0.0,-0.3967991332239256
fashion_mnist,cut_backdoor,attacked,2024,9,actual_attacker,13,56,0,0,311,0.31329428715445773,0.763616853750732,-0.09459878538972276,0.0,-0.1326630959149097
fashion_mnist,cut_backdoor,attacked,2024,9,actual_attacker,13,57,0,0,47,0.4469370960475972,0.7641876294559194,-0.03240247355730062,0.0,-0.06628568292860366
fashion_mnist,cut_backdoor,attacked,2024,9,actual_attacker,13,58,1,1,156,0.31696581633877735,0.6957077430949102,-0.12972755386104448,0.0,0.06096532799517553
fashion_mnist,cut_backdoor,attacked,2024,9,actual_attacker,13,59,0,0,82,0.4469675723891693,0.8149510355293208,-0.013712822347726843,0.0,-0.04122968940944765
fashion_mnist,cut_backdoor,attacked,2024,9,actual_attacker,13,61,1,1,40,0.3573044883052904,0.6602812843002621,-0.02914526924706373,0.0,0.28833737237911733
fashion_mnist,cut_backdoor,attacked,2024,9,actual_attacker,13,62,0,0,497,0.4094115966990434,0.7344355976552983,-0.06746958134044106,0.0,-0.23555585414233401
fashion_mnist,cut_backdoor,attacked,2024,9,actual_attacker,13,63,0,0,249,0.41334928418075717,0.6936936520564615,-0.08549029795078815,0.0,0.11656598068177537
fashion_mnist,cut_backdoor,attacked,2024,9,actual_attacker,13,64,0,0,609,0.3369315781886017,0.7559564709985471,-0.13099630795532555,0.0,-0.1940368460286028
fashion_mnist,cut_backdoor,attacked,2024,9,actual_attacker,13,65,1,1,109,0.4151382092001631,0.4469942284191233,-0.07547149933222047,0.0,0.1252400622907325
fashion_mnist,cut_backdoor,attacked,2024,9,actual_attacker,13,66,0,0,1087,0.47040192418819293,0.6174056318411335,0.014941488222471716,0.0,0.0064187215666187515
fashion_mnist,cut_backdoor,attacked,2024,9,actual_attacker,13,67,0,0,353,0.5156637869122864,0.8683413420562326,-0.11732901263380797,0.0,-0.26886491438093907
fashion_mnist,cut_backdoor,attacked,2024,9,actual_attacker,13,68,1,1,1156,0.33632021876644164,0.7577552087888137,-0.068181532950418,0.0,0.1325022033751936
fashion_mnist,cut_backdoor,attacked,2024,9,actual_attacker,13,69,0,0,558,0.36399406590558675,0.808221084256006,-0.04085242255267026,0.0,-0.039764689883679025
fashion_mnist,cut_backdoor,attacked,2024,9,actual_attacker,13,70,0,0,20,0.3042544213276562,0.4269931381939408,-0.1905210424921421,0.0,-0.2191657811303663
fashion_mnist,cut_backdoor,attacked,2024,9,actual_attacker,13,71,0,0,268,0.5680436173986095,0.7974805074046363,0.14743447996964162,0.0,0.301658329210162
fashion_mnist,cut_backdoor,attacked,2024,9,actual_attacker,13,72,0,0,514,0.4740648118207058,0.701510976001557,-0.052881374026537614,0.0,-0.15234212026293767
fashion_mnist,cut_backdoor,attacked,2024,9,actual_attacker,13,73,0,0,1403,0.3341189526224274,0.8244278002619547,-0.2771660563474283,0.0,-0.3938331807352989
fashion_mnist,cut_backdoor,attacked,2024,9,actual_attacker,13,74,0,0,27,0.4141442991565898,0.831118821499949,-0.030593620369297688,0.0,0.29587371890690545
fashion_mnist,cut_backdoor,attacked,2024,9,actual_attacker,13,75,1,1,574,0.3481238059732088,0.41005884585351904,-0.002154698774322923,0.0,0.2560570795507915
fashion_mnist,cut_backdoor,attacked,2024,9,actual_attacker,13,76,1,1,363,0.3065205104549966,0.6061398099649861,-0.12111456176755526,0.0,0.04212937639832181
fashion_mnist,cut_backdoor,attacked,2024,9,actual_attacker,13,77,0,0,193,0.3561240203285623,0.7614004475286056,-0.1333430918421086,0.0,-0.02295897691281552
fashion_mnist,cut_backdoor,attacked,2024,9,actual_attacker,13,78,0,0,148,0.4172961895356461,0.7434454333018925,-0.09676148663014467,0.0,-0.1782225207806827
fashion_mnist,cut_backdoor,attacked,2024,9,actual_attacker,13,79,0,0,927,0.5604330904183789,0.7875939172231019,0.027618161830484128,0.0,0.005758848696309541
fashion_mnist,cut_backdoor,attacked,2024,9,actual_attacker,13,80,0,0,230,0.52754985319927,0.8755246580290759,-0.11181832713962343,0.0,-0.29193749340785763
fashion_mnist,cut_backdoor,attacked,2024,9,actual_attacker,13,81,0,0,2792,0.34052986502894306,0.6800056931257331,-0.06379812864220986,0.0,0.10609879312870703
fashion_mnist,cut_backdoor,attacked,2024,9,actual_attacker,13,82,0,0,590,0.4011528040498308,0.7325330741180491,-0.14053441274719047,0.0,-0.26464112382765886
fashion_mnist,cut_backdoor,attacked,2024,9,actual_attacker,13,83,0,0,332,0.4022030867411379,0.7358500077709651,-0.07526182924593076,0.0,-0.24182232558464778
fashion_mnist,cut_backdoor,attacked,2024,9,actual_attacker,13,84,0,0,893,0.3340039969275395,0.7046208483718637,-0.17583025095479574,0.0,-0.30054192791199635
fashion_mnist,cut_backdoor,attacked,2024,9,actual_attacker,13,85,0,0,701,0.3602941842755492,0.6664559444228936,-0.20815806848508217,0.0,-0.2824634882537638
fashion_mnist,cut_backdoor,attacked,2024,9,actual_attacker,13,87,0,0,880,0.40355722433672175,0.7800076532064091,-0.12433772208343254,0.0,-0.19269074173894482
fashion_mnist,cut_backdoor,attacked,2024,9,actual_attacker,13,88,0,0,872,0.2840036413694602,0.7910155583920966,-0.16141715422924746,0.0,-0.2706486643844392
fashion_mnist,cut_backdoor,attacked,2024,9,actual_attacker,13,89,1,1,273,0.6032448454902536,0.7630701104112332,0.16487233125942727,0.0,0.3002001579491382
fashion_mnist,cut_backdoor,attacked,2024,9,actual_attacker,13,90,0,0,306,0.564351716880135,0.8995141826634134,-0.11626257321868927,0.0,-0.322919912125163
fashion_mnist,cut_backdoor,attacked,2024,9,actual_attacker,13,91,0,0,670,0.44959732928810525,0.6835806233091706,-0.0956761309442729,0.0,-0.18753441564249027
fashion_mnist,cut_backdoor,attacked,2024,9,actual_attacker,13,92,0,0,294,0.4788805893033251,0.839430091890914,-0.027270132937090727,0.0,-0.06913562278679469
fashion_mnist,cut_backdoor,attacked,2024,9,actual_attacker,13,95,0,0,815,0.37638901198810465,0.8117535920543709,-0.12367595097354336,0.0,-0.1998403185347658
fashion_mnist,cut_backdoor,attacked,2024,9,actual_attacker,13,96,0,0,300,0.30899608516337157,0.8683674669136675,-0.18370003305015362,0.0,-0.3019161828809794
fashion_mnist,cut_backdoor,attacked,2024,9,actual_attacker,13,97,0,0,94,0.5513473724196474,0.790424851702209,0.019861741969580425,0.0,0.0027414826869579653
fashion_mnist,cut_backdoor,attacked,2024,9,actual_attacker,13,98,0,0,20,0.4228227214947377,0.7009226762314614,-0.06976199185687804,0.0,-0.23302320339729937
fashion_mnist,cut_backdoor,attacked,2024,29,actual_attacker,13,0,0,0,604,0.28619478864027237,0.6860519596459111,-0.2298242676784034,0.0,0.05516916646153548
fashion_mnist,cut_backdoor,attacked,2024,29,actual_attacker,13,1,0,0,1427,0.3044934907867472,0.6944247777909636,-0.29371219832431533,0.0,-0.45797092956559493
fashion_mnist,cut_backdoor,attacked,2024,29,actual_attacker,13,2,0,0,82,0.5337446381870908,0.9417732844631805,0.040192803646759506,0.0,-0.37981757336774447
fashion_mnist,cut_backdoor,attacked,2024,29,actual_attacker,13,3,0,0,621,0.3198866851906962,0.7589821204647282,-0.058692262727541716,0.0,-0.19011736455897918
fashion_mnist,cut_backdoor,attacked,2024,29,actual_attacker,13,4,0,0,72,0.2948963767393016,0.655594593027114,-0.1893689253626285,0.0,0.1471255411273702
fashion_mnist,cut_backdoor,attacked,2024,29,actual_attacker,13,5,0,0,1138,0.2934308776543216,0.6410646833498616,-0.1999664902292047,0.0,0.15212915339750732
fashion_mnist,cut_backdoor,attacked,2024,29,actual_attacker,13,6,1,1,131,0.357428663063727,0.7912991295422853,-0.24093730995074522,0.0,0.08300074405322538
fashion_mnist,cut_backdoor,attacked,2024,29,actual_attacker,13,8,0,0,1510,0.4483974098888067,0.630089423086999,0.39746130509387095,0.0,0.42428187466375916
fashion_mnist,cut_backdoor,attacked,2024,29,actual_attacker,13,9,0,0,272,0.35096391232746915,0.8002036401293049,0.013643021783072641,0.0,0.018113326982353555
fashion_mnist,cut_backdoor,attacked,2024,29,actual_attacker,13,11,0,0,313,0.3354369367853934,0.8928303136988355,-0.12936047473317933,0.0,-0.5395604005656633
fashion_mnist,cut_backdoor,attacked,2024,29,actual_attacker,13,12,0,0,437,0.21361089472728476,0.6618601045339727,-0.34555908919197714,0.0,-0.09033322342518166
fashion_mnist,cut_backdoor,attacked,2024,29,actual_attacker,13,13,0,0,159,0.25810976183635803,0.6198029065477993,-0.3398098970040212,0.0,-0.10924602096303589
fashion_mnist,cut_backdoor,attacked,2024,29,actual_attacker,13,14,0,0,517,0.27077397374039486,0.688075535251487,-0.283409983664895,0.0,-0.31939200428404624
fashion_mnist,cut_backdoor,attacked,2024,29,actual_attacker,13,15,1,1,919,0.42719421602051894,0.8278988210696949,-0.2292983074440457,0.0,0.117539603024498
fashion_mnist,cut_backdoor,attacked,2024,29,actual_attacker,13,16,0,0,245,0.20198364180816095,0.6735215563293167,0.1548157618267913,0.0,-0.04654988770742283
fashion_mnist,cut_backdoor,attacked,2024,29,actual_attacker,13,17,0,0,105,0.31853871013542395,0.7587713280580022,-0.2315647717866505,0.0,0.08617734614447302
fashion_mnist,cut_backdoor,attacked,2024,29,actual_attacker,13,18,0,0,105,0.3059280696688011,0.5355446696004803,0.11492866232367743,0.0,-0.14260771387190213
fashion_mnist,cut_backdoor,attacked,2024,29,actual_attacker,13,19,1,1,265,0.35248460050408054,0.7255576167582948,0.11142653985983357,0.0,0.3455224114115474
fashion_mnist,cut_backdoor,attacked,2024,29,actual_attacker,13,20,1,1,1265,0.1926373971231466,0.5176037445273403,-0.08825039683948778,0.0,0.3477330418226777
fashion_mnist,cut_backdoor,attacked,2024,29,actual_attacker,13,21,0,0,990,0.24644789440744608,0.6257571532244859,-0.06597282965806221,0.0,-0.39765238049190405
fashion_mnist,cut_backdoor,attacked,2024,29,actual_attacker,13,22,0,0,48,0.2745612788529872,0.6004382238422468,-0.08957364778576372,0.0,0.26863123729671784
fashion_mnist,cut_backdoor,attacked,2024,29,actual_attacker,13,23,0,0,626,0.32701462261159964,0.6584613292520709,-0.09925991055065314,0.0,-0.15816678626848532
fashion_mnist,cut_backdoor,attacked,2024,29,actual_attacker,13,24,0,0,869,0.3000761206310378,0.588957076955033,0.06763154488732992,0.0,-0.14091947925385406
fashion_mnist,cut_backdoor,attacked,2024,29,actual_attacker,13,25,1,1,786,0.35975138392873857,0.5778434180449742,-0.08970054180958188,0.0,0.40635527416144906
fashion_mnist,cut_backdoor,attacked,2024,29,actual_attacker,13,26,0,0,743,0.49206184444289464,0.6778748201028638,0.3439658788632913,0.0,0.39527789302793587
fashion_mnist,cut_backdoor,attacked,2024,29,actual_attacker,13,27,0,0,567,0.22920146669197347,0.5372335726545915,0.12896706580887773,0.0,0.06049756474786747
fashion_mnist,cut_backdoor,attacked,2024,29,actual_attacker,13,28,0,0,324,0.28737344424820793,0.6948605400362464,-0.19700157835782492,0.0,-0.06971164888237183
fashion_mnist,cut_backdoor,attacked,2024,29,actual_attacker,13,29,0,0,122,0.3966060770752951,0.8342650809691629,-0.2511487460696693,0.0,0.2176484459229494
fashion_mnist,cut_backdoor,attacked,2024,29,actual_attacker,13,30,0,0,654,0.1881653213160916,0.7252058115243614,0.1668786806401742,0.0,-0.07443515943811255
fashion_mnist,cut_backdoor,attacked,2024,29,actual_attacker,13,31,1,1,107,0.3591227163253591,0.5939113156091285,-0.20684463671673872,0.0,0.06736687594325479
fashion_mnist,cut_backdoor,attacked,2024,29,actual_attacker,13,32,0,0,465,0.33222538849860217,0.73905627275039,0.022748912918548428,0.0,0.09785057075739025
fashion_mnist,cut_backdoor,attacked,2024,29,actual_attacker,13,33,0,0,109,0.42767300301137756,0.9261354904709981,-0.09944390795984419,0.0,-0.3863537009085473
fashion_mnist,cut_backdoor,attacked,2024,29,actual_attacker,13,34,0,0,964,0.39365980986306237,0.6565761475982825,0.2308078377036924,0.0,-0.030130241689156564
fashion_mnist,cut_backdoor,attacked,2024,29,actual_attacker,13,35,0,0,498,0.2974784473434939,0.6686701960432945,0.2627315130757175,0.0,0.1618753735212588
fashion_mnist,cut_backdoor,attacked,2024,29,actual_attacker,13,37,0,0,20,0.46106512981751385,0.6049649680060657,-0.04286346169662609,0.0,-0.39298553389588353
fashion_mnist,cut_backdoor,attacked,2024,29,actual_attacker,13,38,0,0,410,0.19155327812507925,0.6525160217105853,0.1409602317241202,0.0,0.002114031518110607
fashion_mnist,cut_backdoor,attacked,2024,29,actual_attacker,13,39,0,0,20,0.32194111181290785,0.5126947544999104,0.06200210652568914,0.0,-0.25952335236905544
fashion_mnist,cut_backdoor,attacked,2024,29,actual_attacker,13,40,0,0,1422,0.2973292949631812,0.7811026650586452,0.0032171854630223206,0.0,-0.12425626994952978
fashion_mnist,cut_backdoor,attacked,2024,29,actual_attacker,13,41,0,0,1175,0.37690725030937156,0.7947174281155409,-0.1269554984483457,0.0,-0.06743350671984938
fashion_mnist,cut_backdoor,attacked,2024,29,actual_attacker,13,42,1,1,124,0.289900896575539,0.5400960366764609,-0.06546362211525314,0.0,0.3547261791987067
fashion_mnist,cut_backdoor,attacked,2024,29,actual_attacker,13,43,0,0,1127,0.25178124921806294,0.6914935583630519,0.0996849075811542,0.0,-0.1748106720395375
fashion_mnist,cut_backdoor,attacked,2024,29,actual_attacker,13,44,0,0,406,0.240013147051348,0.6367551663790774,0.16323052106569827,0.0,0.09633560992104856
fashion_mnist,cut_backdoor,attacked,2024,29,actual_attacker,13,45,0,0,376,0.44174332522632376,0.7038103766831577,0.31210087082196153,0.0,0.24647712018965123
fashion_mnist,cut_backdoor,attacked,2024,29,actual_attacker,13,46,1,1,20,0.27267050508841517,0.443829447450233,-0.1930808735877129,0.0,-0.02603477297138703
fashion_mnist,cut_backdoor,attacked,2024,29,actual_attacker,13,48,1,1,175,0.31733952883887545,0.7036157250514506,0.07831833489506938,0.0,0.3738297140328047
fashion_mnist,cut_backdoor,attacked,2024,29,actual_attacker,13,49,0,0,3274,0.37610728557736933,0.628323353793901,-0.1071392508742744,0.0,-0.4509629080075623
fashion_mnist,cut_backdoor,attacked,2024,29,actual_attacker,13,51,0,0,1215,0.2630421674698179,0.5800033837893892,0.17399411039660284,0.0,0.10414003237907407
fashion_mnist,cut_backdoor,attacked,2024,29,actual_attacker,13,53,1,1,452,0.37058984033850995,0.7435683239988273,0.12261383919158661,0.0,0.4240650767304188
fashion_mnist,cut_backdoor,attacked,2024,29,actual_attacker,13,54,1,1,210,0.45588248895547795,0.7557462180830676,-0.20113518684657325,0.0,-0.31375420957339856
fashion_mnist,cut_backdoor,attacked,2024,29,actual_attacker,13,55,0,0,552,0.25306699852603415,0.5276096109972822,0.12299817853876065,0.0,-0.1696174863742363
fashion_mnist,cut_backdoor,attacked,2024,29,actual_attacker,13,56,0,0,311,0.32101545786897484,0.7840728007490829,0.029118276149614458,0.0,-0.19447551338850355
fashion_mnist,cut_backdoor,attacked,2024,29,actual_attacker,13,57,0,0,47,0.41309210042617933,0.7616529267611288,-0.07725646412204122,0.0,-0.12155391293039149
fashion_mnist,cut_backdoor,attacked,2024,29,actual_attacker,13,58,1,1,156,0.25068771647168364,0.7009856666906057,-0.07584882864087006,0.0,0.05769000878754418
fashion_mnist,cut_backdoor,attacked,2024,29,actual_attacker,13,59,0,0,82,0.37977712783042417,0.7878479713711249,9.008203023875445e-05,0.0,0.03196608392655571
fashion_mnist,cut_backdoor,attacked,2024,29,actual_attacker,13,60,0,0,2035,0.432792761024985,0.8030910875502079,0.31779869522369364,0.0,0.5281255523472589
fashion_mnist,cut_backdoor,attacked,2024,29,actual_attacker,13,61,1,1,40,0.2765038159767595,0.64048926100846,-0.15230368949029613,0.0,0.24995543088388497
fashion_mnist,cut_backdoor,attacked,2024,29,actual_attacker,13,62,0,0,497,0.25949491354348614,0.6727390179767347,0.18282698077336565,0.0,-0.05370667891491767
fashion_mnist,cut_backdoor,attacked,2024,29,actual_attacker,13,63,0,0,249,0.362942942438493,0.6927384198539642,-0.16134998660174651,0.0,0.053827639230742526
fashion_mnist,cut_backdoor,attacked,2024,29,actual_attacker,13,64,0,0,609,0.2412250355714476,0.6779363604021797,0.2107779949969577,0.0,0.08619552952708366
fashion_mnist,cut_backdoor,attacked,2024,29,actual_attacker,13,65,1,1,109,0.35356330257623914,0.4561175198528343,-0.1411543071184173,0.0,0.15963185753984713
fashion_mnist,cut_backdoor,attacked,2024,29,actual_attacker,13,66,0,0,1087,0.4087832396993292,0.6763545780023218,0.33815563980735724,0.0,0.2674071330976788
fashion_mnist,cut_backdoor,attacked,2024,29,actual_attacker,13,67,0,0,353,0.46184207342765876,0.8790776933151705,-0.07523769701327147,0.0,-0.4262250395731943
fashion_mnist,cut_backdoor,attacked,2024,29,actual_attacker,13,68,1,1,1156,0.2696836899730384,0.664049387155447,-0.08540631359057974,0.0,0.2416637106734381
fashion_mnist,cut_backdoor,attacked,2024,29,actual_attacker,13,69,0,0,558,0.32566228372450867,0.7525412970579041,0.09798870511191918,0.0,0.17017413593216896
fashion_mnist,cut_backdoor,attacked,2024,29,actual_attacker,13,70,0,0,20,0.238836068430155,0.36061185561691617,-0.021422841778938242,0.0,-0.1655551298021983
fashion_mnist,cut_backdoor,attacked,2024,29,actual_attacker,13,71,0,0,268,0.5508207208550054,0.8143057247260241,0.3698377789826481,0.0,0.5648844780314055
fashion_mnist,cut_backdoor,attacked,2024,29,actual_attacker,13,73,0,0,1403,0.3154100550021851,0.9002995138021437,-0.11090236294161594,0.0,-0.3912212896736726
fashion_mnist,cut_backdoor,attacked,2024,29,actual_attacker,13,74,0,0,27,0.3334078421307045,0.8143492950332467,-0.24908735921426384,0.0,0.19385063752882667
fashion_mnist,cut_backdoor,attacked,2024,29,actual_attacker,13,75,1,1,574,0.2969158112185676,0.5388416848577167,0.045610972021493765,0.0,0.36949114326740323
fashion_mnist,cut_backdoor,attacked,2024,29,actual_attacker,13,76,1,1,363,0.2676542618775165,0.572915505008852,-0.20048657910065368,0.0,0.18791734424144732
fashion_mnist,cut_backdoor,attacked,2024,29,actual_attacker,13,77,0,0,193,0.25456628604785786,0.7034345645707145,-0.31882299345825477,0.0,-0.12576676953622568
fashion_mnist,cut_backdoor,attacked,2024,29,actual_attacker,13,78,0,0,148,0.33580691399979984,0.7545390389326614,0.09421377479911236,0.0,-0.07510781121796824
fashion_mnist,cut_backdoor,attacked,2024,29,actual_attacker,13,79,0,0,927,0.5809812795894739,0.6659358108337288,0.12215449792729179,0.0,0.1536586174607481
fashion_mnist,cut_backdoor,attacked,2024,29,actual_attacker,13,80,0,0,230,0.508472862233991,0.9234015536960408,0.0596801294221702,0.0,-0.3412688876412303
fashion_mnist,cut_backdoor,attacked,2024,29,actual_attacker,13,81,0,0,2792,0.2865519013111007,0.5998819410694779,-0.024660456789448056,0.0,0.35606780086633716
fashion_mnist,cut_backdoor,attacked,2024,29,actual_attacker,13,82,0,0,590,0.28279449336321827,0.6446311707213442,0.11710600718991339,0.0,-0.21316859616860243
fashion_mnist,cut_backdoor,attacked,2024,29,actual_attacker,13,83,0,0,332,0.23737291638920868,0.7015095592161814,0.15793141051828827,0.0,-0.055622495991850616
fashion_mnist,cut_backdoor,attacked,2024,29,actual_attacker,13,84,0,0,893,0.2566224596393789,0.6152153521981159,0.10642352875530907,0.0,-0.028630946083747603
fashion_mnist,cut_backdoor,attacked,2024,29,actual_attacker,13,85,0,0,701,0.283021233718832,0.5952121073180008,-0.2038226821540737,0.0,-0.5312549684676404
fashion_mnist,cut_backdoor,attacked,2024,29,actual_attacker,13,86,0,0,98,0.30948216983118126,0.6409317470611164,-0.08073822096953735,0.0,0.24534638645951826
fashion_mnist,cut_backdoor,attacked,2024,29,actual_attacker,13,87,0,0,880,0.29828781643203545,0.7632401152859378,-0.11606090102348061,0.0,-0.19992842897247148
fashion_mnist,cut_backdoor,attacked,2024,29,actual_attacker,13,88,0,0,872,0.19830133033841554,0.6018386560802356,0.28689084084204447,0.0,0.21736145828782974
fashion_mnist,cut_backdoor,attacked,2024,29,actual_attacker,13,89,1,1,273,0.5680678524668581,0.8061892180648738,0.3209656564064661,0.0,0.536606355059804
fashion_mnist,cut_backdoor,attacked,2024,29,actual_attacker,13,90,0,0,306,0.5543486447248824,0.9227312047617442,0.02925758130235001,0.0,-0.38844326502096077
fashion_mnist,cut_backdoor,attacked,2024,29,actual_attacker,13,91,0,0,670,0.3655398649776398,0.6424559030208872,0.09554248713763397,0.0,-0.07514546097589932
fashion_mnist,cut_backdoor,attacked,2024,29,actual_attacker,13,92,0,0,294,0.393884856775188,0.8150655815447332,0.11101238248900909,0.0,-0.031953323830175316
fashion_mnist,cut_backdoor,attacked,2024,29,actual_attacker,13,93,0,0,887,0.44324354582573644,0.7157459824461656,0.30751152948977806,0.0,0.44949383879471755
fashion_mnist,cut_backdoor,attacked,2024,29,actual_attacker,13,95,0,0,815,0.25760840288043696,0.7362606254372729,-0.019806240523246914,0.0,-0.1568783701285972
fashion_mnist,cut_backdoor,attacked,2024,29,actual_attacker,13,97,0,0,94,0.5514030906211835,0.6680406297410194,0.1762101189104711,0.0,0.19979526406297446
fashion_mnist,cut_backdoor,attacked,2024,29,actual_attacker,13,99,0,0,76,0.21161426281451226,0.7185093240496838,0.20119139007873418,0.0,-0.12544158261302898
fashion_mnist,cut_backdoor,attacked,42,0,actual_attacker,14,0,0,0,35,0.5398410524505901,0.7102795037380643,-0.2735032835525818,0.0,-0.2963535481936837
fashion_mnist,cut_backdoor,attacked,42,0,actual_attacker,14,1,1,1,415,0.5507348230026533,0.719938306928418,-0.5654133436382617,0.0,-0.5613031757887452
fashion_mnist,cut_backdoor,attacked,42,0,actual_attacker,14,2,0,0,477,0.5261813448554282,0.8188745593272723,-0.2640940274074814,0.0,-0.3245890986917308
fashion_mnist,cut_backdoor,attacked,42,0,actual_attacker,14,3,0,0,245,0.6987787226505021,0.9265131556606475,-0.3362159671985926,0.0,-0.3757784337877447
fashion_mnist,cut_backdoor,attacked,42,0,actual_attacker,14,4,0,0,31,0.7353693575744676,0.8441772867955784,-0.2701142011260625,0.0,-0.23938268492747963
fashion_mnist,cut_backdoor,attacked,42,0,actual_attacker,14,5,1,1,393,0.5803252684896929,0.8010586553820132,-0.4699419342796921,0.0,-0.43545721240110846
fashion_mnist,cut_backdoor,attacked,42,0,actual_attacker,14,6,0,0,480,0.7405349067369421,0.9336590787737361,-0.36024061900110355,0.0,-0.3542384133800539
fashion_mnist,cut_backdoor,attacked,42,0,actual_attacker,14,7,0,0,412,0.5695822046645109,0.7920376954919909,-0.2844296322162733,0.0,-0.3248446155597789
fashion_mnist,cut_backdoor,attacked,42,0,actual_attacker,14,8,0,0,881,0.6761663289183489,0.8939602679388632,-0.1095719347086628,0.0,-0.10731422318412671
fashion_mnist,cut_backdoor,attacked,42,0,actual_attacker,14,9,0,0,384,0.640106103340214,0.786394696098998,-0.1780905497976431,0.0,-0.13495912873790344
fashion_mnist,cut_backdoor,attacked,42,0,actual_attacker,14,10,0,0,153,0.752649999785683,0.9583659183179035,-0.26568390203086045,0.0,-0.29341795151812095
fashion_mnist,cut_backdoor,attacked,42,0,actual_attacker,14,11,0,0,761,0.6623518548319203,0.912876943336474,-0.29249838267907174,0.0,-0.3262669998007715
fashion_mnist,cut_backdoor,attacked,42,0,actual_attacker,14,12,0,0,45,0.4943366538402111,0.6846470324142734,-0.43261821817793605,0.0,-0.4035894319842582
fashion_mnist,cut_backdoor,attacked,42,0,actual_attacker,14,13,0,0,51,0.7420120848978382,0.9140688177360442,-0.38385182441959337,0.0,-0.3037108626545467
fashion_mnist,cut_backdoor,attacked,42,0,actual_attacker,14,14,0,0,251,0.6969808972070168,0.9195789739925362,-0.3758074617673328,0.0,-0.37859701735570467
fashion_mnist,cut_backdoor,attacked,42,0,actual_attacker,14,15,0,0,239,0.6438806685572117,0.9100198160606107,-0.09430751869299238,0.0,-0.09291224097187926
fashion_mnist,cut_backdoor,attacked,42,0,actual_attacker,14,16,0,0,419,0.6303968298907543,0.8001481165347324,-0.4037963964083852,0.0,-0.3302194013008304
fashion_mnist,cut_backdoor,attacked,42,0,actual_attacker,14,17,0,0,104,0.6050292468215946,0.7343198580077195,-0.3791826945436291,0.0,-0.43686193708742393
fashion_mnist,cut_backdoor,attacked,42,0,actual_attacker,14,18,0,0,34,0.5942119236142727,0.7450572138366809,-0.27924398808145007,0.0,-0.28759097564077957
fashion_mnist,cut_backdoor,attacked,42,0,actual_attacker,14,19,0,0,376,0.6334474187002538,0.8928787612097336,-0.09112699904587948,0.0,-0.09250347346590804
fashion_mnist,cut_backdoor,attacked,42,0,actual_attacker,14,20,0,0,376,0.6203841896300414,0.778170599800277,-0.5731690306993599,0.0,-0.5387708686969936
fashion_mnist,cut_backdoor,attacked,42,0,actual_attacker,14,21,0,0,798,0.6365429322059847,0.8946624531199594,-0.24987945185381827,0.0,-0.29255121116400284
fashion_mnist,cut_backdoor,attacked,42,0,actual_attacker,14,22,0,0,132,0.677787324062247,0.8447789053383048,-0.19872384584724875,0.0,-0.1617478574603029
fashion_mnist,cut_backdoor,attacked,42,0,actual_attacker,14,23,0,0,415,0.5858203366361271,0.7359316660092705,-0.21276250114942963,0.0,-0.19562473258835306
fashion_mnist,cut_backdoor,attacked,42,0,actual_attacker,14,25,0,0,184,0.694041824474509,0.9359561688194782,-0.18924849695981677,0.0,-0.24137625484947237
fashion_mnist,cut_backdoor,attacked,42,0,actual_attacker,14,26,0,0,407,0.5168925952101091,0.7533030739547096,-0.29821523589925103,0.0,-0.32804690869079645
fashion_mnist,cut_backdoor,attacked,42,0,actual_attacker,14,27,0,0,86,0.5631959356960979,0.7297776448561093,-0.3525114536837479,0.0,-0.37808324795132997
fashion_mnist,cut_backdoor,attacked,42,0,actual_attacker,14,28,1,1,328,0.4653943140390615,0.6658825536686289,-0.5189349097827405,0.0,-0.49064612129098506
fashion_mnist,cut_backdoor,attacked,42,0,actual_attacker,14,29,0,0,2416,0.5550174379165669,0.8187675752265239,-0.3177493947640617,0.0,-0.28455959923653695
fashion_mnist,cut_backdoor,attacked,42,0,actual_attacker,14,30,0,0,381,0.6402212973761956,0.9280483534391617,-0.4080291951877392,0.0,-0.4241286561650549
fashion_mnist,cut_backdoor,attacked,42,0,actual_attacker,14,31,0,0,364,0.5553075888283956,0.7363241354039954,-0.4502148607620313,0.0,-0.48100674837632285
fashion_mnist,cut_backdoor,attacked,42,0,actual_attacker,14,32,0,0,1148,0.5077404661055728,0.7660129536978447,-0.2206844584947924,0.0,-0.1932651201246329
fashion_mnist,cut_backdoor,attacked,42,0,actual_attacker,14,33,1,1,1245,0.5576999185489073,0.8506148510815154,-0.4625799843452136,0.0,-0.4573733636834203
fashion_mnist,cut_backdoor,attacked,42,0,actual_attacker,14,34,0,0,359,0.471381993278489,0.6904218890439927,-0.40530029695802583,0.0,-0.42008363102770024
fashion_mnist,cut_backdoor,attacked,42,0,actual_attacker,14,39,0,0,288,0.5303619205201843,0.6983220810506433,-0.28130576509050054,0.0,-0.2890216489871225
fashion_mnist,cut_backdoor,attacked,42,0,actual_attacker,14,40,0,0,83,0.6955694982398578,0.9306384168372912,-0.21370803477472008,0.0,-0.26785654794498154
fashion_mnist,cut_backdoor,attacked,42,0,actual_attacker,14,41,1,1,1017,0.44328015459018116,0.7428007380630468,-0.4856389814035341,0.0,-0.45362997802384103
fashion_mnist,cut_backdoor,attacked,42,0,actual_attacker,14,44,1,1,211,0.574149284484726,0.8506681772413025,-0.39839250703689905,0.0,-0.36890037602961373
fashion_mnist,cut_backdoor,attacked,42,0,actual_attacker,14,45,0,0,130,0.5093151973638753,0.7200263547406438,-0.2664549576424425,0.0,-0.2730385407852698
fashion_mnist,cut_backdoor,attacked,42,0,actual_attacker,14,46,1,1,142,0.46871049573141993,0.5967734283700598,-0.44342896839991486,0.0,-0.4255657829966688
fashion_mnist,cut_backdoor,attacked,42,0,actual_attacker,14,47,0,0,1207,0.705666553487668,0.7985194049815838,-0.38949141576102847,0.0,-0.3696075388616441
fashion_mnist,cut_backdoor,attacked,42,0,actual_attacker,14,48,0,0,177,0.6017525395681088,0.751847367813386,-0.40684264431108835,0.0,-0.38074068771960307
fashion_mnist,cut_backdoor,attacked,42,0,actual_attacker,14,49,1,1,357,0.5573934888898405,0.8389375433445732,-0.3571486217971416,0.0,-0.31745748451719064
fashion_mnist,cut_backdoor,attacked,42,0,actual_attacker,14,50,0,0,414,0.44760551451410474,0.6436177096691273,-0.36135059744455933,0.0,-0.35781773453861054
fashion_mnist,cut_backdoor,attacked,42,0,actual_attacker,14,51,0,0,56,0.5720506223697767,0.7391591697493423,-0.4025957793443059,0.0,-0.33194883037353573
fashion_mnist,cut_backdoor,attacked,42,0,actual_attacker,14,52,0,0,20,0.49930751953572233,0.7993264106451055,-0.34353155986787165,0.0,-0.3031256529329964
fashion_mnist,cut_backdoor,attacked,42,0,actual_attacker,14,53,0,0,96,0.5737998021689402,0.8255359034346416,-0.46785987609796026,0.0,-0.409295622160781
fashion_mnist,cut_backdoor,attacked,42,0,actual_attacker,14,54,0,0,414,0.7103311858027846,0.9289699637591255,-0.20274929172201872,0.0,-0.249684236619511
fashion_mnist,cut_backdoor,attacked,42,0,actual_attacker,14,56,1,1,919,0.4945396648446251,0.7195253894806269,-0.2860334900138556,0.0,-0.2992282314941299
fashion_mnist,cut_backdoor,attacked,42,0,actual_attacker,14,57,0,0,980,0.49610265998792613,0.6998676892498443,-0.3974713046067162,0.0,-0.41759130106878095
fashion_mnist,cut_backdoor,attacked,42,0,actual_attacker,14,58,1,1,115,0.5146877090780372,0.8163140515375584,-0.2836870099085613,0.0,-0.23475710466346042
fashion_mnist,cut_backdoor,attacked,42,0,actual_attacker,14,59,0,0,210,0.433938253444053,0.686343858014175,-0.51462442718201,0.0,-0.539294811060136
fashion_mnist,cut_backdoor,attacked,42,0,actual_attacker,14,60,0,0,121,0.6467547326031315,0.9353463918223166,-0.4228857412944201,0.0,-0.4299190910740814
fashion_mnist,cut_backdoor,attacked,42,0,actual_attacker,14,61,0,0,95,0.611022370983136,0.7195837597938246,-0.18066236218694992,0.0,-0.1993423894932098
fashion_mnist,cut_backdoor,attacked,42,0,actual_attacker,14,62,0,0,726,0.599041421075773,0.7032282775654611,-0.2777388810919244,0.0,-0.3293082095038981
fashion_mnist,cut_backdoor,attacked,42,0,actual_attacker,14,63,0,0,165,0.5839334493940267,0.7379635325497972,-0.36345062656259586,0.0,-0.39019700645563554
fashion_mnist,cut_backdoor,attacked,42,0,actual_attacker,14,64,0,0,1466,0.6693122280350131,0.9075718344401057,-0.3998667589661813,0.0,-0.32618462339857857
fashion_mnist,cut_backdoor,attacked,42,0,actual_attacker,14,65,1,1,388,0.47961584371785415,0.7912729516382742,-0.4577997195299304,0.0,-0.40381430678007674
fashion_mnist,cut_backdoor,attacked,42,0,actual_attacker,14,66,0,0,412,0.6204646016622032,0.7147034836670861,-0.2352258793915721,0.0,-0.2782104139099286
fashion_mnist,cut_backdoor,attacked,42,0,actual_attacker,14,67,0,0,27,0.5248236340277941,0.8014621990388955,-0.3164515227968535,0.0,-0.30340367737903273
fashion_mnist,cut_backdoor,attacked,42,0,actual_attacker,14,68,0,0,1851,0.5280863123154271,0.7816745166680027,-0.28761206317259475,0.0,-0.2677281816266166
fashion_mnist,cut_backdoor,attacked,42,0,actual_attacker,14,70,1,1,256,0.5586362571234053,0.8185975534787246,-0.23957985432269158,0.0,-0.21416630346394136
fashion_mnist,cut_backdoor,attacked,42,0,actual_attacker,14,71,1,1,515,0.4824069038917248,0.7871688207475704,-0.21465932101032686,0.0,-0.1961639973275617
fashion_mnist,cut_backdoor,attacked,42,0,actual_attacker,14,72,0,0,949,0.5799188141923184,0.8129995532473219,-0.2536596382238109,0.0,-0.20064552229121335
fashion_mnist,cut_backdoor,attacked,42,0,actual_attacker,14,73,1,1,199,0.45360705398908724,0.6266224197294364,-0.49095744793980595,0.0,-0.46275710274498955
fashion_mnist,cut_backdoor,attacked,42,0,actual_attacker,14,74,0,0,549,0.6158853940316386,0.9006618689400833,-0.09662626284035825,0.0,-0.09634848433120988
fashion_mnist,cut_backdoor,attacked,42,0,actual_attacker,14,75,0,0,20,0.5379899435579345,0.7712762639059872,-0.3191370337506934,0.0,-0.27781107261214555
fashion_mnist,cut_backdoor,attacked,42,0,actual_attacker,14,76,0,0,434,0.6177518669519785,0.7532387242016558,-0.4020706118901696,0.0,-0.4257558617444139
fashion_mnist,cut_backdoor,attacked,42,0,actual_attacker,14,77,1,1,236,0.5325821236905915,0.8344089102154145,-0.46110599117892037,0.0,-0.40321055165883063
fashion_mnist,cut_backdoor,attacked,42,0,actual_attacker,14,78,1,1,2050,0.5390312395914703,0.7944457225749358,-0.2467574659319525,0.0,-0.19803250714638873
fashion_mnist,cut_backdoor,attacked,42,0,actual_attacker,14,79,0,0,1088,0.7780788737864088,0.9576278304601263,-0.2708950343404745,0.0,-0.29782000067071235
fashion_mnist,cut_backdoor,attacked,42,0,actual_attacker,14,81,0,0,285,0.6908361914987917,0.8596149683672556,-0.18388583374709946,0.0,-0.15343533401047174
fashion_mnist,cut_backdoor,attacked,42,0,actual_attacker,14,82,0,0,711,0.6753992265607622,0.7602988958800956,-0.19307283937636083,0.0,-0.21274654728152842
fashion_mnist,cut_backdoor,attacked,42,0,actual_attacker,14,83,0,0,20,0.5096361157101634,0.6377112530023397,-0.49236232175544326,0.0,-0.4758807826543423
fashion_mnist,cut_backdoor,attacked,42,0,actual_attacker,14,84,0,0,617,0.5204868898075687,0.7521378794106115,-0.46498542960185574,0.0,-0.5208004359097612
fashion_mnist,cut_backdoor,attacked,42,0,actual_attacker,14,85,0,0,171,0.6155417204091873,0.7894894209890794,-0.3522289632240281,0.0,-0.3807255492390461
fashion_mnist,cut_backdoor,attacked,42,0,actual_attacker,14,86,0,0,1502,0.685139723623801,0.8798684300068771,-0.5211879794799512,0.0,-0.45385154091308566
fashion_mnist,cut_backdoor,attacked,42,0,actual_attacker,14,87,1,1,451,0.5375790176029046,0.7588762388538883,-0.25244709244205216,0.0,-0.2693965571763779
fashion_mnist,cut_backdoor,attacked,42,0,actual_attacker,14,88,0,0,29,0.5577286956257437,0.8094404014301426,-0.2688383673129279,0.0,-0.24020271799703719
fashion_mnist,cut_backdoor,attacked,42,0,actual_attacker,14,89,0,0,449,0.6148626904205383,0.8841657212949462,-0.5366578709547978,0.0,-0.4712520650491651
fashion_mnist,cut_backdoor,attacked,42,0,actual_attacker,14,90,1,1,576,0.525731946881678,0.8249328538536591,-0.32938664606181695,0.0,-0.27843473331478774
fashion_mnist,cut_backdoor,attacked,42,0,actual_attacker,14,91,0,0,63,0.7617389243525567,0.9297571525313648,-0.35251370296233003,0.0,-0.34763376268205776
fashion_mnist,cut_backdoor,attacked,42,0,actual_attacker,14,92,0,0,1075,0.7048399891652911,0.9206297096790109,-0.4061584494600108,0.0,-0.3296679999894278
fashion_mnist,cut_backdoor,attacked,42,0,actual_attacker,14,93,0,0,326,0.7767820164825167,0.9579429232101939,-0.2629550815944829,0.0,-0.29159620323160534
fashion_mnist,cut_backdoor,attacked,42,0,actual_attacker,14,94,0,0,296,0.522687079626605,0.8386825719757676,-0.32628927516579703,0.0,-0.29102129538216787
fashion_mnist,cut_backdoor,attacked,42,0,actual_attacker,14,95,0,0,1166,0.5815134305744905,0.7527156686948023,-0.16920891328113336,0.0,-0.19651016740738161
fashion_mnist,cut_backdoor,attacked,42,0,actual_attacker,14,96,0,0,1845,0.6474313475815362,0.7589492299236855,-0.3130301257290004,0.0,-0.3583825717426166
fashion_mnist,cut_backdoor,attacked,42,0,actual_attacker,14,97,0,0,252,0.6615786211082471,0.869750040016607,-0.44749828763399196,0.0,-0.46005792168449716
fashion_mnist,cut_backdoor,attacked,42,0,actual_attacker,14,98,0,0,983,0.6226367510683934,0.8146332040542934,-0.36581272454983144,0.0,-0.30341035966354174
fashion_mnist,cut_backdoor,attacked,42,0,actual_attacker,14,99,0,0,260,0.6859079118882553,0.9300499260546257,-0.379320621125691,0.0,-0.3817622294282223
fashion_mnist,cut_backdoor,attacked,42,9,actual_attacker,14,1,1,1,415,0.37629953606527305,0.6340131450867625,0.1137252569231617,0.0,0.32947899403395375
fashion_mnist,cut_backdoor,attacked,42,9,actual_attacker,14,2,0,0,477,0.4126606422736073,0.7295209562667995,-0.21728267438304444,0.0,-0.350184239497668
fashion_mnist,cut_backdoor,attacked,42,9,actual_attacker,14,4,0,0,31,0.620439435875675,0.8917629421844353,-0.09739342958263839,0.0,-0.13002802481703762
fashion_mnist,cut_backdoor,attacked,42,9,actual_attacker,14,5,1,1,393,0.37825712062041744,0.6014555536954166,-0.012392193896989883,0.0,0.26332456781319863
fashion_mnist,cut_backdoor,attacked,42,9,actual_attacker,14,6,0,0,480,0.3557311433221099,0.7769157654305753,-0.026606662545365718,0.0,-0.05586236436370471
fashion_mnist,cut_backdoor,attacked,42,9,actual_attacker,14,7,0,0,412,0.34409308271364425,0.6605050780966513,-0.23323233141523034,0.0,-0.38195356523735285
fashion_mnist,cut_backdoor,attacked,42,9,actual_attacker,14,8,0,0,881,0.7333372957197373,0.8999296750581962,-0.1542139716838783,0.0,-0.15639931466011298
fashion_mnist,cut_backdoor,attacked,42,9,actual_attacker,14,9,0,0,384,0.45477649962555855,0.7128620115183103,-0.13859508694760586,0.0,-0.067892520958402
fashion_mnist,cut_backdoor,attacked,42,9,actual_attacker,14,10,0,0,153,0.6028127798517839,0.8685688534579737,0.2539962466685903,0.0,0.13963097155435217
fashion_mnist,cut_backdoor,attacked,42,9,actual_attacker,14,11,0,0,761,0.3946023866258662,0.8072441632392767,-0.029455550973460625,0.0,-0.09486686960563998
fashion_mnist,cut_backdoor,attacked,42,9,actual_attacker,14,12,0,0,45,0.36417827130566177,0.6608003887705086,-0.2521156786655275,0.0,-0.29211562386249545
fashion_mnist,cut_backdoor,attacked,42,9,actual_attacker,14,13,0,0,51,0.4498340050546839,0.8535303678152335,0.09605246621096224,0.0,0.38637783968484457
fashion_mnist,cut_backdoor,attacked,42,9,actual_attacker,14,15,0,0,239,0.6485702475410353,0.8944648684809293,-0.1432521449652156,0.0,-0.17134914139343096
fashion_mnist,cut_backdoor,attacked,42,9,actual_attacker,14,16,0,0,419,0.45103738133935173,0.7476643601925381,-0.03140054546940342,0.0,0.17833526779736214
fashion_mnist,cut_backdoor,attacked,42,9,actual_attacker,14,17,0,0,104,0.39934926338891036,0.7701270702138282,0.11770094638742198,0.0,-0.10531273104040317
fashion_mnist,cut_backdoor,attacked,42,9,actual_attacker,14,19,0,0,376,0.7256886216736845,0.907536339311726,-0.13252732601390135,0.0,-0.1553124393571816
fashion_mnist,cut_backdoor,attacked,42,9,actual_attacker,14,20,0,0,376,0.3408293615385948,0.7102562284570875,0.03200396569825068,0.0,0.16378234433006655
fashion_mnist,cut_backdoor,attacked,42,9,actual_attacker,14,21,0,0,798,0.35138584978445236,0.7752244957633828,-0.20830708685961485,0.0,-0.33361112191872083
fashion_mnist,cut_backdoor,attacked,42,9,actual_attacker,14,22,0,0,132,0.5257260188534609,0.8571696979790756,-0.1766101964871314,0.0,-0.19314627103439022
fashion_mnist,cut_backdoor,attacked,42,9,actual_attacker,14,23,0,0,415,0.3916800753268605,0.6211791069043396,-0.15644624604153415,0.0,-0.26915086559871476
fashion_mnist,cut_backdoor,attacked,42,9,actual_attacker,14,24,0,0,249,0.3224199394349935,0.5432089514098432,-0.16595880882685965,0.0,-0.34687562212156897
fashion_mnist,cut_backdoor,attacked,42,9,actual_attacker,14,25,0,0,184,0.41054623714340255,0.8549626929692117,-0.0710035265568758,0.0,-0.21929841886620113
fashion_mnist,cut_backdoor,attacked,42,9,actual_attacker,14,26,0,0,407,0.3933974779963718,0.65963515576198,-0.263745457483255,0.0,-0.3095501165367861
fashion_mnist,cut_backdoor,attacked,42,9,actual_attacker,14,27,0,0,86,0.40085230060916827,0.70540327844348,-0.12806426644733365,0.0,-0.26471001334373356
fashion_mnist,cut_backdoor,attacked,42,9,actual_attacker,14,28,1,1,328,0.3829328453624582,0.6048314774008655,0.06507471700574212,0.0,0.21937359677730212
fashion_mnist,cut_backdoor,attacked,42,9,actual_attacker,14,29,0,0,2416,0.3972266229061226,0.7725532233169302,-0.1453692759365587,0.0,-0.08879268284397406
fashion_mnist,cut_backdoor,attacked,42,9,actual_attacker,14,31,0,0,364,0.28838251103647994,0.6261684923691256,-0.14862662411649682,0.0,-0.29090001646346597
fashion_mnist,cut_backdoor,attacked,42,9,actual_attacker,14,32,0,0,1148,0.5232279217550384,0.7043523552999659,-0.3054934429538362,0.0,-0.29511789958309553
fashion_mnist,cut_backdoor,attacked,42,9,actual_attacker,14,33,1,1,1245,0.33095897346828257,0.6337356578586144,-0.03614690056789084,0.0,0.26936192980508955
fashion_mnist,cut_backdoor,attacked,42,9,actual_attacker,14,34,0,0,359,0.36422846586133933,0.7393749311077383,-0.1607059772660518,0.0,-0.23528259252402212
fashion_mnist,cut_backdoor,attacked,42,9,actual_attacker,14,35,0,0,719,0.284007106677211,0.5532867010317962,-0.3294968565001211,0.0,-0.31437065113951895
fashion_mnist,cut_backdoor,attacked,42,9,actual_attacker,14,36,0,0,207,0.32819399007663486,0.5875519180877009,-0.2896632827203845,0.0,-0.16393205998718638
fashion_mnist,cut_backdoor,attacked,42,9,actual_attacker,14,37,0,0,302,0.49744906067590144,0.8192886964607686,-0.1123928761981831,0.0,-0.2188056768507443
fashion_mnist,cut_backdoor,attacked,42,9,actual_attacker,14,39,0,0,288,0.41683987218404245,0.6368556028861908,-0.11754064191629206,0.0,-0.1414394373178476
fashion_mnist,cut_backdoor,attacked,42,9,actual_attacker,14,40,0,0,83,0.4326273482542633,0.8342970199943643,-0.03271184241290341,0.0,-0.18886787748144268
fashion_mnist,cut_backdoor,attacked,42,9,actual_attacker,14,41,1,1,1017,0.3187351462799893,0.6441400624744165,-0.15084113032925978,0.0,0.07057702585212165
fashion_mnist,cut_backdoor,attacked,42,9,actual_attacker,14,42,0,0,135,0.5147087651328209,0.8104419743238042,-0.10909596830639455,0.0,-0.062206604489496845
fashion_mnist,cut_backdoor,attacked,42,9,actual_attacker,14,43,0,0,48,0.6047824490788044,0.9106261923580277,-0.09734569743364338,0.0,-0.13859519612590923
fashion_mnist,cut_backdoor,attacked,42,9,actual_attacker,14,44,1,1,211,0.3596684655942926,0.6161726287770782,-0.08763545575004549,0.0,0.22204149463386288
fashion_mnist,cut_backdoor,attacked,42,9,actual_attacker,14,45,0,0,130,0.32854483005793833,0.49350986842585376,-0.19172439749238848,0.0,-0.2381696232313907
fashion_mnist,cut_backdoor,attacked,42,9,actual_attacker,14,46,1,1,142,0.3731255157247365,0.6218506886132833,-0.09345664054284161,0.0,0.008288419647068484
fashion_mnist,cut_backdoor,attacked,42,9,actual_attacker,14,47,0,0,1207,0.43343969073484073,0.7440036609450225,-0.12110335839001901,0.0,-0.1480549782035091
fashion_mnist,cut_backdoor,attacked,42,9,actual_attacker,14,48,0,0,177,0.4234633203589191,0.7117475440468345,0.00610295980420568,0.0,0.08159678389743821
fashion_mnist,cut_backdoor,attacked,42,9,actual_attacker,14,49,1,1,357,0.3709500170667538,0.6235605948020503,-0.19891957231993312,0.0,0.014812623150061589
fashion_mnist,cut_backdoor,attacked,42,9,actual_attacker,14,52,0,0,20,0.385651348908075,0.7205450772933206,-0.1636625728673964,0.0,-0.108962097291755
fashion_mnist,cut_backdoor,attacked,42,9,actual_attacker,14,53,0,0,96,0.3362316644808515,0.6474911451949747,-0.13980247471280402,0.0,-0.0002831914928050916
fashion_mnist,cut_backdoor,attacked,42,9,actual_attacker,14,54,0,0,414,0.416470323428508,0.8422422710582687,-0.034691823664898626,0.0,-0.14758462844665965
fashion_mnist,cut_backdoor,attacked,42,9,actual_attacker,14,55,0,0,327,0.36022343938115414,0.6994156229430277,-0.037837206283207685,0.0,-0.18417613865966
fashion_mnist,cut_backdoor,attacked,42,9,actual_attacker,14,56,1,1,919,0.40236259398485175,0.8011717950357097,-0.1999736821457663,0.0,-0.1136271614218762
fashion_mnist,cut_backdoor,attacked,42,9,actual_attacker,14,57,0,0,980,0.3671853618196069,0.645618271361501,0.03919706748343732,0.0,-0.07405028930841873
fashion_mnist,cut_backdoor,attacked,42,9,actual_attacker,14,58,1,1,115,0.41312702682282737,0.7514809056516946,-0.12097690927524059,0.0,0.18585342085169504
fashion_mnist,cut_backdoor,attacked,42,9,actual_attacker,14,60,0,0,121,0.45179119879610763,0.8167419904541804,0.19870161409244075,0.0,0.16837857864117559
fashion_mnist,cut_backdoor,attacked,42,9,actual_attacker,14,61,0,0,95,0.5964005955317269,0.7941775122628068,-0.17019380411770108,0.0,-0.2400005871818407
fashion_mnist,cut_backdoor,attacked,42,9,actual_attacker,14,62,0,0,726,0.4128148511760337,0.7331633296640743,-0.08830431965155913,0.0,-0.2556560105584682
fashion_mnist,cut_backdoor,attacked,42,9,actual_attacker,14,63,0,0,165,0.3761183203739643,0.7271955247290047,-0.04648818872582238,0.0,-0.17361641136728886
fashion_mnist,cut_backdoor,attacked,42,9,actual_attacker,14,64,0,0,1466,0.40885437612303693,0.7870615042869143,0.07582465901177528,0.0,0.3720000729429044
fashion_mnist,cut_backdoor,attacked,42,9,actual_attacker,14,65,1,1,388,0.3184020767510114,0.6224871241548515,-0.10797689107244977,0.0,0.1458687339853781
fashion_mnist,cut_backdoor,attacked,42,9,actual_attacker,14,66,0,0,412,0.4009801723150999,0.6115438300106588,-0.02957794952158793,0.0,-0.21890522105636664
fashion_mnist,cut_backdoor,attacked,42,9,actual_attacker,14,67,0,0,27,0.4638117072792787,0.7309936587481066,-0.025721479340384705,0.0,-0.11759139568144653
fashion_mnist,cut_backdoor,attacked,42,9,actual_attacker,14,68,0,0,1851,0.46241634290146827,0.7888600796000482,-0.20394572802133187,0.0,-0.27292598964888065
fashion_mnist,cut_backdoor,attacked,42,9,actual_attacker,14,70,1,1,256,0.5003376189439613,0.7539075715797903,-0.1714734428688361,0.0,-0.006174822182614868
fashion_mnist,cut_backdoor,attacked,42,9,actual_attacker,14,71,1,1,515,0.35675966070151616,0.6096416825397497,-0.1713314036227003,0.0,0.1192477274011887
fashion_mnist,cut_backdoor,attacked,42,9,actual_attacker,14,72,0,0,949,0.5035758978627567,0.7793322742202612,-0.16265577849520071,0.0,-0.11021426836262353
fashion_mnist,cut_backdoor,attacked,42,9,actual_attacker,14,73,1,1,199,0.2973889987391845,0.40999043253905826,-0.2573768531437384,0.0,-0.01559428418477376
fashion_mnist,cut_backdoor,attacked,42,9,actual_attacker,14,74,0,0,549,0.5593313576734525,0.8677864083611008,-0.25699929246719955,0.0,-0.27628016872832084
fashion_mnist,cut_backdoor,attacked,42,9,actual_attacker,14,75,0,0,20,0.43099299177150324,0.6661782137548441,-0.18715004364222673,0.0,-0.15722007769068586
fashion_mnist,cut_backdoor,attacked,42,9,actual_attacker,14,76,0,0,434,0.30438169466271847,0.6505268751542692,-0.045763811625102076,0.0,-0.20515419881408464
fashion_mnist,cut_backdoor,attacked,42,9,actual_attacker,14,77,1,1,236,0.3700248506915566,0.7637720104055374,-0.043489154556253504,0.0,0.25239560922568177
fashion_mnist,cut_backdoor,attacked,42,9,actual_attacker,14,78,1,1,2050,0.47271959084507664,0.6803686410125527,-0.15910584058556998,0.0,0.1285459592404212
fashion_mnist,cut_backdoor,attacked,42,9,actual_attacker,14,79,0,0,1088,0.594019586360502,0.8709564521351337,0.2492104632543433,0.0,0.14503839064187551
fashion_mnist,cut_backdoor,attacked,42,9,actual_attacker,14,80,0,0,1584,0.4406437495251157,0.7258525407154937,-0.17660674927033754,0.0,-0.20999943337381885
fashion_mnist,cut_backdoor,attacked,42,9,actual_attacker,14,81,0,0,285,0.5271604436396448,0.8784096347754577,-0.09523601182175774,0.0,-0.09174771837412016
fashion_mnist,cut_backdoor,attacked,42,9,actual_attacker,14,82,0,0,711,0.3814000790708602,0.6138444782670079,-0.043173474519485826,0.0,-0.13820521156875284
fashion_mnist,cut_backdoor,attacked,42,9,actual_attacker,14,83,0,0,20,0.40562228199657735,0.5948819553350375,0.14967881401689417,0.0,0.20582487630687524
fashion_mnist,cut_backdoor,attacked,42,9,actual_attacker,14,84,0,0,617,0.39181302542026214,0.6060611389123142,0.028490189892819835,0.0,-0.14137312897656662
fashion_mnist,cut_backdoor,attacked,42,9,actual_attacker,14,85,0,0,171,0.3514094952204271,0.7112374941773993,0.037550621392851424,0.0,-0.12550473121453615
fashion_mnist,cut_backdoor,attacked,42,9,actual_attacker,14,86,0,0,1502,0.37343047566328835,0.8072914551399499,0.010475664932145478,0.0,0.2752457679481298
fashion_mnist,cut_backdoor,attacked,42,9,actual_attacker,14,87,1,1,451,0.4034998775755879,0.6880329625211966,-0.11637141744054362,0.0,-0.10759947787392861
fashion_mnist,cut_backdoor,attacked,42,9,actual_attacker,14,88,0,0,29,0.4554685118968214,0.7251477070966784,-0.1289776622223671,0.0,-0.15067555914875128
fashion_mnist,cut_backdoor,attacked,42,9,actual_attacker,14,89,0,0,449,0.33610149348271395,0.7253271108074884,0.07821068106332461,0.0,0.2869245772694453
fashion_mnist,cut_backdoor,attacked,42,9,actual_attacker,14,90,1,1,576,0.3668332313030306,0.6074166861469499,-0.14647373141680278,0.0,0.08456186602546374
fashion_mnist,cut_backdoor,attacked,42,9,actual_attacker,14,91,0,0,63,0.32757414088921166,0.800346684408517,-0.01658279995686425,0.0,-0.05135137843283705
fashion_mnist,cut_backdoor,attacked,42,9,actual_attacker,14,92,0,0,1075,0.4460947023459599,0.8401510659872935,0.05542447551125657,0.0,0.31750665082873
fashion_mnist,cut_backdoor,attacked,42,9,actual_attacker,14,93,0,0,326,0.5967059853690148,0.8763388562108292,0.2373444167716171,0.0,0.12874301838165683
fashion_mnist,cut_backdoor,attacked,42,9,actual_attacker,14,94,0,0,296,0.44882239061102536,0.7843949979748819,-0.18883579944416287,0.0,-0.1864557076789367
fashion_mnist,cut_backdoor,attacked,42,9,actual_attacker,14,95,0,0,1166,0.5181638785097864,0.8296333379743114,-0.16664567707463798,0.0,-0.2633046992421198
fashion_mnist,cut_backdoor,attacked,42,9,actual_attacker,14,96,0,0,1845,0.4465762011578582,0.7563658808079693,0.17119331866606177,0.0,-0.02148960013364099
fashion_mnist,cut_backdoor,attacked,42,9,actual_attacker,14,97,0,0,252,0.38933861633086814,0.7008734883269858,0.1401697860058616,0.0,0.042376083304340464
fashion_mnist,cut_backdoor,attacked,42,9,actual_attacker,14,98,0,0,983,0.4532188352485084,0.7491018772661997,-0.035579864219530806,0.0,0.15774603790205496
fashion_mnist,cut_backdoor,attacked,42,9,actual_attacker,14,99,0,0,260,0.31353533720201593,0.8195291300193537,-0.0034910008375760243,0.0,-0.06542737731581709
fashion_mnist,cut_backdoor,attacked,42,29,actual_attacker,14,0,0,0,35,0.3119909593170941,0.5828293182382449,0.19510467674925144,0.0,0.0817268028596183
fashion_mnist,cut_backdoor,attacked,42,29,actual_attacker,14,1,1,1,415,0.42138213181238643,0.8040384309439847,-0.7064215794801822,0.0,-0.45513441921035
fashion_mnist,cut_backdoor,attacked,42,29,actual_attacker,14,2,0,0,477,0.3437866545546917,0.6936106154580287,0.2722184887839124,0.0,0.12335010984515789
fashion_mnist,cut_backdoor,attacked,42,29,actual_attacker,14,3,0,0,245,0.5689546423463914,0.9199106611940925,-0.5610009143568011,0.0,-0.6550093378698467
fashion_mnist,cut_backdoor,attacked,42,29,actual_attacker,14,4,0,0,31,0.4989891338564908,0.8750533250766347,0.3383751192030127,0.0,0.21559891379879018
fashion_mnist,cut_backdoor,attacked,42,29,actual_attacker,14,5,1,1,393,0.34721875519835116,0.6569549362669037,-0.08722397905757781,0.0,0.18474807166529186
fashion_mnist,cut_backdoor,attacked,42,29,actual_attacker,14,6,0,0,480,0.3006308612031015,0.8254716643562071,-0.06258571049068942,0.0,-0.07990923351204969
fashion_mnist,cut_backdoor,attacked,42,29,actual_attacker,14,7,0,0,412,0.22812854061540394,0.5705513163130298,0.3621751247726215,0.0,0.0975533330664701
fashion_mnist,cut_backdoor,attacked,42,29,actual_attacker,14,8,0,0,881,0.6303201207093988,0.8873569664301936,0.4539409062182129,0.0,0.4092535574903203
fashion_mnist,cut_backdoor,attacked,42,29,actual_attacker,14,10,0,0,153,0.6015650965429057,0.9467999319549258,-0.5692571916843432,0.0,-0.5969090960207358
fashion_mnist,cut_backdoor,attacked,42,29,actual_attacker,14,11,0,0,761,0.24359336171988624,0.7267372324450582,-0.16636822056783132,0.0,-0.10501453028594125
fashion_mnist,cut_backdoor,attacked,42,29,actual_attacker,14,12,0,0,45,0.2658678985634197,0.6386808990007484,0.16606205057894252,0.0,0.07488889368024286
fashion_mnist,cut_backdoor,attacked,42,29,actual_attacker,14,13,0,0,51,0.40167256230620096,0.7440072308148731,-0.19889033672192669,0.0,0.18912307406987955
fashion_mnist,cut_backdoor,attacked,42,29,actual_attacker,14,14,0,0,251,0.21328540032952106,0.7491638479149654,-0.0035122945111764146,0.0,-0.11316759857959142
fashion_mnist,cut_backdoor,attacked,42,29,actual_attacker,14,15,0,0,239,0.5496066427010797,0.87898215173971,0.3914023914154176,0.0,0.3228953710559686
fashion_mnist,cut_backdoor,attacked,42,29,actual_attacker,14,16,0,0,419,0.35351003119818064,0.742789252078917,-0.08689058730197405,0.0,0.24039206315717515
fashion_mnist,cut_backdoor,attacked,42,29,actual_attacker,14,18,0,0,34,0.3835021943672453,0.8084905225726928,-0.5156751637310081,0.0,-0.6214193576757507
fashion_mnist,cut_backdoor,attacked,42,29,actual_attacker,14,19,0,0,376,0.6358814486434275,0.8797989883909137,0.4768620461151766,0.0,0.4121050097992012
fashion_mnist,cut_backdoor,attacked,42,29,actual_attacker,14,20,0,0,376,0.3066709879425304,0.6344816249432526,-0.17551690158964206,0.0,0.04752580877207237
fashion_mnist,cut_backdoor,attacked,42,29,actual_attacker,14,22,0,0,132,0.428292260495723,0.8599394728687326,0.45051534236420626,0.0,0.3477447370522946
fashion_mnist,cut_backdoor,attacked,42,29,actual_attacker,14,23,0,0,415,0.30652241465468805,0.5581141106076142,0.025727068690274954,0.0,-0.07321696563911326
fashion_mnist,cut_backdoor,attacked,42,29,actual_attacker,14,24,0,0,249,0.25048103940667754,0.6338550015252731,0.006686400774716303,0.0,-0.1548207668049187
fashion_mnist,cut_backdoor,attacked,42,29,actual_attacker,14,25,0,0,184,0.3066583422187246,0.7743449549166165,-0.003748910375722636,0.0,-0.15323932760654005
fashion_mnist,cut_backdoor,attacked,42,29,actual_attacker,14,26,0,0,407,0.3530202135602954,0.642210492941997,0.26530958542380706,0.0,0.1889019322962685
fashion_mnist,cut_backdoor,attacked,42,29,actual_attacker,14,27,0,0,86,0.3733981700306804,0.6144234872427454,0.19126315607029837,0.0,0.00236025339658146
fashion_mnist,cut_backdoor,attacked,42,29,actual_attacker,14,28,1,1,328,0.4061312899449108,0.7702260899991094,-0.6783776390118494,0.0,-0.4045267111547084
fashion_mnist,cut_backdoor,attacked,42,29,actual_attacker,14,29,0,0,2416,0.3374050359510536,0.7182634589476115,-0.13570967770430678,0.0,-0.018181047631846314
fashion_mnist,cut_backdoor,attacked,42,29,actual_attacker,14,32,0,0,1148,0.4048379647884245,0.748235699393422,0.5624417017126002,0.0,0.43899578230282965
fashion_mnist,cut_backdoor,attacked,42,29,actual_attacker,14,33,1,1,1245,0.26180166054274495,0.6338355764945933,-0.2249467151668312,0.0,0.14743705455376396
fashion_mnist,cut_backdoor,attacked,42,29,actual_attacker,14,34,0,0,359,0.2829461141414849,0.6737246056309127,0.15870128887063187,0.0,0.07654303098512011
fashion_mnist,cut_backdoor,attacked,42,29,actual_attacker,14,35,0,0,719,0.23656306804135688,0.5945065973875059,0.24433053358988888,0.0,0.2594331760806712
fashion_mnist,cut_backdoor,attacked,42,29,actual_attacker,14,36,0,0,207,0.2669293850926885,0.6067042440967906,0.3696787716470196,0.0,0.4851642912826722
fashion_mnist,cut_backdoor,attacked,42,29,actual_attacker,14,37,0,0,302,0.32992461853775495,0.8377168295687942,0.32834319988769883,0.0,0.149211721531158
fashion_mnist,cut_backdoor,attacked,42,29,actual_attacker,14,38,0,0,32,0.31298656384763696,0.7015202981880518,0.09602725147845295,0.0,-0.0665059544452066
fashion_mnist,cut_backdoor,attacked,42,29,actual_attacker,14,39,0,0,288,0.35170599074671177,0.5175880913468422,0.0005269002846147567,0.0,-0.0431816728696108
fashion_mnist,cut_backdoor,attacked,42,29,actual_attacker,14,40,0,0,83,0.32361677343096995,0.7572674190162342,-0.0632770589961274,0.0,-0.21186328908862204
fashion_mnist,cut_backdoor,attacked,42,29,actual_attacker,14,41,1,1,1017,0.345690255324189,0.670599664102698,-0.2359184811687945,0.0,0.07016877742216165
fashion_mnist,cut_backdoor,attacked,42,29,actual_attacker,14,42,0,0,135,0.4560514901479094,0.7542107338905536,0.07483470164004967,0.0,0.1433403500572034
fashion_mnist,cut_backdoor,attacked,42,29,actual_attacker,14,43,0,0,48,0.49223985613099924,0.9030976178204948,0.36139397052053607,0.0,0.22501408099508363
fashion_mnist,cut_backdoor,attacked,42,29,actual_attacker,14,44,1,1,211,0.2956140490830435,0.6621746089506326,-0.1445974239606779,0.0,0.1808920430416532
fashion_mnist,cut_backdoor,attacked,42,29,actual_attacker,14,46,1,1,142,0.3532182251699069,0.5499059558016357,-0.3281528626770486,0.0,-0.12221841123151363
fashion_mnist,cut_backdoor,attacked,42,29,actual_attacker,14,47,0,0,1207,0.3195217974501306,0.6716161196945556,0.2299079208395154,0.0,0.13708520018754425
fashion_mnist,cut_backdoor,attacked,42,29,actual_attacker,14,48,0,0,177,0.39493602349809404,0.6799524439115905,-0.12696181789040162,0.0,0.05843642060393777
fashion_mnist,cut_backdoor,attacked,42,29,actual_attacker,14,49,1,1,357,0.2942627820054619,0.6549997800559979,0.13862189598101599,0.0,0.3815772320490736
fashion_mnist,cut_backdoor,attacked,42,29,actual_attacker,14,50,0,0,414,0.22151560452985675,0.5632587278403162,0.06120026743024355,0.0,-0.060003840427632106
fashion_mnist,cut_backdoor,attacked,42,29,actual_attacker,14,51,0,0,56,0.3634711877395725,0.6426568497318165,0.2439676906766761,0.0,0.37982041283043827
fashion_mnist,cut_backdoor,attacked,42,29,actual_attacker,14,52,0,0,20,0.33911951311183175,0.6763836913749544,-0.09056302630655841,0.0,-0.0013576375006990908
fashion_mnist,cut_backdoor,attacked,42,29,actual_attacker,14,53,0,0,96,0.2969820840883313,0.6890725724148524,-0.062278995336893725,0.0,0.08312644772727266
fashion_mnist,cut_backdoor,attacked,42,29,actual_attacker,14,54,0,0,414,0.33230958809067485,0.7780117280716726,-0.056171053617914385,0.0,-0.1563716539734175
fashion_mnist,cut_backdoor,attacked,42,29,actual_attacker,14,55,0,0,327,0.3119946006029256,0.6410296638363082,-0.44817927918314876,0.0,-0.5757490051775769
fashion_mnist,cut_backdoor,attacked,42,29,actual_attacker,14,56,1,1,919,0.37780987897404034,0.7742098531069732,0.18869294173331608,0.0,0.30295588163726733
fashion_mnist,cut_backdoor,attacked,42,29,actual_attacker,14,57,0,0,980,0.36551567768665655,0.8184453891280643,-0.47838037344426243,0.0,-0.5336004639110227
fashion_mnist,cut_backdoor,attacked,42,29,actual_attacker,14,58,1,1,115,0.35979057805213294,0.7050632101238661,0.08827022146078779,0.0,0.365567584842039
fashion_mnist,cut_backdoor,attacked,42,29,actual_attacker,14,59,0,0,210,0.29199978975913404,0.8625064823172576,-0.511370125623985,0.0,-0.6255885496693466
fashion_mnist,cut_backdoor,attacked,42,29,actual_attacker,14,60,0,0,121,0.4933401914538914,0.881371788530273,-0.6334754368935512,0.0,-0.5025133173392224
fashion_mnist,cut_backdoor,attacked,42,29,actual_attacker,14,61,0,0,95,0.5334917328443314,0.8032054263816736,0.4266640977492181,0.0,0.3198575440286904
fashion_mnist,cut_backdoor,attacked,42,29,actual_attacker,14,62,0,0,726,0.3783996565466963,0.6389553922277071,0.017462980740440105,0.0,-0.19696266421352246
fashion_mnist,cut_backdoor,attacked,42,29,actual_attacker,14,64,0,0,1466,0.34975000260438205,0.7472311712886006,-0.23816295823750727,0.0,0.12428321514819266
fashion_mnist,cut_backdoor,attacked,42,29,actual_attacker,14,65,1,1,388,0.2569959392410799,0.6154628900316361,-0.47287071141663745,0.0,-0.10917501294634924
fashion_mnist,cut_backdoor,attacked,42,29,actual_attacker,14,66,0,0,412,0.3052310040304534,0.6042363398250808,0.07961855854210335,0.0,-0.1521386057537653
fashion_mnist,cut_backdoor,attacked,42,29,actual_attacker,14,67,0,0,27,0.4039511548095878,0.6649499018776553,-0.2967213643439518,0.0,-0.35146523205234415
fashion_mnist,cut_backdoor,attacked,42,29,actual_attacker,14,68,0,0,1851,0.344413885576612,0.8179747393545007,0.30177263397545473,0.0,0.1229874457670452
fashion_mnist,cut_backdoor,attacked,42,29,actual_attacker,14,69,0,0,323,0.3587343072157196,0.6779159983274241,0.5270291387366176,0.0,0.5038499964820704
fashion_mnist,cut_backdoor,attacked,42,29,actual_attacker,14,70,1,1,256,0.4501415643466543,0.7344161121145667,0.24339364220280196,0.0,0.4482863528175163
fashion_mnist,cut_backdoor,attacked,42,29,actual_attacker,14,71,1,1,515,0.24144251256826446,0.5941614699759972,-0.10113287742989353,0.0,0.23266843570154047
fashion_mnist,cut_backdoor,attacked,42,29,actual_attacker,14,72,0,0,949,0.41361057338853535,0.6931937201924123,0.16616958044050964,0.0,0.21012700423184072
fashion_mnist,cut_backdoor,attacked,42,29,actual_attacker,14,73,1,1,199,0.23184584758498034,0.43232106281106014,-0.1008779773503014,0.0,0.31679215519478515
fashion_mnist,cut_backdoor,attacked,42,29,actual_attacker,14,74,0,0,549,0.5098500053622889,0.8626283408237173,0.5462950618794944,0.0,0.3985593187113663
fashion_mnist,cut_backdoor,attacked,42,29,actual_attacker,14,75,0,0,20,0.35695553590288553,0.6076257338123409,0.06313705288535688,0.0,0.11823539145690634
fashion_mnist,cut_backdoor,attacked,42,29,actual_attacker,14,76,0,0,434,0.2325750203831784,0.657987273081328,0.03408505105881797,0.0,-0.14039895629173682
fashion_mnist,cut_backdoor,attacked,42,29,actual_attacker,14,77,1,1,236,0.35731016899050877,0.6997101809732014,-0.2024747754877546,0.0,0.1182976581200596
fashion_mnist,cut_backdoor,attacked,42,29,actual_attacker,14,78,1,1,2050,0.3669297678558707,0.6980806247585244,-0.040958569190743484,0.0,0.34198147615167
fashion_mnist,cut_backdoor,attacked,42,29,actual_attacker,14,79,0,0,1088,0.6545695171855848,0.93708970286043,-0.5554243794829709,0.0,-0.5743026250874044
fashion_mnist,cut_backdoor,attacked,42,29,actual_attacker,14,80,0,0,1584,0.3529099903254606,0.8257953820434963,0.2299797790006645,0.0,0.09015710831871006
fashion_mnist,cut_backdoor,attacked,42,29,actual_attacker,14,81,0,0,285,0.37901075254939126,0.8448065576230253,0.18416112460512363,0.0,0.1497924396198039
fashion_mnist,cut_backdoor,attacked,42,29,actual_attacker,14,82,0,0,711,0.27705075669680446,0.5808816438273101,0.11574280468108528,0.0,0.01044724593473592
fashion_mnist,cut_backdoor,attacked,42,29,actual_attacker,14,83,0,0,20,0.4443189493601687,0.6782460741702094,-0.5397067510214211,0.0,-0.3227895835332246
fashion_mnist,cut_backdoor,attacked,42,29,actual_attacker,14,84,0,0,617,0.37742843081147287,0.7657399264806034,-0.5688778803799592,0.0,-0.6630060511741187
fashion_mnist,cut_backdoor,attacked,42,29,actual_attacker,14,85,0,0,171,0.2520594956058823,0.672682053677768,-0.14739638915424302,0.0,-0.2710080643571817
fashion_mnist,cut_backdoor,attacked,42,29,actual_attacker,14,87,1,1,451,0.37935904656092845,0.5282207713744852,-0.10505558462550338,0.0,0.03130319647024626
fashion_mnist,cut_backdoor,attacked,42,29,actual_attacker,14,88,0,0,29,0.37886580776567774,0.6122812122413548,-0.09152165271642536,0.0,-0.1130475043131999
fashion_mnist,cut_backdoor,attacked,42,29,actual_attacker,14,89,0,0,449,0.3478535663464176,0.7059414305149836,-0.5460015771452048,0.0,-0.2534337988564595
fashion_mnist,cut_backdoor,attacked,42,29,actual_attacker,14,90,1,1,576,0.32806864293457394,0.6341591673122835,-0.07779152785433999,0.0,0.20719812421872216
fashion_mnist,cut_backdoor,attacked,42,29,actual_attacker,14,91,0,0,63,0.24612812797488107,0.8272689321787864,-0.005793196867501265,0.0,-0.03549162014597879
fashion_mnist,cut_backdoor,attacked,42,29,actual_attacker,14,93,0,0,326,0.6498383846919608,0.9433883609070037,-0.563910139383855,0.0,-0.5580453591251662
fashion_mnist,cut_backdoor,attacked,42,29,actual_attacker,14,94,0,0,296,0.34530347214288987,0.7248348339232615,-0.04569837513756957,0.0,-0.03869348649012208
fashion_mnist,cut_backdoor,attacked,42,29,actual_attacker,14,96,0,0,1845,0.43281410223969985,0.892971566923334,-0.5475100639722613,0.0,-0.6035199465638506
fashion_mnist,cut_backdoor,attacked,42,29,actual_attacker,14,97,0,0,252,0.3569362975380077,0.7278331809018119,-0.45663817544262975,0.0,-0.48819485312135774
fashion_mnist,cut_backdoor,attacked,42,29,actual_attacker,14,98,0,0,983,0.3641905836631664,0.6836505572014904,-0.0664860241368609,0.0,0.1871085917992103
fashion_mnist,cut_backdoor,attacked,42,29,actual_attacker,14,99,0,0,260,0.26552336117875525,0.8250423263645954,-0.09861584231831272,0.0,-0.15072992058362614
mnist,cut_backdoor,attacked,137,0,actual_attacker,15,0,0,0,848,0.636782861309814,0.8991862109732176,-0.10026613850088176,0.0,-0.05473109982713176
mnist,cut_backdoor,attacked,137,0,actual_attacker,15,1,0,0,399,0.5216935182686154,0.7617716560181359,-0.2346621598248924,0.0,-0.1572182223482898
mnist,cut_backdoor,attacked,137,0,actual_attacker,15,2,0,0,118,0.5086525618295915,0.8061801499608652,-0.5112649131116512,0.0,-0.45019922325387385
mnist,cut_backdoor,attacked,137,0,actual_attacker,15,3,1,1,1149,0.43150370225105916,0.6602085618412068,-0.36129661993802364,0.0,-0.27790641065394417
mnist,cut_backdoor,attacked,137,0,actual_attacker,15,4,0,0,45,0.6489021749992546,0.8702790120662034,-0.2417867279841773,0.0,-0.1715737814546193
mnist,cut_backdoor,attacked,137,0,actual_attacker,15,5,0,0,189,0.6702903079637472,0.9063390846671402,-0.18061328758024323,0.0,-0.2186837937407021
mnist,cut_backdoor,attacked,137,0,actual_attacker,15,6,1,1,559,0.40841966886318265,0.7883865035672308,-0.2580893787617044,0.0,-0.18666290714577405
mnist,cut_backdoor,attacked,137,0,actual_attacker,15,7,0,0,60,0.7484462925400182,0.8893919193895199,-0.380644156247778,0.0,-0.2518431992391184
mnist,cut_backdoor,attacked,137,0,actual_attacker,15,8,0,0,24,0.7226936490381298,0.9002024301557319,-0.1843568154395552,0.0,-0.20722676084748032
mnist,cut_backdoor,attacked,137,0,actual_attacker,15,9,0,0,650,0.5086290576620742,0.8355999450205438,-0.2197233817407509,0.0,-0.30530304024232374
mnist,cut_backdoor,attacked,137,0,actual_attacker,15,10,0,0,335,0.6813632450967382,0.9293883341850202,-0.08160541069014501,0.0,-0.05203880927829557
mnist,cut_backdoor,attacked,137,0,actual_attacker,15,11,0,0,688,0.4744570625470371,0.699991943171654,-0.236304364483586,0.0,-0.2936635578005643
mnist,cut_backdoor,attacked,137,0,actual_attacker,15,12,0,0,209,0.6550958713043274,0.9032255607115969,-0.05730644344805025,0.0,-0.039487037978561075
mnist,cut_backdoor,attacked,137,0,actual_attacker,15,13,1,1,20,0.42957770871901263,0.653652503253182,-0.371852664891966,0.0,-0.39317141328169525
mnist,cut_backdoor,attacked,137,0,actual_attacker,15,14,1,1,20,0.5850093516275323,0.8270034389442117,-0.31620035095363924,0.0,-0.25960828754360876
mnist,cut_backdoor,attacked,137,0,actual_attacker,15,15,1,1,397,0.4183002834982991,0.8268232168223546,-0.2622841993522869,0.0,-0.22633594968577117
mnist,cut_backdoor,attacked,137,0,actual_attacker,15,16,0,0,770,0.5210942809294611,0.8578217700525157,-0.18249232023408377,0.0,-0.15013480861736303
mnist,cut_backdoor,attacked,137,0,actual_attacker,15,17,0,0,446,0.48002240306769417,0.7448467027303967,-0.3315464631732938,0.0,-0.4294807503669869
mnist,cut_backdoor,attacked,137,0,actual_attacker,15,18,0,0,136,0.5195394773106934,0.7540667795015776,-0.3692674335205084,0.0,-0.46807620838262015
mnist,cut_backdoor,attacked,137,0,actual_attacker,15,19,0,0,94,0.5705263112781507,0.9022891365667476,-0.3094952026002147,0.0,-0.32759633710978564
mnist,cut_backdoor,attacked,137,0,actual_attacker,15,20,1,1,20,0.44192655466115904,0.6667000001996267,-0.36670772682413183,0.0,-0.27437698358349605
mnist,cut_backdoor,attacked,137,0,actual_attacker,15,21,0,0,184,0.587233382231264,0.9116642160572752,-0.13420465856762054,0.0,-0.12796461057300437
mnist,cut_backdoor,attacked,137,0,actual_attacker,15,22,0,0,230,0.6507133454936687,0.9234005937255292,-0.21746184373723798,0.0,-0.24629721069539637
mnist,cut_backdoor,attacked,137,0,actual_attacker,15,23,0,0,912,0.48345680743367064,0.827904774421493,-0.37740481394347064,0.0,-0.4896805217788443
mnist,cut_backdoor,attacked,137,0,actual_attacker,15,25,0,0,2115,0.47341523505529987,0.739241632799661,-0.38944666456824184,0.0,-0.31013154110546487
mnist,cut_backdoor,attacked,137,0,actual_attacker,15,26,0,0,1728,0.6779764647930425,0.904608323461526,-0.14990861868089964,0.0,-0.15038409368253505
mnist,cut_backdoor,attacked,137,0,actual_attacker,15,27,0,0,126,0.7177603276378757,0.8785715764827564,-0.23933103584890603,0.0,-0.33109959422413293
mnist,cut_backdoor,attacked,137,0,actual_attacker,15,28,0,0,93,0.4103381756503413,0.6797056624109349,-0.39661667305061143,0.0,-0.41710491042732406
mnist,cut_backdoor,attacked,137,0,actual_attacker,15,29,1,1,1520,0.42345487313567,0.7426334099646199,-0.3728016646435199,0.0,-0.28192779045474087
mnist,cut_backdoor,attacked,137,0,actual_attacker,15,31,0,0,353,0.553242275076482,0.8169983073129373,-0.0902645832506507,0.0,-0.14786960341609406
mnist,cut_backdoor,attacked,137,0,actual_attacker,15,32,1,1,59,0.5599683344381005,0.8621769321691192,-0.33850813054868173,0.0,-0.2595366915517542
mnist,cut_backdoor,attacked,137,0,actual_attacker,15,33,0,0,986,0.38561627525373326,0.6915039776381334,-0.39126386764633236,0.0,-0.3422141493388842
mnist,cut_backdoor,attacked,137,0,actual_attacker,15,34,0,0,963,0.5832606034018293,0.9042663209023128,-0.17069586544474832,0.0,-0.12754706960407267
mnist,cut_backdoor,attacked,137,0,actual_attacker,15,35,0,0,57,0.589641525853431,0.934615317327598,-0.3067101317908161,0.0,-0.3275647211397797
mnist,cut_backdoor,attacked,137,0,actual_attacker,15,36,0,0,75,0.6932273002194275,0.9591467586962017,-0.21633314011298202,0.0,-0.25654817384866424
mnist,cut_backdoor,attacked,137,0,actual_attacker,15,37,0,0,1476,0.5895873084866323,0.946500804153444,-0.27630343653358436,0.0,-0.3352589109791085
mnist,cut_backdoor,attacked,137,0,actual_attacker,15,38,0,0,828,0.6347463152289543,0.8483986734721789,-0.40381450456990603,0.0,-0.26792932939105346
mnist,cut_backdoor,attacked,137,0,actual_attacker,15,39,0,0,237,0.5520262250622711,0.8227800950178242,-0.15974106889401957,0.0,-0.2316526924477179
mnist,cut_backdoor,attacked,137,0,actual_attacker,15,41,1,1,163,0.5001138017085589,0.8371925236926797,-0.37563080034957513,0.0,-0.3716733879856287
mnist,cut_backdoor,attacked,137,0,actual_attacker,15,42,0,0,796,0.7015465727809465,0.9593228069406423,-0.20771229879419842,0.0,-0.24853416106674323
mnist,cut_backdoor,attacked,137,0,actual_attacker,15,43,0,0,20,0.5142774276049135,0.6722839416596581,-0.27902693772380965,0.0,-0.3115234835286502
mnist,cut_backdoor,attacked,137,0,actual_attacker,15,44,0,0,398,0.49251983747788913,0.87540591340213,-0.4256062594192996,0.0,-0.484551734796124
mnist,cut_backdoor,attacked,137,0,actual_attacker,15,45,0,0,20,0.6684487279367711,0.8573105436184616,-0.27172083165146443,0.0,-0.2098351880085571
mnist,cut_backdoor,attacked,137,0,actual_attacker,15,46,0,0,968,0.4736335612334048,0.7853374907266593,-0.41623782599015186,0.0,-0.3194104297288071
mnist,cut_backdoor,attacked,137,0,actual_attacker,15,47,1,1,284,0.42493509173813027,0.6923568837524631,-0.34989280185798904,0.0,-0.24527793502225476
mnist,cut_backdoor,attacked,137,0,actual_attacker,15,48,0,0,2914,0.6176079816924387,0.8816630873236226,-0.294421837780731,0.0,-0.2324567404366842
mnist,cut_backdoor,attacked,137,0,actual_attacker,15,49,0,0,323,0.3668854756809445,0.6268203650998716,-0.2614638175742193,0.0,-0.29444256907109345
mnist,cut_backdoor,attacked,137,0,actual_attacker,15,50,0,0,20,0.5195581307977265,0.7158944888423228,-0.21515907392020067,0.0,-0.20940541351650677
mnist,cut_backdoor,attacked,137,0,actual_attacker,15,51,0,0,84,0.5511387167075557,0.8833356104072367,-0.24556465248998113,0.0,-0.22475357424494624
mnist,cut_backdoor,attacked,137,0,actual_attacker,15,52,0,0,468,0.5739929352691648,0.9000635115690244,-0.14303744219962486,0.0,-0.08451190922177648
mnist,cut_backdoor,attacked,137,0,actual_attacker,15,53,0,0,1322,0.48040862069646983,0.8873324884945836,-0.27872799315498326,0.0,-0.22555653576660037
mnist,cut_backdoor,attacked,137,0,actual_attacker,15,54,0,0,616,0.6032957822532767,0.9007765521653631,-0.22665320788707152,0.0,-0.1599854553738166
mnist,cut_backdoor,attacked,137,0,actual_attacker,15,55,0,0,770,0.5275688491003012,0.8042488030615569,-0.16361534885500237,0.0,-0.20750017728245412
mnist,cut_backdoor,attacked,137,0,actual_attacker,15,56,0,0,32,0.6476371631416153,0.8572301786280789,-0.2621510084780423,0.0,-0.35538184275915224
mnist,cut_backdoor,attacked,137,0,actual_attacker,15,57,0,0,497,0.4106827627647967,0.7198278006320801,-0.45376986901816413,0.0,-0.3599666091853826
mnist,cut_backdoor,attacked,137,0,actual_attacker,15,58,0,0,180,0.48040002186071945,0.7796629511268671,-0.3529627756650957,0.0,-0.4481263177079455
mnist,cut_backdoor,attacked,137,0,actual_attacker,15,59,0,0,444,0.4158601642414465,0.7037105904789074,-0.2750906842926662,0.0,-0.33117146039544637
mnist,cut_backdoor,attacked,137,0,actual_attacker,15,61,1,1,453,0.45275937534469296,0.8374752504659039,-0.26199813805044536,0.0,-0.251157838518723
mnist,cut_backdoor,attacked,137,0,actual_attacker,15,62,0,0,1020,0.7555205185102023,0.9184009347374096,-0.1692995499158262,0.0,-0.19663868787220568
mnist,cut_backdoor,attacked,137,0,actual_attacker,15,63,0,0,264,0.47477246989503563,0.8336921712015108,-0.34612647200641283,0.0,-0.33617007177307023
mnist,cut_backdoor,attacked,137,0,actual_attacker,15,64,0,0,310,0.6571756883364022,0.8900094576846254,-0.07154680205264752,0.0,-0.13411435042901318
mnist,cut_backdoor,attacked,137,0,actual_attacker,15,65,0,0,226,0.5641874823104838,0.7380469625449257,-0.36710869625021353,0.0,-0.29502535717132866
mnist,cut_backdoor,attacked,137,0,actual_attacker,15,66,1,1,245,0.7440786499915134,0.8883095864278273,-0.3840992880039929,0.0,-0.3112633984786568
mnist,cut_backdoor,attacked,137,0,actual_attacker,15,67,1,1,112,0.5072782918075862,0.8408896087489461,-0.1595902600757817,0.0,-0.08156033136868851
mnist,cut_backdoor,attacked,137,0,actual_attacker,15,68,0,0,2540,0.5196240193028865,0.8272737050535373,-0.20019034190762758,0.0,-0.29379142725509977
mnist,cut_backdoor,attacked,137,0,actual_attacker,15,69,1,1,893,0.4762155182565276,0.8591486634831483,-0.1259676179427892,0.0,-0.10701860908931399
mnist,cut_backdoor,attacked,137,0,actual_attacker,15,70,1,1,446,0.4723016015524217,0.86373517256855,-0.25748941105842854,0.0,-0.1935950926472809
mnist,cut_backdoor,attacked,137,0,actual_attacker,15,71,0,0,440,0.5999343494912366,0.9059544785583556,-0.11684247956632132,0.0,-0.059416232505192616
mnist,cut_backdoor,attacked,137,0,actual_attacker,15,72,0,0,975,0.47530592328409804,0.7824941123476539,-0.11378690108926871,0.0,-0.13573234245896384
mnist,cut_backdoor,attacked,137,0,actual_attacker,15,73,1,1,826,0.43560054143851307,0.7613942023506368,-0.2849874262984839,0.0,-0.24887128012298365
mnist,cut_backdoor,attacked,137,0,actual_attacker,15,75,0,0,1157,0.5047567179372111,0.8813567959601301,-0.3519182604854384,0.0,-0.4354760431071294
mnist,cut_backdoor,attacked,137,0,actual_attacker,15,76,0,0,704,0.5451638291641567,0.8610253743094505,-0.25625129136653985,0.0,-0.24164937245671106
mnist,cut_backdoor,attacked,137,0,actual_attacker,15,79,0,0,147,0.5387657166786685,0.872002226450604,-0.42385836899912893,0.0,-0.42794454005090804
mnist,cut_backdoor,attacked,137,0,actual_attacker,15,80,0,0,170,0.5040654788540023,0.834556611024515,-0.3162657297037749,0.0,-0.3795511777848106
mnist,cut_backdoor,attacked,137,0,actual_attacker,15,81,0,0,88,0.48529052649135307,0.7961317202449376,-0.46162620389939457,0.0,-0.4639552352857859
mnist,cut_backdoor,attacked,137,0,actual_attacker,15,82,0,0,458,0.637535347852149,0.9029195621870949,-0.1552596219111717,0.0,-0.16816631902354562
mnist,cut_backdoor,attacked,137,0,actual_attacker,15,83,0,0,302,0.5991571923030394,0.7478338685557092,-0.4654294401000752,0.0,-0.33723960407816445
mnist,cut_backdoor,attacked,137,0,actual_attacker,15,85,0,0,437,0.547874876193357,0.8958311723509824,-0.14857594965028134,0.0,-0.14992207848131703
mnist,cut_backdoor,attacked,137,0,actual_attacker,15,86,0,0,593,0.7117825686767694,0.8935570347863692,-0.3914560280336503,0.0,-0.26935502137486084
mnist,cut_backdoor,attacked,137,0,actual_attacker,15,88,0,0,452,0.6115010743398179,0.9450909311273881,-0.27669088208837944,0.0,-0.33324275989861923
mnist,cut_backdoor,attacked,137,0,actual_attacker,15,89,0,0,346,0.6107077704744776,0.9358389994561964,-0.10197357831189033,0.0,-0.08170609018473657
mnist,cut_backdoor,attacked,137,0,actual_attacker,15,91,0,0,84,0.5182854537602168,0.8600620758618535,-0.08620493195119948,0.0,-0.0879987155769876
mnist,cut_backdoor,attacked,137,0,actual_attacker,15,92,0,0,74,0.5801821163538828,0.8462158261608392,-0.11067740456001669,0.0,-0.11722369674127128
mnist,cut_backdoor,attacked,137,0,actual_attacker,15,93,0,0,135,0.43021312362689157,0.8089368675405165,-0.4942298001172461,0.0,-0.5525057947001394
mnist,cut_backdoor,attacked,137,0,actual_attacker,15,94,0,0,339,0.46874507968457,0.8714394115281481,-0.25629605857365695,0.0,-0.2973066553088968
mnist,cut_backdoor,attacked,137,0,actual_attacker,15,95,0,0,910,0.3806991736833208,0.7401226989047051,-0.29235089933212016,0.0,-0.3119735644737717
mnist,cut_backdoor,attacked,137,0,actual_attacker,15,96,0,0,654,0.46917528052741253,0.8284710863517313,-0.45543892912399336,0.0,-0.41974736570170057
mnist,cut_backdoor,attacked,137,0,actual_attacker,15,97,0,0,434,0.5597892189452073,0.8526569532456103,-0.3468510777983537,0.0,-0.3252347879763757
mnist,cut_backdoor,attacked,137,0,actual_attacker,15,98,1,1,243,0.43497959216036325,0.8439229896911711,-0.27508594863742825,0.0,-0.2159657096877556
mnist,cut_backdoor,attacked,137,0,actual_attacker,15,99,1,1,558,0.4281030897134974,0.7074972504144933,-0.48816021552922106,0.0,-0.44200555458892754
mnist,cut_backdoor,attacked,137,9,actual_attacker,15,0,0,0,848,0.4816158996602525,0.782393831374614,-0.1839815049082255,0.0,-0.14645025919295324
mnist,cut_backdoor,attacked,137,9,actual_attacker,15,1,0,0,399,0.4721423962091924,0.7003853662863585,-0.29903677665152917,0.0,-0.20625642747360537
mnist,cut_backdoor,attacked,137,9,actual_attacker,15,2,0,0,118,0.31407181908839893,0.6439962347801254,-0.18757368056769552,0.0,-0.12542699035901014
mnist,cut_backdoor,attacked,137,9,actual_attacker,15,3,1,1,1149,0.3720571317698911,0.6277858907285331,-0.2386159404829269,0.0,-0.006964602727583374
mnist,cut_backdoor,attacked,137,9,actual_attacker,15,4,0,0,45,0.5322254230477799,0.8014321582440834,-0.21649193316802545,0.0,-0.11571289110312197
mnist,cut_backdoor,attacked,137,9,actual_attacker,15,6,1,1,559,0.3615746287359617,0.666497943979321,-0.2477025248564173,0.0,0.052493972070039
mnist,cut_backdoor,attacked,137,9,actual_attacker,15,7,0,0,60,0.37962408679749304,0.8122375752286949,-0.10790340368145598,0.0,0.22691359062282718
mnist,cut_backdoor,attacked,137,9,actual_attacker,15,8,0,0,24,0.5842732155698361,0.851884261749816,-0.010822021651852818,0.0,-0.049040337277799634
mnist,cut_backdoor,attacked,137,9,actual_attacker,15,9,0,0,650,0.39650940295652076,0.74158835140928,-0.08116248305679424,0.0,-0.2278185798036005
mnist,cut_backdoor,attacked,137,9,actual_attacker,15,10,0,0,335,0.4682326742494752,0.879916134647458,-0.10574829359589284,0.0,-0.12946108528630945
mnist,cut_backdoor,attacked,137,9,actual_attacker,15,11,0,0,688,0.5397247493286627,0.7136376312796715,-0.04692966554147909,0.0,-0.1599482890891808
mnist,cut_backdoor,attacked,137,9,actual_attacker,15,12,0,0,209,0.6461053175763324,0.8549456317013346,-0.02968505888597073,0.0,-0.03130564649653132
mnist,cut_backdoor,attacked,137,9,actual_attacker,15,13,1,1,20,0.3265546403179703,0.5638736292883981,-0.19132787659043096,0.0,-0.04776366203420121
mnist,cut_backdoor,attacked,137,9,actual_attacker,15,14,1,1,20,0.42259064407067065,0.6927332117186016,-0.20816970889904027,0.0,0.06993949888275323
mnist,cut_backdoor,attacked,137,9,actual_attacker,15,15,1,1,397,0.39954158754463476,0.7392571126777305,-0.2276847070094379,0.0,-0.1002997517618764
mnist,cut_backdoor,attacked,137,9,actual_attacker,15,16,0,0,770,0.5442548445590931,0.8061010292376777,-0.13145882719208413,0.0,-0.11291291636741368
mnist,cut_backdoor,attacked,137,9,actual_attacker,15,17,0,0,446,0.3885167248047202,0.6274754136106673,-0.0496864917893393,0.0,-0.24617220395676218
mnist,cut_backdoor,attacked,137,9,actual_attacker,15,18,0,0,136,0.402552987878616,0.7290208493493544,-0.10804949687979133,0.0,-0.28283609413031235
mnist,cut_backdoor,attacked,137,9,actual_attacker,15,20,1,1,20,0.38714985922002926,0.6058228344398728,-0.2375253010614389,0.0,0.0005005485545372403
mnist,cut_backdoor,attacked,137,9,actual_attacker,15,21,0,0,184,0.43675403830083825,0.864552749823875,-0.13955492425840907,0.0,-0.19769161845910427
mnist,cut_backdoor,attacked,137,9,actual_attacker,15,22,0,0,230,0.526665350216428,0.8490003241354793,-0.01123199711513611,0.0,-0.0842409690488345
mnist,cut_backdoor,attacked,137,9,actual_attacker,15,24,0,0,633,0.3996776321654276,0.7753932430801137,-0.15709195058804765,0.0,-0.23578049426816555
mnist,cut_backdoor,attacked,137,9,actual_attacker,15,25,0,0,2115,0.36953035459464517,0.6375395354122281,-0.16937888949254845,0.0,-0.009535636579470009
mnist,cut_backdoor,attacked,137,9,actual_attacker,15,26,0,0,1728,0.5584183444212615,0.8676673486872586,0.023433143338370085,0.0,0.01810583889509145
mnist,cut_backdoor,attacked,137,9,actual_attacker,15,27,0,0,126,0.520502428558549,0.7679440151563074,0.026431694198841983,0.0,-0.1354639588131398
mnist,cut_backdoor,attacked,137,9,actual_attacker,15,29,1,1,1520,0.38647981975932383,0.6839586301808985,-0.2371272389679,0.0,-0.017549099723613435
mnist,cut_backdoor,attacked,137,9,actual_attacker,15,30,0,0,825,0.32034557639512035,0.717705053823191,-0.15071336419792997,0.0,-0.07975206136467601
mnist,cut_backdoor,attacked,137,9,actual_attacker,15,32,1,1,59,0.4328535072396304,0.7163100513954372,-0.2104844108421181,0.0,0.09577124829543118
mnist,cut_backdoor,attacked,137,9,actual_attacker,15,33,0,0,986,0.34075116234794955,0.6928299973993158,-0.1871932752650359,0.0,-0.13759834790672673
mnist,cut_backdoor,attacked,137,9,actual_attacker,15,34,0,0,963,0.4217142022163188,0.8142124160844461,-0.2323843508643373,0.0,-0.2321551665770231
mnist,cut_backdoor,attacked,137,9,actual_attacker,15,35,0,0,57,0.314273607551196,0.8849500858074695,-0.19612940201835133,0.0,-0.21345290601863007
mnist,cut_backdoor,attacked,137,9,actual_attacker,15,36,0,0,75,0.38406741459800414,0.9408541897785835,-0.11179215841468329,0.0,-0.1926591656899569
mnist,cut_backdoor,attacked,137,9,actual_attacker,15,37,0,0,1476,0.3383880131368385,0.9036236267060772,-0.1068075881522015,0.0,-0.24473388574091356
mnist,cut_backdoor,attacked,137,9,actual_attacker,15,38,0,0,828,0.3405709263244238,0.7623776667845246,-0.2044826385806133,0.0,0.11066281391468116
mnist,cut_backdoor,attacked,137,9,actual_attacker,15,39,0,0,237,0.42962328378973164,0.7357110910197807,-0.0683136585042669,0.0,-0.2032579360185297
mnist,cut_backdoor,attacked,137,9,actual_attacker,15,40,0,0,421,0.3558800939611265,0.6226333574753855,-0.2592606347106789,0.0,-0.27703528743888856
mnist,cut_backdoor,attacked,137,9,actual_attacker,15,41,1,1,163,0.3976080781017438,0.575115748180768,-0.18979781827303416,0.0,0.050348859694065225
mnist,cut_backdoor,attacked,137,9,actual_attacker,15,42,0,0,796,0.38140636070929457,0.942041178286335,-0.09373937006890812,0.0,-0.17846574742958599
mnist,cut_backdoor,attacked,137,9,actual_attacker,15,43,0,0,20,0.3710608517121504,0.5516842183681818,-0.189564114557438,0.0,-0.30216891958594244
mnist,cut_backdoor,attacked,137,9,actual_attacker,15,44,0,0,398,0.3378591061772405,0.719316493410501,-0.08688287155007615,0.0,-0.20592624259078376
mnist,cut_backdoor,attacked,137,9,actual_attacker,15,45,0,0,20,0.4761444977817753,0.7715464777945329,-0.21035234300133998,0.0,-0.14698009835743628
mnist,cut_backdoor,attacked,137,9,actual_attacker,15,46,0,0,968,0.32344342315429164,0.7491613945635659,-0.27183563551150086,0.0,-0.09717463259678169
mnist,cut_backdoor,attacked,137,9,actual_attacker,15,47,1,1,284,0.3612442425233681,0.6704513072543365,-0.31299235364761513,0.0,-0.045634830805365775
mnist,cut_backdoor,attacked,137,9,actual_attacker,15,48,0,0,2914,0.463454514447618,0.7868661620589021,-0.19671483305674103,0.0,-0.12577517889668832
mnist,cut_backdoor,attacked,137,9,actual_attacker,15,49,0,0,323,0.36424913569419975,0.57775430334211,-0.24453771654947526,0.0,-0.3525734441802305
mnist,cut_backdoor,attacked,137,9,actual_attacker,15,50,0,0,20,0.4630261249580585,0.6499134741021353,-0.18614929830230487,0.0,-0.1849085198753936
mnist,cut_backdoor,attacked,137,9,actual_attacker,15,51,0,0,84,0.467448976257504,0.8432937406671472,-0.07961811947066624,0.0,-0.052713896962271085
mnist,cut_backdoor,attacked,137,9,actual_attacker,15,52,0,0,468,0.4695097359001588,0.8149370985360169,-0.20689140377671603,0.0,-0.1473115663197377
mnist,cut_backdoor,attacked,137,9,actual_attacker,15,53,0,0,1322,0.3587517423800083,0.7546957085073288,-0.2792986521042626,0.0,-0.17749826200700106
mnist,cut_backdoor,attacked,137,9,actual_attacker,15,54,0,0,616,0.3994409092088868,0.8490400199998879,-0.18580054401274373,0.0,-0.09650342321061822
mnist,cut_backdoor,attacked,137,9,actual_attacker,15,55,0,0,770,0.4377837160007675,0.7766608414420192,-0.12336864160833765,0.0,-0.23473922658332336
mnist,cut_backdoor,attacked,137,9,actual_attacker,15,57,0,0,497,0.35980279369321083,0.6525775025136251,-0.34129105269560683,0.0,-0.2089770667551816
mnist,cut_backdoor,attacked,137,9,actual_attacker,15,58,0,0,180,0.43068313782481094,0.7765549987792424,-0.05971932416047274,0.0,-0.2574373382475822
mnist,cut_backdoor,attacked,137,9,actual_attacker,15,59,0,0,444,0.3856859928120758,0.6538620555807922,-0.20437287514849478,0.0,-0.3279842198658363
mnist,cut_backdoor,attacked,137,9,actual_attacker,15,60,0,0,252,0.5841290943401999,0.8798451221341852,0.01532966711533072,0.0,-0.08514288019926844
mnist,cut_backdoor,attacked,137,9,actual_attacker,15,61,1,1,453,0.37120733841483683,0.7367169089037489,-0.06782774348501601,0.0,0.05300309524328877
mnist,cut_backdoor,attacked,137,9,actual_attacker,15,62,0,0,1020,0.5873040585347435,0.8684831526215184,0.006070494418585559,0.0,-0.058358100693002735
mnist,cut_backdoor,attacked,137,9,actual_attacker,15,63,0,0,264,0.3444616077518126,0.7459441132948821,-0.26859839022075216,0.0,-0.27750693749493915
mnist,cut_backdoor,attacked,137,9,actual_attacker,15,64,0,0,310,0.511590135063091,0.7953765868978093,-0.030864597471980365,0.0,-0.13962848903663413
mnist,cut_backdoor,attacked,137,9,actual_attacker,15,65,0,0,226,0.45254886430109387,0.7962986750887614,-0.039939689294983934,0.0,0.07780589608414214
mnist,cut_backdoor,attacked,137,9,actual_attacker,15,66,1,1,245,0.3811882944854146,0.8089215606762528,-0.09981584253234427,0.0,0.18554777607099796
mnist,cut_backdoor,attacked,137,9,actual_attacker,15,67,1,1,112,0.4291990926529683,0.7135226618853222,-0.20298796198906036,0.0,0.06085897262490005
mnist,cut_backdoor,attacked,137,9,actual_attacker,15,68,0,0,2540,0.4280434433861701,0.6891738408461132,-0.05453893179467485,0.0,-0.2574194505148168
mnist,cut_backdoor,attacked,137,9,actual_attacker,15,69,1,1,893,0.4497647062007614,0.7155047116208887,-0.13135540386338634,0.0,-0.007458798687317241
mnist,cut_backdoor,attacked,137,9,actual_attacker,15,70,1,1,446,0.3356709307243114,0.6589362992511014,-0.28176346848393913,0.0,-0.0007373003140930115
mnist,cut_backdoor,attacked,137,9,actual_attacker,15,71,0,0,440,0.47008074735459626,0.800416205015226,-0.2247196590146392,0.0,-0.16881114774540476
mnist,cut_backdoor,attacked,137,9,actual_attacker,15,72,0,0,975,0.4825848468343102,0.6449958061242749,-0.08350581081869886,0.0,-0.17973086317946604
mnist,cut_backdoor,attacked,137,9,actual_attacker,15,73,1,1,826,0.3666273213961095,0.6771786707342617,-0.25267354319433316,0.0,-0.1210558423593107
mnist,cut_backdoor,attacked,137,9,actual_attacker,15,75,0,0,1157,0.36544812850270936,0.7108773528647857,-0.02431967740324234,0.0,-0.215642744812774
mnist,cut_backdoor,attacked,137,9,actual_attacker,15,76,0,0,704,0.5376939214420186,0.8258102885854317,-0.05886569712035699,0.0,-0.029905216387574315
mnist,cut_backdoor,attacked,137,9,actual_attacker,15,77,0,0,38,0.346376542452599,0.9316035194121428,-0.13926016253419182,0.0,-0.20539943505897185
mnist,cut_backdoor,attacked,137,9,actual_attacker,15,79,0,0,147,0.3341825009162517,0.8295462217116801,-0.15348020101060877,0.0,-0.15529244385809915
mnist,cut_backdoor,attacked,137,9,actual_attacker,15,80,0,0,170,0.4405962491731776,0.8036839024119511,-0.09334582065367837,0.0,-0.2305957994682768
mnist,cut_backdoor,attacked,137,9,actual_attacker,15,81,0,0,88,0.36608056833647207,0.6718249102281402,-0.2150853773027219,0.0,-0.17339514336850306
mnist,cut_backdoor,attacked,137,9,actual_attacker,15,82,0,0,458,0.5394277117435206,0.816798224198729,0.00863746520345437,0.0,-0.03215331414833027
mnist,cut_backdoor,attacked,137,9,actual_attacker,15,83,0,0,302,0.43201390514575805,0.7548324332177119,-0.24390687949188025,0.0,0.015531107706741985
mnist,cut_backdoor,attacked,137,9,actual_attacker,15,85,0,0,437,0.42623535578524335,0.8145295180343439,-0.14437887715139566,0.0,-0.22743708119750278
mnist,cut_backdoor,attacked,137,9,actual_attacker,15,86,0,0,593,0.34173731582518674,0.8032250390589283,-0.12791709075058807,0.0,0.1852811197243504
mnist,cut_backdoor,attacked,137,9,actual_attacker,15,87,0,0,86,0.3717424117274747,0.6477730251664304,-0.12942614250351686,0.0,-0.2331047450351728
mnist,cut_backdoor,attacked,137,9,actual_attacker,15,88,0,0,452,0.3633937606283592,0.9090559842291789,-0.09610276723391288,0.0,-0.22553542426473572
mnist,cut_backdoor,attacked,137,9,actual_attacker,15,89,0,0,346,0.47635061998873074,0.8893549760252728,-0.09144733586806413,0.0,-0.12900618156265864
mnist,cut_backdoor,attacked,137,9,actual_attacker,15,91,0,0,84,0.4656484221554827,0.7494530389656667,-0.07660441338243963,0.0,-0.14073457398999079
mnist,cut_backdoor,attacked,137,9,actual_attacker,15,92,0,0,74,0.5924780389156492,0.8150841598377271,-0.045987202920399456,0.0,-0.09931832687938616
mnist,cut_backdoor,attacked,137,9,actual_attacker,15,93,0,0,135,0.366837208164922,0.7651180566882763,-0.14607302949356832,0.0,-0.24491483256195976
mnist,cut_backdoor,attacked,137,9,actual_attacker,15,94,0,0,339,0.3966038438361872,0.784852708829556,-0.06505533848826746,0.0,-0.16985480438429704
mnist,cut_backdoor,attacked,137,9,actual_attacker,15,95,0,0,910,0.3569166200713644,0.6718853990842195,-0.28986520202510174,0.0,-0.3417286356299703
mnist,cut_backdoor,attacked,137,9,actual_attacker,15,96,0,0,654,0.383047619569038,0.7338385760367216,-0.21952853907197098,0.0,-0.2160461770289053
mnist,cut_backdoor,attacked,137,9,actual_attacker,15,97,0,0,434,0.460016021594381,0.7644478356725533,-0.19769547168425217,0.0,-0.19077364499172286
mnist,cut_backdoor,attacked,137,9,actual_attacker,15,98,1,1,243,0.35797303054667423,0.6596539989532343,-0.2824665440146703,0.0,-0.08276857138017914
mnist,cut_backdoor,attacked,137,9,actual_attacker,15,99,1,1,558,0.28329600972379687,0.6417788765360258,-0.24661322448869466,0.0,0.0033293040584193873
mnist,cut_backdoor,attacked,137,29,actual_attacker,15,0,0,0,848,0.3171942229123803,0.7281721093777436,0.18431735215333575,0.0,0.15170333522795085
mnist,cut_backdoor,attacked,137,29,actual_attacker,15,1,0,0,399,0.3274956564665165,0.6460345426769509,0.0840165210023956,0.0,0.13780834853530002
mnist,cut_backdoor,attacked,137,29,actual_attacker,15,2,0,0,118,0.22202619041800814,0.6438446352431015,0.045922516655246444,0.0,0.07483657555676143
mnist,cut_backdoor,attacked,137,29,actual_attacker,15,3,1,1,1149,0.23982782968080202,0.6189884492507072,0.12463272473618038,0.0,0.354919260075805
mnist,cut_backdoor,attacked,137,29,actual_attacker,15,4,0,0,45,0.3442797031938093,0.6994978890066978,0.04346392046809817,0.0,0.13996876475045095
mnist,cut_backdoor,attacked,137,29,actual_attacker,15,5,0,0,189,0.38516775683566745,0.8393523086731621,-0.24943102456990954,0.0,-0.35911464050246067
mnist,cut_backdoor,attacked,137,29,actual_attacker,15,6,1,1,559,0.22999229811769745,0.5465943183341434,-0.23344188037370353,0.0,0.08400764282676654
mnist,cut_backdoor,attacked,137,29,actual_attacker,15,7,0,0,60,0.2569007287446495,0.6373429721089479,0.2787674049418261,0.0,0.5928026286406465
mnist,cut_backdoor,attacked,137,29,actual_attacker,15,8,0,0,24,0.44367290107534174,0.8783183141415065,-0.1599711042585504,0.0,-0.16414052488734288
mnist,cut_backdoor,attacked,137,29,actual_attacker,15,9,0,0,650,0.27631675809127765,0.7208055450528452,-0.0488228192486399,0.0,-0.27989123774130303
mnist,cut_backdoor,attacked,137,29,actual_attacker,15,10,0,0,335,0.3189447841903898,0.7985420524037478,0.1239017026938507,0.0,0.06389269073787945
mnist,cut_backdoor,attacked,137,29,actual_attacker,15,12,0,0,209,0.5145788253117383,0.8193403994670885,0.0794760886673972,0.0,0.06167244039203125
mnist,cut_backdoor,attacked,137,29,actual_attacker,15,13,1,1,20,0.26732261995050743,0.5480245849885493,-0.09367530149807632,0.0,0.1298123782643296
mnist,cut_backdoor,attacked,137,29,actual_attacker,15,14,1,1,20,0.26838588239842437,0.577066975648185,-0.00551348417776276,0.0,0.38705247876733134
mnist,cut_backdoor,attacked,137,29,actual_attacker,15,15,1,1,397,0.28444212506756544,0.6260894355460527,-0.07040406293589865,0.0,0.23902144211580612
mnist,cut_backdoor,attacked,137,29,actual_attacker,15,16,0,0,770,0.439665812809759,0.8003991467293439,0.11533708100811793,0.0,0.1489845966644493
mnist,cut_backdoor,attacked,137,29,actual_attacker,15,17,0,0,446,0.2692811315353572,0.6626641085387155,-0.18373655126728666,0.0,-0.4006565806496873
mnist,cut_backdoor,attacked,137,29,actual_attacker,15,18,0,0,136,0.24755793316457242,0.7805470507221874,0.08158216531301637,0.0,-0.1169330873830165
mnist,cut_backdoor,attacked,137,29,actual_attacker,15,20,1,1,20,0.2926194757968439,0.5474903652645858,-0.027506708679466228,0.0,0.12572154828458196
mnist,cut_backdoor,attacked,137,29,actual_attacker,15,22,0,0,230,0.3848741306422797,0.8909596868927718,-0.22925018307984915,0.0,-0.26076434507789636
mnist,cut_backdoor,attacked,137,29,actual_attacker,15,23,0,0,912,0.2310651679391316,0.7333102915552014,0.028799113548111512,0.0,-0.21955451256365227
mnist,cut_backdoor,attacked,137,29,actual_attacker,15,25,0,0,2115,0.25156306297472525,0.6886636710412289,0.07719468649975285,0.0,0.1582640727588148
mnist,cut_backdoor,attacked,137,29,actual_attacker,15,26,0,0,1728,0.4347947330566132,0.8557854468090783,-0.18678397281373718,0.0,-0.16595081996722558
mnist,cut_backdoor,attacked,137,29,actual_attacker,15,27,0,0,126,0.32540854264035257,0.8283410118045508,0.17438341041809977,0.0,-0.036186082160747084
mnist,cut_backdoor,attacked,137,29,actual_attacker,15,28,0,0,93,0.2791671759307298,0.6746443434868177,0.08045026394460206,0.0,0.0842454760704482
mnist,cut_backdoor,attacked,137,29,actual_attacker,15,29,1,1,1520,0.2806043906245746,0.6250107946930372,-0.11744848739582953,0.0,0.10094122845694684
mnist,cut_backdoor,attacked,137,29,actual_attacker,15,31,0,0,353,0.35675351774844893,0.664253152820978,-0.04457856034056708,0.0,-0.1623728725114265
mnist,cut_backdoor,attacked,137,29,actual_attacker,15,32,1,1,59,0.3152105722544597,0.6700867404622468,0.042720484547564566,0.0,0.33873392163012095
mnist,cut_backdoor,attacked,137,29,actual_attacker,15,34,0,0,963,0.2694207680990902,0.715055889244182,0.00518688993955515,0.0,-0.05147851266019343
mnist,cut_backdoor,attacked,137,29,actual_attacker,15,35,0,0,57,0.19281221331103862,0.8120517542265586,-0.061462770941451646,0.0,-0.06575445383142738
mnist,cut_backdoor,attacked,137,29,actual_attacker,15,36,0,0,75,0.2335634078327537,0.8962168072343697,-0.027532381448639353,0.0,-0.1268722100898881
mnist,cut_backdoor,attacked,137,29,actual_attacker,15,37,0,0,1476,0.2444489411511222,0.842405241825148,-0.04117952397853068,0.0,-0.18021383814129083
mnist,cut_backdoor,attacked,137,29,actual_attacker,15,38,0,0,828,0.20541738390606468,0.6713979326591433,0.26728090850751296,0.0,0.5444925935608482
mnist,cut_backdoor,attacked,137,29,actual_attacker,15,39,0,0,237,0.35694970122933517,0.7543286394532099,-0.009089209618203382,0.0,-0.21169321333499003
mnist,cut_backdoor,attacked,137,29,actual_attacker,15,40,0,0,421,0.2904817061664981,0.6691045227719439,-0.22786905221868595,0.0,-0.2612401057528495
mnist,cut_backdoor,attacked,137,29,actual_attacker,15,41,1,1,163,0.2965782852749747,0.6389956475524197,-0.15929803072676418,0.0,0.09625097896595927
mnist,cut_backdoor,attacked,137,29,actual_attacker,15,42,0,0,796,0.27615140318936754,0.9048063323783545,0.018305278976936148,0.0,-0.0946095153348378
mnist,cut_backdoor,attacked,137,29,actual_attacker,15,43,0,0,20,0.2622946559964879,0.5641529212132961,-0.16560162367508516,0.0,-0.34503107028791474
mnist,cut_backdoor,attacked,137,29,actual_attacker,15,44,0,0,398,0.1983415386565802,0.6354195797057265,-0.06568885566744348,0.0,-0.23260210768588888
mnist,cut_backdoor,attacked,137,29,actual_attacker,15,45,0,0,20,0.2834756055278673,0.6569957774496753,-0.07994750829806235,0.0,-0.04938673299774466
mnist,cut_backdoor,attacked,137,29,actual_attacker,15,46,0,0,968,0.18378867610021174,0.6352835631281852,0.09329246984300166,0.0,0.27409663965795644
mnist,cut_backdoor,attacked,137,29,actual_attacker,15,47,1,1,284,0.24187633328648867,0.6268034895516603,0.15257661637429737,0.0,0.49663117799378165
mnist,cut_backdoor,attacked,137,29,actual_attacker,15,48,0,0,2914,0.3561648650169915,0.7104552204627503,-0.12099074067923568,0.0,-0.032120152386426355
mnist,cut_backdoor,attacked,137,29,actual_attacker,15,49,0,0,323,0.23909473682673663,0.5448689424625559,-0.22194761297385845,0.0,-0.36860052032719076
mnist,cut_backdoor,attacked,137,29,actual_attacker,15,50,0,0,20,0.3148918997434071,0.6201869507026816,-0.19476651588984412,0.0,-0.20877128348128557
mnist,cut_backdoor,attacked,137,29,actual_attacker,15,51,0,0,84,0.382573945703858,0.8732828073514527,-0.15538046563786043,0.0,-0.11605267110675392
mnist,cut_backdoor,attacked,137,29,actual_attacker,15,52,0,0,468,0.31157482716197543,0.7416831063955576,0.07243632770428907,0.0,0.07141109099209687
mnist,cut_backdoor,attacked,137,29,actual_attacker,15,53,0,0,1322,0.2571307918183634,0.6681212325754335,-0.012490832114336575,0.0,-0.027900134474255194
mnist,cut_backdoor,attacked,137,29,actual_attacker,15,54,0,0,616,0.21579470027455713,0.7638656636944982,0.16785307752691672,0.0,0.23610913439134298
mnist,cut_backdoor,attacked,137,29,actual_attacker,15,55,0,0,770,0.3330087474665515,0.7518592045711472,-0.029103814778641438,0.0,-0.2297383129618179
mnist,cut_backdoor,attacked,137,29,actual_attacker,15,56,0,0,32,0.34699272796771413,0.7970612057168273,0.10243303915088055,0.0,-0.09463733954684743
mnist,cut_backdoor,attacked,137,29,actual_attacker,15,57,0,0,497,0.264350456348164,0.6122799087716572,0.07407898729947729,0.0,0.17613188360980664
mnist,cut_backdoor,attacked,137,29,actual_attacker,15,58,0,0,180,0.3091872029691875,0.7678099114762283,-0.06293104753781621,0.0,-0.2869129767408898
mnist,cut_backdoor,attacked,137,29,actual_attacker,15,60,0,0,252,0.4851858412738574,0.9039395034401594,-0.16677272066733895,0.0,-0.25865091081072394
mnist,cut_backdoor,attacked,137,29,actual_attacker,15,61,1,1,453,0.30598852052207964,0.5749993732569518,-0.20917654265687513,0.0,0.03567988871205512
mnist,cut_backdoor,attacked,137,29,actual_attacker,15,62,0,0,1020,0.46274779403664723,0.9069157604197938,-0.1950900907332062,0.0,-0.2440244528708432
mnist,cut_backdoor,attacked,137,29,actual_attacker,15,63,0,0,264,0.2505377524393293,0.7757295353894603,0.07051884332320982,0.0,-0.010866727745264591
mnist,cut_backdoor,attacked,137,29,actual_attacker,15,64,0,0,310,0.4211238129569997,0.7727088275391749,0.045902438907905824,0.0,-0.11925670446508493
mnist,cut_backdoor,attacked,137,29,actual_attacker,15,65,0,0,226,0.3584061656156712,0.8154969248185845,-0.04832901337885943,0.0,0.0495070106472815
mnist,cut_backdoor,attacked,137,29,actual_attacker,15,66,1,1,245,0.26051745957771166,0.6490236296813776,0.2917756813166272,0.0,0.5891360637939864
mnist,cut_backdoor,attacked,137,29,actual_attacker,15,67,1,1,112,0.27263151829957294,0.6375988069816733,0.061574898965278096,0.0,0.3610372632006126
mnist,cut_backdoor,attacked,137,29,actual_attacker,15,68,0,0,2540,0.293659169521738,0.6540087682755241,-0.188809534059607,0.0,-0.4118462233646714
mnist,cut_backdoor,attacked,137,29,actual_attacker,15,69,1,1,893,0.3577314645296063,0.6848060200151243,0.005490946436892489,0.0,0.17880911961583726
mnist,cut_backdoor,attacked,137,29,actual_attacker,15,70,1,1,446,0.2460306822608623,0.516180717304571,0.038564205602760734,0.0,0.3609876744767017
mnist,cut_backdoor,attacked,137,29,actual_attacker,15,71,0,0,440,0.34647509396590376,0.7367083922788081,0.08417629260197745,0.0,0.08328683968153056
mnist,cut_backdoor,attacked,137,29,actual_attacker,15,72,0,0,975,0.3563039752919292,0.6583527953717053,-0.09032449178109725,0.0,-0.17142111018155143
mnist,cut_backdoor,attacked,137,29,actual_attacker,15,73,1,1,826,0.23056019403929134,0.5894933202972709,0.023636340156309964,0.0,0.16796657598150294
mnist,cut_backdoor,attacked,137,29,actual_attacker,15,74,0,0,167,0.44395526334927154,0.8632210732586676,-0.10741370511627032,0.0,-0.13922817853100242
mnist,cut_backdoor,attacked,137,29,actual_attacker,15,75,0,0,1157,0.2275928453804737,0.5866032547890313,-0.2402392243294061,0.0,-0.41147257262121345
mnist,cut_backdoor,attacked,137,29,actual_attacker,15,76,0,0,704,0.4006315901439092,0.8037064260861561,-0.09969505133528596,0.0,-0.03983178217783763
mnist,cut_backdoor,attacked,137,29,actual_attacker,15,77,0,0,38,0.3038870334873347,0.8823690960100047,0.022649814816008664,0.0,-0.0683997360174982
mnist,cut_backdoor,attacked,137,29,actual_attacker,15,78,0,0,431,0.21518616962759027,0.6845353687395426,-0.3522081782386531,0.0,-0.39055265692906765
mnist,cut_backdoor,attacked,137,29,actual_attacker,15,79,0,0,147,0.2249645449745233,0.8215949531787772,0.09343096070170767,0.0,0.04029930933675152
mnist,cut_backdoor,attacked,137,29,actual_attacker,15,80,0,0,170,0.3310335038638716,0.8055684012725937,-0.13989831464343833,0.0,-0.2722766363464386
mnist,cut_backdoor,attacked,137,29,actual_attacker,15,81,0,0,88,0.23749046878624158,0.687070202345985,0.23593087035860189,0.0,0.2116906658505565
mnist,cut_backdoor,attacked,137,29,actual_attacker,15,82,0,0,458,0.4904571951588028,0.871625244751365,-0.09515188153614498,0.0,-0.15035157459960766
mnist,cut_backdoor,attacked,137,29,actual_attacker,15,83,0,0,302,0.29467094306494834,0.714670601315811,0.12027700672493044,0.0,0.354694718969021
mnist,cut_backdoor,attacked,137,29,actual_attacker,15,84,0,0,263,0.2961660218839524,0.8420908812021827,0.11691432922712938,0.0,-0.0449066082820017
mnist,cut_backdoor,attacked,137,29,actual_attacker,15,85,0,0,437,0.2972002697648458,0.6897868730336632,0.025937407936221152,0.0,-0.07767956704166114
mnist,cut_backdoor,attacked,137,29,actual_attacker,15,87,0,0,86,0.2406320219616395,0.6097567170061742,-0.28983165482376766,0.0,-0.3753075829454828
mnist,cut_backdoor,attacked,137,29,actual_attacker,15,88,0,0,452,0.25999972847912106,0.8306262527208599,0.08748269554898482,0.0,-0.10161485520758644
mnist,cut_backdoor,attacked,137,29,actual_attacker,15,89,0,0,346,0.30888974759834953,0.8018315238028363,0.12672302969655413,0.0,0.061210000456183286
mnist,cut_backdoor,attacked,137,29,actual_attacker,15,91,0,0,84,0.3570766998465597,0.6684654437385389,-0.13891642793377518,0.0,-0.21027712933667567
mnist,cut_backdoor,attacked,137,29,actual_attacker,15,92,0,0,74,0.43334650025812027,0.7665722510862734,0.014092606295791921,0.0,-0.06158006626058191
mnist,cut_backdoor,attacked,137,29,actual_attacker,15,94,0,0,339,0.30511050243533494,0.7783830775311176,-0.19808804252805945,0.0,-0.32182059864990753
mnist,cut_backdoor,attacked,137,29,actual_attacker,15,95,0,0,910,0.22312406889136965,0.5215625494978078,-0.031769040934143435,0.0,-0.1644447848207398
mnist,cut_backdoor,attacked,137,29,actual_attacker,15,96,0,0,654,0.2751199438890763,0.6348708374613683,-0.033552321585141584,0.0,-0.014026184571116927
mnist,cut_backdoor,attacked,137,29,actual_attacker,15,97,0,0,434,0.36248821088399735,0.6587629196216359,0.05089238307548767,0.0,0.026434142720679964
mnist,cut_backdoor,attacked,137,29,actual_attacker,15,98,1,1,243,0.2632968502289115,0.6143446735143522,-0.07339674284176217,0.0,0.2198416216300406
mnist,cut_backdoor,attacked,137,29,actual_attacker,15,99,1,1,558,0.19773329882364715,0.5682872200437028,0.09841086269494596,0.0,0.31563437336141953
mnist,cut_backdoor,attacked,2024,0,actual_attacker,16,0,0,0,22,0.4845887297230556,0.5707816094390152,-0.25991716975948514,0.0,-0.28552503662201034
mnist,cut_backdoor,attacked,2024,0,actual_attacker,16,1,0,0,115,0.45894212915862764,0.7583667921561686,-0.1464634573727565,0.0,-0.16441092627163972
mnist,cut_backdoor,attacked,2024,0,actual_attacker,16,2,0,0,20,0.4018585936995783,0.5758352076839222,-0.40948120461778575,0.0,-0.3763996891946636
mnist,cut_backdoor,attacked,2024,0,actual_attacker,16,4,0,0,775,0.5622592348058854,0.7568555186063817,-0.20760454734225428,0.0,-0.2612107696096084
mnist,cut_backdoor,attacked,2024,0,actual_attacker,16,5,0,0,281,0.6167639011780691,0.8519030899002435,-0.1173319279640764,0.0,-0.14792811260217012
mnist,cut_backdoor,attacked,2024,0,actual_attacker,16,6,1,1,577,0.40645831626232837,0.7791255325185533,-0.35264695758608566,0.0,-0.320322767282975
mnist,cut_backdoor,attacked,2024,0,actual_attacker,16,7,0,0,1039,0.5302869551291078,0.7751274521902919,-0.13597147945960478,0.0,-0.1510928848060501
mnist,cut_backdoor,attacked,2024,0,actual_attacker,16,8,0,0,231,0.5548441977505398,0.901907367512028,-0.38020083854562137,0.0,-0.36646648980521845
mnist,cut_backdoor,attacked,2024,0,actual_attacker,16,9,0,0,1886,0.5164991927770225,0.6694731490720371,-0.20229593309823965,0.0,-0.2281702312419719
mnist,cut_backdoor,attacked,2024,0,actual_attacker,16,10,0,0,204,0.5392942933592753,0.7012143843333563,-0.18840626127494603,0.0,-0.17985159872118
mnist,cut_backdoor,attacked,2024,0,actual_attacker,16,11,0,0,155,0.4785858050873963,0.7400752624612063,-0.1753132797881266,0.0,-0.21033105630441423
mnist,cut_backdoor,attacked,2024,0,actual_attacker,16,12,0,0,1820,0.5030526523412866,0.8546036882292194,-0.3124102880927677,0.0,-0.3703017301889966
mnist,cut_backdoor,attacked,2024,0,actual_attacker,16,14,0,0,94,0.48592870897726964,0.7471082313655556,-0.4605517337595301,0.0,-0.4094358172428875
mnist,cut_backdoor,attacked,2024,0,actual_attacker,16,15,1,1,188,0.4054649183254784,0.687605040668811,-0.19807509537641582,0.0,-0.1607143652297006
mnist,cut_backdoor,attacked,2024,0,actual_attacker,16,16,0,0,846,0.6780810378492504,0.8792155755552269,-0.2952444365206479,0.0,-0.3208291141614535
mnist,cut_backdoor,attacked,2024,0,actual_attacker,16,17,0,0,55,0.5396589808960477,0.6670523886296739,-0.37252542186442134,0.0,-0.3260077368872038
mnist,cut_backdoor,attacked,2024,0,actual_attacker,16,19,1,1,539,0.30555615303468375,0.5591871694286745,-0.4220496822610762,0.0,-0.38346020690973553
mnist,cut_backdoor,attacked,2024,0,actual_attacker,16,20,1,1,260,0.4821736219910571,0.800208914622974,-0.12104457711955706,0.0,-0.07327569455615748
mnist,cut_backdoor,attacked,2024,0,actual_attacker,16,21,0,0,20,0.48499310686671654,0.6733471564295886,-0.30610375946307045,0.0,-0.2925329428588633
mnist,cut_backdoor,attacked,2024,0,actual_attacker,16,22,0,0,75,0.6448688476885108,0.8405998941871392,-0.15350718023142737,0.0,-0.22120850467532965
mnist,cut_backdoor,attacked,2024,0,actual_attacker,16,23,0,0,299,0.5060148807282825,0.7752335674960096,-0.03606201876702961,0.0,-0.11428382601591164
mnist,cut_backdoor,attacked,2024,0,actual_attacker,16,24,0,0,63,0.5166757131804001,0.7333450542771687,-0.46800184343554924,0.0,-0.42261863893834983
mnist,cut_backdoor,attacked,2024,0,actual_attacker,16,25,1,1,211,0.41201351085575505,0.7694828544024008,-0.4323740720694078,0.0,-0.40067510077516005
mnist,cut_backdoor,attacked,2024,0,actual_attacker,16,26,0,0,380,0.5444744386582067,0.7480274880746591,-0.1876056035487154,0.0,-0.20632144047180817
mnist,cut_backdoor,attacked,2024,0,actual_attacker,16,28,0,0,93,0.5527246906610502,0.8946792435351572,-0.36974461851083523,0.0,-0.41258862054918416
mnist,cut_backdoor,attacked,2024,0,actual_attacker,16,29,0,0,1182,0.624240776882127,0.8348350593342779,-0.07269806302419846,0.0,-0.0388198753502794
mnist,cut_backdoor,attacked,2024,0,actual_attacker,16,31,1,1,88,0.7002642275752352,0.9165198602056124,-0.29768261002008467,0.0,-0.21701496995621558
mnist,cut_backdoor,attacked,2024,0,actual_attacker,16,32,0,0,264,0.46107982965249433,0.7239334567655676,-0.29480698865397,0.0,-0.2843865378218732
mnist,cut_backdoor,attacked,2024,0,actual_attacker,16,33,0,0,158,0.5460728620142004,0.7218302246119542,-0.4605341182939865,0.0,-0.41982432170411066
mnist,cut_backdoor,attacked,2024,0,actual_attacker,16,34,0,0,417,0.3947590448918495,0.6739660950886828,-0.350692678861743,0.0,-0.38059251226368745
mnist,cut_backdoor,attacked,2024,0,actual_attacker,16,35,0,0,774,0.5574422231533095,0.7850987846111084,-0.18082430621095927,0.0,-0.16083047943711823
mnist,cut_backdoor,attacked,2024,0,actual_attacker,16,36,0,0,811,0.5536284491321184,0.8244276576216715,-0.4464448947210386,0.0,-0.36522420856034904
mnist,cut_backdoor,attacked,2024,0,actual_attacker,16,37,0,0,473,0.5109306676312212,0.8794090437654252,-0.2817479659820001,0.0,-0.3205366028709792
mnist,cut_backdoor,attacked,2024,0,actual_attacker,16,38,0,0,722,0.5324067934858041,0.8119459714962453,-0.46369826493552974,0.0,-0.3496067548901624
mnist,cut_backdoor,attacked,2024,0,actual_attacker,16,39,0,0,97,0.5636372820270397,0.8168649834814538,-0.23194758411745206,0.0,-0.2838820722822994
mnist,cut_backdoor,attacked,2024,0,actual_attacker,16,40,0,0,1226,0.6345038469423581,0.8580345017353934,-0.4157881606030227,0.0,-0.3424834042654834
mnist,cut_backdoor,attacked,2024,0,actual_attacker,16,41,0,0,57,0.5298864682230228,0.6534739130626195,-0.21110033799995276,0.0,-0.2015804358347704
mnist,cut_backdoor,attacked,2024,0,actual_attacker,16,42,1,1,76,0.5701490935160937,0.8967549172445122,-0.29758767341386116,0.0,-0.3185938976029428
mnist,cut_backdoor,attacked,2024,0,actual_attacker,16,43,0,0,364,0.5334264945034767,0.8430363684171442,-0.5214622004829621,0.0,-0.42335826044233504
mnist,cut_backdoor,attacked,2024,0,actual_attacker,16,44,0,0,175,0.6204371094028228,0.9065054194615627,-0.34373097017412735,0.0,-0.23029607595573404
mnist,cut_backdoor,attacked,2024,0,actual_attacker,16,46,1,1,37,0.4649771674952733,0.6459275803629699,-0.3936847122830874,0.0,-0.3439473704212989
mnist,cut_backdoor,attacked,2024,0,actual_attacker,16,47,0,0,1677,0.47796361734607984,0.748352961276757,-0.3436288966624636,0.0,-0.36130066121956494
mnist,cut_backdoor,attacked,2024,0,actual_attacker,16,48,1,1,406,0.34556310001245655,0.6703915392968827,-0.5016811939591139,0.0,-0.4192979735618521
mnist,cut_backdoor,attacked,2024,0,actual_attacker,16,49,0,0,88,0.529495835345014,0.8350915998060952,-0.33453844330814814,0.0,-0.3523865751749518
mnist,cut_backdoor,attacked,2024,0,actual_attacker,16,50,0,0,178,0.42363719784350473,0.7981914886390842,-0.24994948735680486,0.0,-0.2840185657589171
mnist,cut_backdoor,attacked,2024,0,actual_attacker,16,51,0,0,723,0.4482823466806044,0.7590024134052494,-0.3487934218437597,0.0,-0.38740247390288046
mnist,cut_backdoor,attacked,2024,0,actual_attacker,16,53,1,1,20,0.3483772613355102,0.617247037789562,-0.3402072658172234,0.0,-0.32077045868183457
mnist,cut_backdoor,attacked,2024,0,actual_attacker,16,54,1,1,504,0.441452981584639,0.6282808905805013,-0.1818084398791633,0.0,-0.15981043265006917
mnist,cut_backdoor,attacked,2024,0,actual_attacker,16,55,0,0,191,0.5294369155041946,0.7788944068777639,-0.24184751511029104,0.0,-0.2897211340574054
mnist,cut_backdoor,attacked,2024,0,actual_attacker,16,56,0,0,172,0.5450412321605358,0.8342956728441588,-0.21404676632429553,0.0,-0.2565310136561656
mnist,cut_backdoor,attacked,2024,0,actual_attacker,16,57,0,0,306,0.5302680224473866,0.6707599295290512,-0.17439152239208058,0.0,-0.18979119906898495
mnist,cut_backdoor,attacked,2024,0,actual_attacker,16,58,1,1,163,0.5164047120060332,0.8281416953620047,-0.3797026352264079,0.0,-0.30962303257875134
mnist,cut_backdoor,attacked,2024,0,actual_attacker,16,59,0,0,1893,0.4580886404531697,0.703588842381029,-0.36197738705451243,0.0,-0.3450942171526166
mnist,cut_backdoor,attacked,2024,0,actual_attacker,16,61,1,1,454,0.45331443794213666,0.7729316038332057,-0.2283535895149247,0.0,-0.2430580872389871
mnist,cut_backdoor,attacked,2024,0,actual_attacker,16,62,0,0,105,0.5007493703468161,0.7230011585574388,-0.233536513708676,0.0,-0.2351599591781152
mnist,cut_backdoor,attacked,2024,0,actual_attacker,16,63,0,0,1468,0.46919767364662585,0.8182890721365098,-0.374950386929533,0.0,-0.4348561653195916
mnist,cut_backdoor,attacked,2024,0,actual_attacker,16,65,1,1,57,0.598425089093156,0.8842333070212908,-0.40124260540028567,0.0,-0.29547710439407743
mnist,cut_backdoor,attacked,2024,0,actual_attacker,16,66,0,0,87,0.4833433005702556,0.7499642642476101,-0.1902654836532916,0.0,-0.1984927052015128
mnist,cut_backdoor,attacked,2024,0,actual_attacker,16,67,0,0,258,0.6254057166394145,0.9160703518189018,-0.2736941932265983,0.0,-0.2960724672240077
mnist,cut_backdoor,attacked,2024,0,actual_attacker,16,68,1,1,324,0.39683324414334353,0.69703882385402,-0.40117708405244834,0.0,-0.3170968057754071
mnist,cut_backdoor,attacked,2024,0,actual_attacker,16,70,0,0,162,0.5628540962621325,0.8406332566802914,-0.40020227366954647,0.0,-0.436863665331197
mnist,cut_backdoor,attacked,2024,0,actual_attacker,16,71,0,0,347,0.531124060513871,0.8377257491230236,-0.4368584567761422,0.0,-0.43230695832496907
mnist,cut_backdoor,attacked,2024,0,actual_attacker,16,72,0,0,500,0.32720004341820547,0.5132466022328865,-0.2766972185536336,0.0,-0.26180143634846403
mnist,cut_backdoor,attacked,2024,0,actual_attacker,16,73,0,0,205,0.6246933863097452,0.9105332451581128,-0.2779899377804095,0.0,-0.30657247035120094
mnist,cut_backdoor,attacked,2024,0,actual_attacker,16,74,0,0,869,0.5754731587813446,0.8451804460444692,-0.06895535612610873,0.0,-0.04306536330050707
mnist,cut_backdoor,attacked,2024,0,actual_attacker,16,75,1,1,365,0.5930651601260837,0.8403547160104001,-0.3815618924370579,0.0,-0.31281930750912557
mnist,cut_backdoor,attacked,2024,0,actual_attacker,16,76,1,1,858,0.4483994388122152,0.696680855223161,-0.2832524845048869,0.0,-0.22267015803257362
mnist,cut_backdoor,attacked,2024,0,actual_attacker,16,77,0,0,321,0.5971010459738461,0.8825750768945888,-0.37884221978895644,0.0,-0.3903281984184488
mnist,cut_backdoor,attacked,2024,0,actual_attacker,16,78,0,0,71,0.5061960453373536,0.772015572878694,-0.46219494152714885,0.0,-0.4308797347049782
mnist,cut_backdoor,attacked,2024,0,actual_attacker,16,79,0,0,1251,0.41138163558030005,0.6220276306312984,-0.4675973367132052,0.0,-0.44222174261638897
mnist,cut_backdoor,attacked,2024,0,actual_attacker,16,80,0,0,1673,0.48903157678771175,0.69519020106575,-0.07215842188074584,0.0,-0.12087711010560055
mnist,cut_backdoor,attacked,2024,0,actual_attacker,16,81,0,0,698,0.6237482028944196,0.8794491949167391,-0.3128749567138405,0.0,-0.3389724007581354
mnist,cut_backdoor,attacked,2024,0,actual_attacker,16,82,0,0,429,0.5924227362844033,0.8088999898956825,-0.33272010622466325,0.0,-0.3877631205814806
mnist,cut_backdoor,attacked,2024,0,actual_attacker,16,83,0,0,1241,0.6329134415932746,0.8181591478942092,0.06374820945904534,0.0,0.0053366466110284574
mnist,cut_backdoor,attacked,2024,0,actual_attacker,16,84,0,0,25,0.5766732949741109,0.7741662943002662,0.039849373913141084,0.0,-0.02445500143846335
mnist,cut_backdoor,attacked,2024,0,actual_attacker,16,85,0,0,588,0.4163398881598883,0.645285532719318,-0.4012251640191977,0.0,-0.3476305131370088
mnist,cut_backdoor,attacked,2024,0,actual_attacker,16,86,0,0,1094,0.5225185794222974,0.8334391199824948,-0.39217869426577984,0.0,-0.30305071484124635
mnist,cut_backdoor,attacked,2024,0,actual_attacker,16,87,0,0,705,0.5356275373945202,0.8389448620020439,-0.1388025319051773,0.0,-0.16996711256451286
mnist,cut_backdoor,attacked,2024,0,actual_attacker,16,88,0,0,1836,0.5427459704823506,0.854976039115315,-0.23355803282632698,0.0,-0.2842660272305313
mnist,cut_backdoor,attacked,2024,0,actual_attacker,16,89,1,1,559,0.47751972119375813,0.8361724435137725,-0.4077607968083146,0.0,-0.3824445810845614
mnist,cut_backdoor,attacked,2024,0,actual_attacker,16,90,0,0,38,0.5356127895674239,0.8459276961261665,-0.47288343535762994,0.0,-0.37548733795610645
mnist,cut_backdoor,attacked,2024,0,actual_attacker,16,91,0,0,1249,0.4604593918768387,0.709365615138642,-0.3461397483820781,0.0,-0.37083299238561396
mnist,cut_backdoor,attacked,2024,0,actual_attacker,16,92,0,0,154,0.5652412263116066,0.7499675755882353,-0.27261719880180624,0.0,-0.2335583889184731
mnist,cut_backdoor,attacked,2024,0,actual_attacker,16,93,0,0,321,0.3465019350421902,0.6746755764373209,-0.38704479274023423,0.0,-0.44484983875712597
mnist,cut_backdoor,attacked,2024,0,actual_attacker,16,94,0,0,1118,0.6816972362939935,0.913638118815428,-0.3014877764677827,0.0,-0.16975871360310302
mnist,cut_backdoor,attacked,2024,0,actual_attacker,16,95,0,0,975,0.45708488644363016,0.6364381073541442,-0.05267769893908424,0.0,-0.10911576646809541
mnist,cut_backdoor,attacked,2024,0,actual_attacker,16,96,0,0,788,0.5725066923445289,0.8537924853980426,-0.1328757462304564,0.0,-0.15871012622205583
mnist,cut_backdoor,attacked,2024,0,actual_attacker,16,97,0,0,231,0.5035150404549139,0.8615465895276314,-0.5367026494342547,0.0,-0.42021241425081773
mnist,cut_backdoor,attacked,2024,0,actual_attacker,16,98,0,0,39,0.4150918942684089,0.734996116474622,-0.4030389689522413,0.0,-0.40609109929620174
mnist,cut_backdoor,attacked,2024,0,actual_attacker,16,99,0,0,742,0.4364262347295082,0.8023006259276284,-0.40005249990575176,0.0,-0.40694868942444395
mnist,cut_backdoor,attacked,2024,9,actual_attacker,16,0,0,0,22,0.45481432672888467,0.5872528067348517,-0.19592822887932052,0.0,-0.20512947480884652
mnist,cut_backdoor,attacked,2024,9,actual_attacker,16,1,0,0,115,0.46920190304823645,0.7322184329104227,-0.1405684446021551,0.0,-0.2278937342133275
mnist,cut_backdoor,attacked,2024,9,actual_attacker,16,3,0,0,172,0.4679120935306162,0.7446746004235753,-0.0739170799238823,0.0,-0.05788159988447116
mnist,cut_backdoor,attacked,2024,9,actual_attacker,16,4,0,0,775,0.5227361692003821,0.7046817974722567,-0.04352240490534123,0.0,-0.12218150090451074
mnist,cut_backdoor,attacked,2024,9,actual_attacker,16,5,0,0,281,0.47687890483528844,0.8749745501525252,-0.1774848973917173,0.0,-0.24121663759366171
mnist,cut_backdoor,attacked,2024,9,actual_attacker,16,6,1,1,577,0.33311712492191414,0.5415401680950193,-0.07921890588720916,0.0,0.16347643599549658
mnist,cut_backdoor,attacked,2024,9,actual_attacker,16,7,0,0,1039,0.41250888082069576,0.651632137827014,-0.17389893385111177,0.0,-0.2332169951783667
mnist,cut_backdoor,attacked,2024,9,actual_attacker,16,8,0,0,231,0.34919502761820587,0.8441388687814545,-0.14573258615941306,0.0,-0.11083897561344855
mnist,cut_backdoor,attacked,2024,9,actual_attacker,16,9,0,0,1886,0.46172973010654755,0.6316271598817443,-0.092842342554079,0.0,-0.11937651978768536
mnist,cut_backdoor,attacked,2024,9,actual_attacker,16,10,0,0,204,0.5366600158340359,0.7205251830994228,0.003855292742974387,0.0,0.012964018168854199
mnist,cut_backdoor,attacked,2024,9,actual_attacker,16,11,0,0,155,0.4088752248126246,0.7320083270873408,-0.2319822469967182,0.0,-0.3134793801699414
mnist,cut_backdoor,attacked,2024,9,actual_attacker,16,12,0,0,1820,0.38524599603857873,0.734908731669576,-0.16136590470426523,0.0,-0.2647471912898347
mnist,cut_backdoor,attacked,2024,9,actual_attacker,16,13,0,0,1030,0.3502389825292928,0.625019059978303,-0.233936524941866,0.0,-0.1830117152272944
mnist,cut_backdoor,attacked,2024,9,actual_attacker,16,14,0,0,94,0.36315293785734626,0.6742012120675136,-0.20555290260773476,0.0,-0.18658006798707544
mnist,cut_backdoor,attacked,2024,9,actual_attacker,16,15,1,1,188,0.4261138370665021,0.6540464459522607,-0.1263266677395284,0.0,0.016774480131070333
mnist,cut_backdoor,attacked,2024,9,actual_attacker,16,16,0,0,846,0.3919260580690221,0.7886077313741487,-0.060230966658066716,0.0,-0.08104861606142004
mnist,cut_backdoor,attacked,2024,9,actual_attacker,16,18,0,0,722,0.470669092637407,0.8648696808291731,-0.17024284847933044,0.0,-0.21252112619674082
mnist,cut_backdoor,attacked,2024,9,actual_attacker,16,19,1,1,539,0.3160135214914533,0.6222224647570977,-0.27342010481561774,0.0,-0.1203018429733912
mnist,cut_backdoor,attacked,2024,9,actual_attacker,16,20,1,1,260,0.4865282569347849,0.7303513464555353,-0.08741809946540449,0.0,0.02648184985268638
mnist,cut_backdoor,attacked,2024,9,actual_attacker,16,21,0,0,20,0.4241655901219756,0.685341879415406,-0.2577012250760312,0.0,-0.2916299840241439
mnist,cut_backdoor,attacked,2024,9,actual_attacker,16,23,0,0,299,0.44566117334534966,0.817231138298894,-0.18325179547925421,0.0,-0.3122644045542858
mnist,cut_backdoor,attacked,2024,9,actual_attacker,16,24,0,0,63,0.37967838537391013,0.5755847395083556,-0.15300301125062224,0.0,-0.1411536295829109
mnist,cut_backdoor,attacked,2024,9,actual_attacker,16,25,1,1,211,0.34153679299737466,0.5474238069222028,-0.15312707507700488,0.0,0.0993024393375637
mnist,cut_backdoor,attacked,2024,9,actual_attacker,16,27,0,0,495,0.3668204145132405,0.589175370445643,-0.18223385754099136,0.0,-0.1737354168213065
mnist,cut_backdoor,attacked,2024,9,actual_attacker,16,28,0,0,93,0.3443210485641529,0.8277870038246815,-0.15293696756773276,0.0,-0.23307305735449668
mnist,cut_backdoor,attacked,2024,9,actual_attacker,16,29,0,0,1182,0.5717267167026399,0.7987609040707011,0.0032225199725366004,0.0,0.004753822572588201
mnist,cut_backdoor,attacked,2024,9,actual_attacker,16,30,0,0,20,0.39905214312259896,0.5585345650597201,-0.14596993916261025,0.0,-0.14003670211407823
mnist,cut_backdoor,attacked,2024,9,actual_attacker,16,31,1,1,88,0.35687745684313155,0.7782870238097482,-0.015985477670620047,0.0,0.25667857746349304
mnist,cut_backdoor,attacked,2024,9,actual_attacker,16,32,0,0,264,0.4295196303760765,0.7501098237715007,-0.22388858646026616,0.0,-0.2894009694089589
mnist,cut_backdoor,attacked,2024,9,actual_attacker,16,33,0,0,158,0.4332057165835526,0.6715218868698336,-0.16988441187279096,0.0,-0.16662562933159392
mnist,cut_backdoor,attacked,2024,9,actual_attacker,16,34,0,0,417,0.3472644687211281,0.7230754834460843,-0.29476456825137665,0.0,-0.39699642728580337
mnist,cut_backdoor,attacked,2024,9,actual_attacker,16,36,0,0,811,0.3188972551119342,0.8089686998869849,-0.0989062728896244,0.0,0.055033600779030654
mnist,cut_backdoor,attacked,2024,9,actual_attacker,16,37,0,0,473,0.3865041539358078,0.738030728054777,-0.17435624313700707,0.0,-0.25378884202280233
mnist,cut_backdoor,attacked,2024,9,actual_attacker,16,38,0,0,722,0.3296983259797376,0.6843852078128648,-0.2587160831703033,0.0,-0.10889316786561838
mnist,cut_backdoor,attacked,2024,9,actual_attacker,16,39,0,0,97,0.4332685800891652,0.6439708914488331,-0.1731686619136411,0.0,-0.2817271324235004
mnist,cut_backdoor,attacked,2024,9,actual_attacker,16,40,0,0,1226,0.42777945590357197,0.7222748775661408,-0.15975841801038815,0.0,-0.13104668185086796
mnist,cut_backdoor,attacked,2024,9,actual_attacker,16,41,0,0,57,0.5074123786930208,0.665711090071585,-0.08207021326882666,0.0,-0.10161034364299355
mnist,cut_backdoor,attacked,2024,9,actual_attacker,16,42,1,1,76,0.35150625649575523,0.6804545219709321,-0.0943614500194444,0.0,0.07592153027556622
mnist,cut_backdoor,attacked,2024,9,actual_attacker,16,43,0,0,364,0.2865001246513763,0.783241513824996,-0.13942524598489017,0.0,0.07136741516176356
mnist,cut_backdoor,attacked,2024,9,actual_attacker,16,44,0,0,175,0.3540704745799813,0.7461106864235574,-0.10979013061583556,0.0,0.1262217061223344
mnist,cut_backdoor,attacked,2024,9,actual_attacker,16,45,0,0,502,0.34712130844359923,0.8406430344883397,-0.21654823419740926,0.0,-0.2776897415199866
mnist,cut_backdoor,attacked,2024,9,actual_attacker,16,46,1,1,37,0.41840095283790535,0.6028508987536182,-0.1760837568183255,0.0,-0.15915901545026928
mnist,cut_backdoor,attacked,2024,9,actual_attacker,16,47,0,0,1677,0.41348205262494425,0.5057216693422558,-0.09674711544245367,0.0,-0.10866275150258327
mnist,cut_backdoor,attacked,2024,9,actual_attacker,16,48,1,1,406,0.31583742161103306,0.5952147006571356,-0.15621487312159757,0.0,0.11422437160882147
mnist,cut_backdoor,attacked,2024,9,actual_attacker,16,49,0,0,88,0.3480813082296868,0.7617592020923675,-0.20808964101416447,0.0,-0.2302990635797023
mnist,cut_backdoor,attacked,2024,9,actual_attacker,16,50,0,0,178,0.36098778564504036,0.7004565905096002,-0.3085130628527426,0.0,-0.41344548763972827
mnist,cut_backdoor,attacked,2024,9,actual_attacker,16,51,0,0,723,0.40090583132109975,0.6831214054721787,-0.10849212161565581,0.0,-0.1443429297457393
mnist,cut_backdoor,attacked,2024,9,actual_attacker,16,52,0,0,44,0.49965643266287896,0.8709336109188308,-0.1710753580662811,0.0,-0.23360551556319806
mnist,cut_backdoor,attacked,2024,9,actual_attacker,16,53,1,1,20,0.34853076003258654,0.5186445868941498,-0.21820762029589452,0.0,-0.05982435828091032
mnist,cut_backdoor,attacked,2024,9,actual_attacker,16,54,1,1,504,0.4518848828879107,0.5996418053476746,-0.05530979735558474,0.0,0.15072361214538174
mnist,cut_backdoor,attacked,2024,9,actual_attacker,16,55,0,0,191,0.5016799826910417,0.6858853663977293,-0.06951054081884202,0.0,-0.13029347605195157
mnist,cut_backdoor,attacked,2024,9,actual_attacker,16,56,0,0,172,0.4559715031577755,0.7249348320245277,-0.11941004040919657,0.0,-0.19181536089096
mnist,cut_backdoor,attacked,2024,9,actual_attacker,16,57,0,0,306,0.40787633818468755,0.5024449629908152,-0.15941039336229648,0.0,-0.20023668838964206
mnist,cut_backdoor,attacked,2024,9,actual_attacker,16,58,1,1,163,0.3798144517383076,0.6897434192566442,-0.1738904120289918,0.0,0.06964421867753207
mnist,cut_backdoor,attacked,2024,9,actual_attacker,16,59,0,0,1893,0.39918137977347534,0.6944333962711957,-0.29088558526151104,0.0,-0.3172742208938146
mnist,cut_backdoor,attacked,2024,9,actual_attacker,16,61,1,1,454,0.37837188531603244,0.626950504559053,-0.17230404632353946,0.0,-0.012318236175147716
mnist,cut_backdoor,attacked,2024,9,actual_attacker,16,62,0,0,105,0.4095760648708594,0.627369474289719,-0.13863331313096658,0.0,-0.19493816091102883
mnist,cut_backdoor,attacked,2024,9,actual_attacker,16,63,0,0,1468,0.349980607862784,0.6790268081547112,-0.2231559694911496,0.0,-0.3281185860662694
mnist,cut_backdoor,attacked,2024,9,actual_attacker,16,64,0,0,659,0.4112199783668464,0.6987775051140662,-0.1565082987256192,0.0,0.006700579551120717
mnist,cut_backdoor,attacked,2024,9,actual_attacker,16,65,1,1,57,0.35091575157911886,0.8003673816888133,-0.0881642470729692,0.0,0.1953579802396443
mnist,cut_backdoor,attacked,2024,9,actual_attacker,16,66,0,0,87,0.44955008405460306,0.7923306590191878,-0.2347004404199724,0.0,-0.3269668303911298
mnist,cut_backdoor,attacked,2024,9,actual_attacker,16,67,0,0,258,0.4157609166692453,0.8649288682908217,-0.11733105070898868,0.0,-0.15576816404153662
mnist,cut_backdoor,attacked,2024,9,actual_attacker,16,68,1,1,324,0.34644504422092326,0.633800833862477,-0.25884478173835523,0.0,-0.05479379678246182
mnist,cut_backdoor,attacked,2024,9,actual_attacker,16,69,0,0,862,0.47183157028310785,0.6895399375442427,-0.149760311709061,0.0,-0.2213452937108694
mnist,cut_backdoor,attacked,2024,9,actual_attacker,16,70,0,0,162,0.3684740954244535,0.7995862616570005,-0.12902085071619224,0.0,-0.18055106217220993
mnist,cut_backdoor,attacked,2024,9,actual_attacker,16,71,0,0,347,0.3806365205799548,0.7686262855060638,-0.17301306307186265,0.0,-0.21574724994724423
mnist,cut_backdoor,attacked,2024,9,actual_attacker,16,72,0,0,500,0.391874860120821,0.6149630080244403,-0.1711621335428006,0.0,-0.17350335071221742
mnist,cut_backdoor,attacked,2024,9,actual_attacker,16,73,0,0,205,0.39562466846056604,0.834407455015309,-0.15568405339222074,0.0,-0.21683386185806222
mnist,cut_backdoor,attacked,2024,9,actual_attacker,16,74,0,0,869,0.5636382554962114,0.8006873819154874,-0.04517615778720655,0.0,-0.07205726362982078
mnist,cut_backdoor,attacked,2024,9,actual_attacker,16,75,1,1,365,0.34607461295518227,0.6509674115014326,-0.15353950488912851,0.0,0.10275068816448991
mnist,cut_backdoor,attacked,2024,9,actual_attacker,16,76,1,1,858,0.414869184905833,0.6396080677173936,-0.07864597212954909,0.0,0.1040154294349449
mnist,cut_backdoor,attacked,2024,9,actual_attacker,16,77,0,0,321,0.35452411873225936,0.786990653190945,-0.09417187111909943,0.0,-0.07630165689274716
mnist,cut_backdoor,attacked,2024,9,actual_attacker,16,78,0,0,71,0.3134307764344606,0.6695077674381273,-0.17921267132283525,0.0,-0.07334450277944404
mnist,cut_backdoor,attacked,2024,9,actual_attacker,16,79,0,0,1251,0.3477894691773385,0.573587915753462,-0.17814187963130035,0.0,-0.13784340597982964
mnist,cut_backdoor,attacked,2024,9,actual_attacker,16,80,0,0,1673,0.4552189036071848,0.7400211765521777,-0.13545924832975922,0.0,-0.2093817156195718
mnist,cut_backdoor,attacked,2024,9,actual_attacker,16,81,0,0,698,0.31845065645202547,0.7550925383724792,-0.13792584188881807,0.0,-0.16770542736120508
mnist,cut_backdoor,attacked,2024,9,actual_attacker,16,82,0,0,429,0.38522836627403445,0.6846666616964135,-0.10553388304703039,0.0,-0.19886696969930792
mnist,cut_backdoor,attacked,2024,9,actual_attacker,16,83,0,0,1241,0.6017850519428996,0.8172012510270626,-0.09706385868105435,0.0,-0.20276398532933348
mnist,cut_backdoor,attacked,2024,9,actual_attacker,16,84,0,0,25,0.5501808719339067,0.7785526575605981,-0.11857995283399099,0.0,-0.24153782128271536
mnist,cut_backdoor,attacked,2024,9,actual_attacker,16,85,0,0,588,0.3910123149028099,0.7084929738097155,-0.15798252070142926,0.0,-0.14194404082719142
mnist,cut_backdoor,attacked,2024,9,actual_attacker,16,87,0,0,705,0.4059274810998659,0.8501788569210313,-0.22409396427765918,0.0,-0.2669680974134334
mnist,cut_backdoor,attacked,2024,9,actual_attacker,16,88,0,0,1836,0.4812098431624488,0.7429529904198559,-0.14530648101990137,0.0,-0.26386583299636973
mnist,cut_backdoor,attacked,2024,9,actual_attacker,16,89,1,1,559,0.32651182816182484,0.6766079051627132,-0.17820685503272862,0.0,0.03068238298984911
mnist,cut_backdoor,attacked,2024,9,actual_attacker,16,90,0,0,38,0.3033563067506096,0.7989651985901508,-0.11744560416520393,0.0,0.12292571392190292
mnist,cut_backdoor,attacked,2024,9,actual_attacker,16,91,0,0,1249,0.41627213195844454,0.640209758126841,-0.06959610650789319,0.0,-0.0744757654764938
mnist,cut_backdoor,attacked,2024,9,actual_attacker,16,92,0,0,154,0.4424082901972864,0.6491875721809335,-0.12826259378036997,0.0,-0.10141346915330282
mnist,cut_backdoor,attacked,2024,9,actual_attacker,16,95,0,0,975,0.42833475436202434,0.6189841758378603,-0.21137937423140735,0.0,-0.30624083733094015
mnist,cut_backdoor,attacked,2024,9,actual_attacker,16,96,0,0,788,0.46016271903032774,0.8920116868831549,-0.18670809734555582,0.0,-0.24332850142567794
mnist,cut_backdoor,attacked,2024,9,actual_attacker,16,97,0,0,231,0.2864470753312612,0.7524929207927397,-0.20870022568819263,0.0,0.04665970552233801
mnist,cut_backdoor,attacked,2024,9,actual_attacker,16,98,0,0,39,0.33197760058415793,0.5038925027558196,-0.26324780969934086,0.0,-0.2914797576890044
mnist,cut_backdoor,attacked,2024,29,actual_attacker,16,0,0,0,22,0.3154532344842909,0.5756104141133058,-0.06450578097220076,0.0,-0.11139886967400438
mnist,cut_backdoor,attacked,2024,29,actual_attacker,16,1,0,0,115,0.3768472605748032,0.7228807270595764,-0.044303928150425866,0.0,-0.24189760437473296
mnist,cut_backdoor,attacked,2024,29,actual_attacker,16,2,0,0,20,0.25460243395653875,0.5695617753902174,-0.019286809165486224,0.0,-0.030525591072326226
mnist,cut_backdoor,attacked,2024,29,actual_attacker,16,3,0,0,172,0.361831057877498,0.7592484772823392,0.1283764448457761,0.0,0.13032829390119463
mnist,cut_backdoor,attacked,2024,29,actual_attacker,16,4,0,0,775,0.42528285628083,0.7428634309127181,0.1788484673014772,0.0,0.0353972417823601
mnist,cut_backdoor,attacked,2024,29,actual_attacker,16,5,0,0,281,0.3296549592583323,0.7878132651826313,0.10531383131384171,0.0,-0.01889693937552452
mnist,cut_backdoor,attacked,2024,29,actual_attacker,16,6,1,1,577,0.2570245184995601,0.5191499890781064,-0.04044766674730867,0.0,0.30285511527492337
mnist,cut_backdoor,attacked,2024,29,actual_attacker,16,8,0,0,231,0.26892615774510625,0.8419587864434341,-0.20091558400881226,0.0,-0.14786751773190873
mnist,cut_backdoor,attacked,2024,29,actual_attacker,16,9,0,0,1886,0.3296380960392937,0.6565539814166985,0.15967557964676032,0.0,0.050596054126870064
mnist,cut_backdoor,attacked,2024,29,actual_attacker,16,11,0,0,155,0.2811467648106496,0.7185894249641555,0.020719229174159796,0.0,-0.11280303974856812
mnist,cut_backdoor,attacked,2024,29,actual_attacker,16,12,0,0,1820,0.24691544620515946,0.7165492091151874,-0.08411494979044536,0.0,-0.2695113780218561
mnist,cut_backdoor,attacked,2024,29,actual_attacker,16,13,0,0,1030,0.26675422684193345,0.6516343407939702,-0.027933696153536854,0.0,-0.017995219703402583
mnist,cut_backdoor,attacked,2024,29,actual_attacker,16,14,0,0,94,0.2436487647280093,0.6628066798374646,-0.0793195577417587,0.0,-0.029003562918859995
mnist,cut_backdoor,attacked,2024,29,actual_attacker,16,15,1,1,188,0.27730162334595854,0.658197477199,-0.1791431616584222,0.0,-0.028916943892869963
mnist,cut_backdoor,attacked,2024,29,actual_attacker,16,16,0,0,846,0.23891242345207728,0.696503277351565,0.06348994114643454,0.0,0.03722525139253347
mnist,cut_backdoor,attacked,2024,29,actual_attacker,16,17,0,0,55,0.3217323647847951,0.6762690282114573,0.19371921487372779,0.0,0.20243015420841828
mnist,cut_backdoor,attacked,2024,29,actual_attacker,16,18,0,0,722,0.32107500755490836,0.7430677002767112,0.11520257769612735,0.0,0.038364029534578334
mnist,cut_backdoor,attacked,2024,29,actual_attacker,16,19,1,1,539,0.24051862232395863,0.6176138365083874,-0.18843916957440288,0.0,0.06463343331529676
mnist,cut_backdoor,attacked,2024,29,actual_attacker,16,20,1,1,260,0.3915995441631017,0.7431592368910753,0.014584599883689197,0.0,0.12494229273247966
mnist,cut_backdoor,attacked,2024,29,actual_attacker,16,21,0,0,20,0.28294646200207085,0.6796248601623545,0.004397796052688048,0.0,-0.0798517135005219
mnist,cut_backdoor,attacked,2024,29,actual_attacker,16,22,0,0,75,0.452868584615822,0.7237497247099979,-0.0352498396439414,0.0,-0.2686185082758763
mnist,cut_backdoor,attacked,2024,29,actual_attacker,16,23,0,0,299,0.33995961088823656,0.793764805643719,-0.11378565163270807,0.0,-0.29827591130689546
mnist,cut_backdoor,attacked,2024,29,actual_attacker,16,24,0,0,63,0.26289168904799537,0.5992725522680008,0.14422335394972322,0.0,0.14410781100082262
mnist,cut_backdoor,attacked,2024,29,actual_attacker,16,25,1,1,211,0.25506220642854277,0.4637264516200082,-0.12947524811919206,0.0,0.23592568583050116
mnist,cut_backdoor,attacked,2024,29,actual_attacker,16,26,0,0,380,0.2884935634185809,0.6960916081752971,0.018609743500319253,0.0,-0.08313617857487561
mnist,cut_backdoor,attacked,2024,29,actual_attacker,16,27,0,0,495,0.3115186368393602,0.5164170977034749,-0.08439810476907843,0.0,-0.0567076933000087
mnist,cut_backdoor,attacked,2024,29,actual_attacker,16,28,0,0,93,0.2549992253568948,0.7938393217140626,-0.23233732938371862,0.0,-0.34373258797855066
mnist,cut_backdoor,attacked,2024,29,actual_attacker,16,29,0,0,1182,0.49325406194315324,0.8319663159859164,0.1620593122947796,0.0,0.17033006446484342
mnist,cut_backdoor,attacked,2024,29,actual_attacker,16,30,0,0,20,0.27425438616518577,0.5659294908394736,0.13144862563876833,0.0,0.11253295738901599
mnist,cut_backdoor,attacked,2024,29,actual_attacker,16,31,1,1,88,0.273693354301536,0.6838092963059375,0.033137733189565165,0.0,0.4338092995059144
mnist,cut_backdoor,attacked,2024,29,actual_attacker,16,32,0,0,264,0.2925296918321138,0.6920963320831766,0.09829114214141521,0.0,0.029370520210953547
mnist,cut_backdoor,attacked,2024,29,actual_attacker,16,33,0,0,158,0.34164596183802415,0.669463056790776,-0.09141851430212052,0.0,-0.052469670739874505
mnist,cut_backdoor,attacked,2024,29,actual_attacker,16,34,0,0,417,0.2611051908779504,0.7423250754651314,-0.1469886972338501,0.0,-0.3351260967863831
mnist,cut_backdoor,attacked,2024,29,actual_attacker,16,35,0,0,774,0.4567740786767325,0.8245708236609597,0.10710907792646031,0.0,0.05650797797733985
mnist,cut_backdoor,attacked,2024,29,actual_attacker,16,37,0,0,473,0.2612393357508041,0.727471806378406,-0.17997913791411177,0.0,-0.2721179787295115
mnist,cut_backdoor,attacked,2024,29,actual_attacker,16,38,0,0,722,0.2986918727957139,0.6534652268241331,-0.035021655756187126,0.0,0.1802599699414696
mnist,cut_backdoor,attacked,2024,29,actual_attacker,16,39,0,0,97,0.3932975634257284,0.6798427832283425,-0.09215055510593714,0.0,-0.28581782605151806
mnist,cut_backdoor,attacked,2024,29,actual_attacker,16,40,0,0,1226,0.27936780142227846,0.7039531076455698,-0.04535583420327608,0.0,-0.000662173410270059
mnist,cut_backdoor,attacked,2024,29,actual_attacker,16,41,0,0,57,0.40290003956254583,0.6951686867185419,-0.042719993598570524,0.0,-0.09594373837566018
mnist,cut_backdoor,attacked,2024,29,actual_attacker,16,42,1,1,76,0.31829444403140295,0.545008627488498,-0.25034218165842564,0.0,0.13762820620832508
mnist,cut_backdoor,attacked,2024,29,actual_attacker,16,43,0,0,364,0.19583820747773628,0.6790656149984591,-0.00647575659616269,0.0,0.3185400116075744
mnist,cut_backdoor,attacked,2024,29,actual_attacker,16,44,0,0,175,0.2513205932606244,0.6735627825572431,-0.03357272676601187,0.0,0.31652569878643116
mnist,cut_backdoor,attacked,2024,29,actual_attacker,16,45,0,0,502,0.25610910324405733,0.8427926712023046,-0.20523620103175047,0.0,-0.24098632951218166
mnist,cut_backdoor,attacked,2024,29,actual_attacker,16,46,1,1,37,0.262713495284681,0.5405831929513506,-0.22672008556361825,0.0,-0.05088461244942125
mnist,cut_backdoor,attacked,2024,29,actual_attacker,16,48,1,1,406,0.23523300922325613,0.6363126841925881,0.03921779356194902,0.0,0.3973356060040534
mnist,cut_backdoor,attacked,2024,29,actual_attacker,16,49,0,0,88,0.2429805583314003,0.824714048277472,-0.2092264964440293,0.0,-0.21825500314409496
mnist,cut_backdoor,attacked,2024,29,actual_attacker,16,51,0,0,723,0.2631712282884114,0.6876185234125608,-0.17836168129505778,0.0,-0.2483080365231876
mnist,cut_backdoor,attacked,2024,29,actual_attacker,16,53,1,1,20,0.261186361086711,0.4255113973438032,-0.14972685707035657,0.0,0.1028721207514127
mnist,cut_backdoor,attacked,2024,29,actual_attacker,16,54,1,1,504,0.3326362615835591,0.6298963671102407,0.08041110647187805,0.0,0.4000292117959738
mnist,cut_backdoor,attacked,2024,29,actual_attacker,16,55,0,0,191,0.36094690015323183,0.7423637121488259,0.08856979699654169,0.0,-0.03261648663239636
mnist,cut_backdoor,attacked,2024,29,actual_attacker,16,56,0,0,172,0.3473444240569343,0.7355402964583055,-0.1147637140585172,0.0,-0.26402371411001274
mnist,cut_backdoor,attacked,2024,29,actual_attacker,16,57,0,0,306,0.27256390843391054,0.3959274261945877,0.3296619800154476,0.0,0.20925223180440386
mnist,cut_backdoor,attacked,2024,29,actual_attacker,16,58,1,1,163,0.29377915603477317,0.6740536658532729,-0.1091152110619677,0.0,0.2708557146245401
mnist,cut_backdoor,attacked,2024,29,actual_attacker,16,59,0,0,1893,0.28485420040842996,0.7326867508244532,0.027027207262241282,0.0,-0.07432625383868768
mnist,cut_backdoor,attacked,2024,29,actual_attacker,16,60,0,0,88,0.20471435505100108,0.6100485143418416,-0.1471634693404892,0.0,0.04805246912978855
mnist,cut_backdoor,attacked,2024,29,actual_attacker,16,61,1,1,454,0.3230182816890889,0.591807355923087,-0.12076619214005468,0.0,0.3028664879725954
mnist,cut_backdoor,attacked,2024,29,actual_attacker,16,62,0,0,105,0.3346354791418526,0.6494893105435633,0.22809970257002463,0.0,0.16059447469038202
mnist,cut_backdoor,attacked,2024,29,actual_attacker,16,63,0,0,1468,0.2604129722076844,0.6333398394973523,-0.27164983296135026,0.0,-0.5064081767897699
mnist,cut_backdoor,attacked,2024,29,actual_attacker,16,64,0,0,659,0.258971756264027,0.629587677295615,0.07029645613652316,0.0,0.28957210703442754
mnist,cut_backdoor,attacked,2024,29,actual_attacker,16,65,1,1,57,0.2036686238921077,0.6863445470566937,-0.019258754487949156,0.0,0.33437470021291227
mnist,cut_backdoor,attacked,2024,29,actual_attacker,16,66,0,0,87,0.3028215531621173,0.6995021266422364,-0.03176526594306533,0.0,-0.19120396754071764
mnist,cut_backdoor,attacked,2024,29,actual_attacker,16,67,0,0,258,0.30007543152223104,0.869600929350146,-0.17803593072134669,0.0,-0.23186306893022393
mnist,cut_backdoor,attacked,2024,29,actual_attacker,16,68,1,1,324,0.24541709376816928,0.6003017957029377,-0.14525353918584186,0.0,0.2559228637158228
mnist,cut_backdoor,attacked,2024,29,actual_attacker,16,69,0,0,862,0.3134168019202414,0.6729217069497335,-0.18797970201227485,0.0,-0.33328803923308803
mnist,cut_backdoor,attacked,2024,29,actual_attacker,16,70,0,0,162,0.23817348827907853,0.7913173563021834,-0.17300499310013556,0.0,-0.2508169942683042
mnist,cut_backdoor,attacked,2024,29,actual_attacker,16,71,0,0,347,0.273838953790092,0.7678705709992737,-0.2410716146680434,0.0,-0.2881385980195936
mnist,cut_backdoor,attacked,2024,29,actual_attacker,16,73,0,0,205,0.2956120537058572,0.8175697655835465,-0.10694168916397553,0.0,-0.21057331475821525
mnist,cut_backdoor,attacked,2024,29,actual_attacker,16,74,0,0,869,0.46337093341154983,0.8171937009290653,0.09561644295584307,0.0,-0.006535758412305571
mnist,cut_backdoor,attacked,2024,29,actual_attacker,16,75,1,1,365,0.2637506609172377,0.6431793954505233,-0.15073735294388316,0.0,0.20847747387802607
mnist,cut_backdoor,attacked,2024,29,actual_attacker,16,76,1,1,858,0.2969134072704123,0.6366375895637658,0.07767054724974744,0.0,0.3292250063008431
mnist,cut_backdoor,attacked,2024,29,actual_attacker,16,77,0,0,321,0.22864451238872122,0.6992249382206304,0.02893729471510059,0.0,0.0389210635731995
mnist,cut_backdoor,attacked,2024,29,actual_attacker,16,78,0,0,71,0.19553835634458436,0.6108685767034627,-0.15602514202220036,0.0,-0.018354235456118806
mnist,cut_backdoor,attacked,2024,29,actual_attacker,16,79,0,0,1251,0.24774115390208737,0.6052363555349007,-0.22398666176991106,0.0,-0.18553433492841057
mnist,cut_backdoor,attacked,2024,29,actual_attacker,16,80,0,0,1673,0.3077760434404001,0.6825119459856637,0.16582866318267883,0.0,0.08190054111529319
mnist,cut_backdoor,attacked,2024,29,actual_attacker,16,81,0,0,698,0.2633331241277082,0.6945506698673881,0.06540510872339875,0.0,0.01515184766920623
mnist,cut_backdoor,attacked,2024,29,actual_attacker,16,82,0,0,429,0.291956561813905,0.6154463417179781,-0.09103806728534462,0.0,-0.31501615235016767
mnist,cut_backdoor,attacked,2024,29,actual_attacker,16,83,0,0,1241,0.3927632173640842,0.8002468815004724,0.043854893404670775,0.0,-0.11200658518445036
mnist,cut_backdoor,attacked,2024,29,actual_attacker,16,84,0,0,25,0.42787297793340906,0.7516296695841719,-0.0006241863259495824,0.0,-0.17242305934589505
mnist,cut_backdoor,attacked,2024,29,actual_attacker,16,85,0,0,588,0.2606364897421419,0.6738711185852926,-0.19984012815216556,0.0,-0.18919779433628287
mnist,cut_backdoor,attacked,2024,29,actual_attacker,16,86,0,0,1094,0.24015487080672335,0.6199963169137018,-0.01159762327167925,0.0,0.15035899428390787
mnist,cut_backdoor,attacked,2024,29,actual_attacker,16,87,0,0,705,0.2623101883317821,0.7771185242765405,0.12263266350391823,0.0,0.0022345478102389666
mnist,cut_backdoor,attacked,2024,29,actual_attacker,16,88,0,0,1836,0.356142439975575,0.7131489104810045,-0.06489979998080735,0.0,-0.2215572910616547
mnist,cut_backdoor,attacked,2024,29,actual_attacker,16,89,1,1,559,0.2539628945419613,0.5813191323806193,-0.2889873398879781,0.0,0.11711105572067818
mnist,cut_backdoor,attacked,2024,29,actual_attacker,16,90,0,0,38,0.1882038974083227,0.6384830330672862,-0.07449973944990966,0.0,0.21522530562200384
mnist,cut_backdoor,attacked,2024,29,actual_attacker,16,91,0,0,1249,0.32935711379781063,0.5821314636652752,0.2219644364170127,0.0,0.20005557148235598
mnist,cut_backdoor,attacked,2024,29,actual_attacker,16,92,0,0,154,0.2808658181594038,0.6013572188324928,0.013847525572173036,0.0,0.01918692413330424
mnist,cut_backdoor,attacked,2024,29,actual_attacker,16,93,0,0,321,0.20252284067475168,0.5893284623626347,-0.046126180096906735,0.0,-0.25960576378830313
mnist,cut_backdoor,attacked,2024,29,actual_attacker,16,95,0,0,975,0.3227495580910297,0.6047620055607483,-0.004948894319475252,0.0,-0.16223227063207657
mnist,cut_backdoor,attacked,2024,29,actual_attacker,16,97,0,0,231,0.2109359578432205,0.6636734484846865,-0.13883537187731762,0.0,0.24699225745500605
mnist,cut_backdoor,attacked,2024,29,actual_attacker,16,99,0,0,742,0.24509746817025635,0.48732286161153054,0.04557893408046944,0.0,0.07041543038186443
mnist,cut_backdoor,attacked,42,0,actual_attacker,17,0,0,0,848,0.5099829519419761,0.8422959852968223,-0.25130517536528046,0.0,-0.3153058297221004
mnist,cut_backdoor,attacked,42,0,actual_attacker,17,1,1,1,171,0.5002561949777387,0.749890368319004,-0.29476863465683323,0.0,-0.25035825636320896
mnist,cut_backdoor,attacked,42,0,actual_attacker,17,2,0,0,719,0.4672009692166621,0.9170541006517897,-0.3297167036746432,0.0,-0.3172673414884848
mnist,cut_backdoor,attacked,42,0,actual_attacker,17,3,0,0,1008,0.49347024790474114,0.7593565106276875,-0.4811888236654383,0.0,-0.4263389783235671
mnist,cut_backdoor,attacked,42,0,actual_attacker,17,4,0,0,563,0.7861159592461228,0.9554423887399699,-0.5314677744216472,0.0,-0.4989631226340106
mnist,cut_backdoor,attacked,42,0,actual_attacker,17,5,1,1,321,0.46893291635797435,0.8075663443891227,-0.36874490075106825,0.0,-0.32752523445648496
mnist,cut_backdoor,attacked,42,0,actual_attacker,17,6,0,0,53,0.727552288731567,0.9520154383794383,-0.2942846975021763,0.0,-0.34123718089204524
mnist,cut_backdoor,attacked,42,0,actual_attacker,17,7,0,0,20,0.5114408656151533,0.6360946373614931,-0.45623848565554215,0.0,-0.4148192826445214
mnist,cut_backdoor,attacked,42,0,actual_attacker,17,8,0,0,102,0.6355783301102083,0.8351921274543173,-0.5398965954445969,0.0,-0.5740577430981465
mnist,cut_backdoor,attacked,42,0,actual_attacker,17,9,0,0,151,0.6466217653524948,0.8963247967264334,-0.11761233404232851,0.0,-0.14834672578304384
mnist,cut_backdoor,attacked,42,0,actual_attacker,17,10,0,0,789,0.5508350067596546,0.8413279959949168,-0.027204089923177327,0.0,-0.05650695619207765
mnist,cut_backdoor,attacked,42,0,actual_attacker,17,11,0,0,76,0.5393855030366094,0.6878791783715738,-0.10676632448295313,0.0,-0.1290844878068789
mnist,cut_backdoor,attacked,42,0,actual_attacker,17,12,0,0,479,0.5604558258371816,0.9225169789762347,-0.37657584641281916,0.0,-0.4235996344061176
mnist,cut_backdoor,attacked,42,0,actual_attacker,17,13,0,0,221,0.5329715137643396,0.8046899651779903,-0.029596269280289786,0.0,-0.07091492345350754
mnist,cut_backdoor,attacked,42,0,actual_attacker,17,14,0,0,255,0.555324194049278,0.8379283385971241,-0.2959695854843859,0.0,-0.26367674500433874
mnist,cut_backdoor,attacked,42,0,actual_attacker,17,15,0,0,20,0.49414625010273494,0.6603014206799057,-0.2647785985580085,0.0,-0.16394876880892117
mnist,cut_backdoor,attacked,42,0,actual_attacker,17,16,0,0,322,0.5088010523581663,0.8368106935729027,-0.1614203181175928,0.0,-0.18054824080063972
mnist,cut_backdoor,attacked,42,0,actual_attacker,17,17,0,0,270,0.6264638830162831,0.9126567625532592,-0.6161358355403259,0.0,-0.5799642710229942
mnist,cut_backdoor,attacked,42,0,actual_attacker,17,18,0,0,264,0.6952269994096303,0.9510626524832209,-0.30346734490165445,0.0,-0.34915657514610604
mnist,cut_backdoor,attacked,42,0,actual_attacker,17,19,0,0,318,0.5380355932414607,0.8339149695744805,-0.42844852986746157,0.0,-0.43548755754332913
mnist,cut_backdoor,attacked,42,0,actual_attacker,17,20,0,0,1122,0.6903854850821428,0.8374328528073924,-0.04466668844025184,0.0,-0.001169232749017948
mnist,cut_backdoor,attacked,42,0,actual_attacker,17,21,0,0,975,0.41334294630373286,0.6297026527574274,-0.2384599312666109,0.0,-0.29130432135472295
mnist,cut_backdoor,attacked,42,0,actual_attacker,17,22,0,0,78,0.5645669329299287,0.8122615964342728,-0.07027473465371142,0.0,-0.04062286300496684
mnist,cut_backdoor,attacked,42,0,actual_attacker,17,23,0,0,20,0.6640482200588017,0.8272736113571222,0.025228830011887072,0.0,-0.01812793667511051
mnist,cut_backdoor,attacked,42,0,actual_attacker,17,25,0,0,394,0.4544142568702369,0.7890467710198426,-0.546953730138881,0.0,-0.5905605556632524
mnist,cut_backdoor,attacked,42,0,actual_attacker,17,26,0,0,484,0.7208921694386319,0.9274995683668401,-0.16319783486881284,0.0,-0.2582267917241756
mnist,cut_backdoor,attacked,42,0,actual_attacker,17,27,0,0,39,0.6401315960786601,0.8488609841212746,-0.12509364625401545,0.0,-0.1111711055168995
mnist,cut_backdoor,attacked,42,0,actual_attacker,17,28,1,1,411,0.35798399626313204,0.6702893103108594,-0.38508122072912865,0.0,-0.3046776830642661
mnist,cut_backdoor,attacked,42,0,actual_attacker,17,29,0,0,163,0.5382254589906079,0.7881070287848384,-0.3591268103186306,0.0,-0.34884979658466264
mnist,cut_backdoor,attacked,42,0,actual_attacker,17,30,0,0,26,0.6781428675931425,0.8518340967515498,-0.04941232073880563,0.0,-0.033898996073397976
mnist,cut_backdoor,attacked,42,0,actual_attacker,17,31,0,0,79,0.5144551093149696,0.8722569960497857,-0.3540753968273714,0.0,-0.3922083108017926
mnist,cut_backdoor,attacked,42,0,actual_attacker,17,32,0,0,713,0.6662588587149094,0.9526196587651551,-0.3352023981778809,0.0,-0.3854536498361218
mnist,cut_backdoor,attacked,42,0,actual_attacker,17,33,1,1,378,0.6074914265041693,0.7620594060401278,-0.17645127013056056,0.0,-0.07229628744000033
mnist,cut_backdoor,attacked,42,0,actual_attacker,17,34,0,0,181,0.5674210792616876,0.8740347990059016,-0.17921089907697257,0.0,-0.2925622720257227
mnist,cut_backdoor,attacked,42,0,actual_attacker,17,39,0,0,169,0.7541865174752153,0.9473875932939537,-0.5266283390372899,0.0,-0.4873850099816504
mnist,cut_backdoor,attacked,42,0,actual_attacker,17,40,0,0,1053,0.5166958160531893,0.8903437787034182,-0.24013779643558986,0.0,-0.2645991220262186
mnist,cut_backdoor,attacked,42,0,actual_attacker,17,41,1,1,802,0.5404856018066841,0.7575887367578527,-0.40255553811249467,0.0,-0.288609527579211
mnist,cut_backdoor,attacked,42,0,actual_attacker,17,44,1,1,337,0.5542776720155803,0.7164858148655386,-0.47005680576678766,0.0,-0.37228078021078165
mnist,cut_backdoor,attacked,42,0,actual_attacker,17,45,0,0,130,0.6019395595008977,0.9037723517855989,-0.19562525434367345,0.0,-0.16786113206476244
mnist,cut_backdoor,attacked,42,0,actual_attacker,17,46,1,1,555,0.45476131087459487,0.7531612063747521,-0.3652587925190331,0.0,-0.2743083528786593
mnist,cut_backdoor,attacked,42,0,actual_attacker,17,47,0,0,178,0.4288697581146956,0.8200036957873527,-0.3359440200259938,0.0,-0.366602432912878
mnist,cut_backdoor,attacked,42,0,actual_attacker,17,48,0,0,479,0.47371145759112315,0.7961082279749133,-0.5679911462840576,0.0,-0.548761788354989
mnist,cut_backdoor,attacked,42,0,actual_attacker,17,49,1,1,2521,0.4033919429158914,0.7449199428023757,-0.2427072947586708,0.0,-0.14503740129642134
mnist,cut_backdoor,attacked,42,0,actual_attacker,17,50,0,0,137,0.5401910303136616,0.7422549695740916,-0.3773479196936402,0.0,-0.4674494436172474
mnist,cut_backdoor,attacked,42,0,actual_attacker,17,51,0,0,1524,0.6462379364069184,0.9333122999583454,-0.3295862052303509,0.0,-0.398255372719222
mnist,cut_backdoor,attacked,42,0,actual_attacker,17,52,0,0,188,0.6704273822297316,0.9345145423089516,-0.22278524365614472,0.0,-0.21968186512575055
mnist,cut_backdoor,attacked,42,0,actual_attacker,17,53,0,0,1388,0.6275419783987021,0.9168807406324235,-0.17814794427386685,0.0,-0.2706861642945174
mnist,cut_backdoor,attacked,42,0,actual_attacker,17,54,0,0,320,0.6631787407810187,0.9571184955729126,-0.3245546488580211,0.0,-0.3635074764696054
mnist,cut_backdoor,attacked,42,0,actual_attacker,17,56,1,1,495,0.3875347016558506,0.7505916375125711,-0.2119641401115304,0.0,-0.10559088791783074
mnist,cut_backdoor,attacked,42,0,actual_attacker,17,57,0,0,359,0.8149261292736981,0.9556067204457996,-0.5216310339219712,0.0,-0.48450498597754244
mnist,cut_backdoor,attacked,42,0,actual_attacker,17,58,1,1,1055,0.4662432891749757,0.8100363015808659,-0.2601093569290347,0.0,-0.20418253912572298
mnist,cut_backdoor,attacked,42,0,actual_attacker,17,59,0,0,28,0.6240201490670505,0.8996206684513585,-0.37000719612248495,0.0,-0.4141841201185735
mnist,cut_backdoor,attacked,42,0,actual_attacker,17,60,0,0,288,0.47291774738119613,0.7255806202130499,-0.23798808070948077,0.0,-0.16227423801751603
mnist,cut_backdoor,attacked,42,0,actual_attacker,17,61,0,0,658,0.4765624975232689,0.8372928795606358,-0.5979879469392185,0.0,-0.6578110193535998
mnist,cut_backdoor,attacked,42,0,actual_attacker,17,62,0,0,186,0.5701742235274554,0.8175705335713032,-0.5404867802812934,0.0,-0.5020955266355847
mnist,cut_backdoor,attacked,42,0,actual_attacker,17,63,0,0,510,0.5260909333849786,0.7938495555516408,-0.5230419004306466,0.0,-0.45856376075549965
mnist,cut_backdoor,attacked,42,0,actual_attacker,17,64,0,0,376,0.5351217751435504,0.8117621127641648,-0.48016225838837573,0.0,-0.5123299201996248
mnist,cut_backdoor,attacked,42,0,actual_attacker,17,65,1,1,480,0.5650990570979904,0.8653646769527976,-0.08989375740132882,0.0,-0.004144879122815639
mnist,cut_backdoor,attacked,42,0,actual_attacker,17,66,0,0,196,0.5962828199326442,0.7409022019275388,-0.17522650709184337,0.0,-0.07931223566604878
mnist,cut_backdoor,attacked,42,0,actual_attacker,17,67,0,0,1211,0.5226152454640738,0.8787120611238688,-0.2380327407901437,0.0,-0.2808266204054579
mnist,cut_backdoor,attacked,42,0,actual_attacker,17,68,0,0,93,0.522161817880986,0.8511615560657313,-0.18034264453334387,0.0,-0.18418167831789348
mnist,cut_backdoor,attacked,42,0,actual_attacker,17,70,1,1,508,0.5353498681609992,0.838793952286094,-0.1353576435033301,0.0,-0.043109144856513584
mnist,cut_backdoor,attacked,42,0,actual_attacker,17,71,1,1,116,0.5645399954623838,0.8692711564398795,-0.14205067716732034,0.0,-0.06839781714609793
mnist,cut_backdoor,attacked,42,0,actual_attacker,17,72,0,0,421,0.5414274318241618,0.7578785036641348,-0.06007213383907248,0.0,-0.0006217759033240834
mnist,cut_backdoor,attacked,42,0,actual_attacker,17,73,1,1,362,0.5939630525582396,0.8078416031906321,-0.17520780895779617,0.0,-0.12361786527130789
mnist,cut_backdoor,attacked,42,0,actual_attacker,17,74,0,0,1120,0.43703806914274,0.7815422299073129,-0.28996158019015916,0.0,-0.2531886031107176
mnist,cut_backdoor,attacked,42,0,actual_attacker,17,75,0,0,638,0.6992385530487487,0.9265288143198445,-0.18402071735150516,0.0,-0.15814527964227953
mnist,cut_backdoor,attacked,42,0,actual_attacker,17,76,0,0,918,0.38191023709212296,0.6315704783432116,-0.5243003378472443,0.0,-0.43193889640793387
mnist,cut_backdoor,attacked,42,0,actual_attacker,17,77,1,1,198,0.42972021961194257,0.7210308772773759,-0.4661182100665786,0.0,-0.45100533170291424
mnist,cut_backdoor,attacked,42,0,actual_attacker,17,78,1,1,20,0.4679693442212128,0.6929562742018037,-0.3489571525864095,0.0,-0.24828879736692
mnist,cut_backdoor,attacked,42,0,actual_attacker,17,79,0,0,734,0.6154642953365471,0.8968162453113937,-0.16245786109208538,0.0,-0.17471358477618862
mnist,cut_backdoor,attacked,42,0,actual_attacker,17,81,0,0,155,0.6596506339360595,0.9226049064149408,-0.44347722083194113,0.0,-0.4779094934689342
mnist,cut_backdoor,attacked,42,0,actual_attacker,17,82,0,0,533,0.6162351915230669,0.902277586238674,-0.11898687337082411,0.0,-0.12019454610062176
mnist,cut_backdoor,attacked,42,0,actual_attacker,17,83,0,0,422,0.6183440526400303,0.9031705252000932,-0.35141530174056557,0.0,-0.33953243649393444
mnist,cut_backdoor,attacked,42,0,actual_attacker,17,84,0,0,120,0.41669752167549606,0.611975103383795,-0.0823638969360112,0.0,-0.11837354542316991
mnist,cut_backdoor,attacked,42,0,actual_attacker,17,85,0,0,47,0.7029375376437885,0.9060269420050652,-0.5594019493593155,0.0,-0.5661050928306659
mnist,cut_backdoor,attacked,42,0,actual_attacker,17,86,0,0,2131,0.745575824620808,0.8577669235319245,0.04671296327937482,0.0,-0.003257067744855692
mnist,cut_backdoor,attacked,42,0,actual_attacker,17,87,1,1,83,0.5909438626335702,0.8505530142272114,-0.1651486487931304,0.0,-0.1375715060148681
mnist,cut_backdoor,attacked,42,0,actual_attacker,17,88,0,0,178,0.6458028676334256,0.8540875437008324,-0.03644146090004762,0.0,0.050309180911309724
mnist,cut_backdoor,attacked,42,0,actual_attacker,17,89,0,0,200,0.5740826707489697,0.9272700609162017,-0.35150263666340803,0.0,-0.3662237441877288
mnist,cut_backdoor,attacked,42,0,actual_attacker,17,90,1,1,126,0.4885376527334231,0.7906381323622396,-0.39769283286808643,0.0,-0.40007508859955154
mnist,cut_backdoor,attacked,42,0,actual_attacker,17,91,0,0,695,0.617139484983362,0.8531176641166331,-0.01676009814051265,0.0,-0.060144813633642574
mnist,cut_backdoor,attacked,42,0,actual_attacker,17,92,0,0,1777,0.7695675802916725,0.9514811344629447,-0.527153730942335,0.0,-0.4862235961439595
mnist,cut_backdoor,attacked,42,0,actual_attacker,17,93,0,0,187,0.4485254019994088,0.6685846344692763,-0.513205046789464,0.0,-0.45986387160086445
mnist,cut_backdoor,attacked,42,0,actual_attacker,17,94,0,0,170,0.5424524636281306,0.7409598613578006,-0.1988037030330346,0.0,-0.1715006234615438
mnist,cut_backdoor,attacked,42,0,actual_attacker,17,95,0,0,1125,0.4615535191737802,0.7138416460208544,-0.03310602572486654,0.0,0.04957242986782708
mnist,cut_backdoor,attacked,42,0,actual_attacker,17,96,0,0,175,0.681548636184738,0.9239761437690707,-0.18299805990620277,0.0,-0.28109984388039977
mnist,cut_backdoor,attacked,42,0,actual_attacker,17,97,0,0,819,0.6168278726901011,0.8450922758569999,-0.13832068307210524,0.0,-0.10114244697347104
mnist,cut_backdoor,attacked,42,0,actual_attacker,17,98,0,0,56,0.520022538549243,0.637669954086328,-0.2258987844346024,0.0,-0.19617217123363279
mnist,cut_backdoor,attacked,42,0,actual_attacker,17,99,0,0,418,0.6833041502702968,0.8549039264906119,-0.05510664336105019,0.0,-0.04349681952229276
mnist,cut_backdoor,attacked,42,9,actual_attacker,17,1,1,1,171,0.4687960334461334,0.7127520182835714,-0.21507787387709093,0.0,0.006619269440645209
mnist,cut_backdoor,attacked,42,9,actual_attacker,17,2,0,0,719,0.3628902444038435,0.7967748130108698,-0.2931610635128382,0.0,-0.43124572863898747
mnist,cut_backdoor,attacked,42,9,actual_attacker,17,4,0,0,563,0.34775438391789704,0.8432667931652353,-0.2269736082325052,0.0,0.029180670875247
mnist,cut_backdoor,attacked,42,9,actual_attacker,17,5,1,1,321,0.3743445359982643,0.5875029703527368,-0.2740727912859306,0.0,-0.03571119225742072
mnist,cut_backdoor,attacked,42,9,actual_attacker,17,6,0,0,53,0.5026540566001423,0.8861642651066285,0.014665412199769223,0.0,-0.06358392364004838
mnist,cut_backdoor,attacked,42,9,actual_attacker,17,7,0,0,20,0.37414568289823336,0.5544262600282298,-0.19378500188586337,0.0,-0.10267651684691886
mnist,cut_backdoor,attacked,42,9,actual_attacker,17,8,0,0,102,0.4580687562261676,0.8519675638960861,-0.24623349119148377,0.0,-0.2095293224067382
mnist,cut_backdoor,attacked,42,9,actual_attacker,17,9,0,0,151,0.48652133569321004,0.866134374389991,-0.019337374026403988,0.0,-0.15628453492268704
mnist,cut_backdoor,attacked,42,9,actual_attacker,17,10,0,0,789,0.47007959359193224,0.8909944991373765,-0.13266755415024511,0.0,-0.21336109291102326
mnist,cut_backdoor,attacked,42,9,actual_attacker,17,11,0,0,76,0.5881666749060559,0.6970933414232554,-0.11334964383900094,0.0,-0.18837060690726792
mnist,cut_backdoor,attacked,42,9,actual_attacker,17,12,0,0,479,0.3981529553167258,0.7765204276838781,-0.06795008681648251,0.0,-0.1943859922476592
mnist,cut_backdoor,attacked,42,9,actual_attacker,17,13,0,0,221,0.4542543584977961,0.8344745387828783,-0.12047854504749682,0.0,-0.2066287609112284
mnist,cut_backdoor,attacked,42,9,actual_attacker,17,15,0,0,20,0.36203073559245086,0.5063433143707851,-0.13253101613246712,0.0,-0.06534492133026339
mnist,cut_backdoor,attacked,42,9,actual_attacker,17,16,0,0,322,0.4036456964743768,0.8317011358651241,-0.03399314381854321,0.0,-0.14207430683130845
mnist,cut_backdoor,attacked,42,9,actual_attacker,17,17,0,0,270,0.29183965324835764,0.65684902733398,-0.25084170796056376,0.0,-0.04966736235617764
mnist,cut_backdoor,attacked,42,9,actual_attacker,17,19,0,0,318,0.46304800255430645,0.7666497584743546,-0.16863257749859753,0.0,-0.2121278154384459
mnist,cut_backdoor,attacked,42,9,actual_attacker,17,20,0,0,1122,0.49022570798557497,0.7174584436704255,0.03630552221796832,0.0,0.03570260388283557
mnist,cut_backdoor,attacked,42,9,actual_attacker,17,21,0,0,975,0.3928211452375734,0.6733895040771175,-0.0996940609281167,0.0,-0.26053788513647713
mnist,cut_backdoor,attacked,42,9,actual_attacker,17,22,0,0,78,0.46166625071570927,0.7190870681839179,-0.024323228045981787,0.0,-0.04647153974930227
mnist,cut_backdoor,attacked,42,9,actual_attacker,17,23,0,0,20,0.5246548540273411,0.8739803741761782,-0.07297096043690812,0.0,-0.14878024716317587
mnist,cut_backdoor,attacked,42,9,actual_attacker,17,24,0,0,43,0.43920698848826795,0.6292843976108379,-0.2168353686774037,0.0,-0.334497787892433
mnist,cut_backdoor,attacked,42,9,actual_attacker,17,25,0,0,394,0.30651311211501414,0.8105028926838994,-0.3707983862159274,0.0,-0.3945698391004527
mnist,cut_backdoor,attacked,42,9,actual_attacker,17,26,0,0,484,0.6539523027580659,0.8937528433209563,-0.08535350415343394,0.0,-0.24096596239721546
mnist,cut_backdoor,attacked,42,9,actual_attacker,17,27,0,0,39,0.4712809560507772,0.7502609350554561,-0.007645192979113463,0.0,0.031233382268127226
mnist,cut_backdoor,attacked,42,9,actual_attacker,17,28,1,1,411,0.3323155983329574,0.6034879272536816,-0.3491971951656139,0.0,-0.07624614817534864
mnist,cut_backdoor,attacked,42,9,actual_attacker,17,29,0,0,163,0.37899295108830044,0.6683732421409989,-0.11193641056565781,0.0,-0.018806315239018215
mnist,cut_backdoor,attacked,42,9,actual_attacker,17,31,0,0,79,0.36487701286756796,0.7452655929307543,-0.08722279200944813,0.0,-0.1751021621038672
mnist,cut_backdoor,attacked,42,9,actual_attacker,17,32,0,0,713,0.4847353659092609,0.8994740144448523,-0.01257659101983555,0.0,-0.11541890876200289
mnist,cut_backdoor,attacked,42,9,actual_attacker,17,33,1,1,378,0.3847024127695319,0.6870370595719217,-0.18428974046455338,0.0,0.1470405480377123
mnist,cut_backdoor,attacked,42,9,actual_attacker,17,34,0,0,181,0.47271154981894203,0.773820852688589,-0.19165518497184794,0.0,-0.39659538479184253
mnist,cut_backdoor,attacked,42,9,actual_attacker,17,35,0,0,1035,0.30129295769740483,0.605234437881637,-0.11283863659753393,0.0,-0.19321369453867673
mnist,cut_backdoor,attacked,42,9,actual_attacker,17,36,0,0,819,0.5542557188050466,0.8349501737377212,-0.16664876645808685,0.0,-0.2730153359068851
mnist,cut_backdoor,attacked,42,9,actual_attacker,17,37,0,0,635,0.7086894960913631,0.7845382318277938,0.013277958372483061,0.0,0.08433709554104984
mnist,cut_backdoor,attacked,42,9,actual_attacker,17,39,0,0,169,0.2878151591386552,0.8021884408121277,-0.24713702885714217,0.0,0.03560076954174107
mnist,cut_backdoor,attacked,42,9,actual_attacker,17,40,0,0,1053,0.43084989011140923,0.7971264069089848,-0.30288955050604127,0.0,-0.4548394216305471
mnist,cut_backdoor,attacked,42,9,actual_attacker,17,41,1,1,802,0.3563821515170832,0.7180248514881173,-0.2463382321082754,0.0,0.10566682583467217
mnist,cut_backdoor,attacked,42,9,actual_attacker,17,42,0,0,857,0.45761026830325435,0.7673479331212874,-0.13171552116740784,0.0,-0.13675620770294408
mnist,cut_backdoor,attacked,42,9,actual_attacker,17,43,0,0,1054,0.4078110827518021,0.6476236105747701,-0.005933717623879553,0.0,0.005446144313836201
mnist,cut_backdoor,attacked,42,9,actual_attacker,17,44,1,1,337,0.37293197287556273,0.7396136037435703,-0.25602355700953244,0.0,0.08217375827722165
mnist,cut_backdoor,attacked,42,9,actual_attacker,17,45,0,0,130,0.4914994381490183,0.7265289515419361,-0.11860544802765828,0.0,-0.13206020570251187
mnist,cut_backdoor,attacked,42,9,actual_attacker,17,46,1,1,555,0.36545630356944037,0.6507848211270735,-0.32259934619554204,0.0,-0.0743482882590677
mnist,cut_backdoor,attacked,42,9,actual_attacker,17,47,0,0,178,0.374927161949446,0.7231902300609852,-0.2700185577123004,0.0,-0.4188694391449022
mnist,cut_backdoor,attacked,42,9,actual_attacker,17,48,0,0,479,0.3085997863958825,0.6455024150391824,-0.21245803819015088,0.0,-0.1429026363707696
mnist,cut_backdoor,attacked,42,9,actual_attacker,17,49,1,1,2521,0.3299378779726578,0.5908261926710122,-0.24131893690225437,0.0,0.09789015884585052
mnist,cut_backdoor,attacked,42,9,actual_attacker,17,52,0,0,188,0.5415813197465896,0.8590976652439067,-0.17187513042770636,0.0,-0.25823684516563666
mnist,cut_backdoor,attacked,42,9,actual_attacker,17,53,0,0,1388,0.46132173889612305,0.8517784010557035,-0.15842251283425893,0.0,-0.28617024178699374
mnist,cut_backdoor,attacked,42,9,actual_attacker,17,54,0,0,320,0.4306674137690264,0.8885199715222296,-0.05468660967130865,0.0,-0.1304456330864513
mnist,cut_backdoor,attacked,42,9,actual_attacker,17,55,0,0,134,0.6442644567623173,0.9283967414751795,-0.07446166044865449,0.0,-0.1740400752836969
mnist,cut_backdoor,attacked,42,9,actual_attacker,17,56,1,1,495,0.3145443258153067,0.6204736988795153,-0.28121197169506174,0.0,-0.00974470063864534
mnist,cut_backdoor,attacked,42,9,actual_attacker,17,57,0,0,359,0.3461078856508509,0.8404337565759782,-0.20279827502297626,0.0,0.0770492377649763
mnist,cut_backdoor,attacked,42,9,actual_attacker,17,58,1,1,1055,0.3616571656043155,0.5037837549652047,-0.19775525986566891,0.0,0.09684170458894822
mnist,cut_backdoor,attacked,42,9,actual_attacker,17,60,0,0,288,0.3638016337829362,0.6708986491613099,-0.15119300637346328,0.0,-0.1935434526002878
mnist,cut_backdoor,attacked,42,9,actual_attacker,17,61,0,0,658,0.34602842687420954,0.6771790176845878,-0.2689983964897867,0.0,-0.33531578453757693
mnist,cut_backdoor,attacked,42,9,actual_attacker,17,62,0,0,186,0.3020325264499558,0.6328633314433969,-0.26287939930091886,0.0,-0.14054485063589858
mnist,cut_backdoor,attacked,42,9,actual_attacker,17,63,0,0,510,0.3365764008705577,0.7006462340873434,-0.18825624327800722,0.0,0.029558394952963
mnist,cut_backdoor,attacked,42,9,actual_attacker,17,64,0,0,376,0.44325650432150343,0.8688928086199146,-0.22808213453048992,0.0,-0.2415050975793316
mnist,cut_backdoor,attacked,42,9,actual_attacker,17,65,1,1,480,0.4906855288585627,0.8397506708417743,-0.16113340639581264,0.0,0.09351895974956068
mnist,cut_backdoor,attacked,42,9,actual_attacker,17,66,0,0,196,0.40153180121901316,0.61479507188432,-0.05098214203209716,0.0,-0.027475261116913303
mnist,cut_backdoor,attacked,42,9,actual_attacker,17,67,0,0,1211,0.4758220755261849,0.8483769804006067,-0.16705648098591566,0.0,-0.26978414421148067
mnist,cut_backdoor,attacked,42,9,actual_attacker,17,68,0,0,93,0.4128364029688743,0.8054818119701539,-0.0666862180200551,0.0,-0.1896992726716499
mnist,cut_backdoor,attacked,42,9,actual_attacker,17,70,1,1,508,0.4975579623836784,0.8324315346803438,-0.15986571076431888,0.0,0.07718725392631932
mnist,cut_backdoor,attacked,42,9,actual_attacker,17,71,1,1,116,0.4707586812108355,0.820271508534842,-0.16759708977231583,0.0,0.08248087568502006
mnist,cut_backdoor,attacked,42,9,actual_attacker,17,72,0,0,421,0.4357530003391931,0.7018997991397278,-0.019269231417192608,0.0,0.055303536653432864
mnist,cut_backdoor,attacked,42,9,actual_attacker,17,73,1,1,362,0.42763647525020226,0.6675114240917216,-0.09394668982402651,0.0,0.13510464617535342
mnist,cut_backdoor,attacked,42,9,actual_attacker,17,74,0,0,1120,0.3082230327644977,0.6744018831800025,-0.12967856875531955,0.0,-0.14314658336655683
mnist,cut_backdoor,attacked,42,9,actual_attacker,17,75,0,0,638,0.5969442162414578,0.8381716874922951,-0.10055393290102112,0.0,-0.11943038622391144
mnist,cut_backdoor,attacked,42,9,actual_attacker,17,76,0,0,918,0.31474914448355296,0.7134115689565697,-0.26711786879044025,0.0,-0.04292821529538044
mnist,cut_backdoor,attacked,42,9,actual_attacker,17,77,1,1,198,0.33875223260352527,0.5452757422481198,-0.16634131212179717,0.0,0.03524084694040747
mnist,cut_backdoor,attacked,42,9,actual_attacker,17,78,1,1,20,0.3239707188645324,0.6482120751075217,-0.2639753541302498,0.0,0.10337665002115697
mnist,cut_backdoor,attacked,42,9,actual_attacker,17,79,0,0,734,0.40119894151330726,0.8343859871894793,-0.019108075114278214,0.0,-0.12467133611958467
mnist,cut_backdoor,attacked,42,9,actual_attacker,17,80,0,0,267,0.48461679152812837,0.8796433963837235,0.036437539272837265,0.0,-0.060845549483302966
mnist,cut_backdoor,attacked,42,9,actual_attacker,17,81,0,0,155,0.43384146932193635,0.8332782079330553,-0.04238055365142577,0.0,-0.04216727783554272
mnist,cut_backdoor,attacked,42,9,actual_attacker,17,82,0,0,533,0.36326621522577573,0.8129188311954078,-0.013294677897140065,0.0,-0.028210829003146462
mnist,cut_backdoor,attacked,42,9,actual_attacker,17,83,0,0,422,0.49612766290675964,0.8527792044727383,-0.1934882546407354,0.0,-0.22254310071347372
mnist,cut_backdoor,attacked,42,9,actual_attacker,17,84,0,0,120,0.41606031965224316,0.6497589810003782,-0.15284117668191213,0.0,-0.28573017564983677
mnist,cut_backdoor,attacked,42,9,actual_attacker,17,85,0,0,47,0.3953639014070207,0.7929519447628777,-0.26260789637532767,0.0,-0.164347433185898
mnist,cut_backdoor,attacked,42,9,actual_attacker,17,86,0,0,2131,0.6933059383831472,0.9252482045246628,-0.05712561653169702,0.0,-0.15563418020467365
mnist,cut_backdoor,attacked,42,9,actual_attacker,17,87,1,1,83,0.3277580257565074,0.6588670231812537,-0.16318460413191616,0.0,0.09196332037697284
mnist,cut_backdoor,attacked,42,9,actual_attacker,17,88,0,0,178,0.5634987566654528,0.821063724046455,-0.03232189324034711,0.0,0.06781098779158466
mnist,cut_backdoor,attacked,42,9,actual_attacker,17,89,0,0,200,0.41453554733772957,0.789438388698324,-0.052078157653522514,0.0,-0.10913199977468938
mnist,cut_backdoor,attacked,42,9,actual_attacker,17,90,1,1,126,0.35485117366117436,0.5984003436083584,-0.14299956762726715,0.0,0.08596481626135954
mnist,cut_backdoor,attacked,42,9,actual_attacker,17,91,0,0,695,0.5825159918873688,0.9068028896844998,-0.08751057814379877,0.0,-0.21008392274135165
mnist,cut_backdoor,attacked,42,9,actual_attacker,17,92,0,0,1777,0.3600307401557892,0.8368412296456157,-0.20836323699984,0.0,0.08192190294435418
mnist,cut_backdoor,attacked,42,9,actual_attacker,17,93,0,0,187,0.30495310948084875,0.6709264131230706,-0.19168922516141582,0.0,-0.13384797418212785
mnist,cut_backdoor,attacked,42,9,actual_attacker,17,94,0,0,170,0.48592858480293716,0.7512587591804235,-0.11736954663352592,0.0,-0.11518898050018447
mnist,cut_backdoor,attacked,42,9,actual_attacker,17,95,0,0,1125,0.40943571955693053,0.653590260760043,-0.1255539255358237,0.0,-0.12819311810973638
mnist,cut_backdoor,attacked,42,9,actual_attacker,17,96,0,0,175,0.6132231001092984,0.8821332287238585,-0.10363567135047828,0.0,-0.2736587182581211
mnist,cut_backdoor,attacked,42,9,actual_attacker,17,97,0,0,819,0.38956755040165175,0.7193331841635687,-0.031918518809242305,0.0,0.001715648180677797
mnist,cut_backdoor,attacked,42,9,actual_attacker,17,98,0,0,56,0.4548928548605951,0.6087408070245041,-0.10515213335678913,0.0,-0.15745369753727465
mnist,cut_backdoor,attacked,42,9,actual_attacker,17,99,0,0,418,0.48012817048947665,0.7388935844115171,0.031538641884544596,0.0,0.06800802303382354
mnist,cut_backdoor,attacked,42,29,actual_attacker,17,0,0,0,848,0.3486914300658542,0.7106791180963207,-0.15932836240044937,0.0,-0.3228196106305879
mnist,cut_backdoor,attacked,42,29,actual_attacker,17,1,1,1,171,0.3306066135765407,0.6474573772093887,0.23459608389389963,0.0,0.35946779746786556
mnist,cut_backdoor,attacked,42,29,actual_attacker,17,2,0,0,719,0.23803031215120138,0.7341181386947129,-0.12868798227234998,0.0,-0.2970748983344119
mnist,cut_backdoor,attacked,42,29,actual_attacker,17,3,0,0,1008,0.18543151750419354,0.6440366007602167,0.2021299135137251,0.0,0.35535545778347655
mnist,cut_backdoor,attacked,42,29,actual_attacker,17,4,0,0,563,0.22496520197801573,0.7269618945650577,0.10006628195946296,0.0,0.36062012259627096
mnist,cut_backdoor,attacked,42,29,actual_attacker,17,5,1,1,321,0.21080927096277197,0.4989025630604934,-0.21676068407075452,0.0,-0.061811022117058086
mnist,cut_backdoor,attacked,42,29,actual_attacker,17,6,0,0,53,0.3624378495777322,0.8846844214251088,-0.19957425217079353,0.0,-0.26358323185715876
mnist,cut_backdoor,attacked,42,29,actual_attacker,17,7,0,0,20,0.2985523219894232,0.3703218333705608,-0.06826165111961251,0.0,0.03624086604258691
mnist,cut_backdoor,attacked,42,29,actual_attacker,17,8,0,0,102,0.33068350422970977,0.8440319150822319,-0.08619893663215202,0.0,-0.06472061406187267
mnist,cut_backdoor,attacked,42,29,actual_attacker,17,10,0,0,789,0.378787400875382,0.8624625552009139,0.14388059463924296,0.0,0.08155784664331842
mnist,cut_backdoor,attacked,42,29,actual_attacker,17,11,0,0,76,0.5036926857072426,0.6637865359435909,0.0584042550851818,0.0,-0.022992226224541407
mnist,cut_backdoor,attacked,42,29,actual_attacker,17,12,0,0,479,0.26415583962753614,0.6707316356850359,-0.29721611904114975,0.0,-0.43251577137808517
mnist,cut_backdoor,attacked,42,29,actual_attacker,17,13,0,0,221,0.37236430243424734,0.8136225964196372,0.142820104795002,0.0,0.08876063038126694
mnist,cut_backdoor,attacked,42,29,actual_attacker,17,14,0,0,255,0.2003886226578599,0.6540551359363985,-0.19391857950516256,0.0,-0.13510475739377753
mnist,cut_backdoor,attacked,42,29,actual_attacker,17,15,0,0,20,0.26799322336215214,0.5503225113027461,0.15433778924763317,0.0,0.14725099023087287
mnist,cut_backdoor,attacked,42,29,actual_attacker,17,16,0,0,322,0.34880557831341186,0.8124708765422145,-0.17421770130965392,0.0,-0.23590007470830632
mnist,cut_backdoor,attacked,42,29,actual_attacker,17,18,0,0,264,0.3189358662972947,0.867774960928605,-0.2730118362186539,0.0,-0.3625213280602154
mnist,cut_backdoor,attacked,42,29,actual_attacker,17,19,0,0,318,0.3324502821085846,0.7049037341007748,-0.130621443015868,0.0,-0.23898795300386427
mnist,cut_backdoor,attacked,42,29,actual_attacker,17,20,0,0,1122,0.3114900386570289,0.7119784774567544,-0.024560184694080982,0.0,-0.06456283614672402
mnist,cut_backdoor,attacked,42,29,actual_attacker,17,22,0,0,78,0.3499719513649247,0.724276899891616,-0.0011266265103343073,0.0,0.006435082284255103
mnist,cut_backdoor,attacked,42,29,actual_attacker,17,23,0,0,20,0.3734220156382788,0.8039092206897032,0.1134552139860602,0.0,0.08214003508536456
mnist,cut_backdoor,attacked,42,29,actual_attacker,17,24,0,0,43,0.32181367122343124,0.46051103073330885,-0.06367859428630057,0.0,-0.1692513030109346
mnist,cut_backdoor,attacked,42,29,actual_attacker,17,25,0,0,394,0.2403616036222557,0.7546242696948209,-0.19224820817853047,0.0,-0.3256691117623312
mnist,cut_backdoor,attacked,42,29,actual_attacker,17,26,0,0,484,0.49497966761607326,0.9050295335315155,-0.14236878279442516,0.0,-0.2978804782117263
mnist,cut_backdoor,attacked,42,29,actual_attacker,17,27,0,0,39,0.3707361923853594,0.7068904623302185,0.2899996425542714,0.0,0.3017931102800893
mnist,cut_backdoor,attacked,42,29,actual_attacker,17,28,1,1,411,0.21030813388554628,0.569855829732713,-0.04433296774046275,0.0,0.18476496735676098
mnist,cut_backdoor,attacked,42,29,actual_attacker,17,29,0,0,163,0.25311486323878657,0.6322381411052358,0.2216152023018277,0.0,0.28314320714805546
mnist,cut_backdoor,attacked,42,29,actual_attacker,17,32,0,0,713,0.34436703327986995,0.861820498075293,-0.19598819005615128,0.0,-0.30251360397627797
mnist,cut_backdoor,attacked,42,29,actual_attacker,17,33,1,1,378,0.22731897457198855,0.6658824422780403,-0.07091556567757214,0.0,0.2000829661023398
mnist,cut_backdoor,attacked,42,29,actual_attacker,17,34,0,0,181,0.3179994639610719,0.6759218161116362,-0.1878025175522356,0.0,-0.39616415455940696
mnist,cut_backdoor,attacked,42,29,actual_attacker,17,35,0,0,1035,0.1991478616208766,0.5264151223788188,-0.21679762593186103,0.0,-0.3465470470904469
mnist,cut_backdoor,attacked,42,29,actual_attacker,17,36,0,0,819,0.38568807005833045,0.7909936992417526,0.16270631871418118,0.0,0.05148042534212284
mnist,cut_backdoor,attacked,42,29,actual_attacker,17,37,0,0,635,0.4909231714122859,0.7850942376450358,0.3022749127741389,0.0,0.3496337451281556
mnist,cut_backdoor,attacked,42,29,actual_attacker,17,38,0,0,127,0.29807615983090807,0.5508566592320707,-0.35503804950522355,0.0,-0.46362647261400497
mnist,cut_backdoor,attacked,42,29,actual_attacker,17,39,0,0,169,0.16401648625264545,0.6084267578653499,0.2260761844738872,0.0,0.47372750038826344
mnist,cut_backdoor,attacked,42,29,actual_attacker,17,40,0,0,1053,0.332393156611493,0.7378499433641096,0.012256775198318805,0.0,-0.21099725119675547
mnist,cut_backdoor,attacked,42,29,actual_attacker,17,41,1,1,802,0.21706824485982423,0.6819583858698832,-0.05170198218349158,0.0,0.2520791465749172
mnist,cut_backdoor,attacked,42,29,actual_attacker,17,42,0,0,857,0.2920004116704081,0.6496141860255127,0.25590335886861415,0.0,0.21419595677656628
mnist,cut_backdoor,attacked,42,29,actual_attacker,17,43,0,0,1054,0.24940971000197015,0.6372868571621014,0.10374192999428858,0.0,0.11870445736151189
mnist,cut_backdoor,attacked,42,29,actual_attacker,17,44,1,1,337,0.24518835948624831,0.7234952423336802,0.0278664585139534,0.0,0.34841570434181124
mnist,cut_backdoor,attacked,42,29,actual_attacker,17,46,1,1,555,0.2365524028779171,0.613363469267868,-0.02540732084951493,0.0,0.12708546714411975
mnist,cut_backdoor,attacked,42,29,actual_attacker,17,47,0,0,178,0.2904799277600717,0.6477011488081927,-0.11297484595627875,0.0,-0.3081668437270776
mnist,cut_backdoor,attacked,42,29,actual_attacker,17,48,0,0,479,0.1960536569061346,0.5069721295679643,-0.1426532632746756,0.0,-0.10043922327078961
mnist,cut_backdoor,attacked,42,29,actual_attacker,17,49,1,1,2521,0.23564156918295742,0.5592584605464099,0.19818097227380546,0.0,0.4774944193670387
mnist,cut_backdoor,attacked,42,29,actual_attacker,17,50,0,0,137,0.38272644594053745,0.7925084596029416,-0.3249124569134444,0.0,-0.4871791377194659
mnist,cut_backdoor,attacked,42,29,actual_attacker,17,51,0,0,1524,0.41575584898863577,0.8138691717733467,-0.29218696662874477,0.0,-0.4196948228787639
mnist,cut_backdoor,attacked,42,29,actual_attacker,17,52,0,0,188,0.39215465258182763,0.8127288307858503,0.02293280370681666,0.0,-0.16168363058996407
mnist,cut_backdoor,attacked,42,29,actual_attacker,17,53,0,0,1388,0.3434351001516233,0.8807614532150552,-0.1924495123003204,0.0,-0.30975173824100605
mnist,cut_backdoor,attacked,42,29,actual_attacker,17,54,0,0,320,0.35149823630036575,0.8799563633825214,-0.21568945888362995,0.0,-0.2980892450971082
mnist,cut_backdoor,attacked,42,29,actual_attacker,17,55,0,0,134,0.4946217354968115,0.880527616809583,0.18764911214644853,0.0,0.0948530841650318
mnist,cut_backdoor,attacked,42,29,actual_attacker,17,56,1,1,495,0.2102145192035864,0.4950973607420762,-0.013631587525797153,0.0,0.18237576295797658
mnist,cut_backdoor,attacked,42,29,actual_attacker,17,57,0,0,359,0.2539786936595866,0.6957483955039723,0.16390040475137008,0.0,0.435923779418147
mnist,cut_backdoor,attacked,42,29,actual_attacker,17,58,1,1,1055,0.31262780284410946,0.5323896375673512,-0.03621267682266669,0.0,0.20946435723933907
mnist,cut_backdoor,attacked,42,29,actual_attacker,17,59,0,0,28,0.2984259461146688,0.7972445896728872,-0.21550653840988462,0.0,-0.2886886428943057
mnist,cut_backdoor,attacked,42,29,actual_attacker,17,60,0,0,288,0.2607601693180193,0.6807450597103418,-0.18007548351903624,0.0,-0.2292553731776126
mnist,cut_backdoor,attacked,42,29,actual_attacker,17,61,0,0,658,0.2308174790872989,0.6995643007652859,-0.31531591834379896,0.0,-0.3945397838929012
mnist,cut_backdoor,attacked,42,29,actual_attacker,17,62,0,0,186,0.18016806393685506,0.57834707206238,-0.04593266823070887,0.0,0.015469265869698575
mnist,cut_backdoor,attacked,42,29,actual_attacker,17,64,0,0,376,0.33459237759523774,0.8683560079998716,-0.2076730763716007,0.0,-0.21470041469909543
mnist,cut_backdoor,attacked,42,29,actual_attacker,17,65,1,1,480,0.3324453203684555,0.8090399995417231,0.2197307924053679,0.0,0.4470765921027824
mnist,cut_backdoor,attacked,42,29,actual_attacker,17,66,0,0,196,0.27530934813113844,0.6152641685683278,-0.13823657886879964,0.0,-0.06521909643875465
mnist,cut_backdoor,attacked,42,29,actual_attacker,17,67,0,0,1211,0.4102873658687623,0.8964450559855293,-0.1783011848447202,0.0,-0.284551375339558
mnist,cut_backdoor,attacked,42,29,actual_attacker,17,68,0,0,93,0.3487743309009832,0.7412957329780759,-0.2894098399824959,0.0,-0.3532728054030702
mnist,cut_backdoor,attacked,42,29,actual_attacker,17,69,0,0,2718,0.23635642404026383,0.5785036077416074,0.12577021438614153,0.0,0.22643210223303484
mnist,cut_backdoor,attacked,42,29,actual_attacker,17,70,1,1,508,0.37161142263824104,0.8124867119868446,0.21928267421964853,0.0,0.3784345024369701
mnist,cut_backdoor,attacked,42,29,actual_attacker,17,71,1,1,116,0.33150654975963,0.7511604937888288,0.25277769127398647,0.0,0.46994727701121214
mnist,cut_backdoor,attacked,42,29,actual_attacker,17,72,0,0,421,0.3380885183090404,0.6665236332223492,0.3336876437399896,0.0,0.40212608882619894
mnist,cut_backdoor,attacked,42,29,actual_attacker,17,73,1,1,362,0.261962583399552,0.6199545732845572,-0.010560421783761884,0.0,0.2065953761480272
mnist,cut_backdoor,attacked,42,29,actual_attacker,17,74,0,0,1120,0.2792036193913344,0.7522101190763226,-0.1798939841049666,0.0,-0.13623528193512027
mnist,cut_backdoor,attacked,42,29,actual_attacker,17,75,0,0,638,0.4154054830484337,0.7838277974384529,0.14525446748973078,0.0,0.022862002164205433
mnist,cut_backdoor,attacked,42,29,actual_attacker,17,76,0,0,918,0.21383218749576813,0.6133027119479011,0.2467750599490072,0.0,0.4389628323391602
mnist,cut_backdoor,attacked,42,29,actual_attacker,17,77,1,1,198,0.2626286963843062,0.5556628157233068,-0.3005074539209761,0.0,-0.11964693294804632
mnist,cut_backdoor,attacked,42,29,actual_attacker,17,78,1,1,20,0.15227418001000537,0.5683336336801246,-0.058395355671976214,0.0,0.3161407007471282
mnist,cut_backdoor,attacked,42,29,actual_attacker,17,79,0,0,734,0.3122299623872835,0.8245358437304532,-0.15382296038458945,0.0,-0.19498069921966893
mnist,cut_backdoor,attacked,42,29,actual_attacker,17,80,0,0,267,0.4155023580273811,0.8314330950849754,-0.15659840161063904,0.0,-0.1980045742220564
mnist,cut_backdoor,attacked,42,29,actual_attacker,17,81,0,0,155,0.33206517950311304,0.8600096853172639,-0.20317937191070412,0.0,-0.22660513060967807
mnist,cut_backdoor,attacked,42,29,actual_attacker,17,82,0,0,533,0.3048581051008216,0.825547238811421,-0.10331851868476198,0.0,-0.09830676719068906
mnist,cut_backdoor,attacked,42,29,actual_attacker,17,83,0,0,422,0.34993765561579393,0.7826772266119476,0.07610889971436667,0.0,-0.016019198125499887
mnist,cut_backdoor,attacked,42,29,actual_attacker,17,84,0,0,120,0.32277657056278486,0.6524605149809598,-0.03341853111814367,0.0,-0.09296373789271097
mnist,cut_backdoor,attacked,42,29,actual_attacker,17,85,0,0,47,0.2588355625531445,0.7437727480939726,-0.09176108938506727,0.0,-0.04513956497011085
mnist,cut_backdoor,attacked,42,29,actual_attacker,17,87,1,1,83,0.2125518016646707,0.5717277343536546,-0.07895563163607476,0.0,0.2195327674361686
mnist,cut_backdoor,attacked,42,29,actual_attacker,17,88,0,0,178,0.37285755681953475,0.794593064789583,0.2413534438002081,0.0,0.33756150894110853
mnist,cut_backdoor,attacked,42,29,actual_attacker,17,89,0,0,200,0.2986372566982169,0.7845832832731071,-0.1317960703767804,0.0,-0.20278406675072827
mnist,cut_backdoor,attacked,42,29,actual_attacker,17,90,1,1,126,0.23784285857460463,0.5858168551495033,-0.272481189105617,0.0,-0.11119006462064915
mnist,cut_backdoor,attacked,42,29,actual_attacker,17,91,0,0,695,0.41906641198124667,0.8661446964719589,0.1271588735104046,0.0,0.03755423715432771
mnist,cut_backdoor,attacked,42,29,actual_attacker,17,93,0,0,187,0.2424714778377486,0.722644034777441,-0.13443003759659813,0.0,-0.1163247433478871
mnist,cut_backdoor,attacked,42,29,actual_attacker,17,94,0,0,170,0.34472433401516445,0.7161976999660739,0.2364021068723766,0.0,0.17650827654772977
mnist,cut_backdoor,attacked,42,29,actual_attacker,17,96,0,0,175,0.44633770746061285,0.8946954580289417,-0.19704396801585988,0.0,-0.3569798755661228
mnist,cut_backdoor,attacked,42,29,actual_attacker,17,97,0,0,819,0.29833615657971085,0.6633196484205035,-0.09178640072591915,0.0,-0.06716303587663569
mnist,cut_backdoor,attacked,42,29,actual_attacker,17,98,0,0,56,0.3655964097698477,0.6181078559631528,-0.055884708438195235,0.0,-0.11983142320717761
mnist,cut_backdoor,attacked,42,29,actual_attacker,17,99,0,0,418,0.30427480488934877,0.7275908228854145,0.2864062546702675,0.0,0.31513506579921996
fashion_mnist,cut_backdoor,clean,137,0,latent_assignment_not_attack,18,0,0,0,364,0.5332365850230703,0.8379041475306236,-0.33021650188501744,0.0,-0.33021650188501744
fashion_mnist,cut_backdoor,clean,137,0,latent_assignment_not_attack,18,1,0,0,29,0.5713160777156517,0.6511450689692199,-0.2121544983199439,0.0,-0.2121544983199439
fashion_mnist,cut_backdoor,clean,137,0,latent_assignment_not_attack,18,2,0,0,36,0.4323956707704685,0.5350198062273435,-0.37705885310188353,0.0,-0.37705885310188353
fashion_mnist,cut_backdoor,clean,137,0,latent_assignment_not_attack,18,3,0,1,1158,0.4886123301216074,0.7254141469165295,-0.19840154211602296,0.0,-0.19840154211602296
fashion_mnist,cut_backdoor,clean,137,0,latent_assignment_not_attack,18,4,0,0,1894,0.4890490274050476,0.8519999392783257,-0.5394568409562985,0.0,-0.5394568409562985
fashion_mnist,cut_backdoor,clean,137,0,latent_assignment_not_attack,18,5,0,0,81,0.5240602391064354,0.7469209536609169,-0.3108631601309165,0.0,-0.3108631601309165
fashion_mnist,cut_backdoor,clean,137,0,latent_assignment_not_attack,18,6,0,1,43,0.7170922628634855,0.9079189836804078,-0.4074344809639688,0.0,-0.4074344809639688
fashion_mnist,cut_backdoor,clean,137,0,latent_assignment_not_attack,18,7,0,0,43,0.5881564575779282,0.8305387810486066,-0.5238050830069358,0.0,-0.5238050830069358
fashion_mnist,cut_backdoor,clean,137,0,latent_assignment_not_attack,18,8,0,0,750,0.479526453312165,0.7819458085276523,-0.3885481170937635,0.0,-0.3885481170937635
fashion_mnist,cut_backdoor,clean,137,0,latent_assignment_not_attack,18,9,0,0,1292,0.4812402176031924,0.7274600356740815,-0.4161901086021606,0.0,-0.4161901086021606
fashion_mnist,cut_backdoor,clean,137,0,latent_assignment_not_attack,18,10,0,0,939,0.6571238885690373,0.6874030188110452,-0.12006681069018628,0.0,-0.12006681069018628
fashion_mnist,cut_backdoor,clean,137,0,latent_assignment_not_attack,18,11,0,0,2210,0.6575795182677625,0.7326273108209767,-0.44775121438074844,0.0,-0.44775121438074844
fashion_mnist,cut_backdoor,clean,137,0,latent_assignment_not_attack,18,12,0,0,269,0.7154788593715639,0.9457310604407425,-0.31333102307524474,0.0,-0.31333102307524474
fashion_mnist,cut_backdoor,clean,137,0,latent_assignment_not_attack,18,13,0,1,198,0.6321085673642807,0.787633110710923,-0.02626657605431526,0.0,-0.02626657605431526
fashion_mnist,cut_backdoor,clean,137,0,latent_assignment_not_attack,18,14,0,1,299,0.5161762257857077,0.755814833820206,-0.5954155596290179,0.0,-0.5954155596290179
fashion_mnist,cut_backdoor,clean,137,0,latent_assignment_not_attack,18,15,0,1,45,0.5212992855926142,0.6925304925186735,-0.25255525824312436,0.0,-0.25255525824312436
fashion_mnist,cut_backdoor,clean,137,0,latent_assignment_not_attack,18,16,0,0,101,0.4652503855462734,0.679913200433414,-0.2316385914451022,0.0,-0.2316385914451022
fashion_mnist,cut_backdoor,clean,137,0,latent_assignment_not_attack,18,17,0,0,1061,0.5253507063576036,0.8872001003609643,-0.4665872658707319,0.0,-0.4665872658707319
fashion_mnist,cut_backdoor,clean,137,0,latent_assignment_not_attack,18,18,0,0,129,0.6094693195356339,0.8513346779070929,-0.35814596370273794,0.0,-0.35814596370273794
fashion_mnist,cut_backdoor,clean,137,0,latent_assignment_not_attack,18,19,0,0,397,0.6168368458157624,0.9325207298071945,-0.2338549107947437,0.0,-0.2338549107947437
fashion_mnist,cut_backdoor,clean,137,0,latent_assignment_not_attack,18,20,0,1,479,0.5808447932081015,0.8145475142683418,-0.43227512234014626,0.0,-0.43227512234014626
fashion_mnist,cut_backdoor,clean,137,0,latent_assignment_not_attack,18,21,0,0,23,0.5850179247072245,0.878240251694898,-0.38108823148101595,0.0,-0.38108823148101595
fashion_mnist,cut_backdoor,clean,137,0,latent_assignment_not_attack,18,22,0,0,489,0.5366035957530133,0.710795810174947,-0.4106972490928119,0.0,-0.4106972490928119
fashion_mnist,cut_backdoor,clean,137,0,latent_assignment_not_attack,18,23,0,0,109,0.5306361987667443,0.8989523490139655,-0.4879352274370383,0.0,-0.4879352274370383
fashion_mnist,cut_backdoor,clean,137,0,latent_assignment_not_attack,18,25,0,0,804,0.484900995758985,0.7544530883421858,-0.4480684836441869,0.0,-0.4480684836441869
fashion_mnist,cut_backdoor,clean,137,0,latent_assignment_not_attack,18,26,0,0,1237,0.5541761589431599,0.9221169223014813,-0.41401699735180053,0.0,-0.41401699735180053
fashion_mnist,cut_backdoor,clean,137,0,latent_assignment_not_attack,18,27,0,0,594,0.6327257405653447,0.9476193001049561,-0.3035800862692813,0.0,-0.3035800862692813
fashion_mnist,cut_backdoor,clean,137,0,latent_assignment_not_attack,18,28,0,0,354,0.6698785986750008,0.7630506845680227,-0.3290430045994163,0.0,-0.3290430045994163
fashion_mnist,cut_backdoor,clean,137,0,latent_assignment_not_attack,18,29,0,1,151,0.6740853380217662,0.8995357101441354,-0.14627896192923756,0.0,-0.14627896192923756
fashion_mnist,cut_backdoor,clean,137,0,latent_assignment_not_attack,18,31,0,0,921,0.4483937403441229,0.652435509595592,-0.41050991876042614,0.0,-0.41050991876042614
fashion_mnist,cut_backdoor,clean,137,0,latent_assignment_not_attack,18,32,0,1,514,0.5335846732702777,0.815094256825985,-0.3352678094578347,0.0,-0.3352678094578347
fashion_mnist,cut_backdoor,clean,137,0,latent_assignment_not_attack,18,33,0,0,497,0.46841074805972793,0.7353108254455819,-0.49162788457657924,0.0,-0.49162788457657924
fashion_mnist,cut_backdoor,clean,137,0,latent_assignment_not_attack,18,34,0,0,264,0.6201409027145209,0.9590852296979302,-0.3410482131502532,0.0,-0.3410482131502532
fashion_mnist,cut_backdoor,clean,137,0,latent_assignment_not_attack,18,35,0,0,912,0.5119533492545683,0.7796688356651582,-0.2846283321736631,0.0,-0.2846283321736631
fashion_mnist,cut_backdoor,clean,137,0,latent_assignment_not_attack,18,36,0,0,191,0.48495351978313356,0.7385912189869052,-0.530450482550946,0.0,-0.530450482550946
fashion_mnist,cut_backdoor,clean,137,0,latent_assignment_not_attack,18,37,0,0,1407,0.6654052005327815,0.8634908125058836,-0.2917806488462942,0.0,-0.2917806488462942
fashion_mnist,cut_backdoor,clean,137,0,latent_assignment_not_attack,18,38,0,0,338,0.6652098275396577,0.8368400253439805,-0.3139424678373417,0.0,-0.3139424678373417
fashion_mnist,cut_backdoor,clean,137,0,latent_assignment_not_attack,18,39,0,0,20,0.5966238086405243,0.7474225038141025,-0.3371733636052223,0.0,-0.3371733636052223
fashion_mnist,cut_backdoor,clean,137,0,latent_assignment_not_attack,18,41,0,1,1832,0.5348702788610817,0.8775778295910868,-0.2806907704577899,0.0,-0.2806907704577899
fashion_mnist,cut_backdoor,clean,137,0,latent_assignment_not_attack,18,42,0,0,388,0.5401536786372984,0.8123293278346889,-0.28780621918906313,0.0,-0.28780621918906313
fashion_mnist,cut_backdoor,clean,137,0,latent_assignment_not_attack,18,43,0,0,20,0.7138974880359358,0.904995407990358,-0.16216473778724813,0.0,-0.16216473778724813
fashion_mnist,cut_backdoor,clean,137,0,latent_assignment_not_attack,18,44,0,0,287,0.5044287815640419,0.8095876471772374,-0.560788972656327,0.0,-0.560788972656327
fashion_mnist,cut_backdoor,clean,137,0,latent_assignment_not_attack,18,45,0,0,754,0.5313416302464369,0.6966841083474808,-0.41600167571069624,0.0,-0.41600167571069624
fashion_mnist,cut_backdoor,clean,137,0,latent_assignment_not_attack,18,46,0,0,189,0.7238209701271099,0.9153449933344742,-0.40623737127594844,0.0,-0.40623737127594844
fashion_mnist,cut_backdoor,clean,137,0,latent_assignment_not_attack,18,47,0,1,210,0.6429441192540958,0.8651859612709032,-0.4532527713218101,0.0,-0.4532527713218101
fashion_mnist,cut_backdoor,clean,137,0,latent_assignment_not_attack,18,48,0,0,192,0.6515005461957036,0.8977785792365649,-0.17189152113721737,0.0,-0.17189152113721737
fashion_mnist,cut_backdoor,clean,137,0,latent_assignment_not_attack,18,49,0,0,1077,0.5015782589522374,0.8491489988661876,-0.46569769236208103,0.0,-0.46569769236208103
fashion_mnist,cut_backdoor,clean,137,0,latent_assignment_not_attack,18,50,0,0,59,0.5177057422129707,0.7592654750965988,-0.5345185183407487,0.0,-0.5345185183407487
fashion_mnist,cut_backdoor,clean,137,0,latent_assignment_not_attack,18,51,0,0,939,0.6454916213981117,0.8100665657043924,-0.26089939169047127,0.0,-0.26089939169047127
fashion_mnist,cut_backdoor,clean,137,0,latent_assignment_not_attack,18,52,0,0,70,0.5688343921007823,0.7886849440396085,-0.5413247921255955,0.0,-0.5413247921255955
fashion_mnist,cut_backdoor,clean,137,0,latent_assignment_not_attack,18,53,0,0,249,0.5249869336765198,0.7968289955812586,-0.27698090102575995,0.0,-0.27698090102575995
fashion_mnist,cut_backdoor,clean,137,0,latent_assignment_not_attack,18,54,0,0,69,0.6871929552248057,0.942227106068971,-0.33058162443238853,0.0,-0.33058162443238853
fashion_mnist,cut_backdoor,clean,137,0,latent_assignment_not_attack,18,55,0,0,1032,0.7005138150499589,0.8580433666587728,-0.27015052333899686,0.0,-0.27015052333899686
fashion_mnist,cut_backdoor,clean,137,0,latent_assignment_not_attack,18,56,0,0,1452,0.5399272667310131,0.7693973629103703,-0.3696579507911254,0.0,-0.3696579507911254
fashion_mnist,cut_backdoor,clean,137,0,latent_assignment_not_attack,18,57,0,0,887,0.46866953154548413,0.7105056861966543,-0.42031451322307617,0.0,-0.42031451322307617
fashion_mnist,cut_backdoor,clean,137,0,latent_assignment_not_attack,18,58,0,0,44,0.71833004754864,0.9287163200878187,-0.34387680376744284,0.0,-0.34387680376744284
fashion_mnist,cut_backdoor,clean,137,0,latent_assignment_not_attack,18,59,0,0,52,0.6841121372666611,0.945178815543291,-0.30713633757699355,0.0,-0.30713633757699355
fashion_mnist,cut_backdoor,clean,137,0,latent_assignment_not_attack,18,61,0,1,216,0.49552993400911965,0.6766165839853056,-0.31649234778286967,0.0,-0.31649234778286967
fashion_mnist,cut_backdoor,clean,137,0,latent_assignment_not_attack,18,62,0,0,975,0.5571382574060348,0.8204296101594061,-0.3618459044277912,0.0,-0.3618459044277912
fashion_mnist,cut_backdoor,clean,137,0,latent_assignment_not_attack,18,63,0,0,250,0.7831489656517155,0.8128337228261457,-0.24286003977325832,0.0,-0.24286003977325832
fashion_mnist,cut_backdoor,clean,137,0,latent_assignment_not_attack,18,64,0,0,435,0.5174169230949152,0.8590023231081914,-0.3249041437487109,0.0,-0.3249041437487109
fashion_mnist,cut_backdoor,clean,137,0,latent_assignment_not_attack,18,65,0,0,747,0.6054146012147689,0.9206961110476565,-0.381058043658678,0.0,-0.381058043658678
fashion_mnist,cut_backdoor,clean,137,0,latent_assignment_not_attack,18,66,0,1,20,0.6371780259066668,0.7966076410693238,-0.36074529072362566,0.0,-0.36074529072362566
fashion_mnist,cut_backdoor,clean,137,0,latent_assignment_not_attack,18,67,0,1,304,0.47969581290031305,0.7178633957993247,-0.4109637634301573,0.0,-0.4109637634301573
fashion_mnist,cut_backdoor,clean,137,0,latent_assignment_not_attack,18,68,0,0,87,0.6495329496990183,0.7883507379708348,-0.016558967647279283,0.0,-0.016558967647279283
fashion_mnist,cut_backdoor,clean,137,0,latent_assignment_not_attack,18,69,0,1,324,0.41284283576195124,0.6956823240530357,-0.38614296680047266,0.0,-0.38614296680047266
fashion_mnist,cut_backdoor,clean,137,0,latent_assignment_not_attack,18,70,0,1,437,0.5787124034475856,0.9246682466815557,-0.23538256600656382,0.0,-0.23538256600656382
fashion_mnist,cut_backdoor,clean,137,0,latent_assignment_not_attack,18,71,0,0,76,0.6710350436414954,0.8126395081201139,-0.2748689546605715,0.0,-0.2748689546605715
fashion_mnist,cut_backdoor,clean,137,0,latent_assignment_not_attack,18,72,0,0,119,0.5520415320267457,0.883984073955171,-0.27308720397248887,0.0,-0.27308720397248887
fashion_mnist,cut_backdoor,clean,137,0,latent_assignment_not_attack,18,73,0,1,1907,0.578858638830719,0.7225986073667037,-0.16096074198199295,0.0,-0.16096074198199295
fashion_mnist,cut_backdoor,clean,137,0,latent_assignment_not_attack,18,75,0,0,435,0.5468635104260231,0.7662527822012747,-0.3625990605631306,0.0,-0.3625990605631306
fashion_mnist,cut_backdoor,clean,137,0,latent_assignment_not_attack,18,76,0,0,143,0.46782963370088493,0.8867727298933777,-0.4728797682066393,0.0,-0.4728797682066393
fashion_mnist,cut_backdoor,clean,137,0,latent_assignment_not_attack,18,79,0,0,489,0.626132799097116,0.8212578804765789,-0.29054316450732565,0.0,-0.29054316450732565
fashion_mnist,cut_backdoor,clean,137,0,latent_assignment_not_attack,18,80,0,0,41,0.6320176194057213,0.8799860064179015,-0.4006925885053886,0.0,-0.4006925885053886
fashion_mnist,cut_backdoor,clean,137,0,latent_assignment_not_attack,18,81,0,0,1537,0.5412185607965313,0.855929467427192,-0.19457036467711603,0.0,-0.19457036467711603
fashion_mnist,cut_backdoor,clean,137,0,latent_assignment_not_attack,18,82,0,0,32,0.5183456138283108,0.7131411930141964,-0.44670774687167375,0.0,-0.44670774687167375
fashion_mnist,cut_backdoor,clean,137,0,latent_assignment_not_attack,18,83,0,0,20,0.568984798989888,0.7857148272601073,-0.24332002159446103,0.0,-0.24332002159446103
fashion_mnist,cut_backdoor,clean,137,0,latent_assignment_not_attack,18,85,0,0,117,0.5782125676698844,0.7692906441515311,-0.5229983479819811,0.0,-0.5229983479819811
fashion_mnist,cut_backdoor,clean,137,0,latent_assignment_not_attack,18,86,0,0,149,0.657337037791016,0.916662667739492,-0.22268887991070352,0.0,-0.22268887991070352
fashion_mnist,cut_backdoor,clean,137,0,latent_assignment_not_attack,18,88,0,0,351,0.556188295594481,0.6987008750183886,-0.3136179738795183,0.0,-0.3136179738795183
fashion_mnist,cut_backdoor,clean,137,0,latent_assignment_not_attack,18,89,0,0,162,0.5763512318896383,0.8368281796504011,-0.36642055299873366,0.0,-0.36642055299873366
fashion_mnist,cut_backdoor,clean,137,0,latent_assignment_not_attack,18,91,0,0,933,0.6848622211237257,0.9472051266868983,-0.2930274397485406,0.0,-0.2930274397485406
fashion_mnist,cut_backdoor,clean,137,0,latent_assignment_not_attack,18,92,0,0,113,0.770341166375273,0.9254916328434704,-0.36051469807820596,0.0,-0.36051469807820596
fashion_mnist,cut_backdoor,clean,137,0,latent_assignment_not_attack,18,93,0,0,237,0.6138637735990267,0.7864925333581894,-0.492358074770132,0.0,-0.492358074770132
fashion_mnist,cut_backdoor,clean,137,0,latent_assignment_not_attack,18,94,0,0,407,0.44682506143400863,0.7136855051689412,-0.4924785305468721,0.0,-0.4924785305468721
fashion_mnist,cut_backdoor,clean,137,0,latent_assignment_not_attack,18,95,0,0,1084,0.7215836937063205,0.8984896994345466,-0.4154019975599452,0.0,-0.4154019975599452
fashion_mnist,cut_backdoor,clean,137,0,latent_assignment_not_attack,18,96,0,0,896,0.5663819604312589,0.8558106166742165,-0.3053887026958852,0.0,-0.3053887026958852
fashion_mnist,cut_backdoor,clean,137,0,latent_assignment_not_attack,18,97,0,0,478,0.37347520719708793,0.7138504290990737,-0.47808046093309686,0.0,-0.47808046093309686
fashion_mnist,cut_backdoor,clean,137,0,latent_assignment_not_attack,18,98,0,1,499,0.5140655053867241,0.6666292043288484,-0.37957235393017663,0.0,-0.37957235393017663
fashion_mnist,cut_backdoor,clean,137,0,latent_assignment_not_attack,18,99,0,1,97,0.4579612068906401,0.7026722833822497,-0.5780756722922764,0.0,-0.5780756722922764
fashion_mnist,cut_backdoor,clean,137,9,latent_assignment_not_attack,18,0,0,0,364,0.44149268068167996,0.7561495604015489,-0.19792944776792604,0.0,-0.19792944776792604
fashion_mnist,cut_backdoor,clean,137,9,latent_assignment_not_attack,18,1,0,0,29,0.4708477477177792,0.7912051026324527,-0.19176185338409144,0.0,-0.19176185338409144
fashion_mnist,cut_backdoor,clean,137,9,latent_assignment_not_attack,18,2,0,0,36,0.3726341891362948,0.6037014476993082,-0.02875294308600802,0.0,-0.02875294308600802
fashion_mnist,cut_backdoor,clean,137,9,latent_assignment_not_attack,18,3,0,1,1158,0.428441066904418,0.7309064430232226,-0.02817195627828432,0.0,-0.02817195627828432
fashion_mnist,cut_backdoor,clean,137,9,latent_assignment_not_attack,18,4,0,0,1894,0.2961680792299953,0.6980685529311413,-0.3512163317878567,0.0,-0.3512163317878567
fashion_mnist,cut_backdoor,clean,137,9,latent_assignment_not_attack,18,6,0,1,43,0.35000932501055027,0.8577062851079799,-0.053440206378853924,0.0,-0.053440206378853924
fashion_mnist,cut_backdoor,clean,137,9,latent_assignment_not_attack,18,7,0,0,43,0.3464291357217017,0.7368741411792972,-0.11314778539838383,0.0,-0.11314778539838383
fashion_mnist,cut_backdoor,clean,137,9,latent_assignment_not_attack,18,8,0,0,750,0.3033257199359829,0.649313978990976,-0.02021471902369796,0.0,-0.02021471902369796
fashion_mnist,cut_backdoor,clean,137,9,latent_assignment_not_attack,18,9,0,0,1292,0.43642669844048776,0.7620221187442764,-0.1871860501302212,0.0,-0.1871860501302212
fashion_mnist,cut_backdoor,clean,137,9,latent_assignment_not_attack,18,10,0,0,939,0.5471454205838134,0.9012373040583388,-0.14505495959786321,0.0,-0.14505495959786321
fashion_mnist,cut_backdoor,clean,137,9,latent_assignment_not_attack,18,11,0,0,2210,0.4667176425698319,0.7169432553370857,0.01766934610665456,0.0,0.01766934610665456
fashion_mnist,cut_backdoor,clean,137,9,latent_assignment_not_attack,18,12,0,0,269,0.5029978987760506,0.8994033281026741,-0.037575809401032334,0.0,-0.037575809401032334
fashion_mnist,cut_backdoor,clean,137,9,latent_assignment_not_attack,18,13,0,1,198,0.6665160483635441,0.8428953619845018,0.2219381879514107,0.0,0.2219381879514107
fashion_mnist,cut_backdoor,clean,137,9,latent_assignment_not_attack,18,14,0,1,299,0.2971323204460014,0.7849053093280596,-0.05414032491700668,0.0,-0.05414032491700668
fashion_mnist,cut_backdoor,clean,137,9,latent_assignment_not_attack,18,15,0,1,45,0.43262250913915024,0.784121173773608,0.02550151180051637,0.0,0.02550151180051637
fashion_mnist,cut_backdoor,clean,137,9,latent_assignment_not_attack,18,16,0,0,101,0.39079023217358205,0.7133674762162888,0.1166805223108717,0.0,0.1166805223108717
fashion_mnist,cut_backdoor,clean,137,9,latent_assignment_not_attack,18,17,0,0,1061,0.37484252650264316,0.7320731766880737,-0.2514535887188544,0.0,-0.2514535887188544
fashion_mnist,cut_backdoor,clean,137,9,latent_assignment_not_attack,18,18,0,0,129,0.4290719045542582,0.6710064323748939,0.04529566518882113,0.0,0.04529566518882113
fashion_mnist,cut_backdoor,clean,137,9,latent_assignment_not_attack,18,20,0,1,479,0.41998440470419907,0.7168415452918018,0.11907129095647367,0.0,0.11907129095647367
fashion_mnist,cut_backdoor,clean,137,9,latent_assignment_not_attack,18,21,0,0,23,0.3179404576300098,0.7434978065280571,-0.004910206783128807,0.0,-0.004910206783128807
fashion_mnist,cut_backdoor,clean,137,9,latent_assignment_not_attack,18,22,0,0,489,0.32776425815357996,0.6132259554463627,-0.24386424314111155,0.0,-0.24386424314111155
fashion_mnist,cut_backdoor,clean,137,9,latent_assignment_not_attack,18,24,0,0,234,0.5400045834899424,0.897292822974068,-0.07490587022513422,0.0,-0.07490587022513422
fashion_mnist,cut_backdoor,clean,137,9,latent_assignment_not_attack,18,25,0,0,804,0.31711206156568117,0.7593900234974639,-0.33751380912526013,0.0,-0.33751380912526013
fashion_mnist,cut_backdoor,clean,137,9,latent_assignment_not_attack,18,26,0,0,1237,0.2729113171354319,0.7742934708819924,-0.006024321382484146,0.0,-0.006024321382484146
fashion_mnist,cut_backdoor,clean,137,9,latent_assignment_not_attack,18,27,0,0,594,0.32482083334140294,0.8765390790285217,0.1036980149500518,0.0,0.1036980149500518
fashion_mnist,cut_backdoor,clean,137,9,latent_assignment_not_attack,18,29,0,1,151,0.521576486846367,0.8762056713737765,-0.2006296274496221,0.0,-0.2006296274496221
fashion_mnist,cut_backdoor,clean,137,9,latent_assignment_not_attack,18,30,0,0,2276,0.5051343557997224,0.8773974179855962,-0.18681873970456378,0.0,-0.18681873970456378
fashion_mnist,cut_backdoor,clean,137,9,latent_assignment_not_attack,18,32,0,1,514,0.43691803736896134,0.7111821887799247,-0.20050543595300413,0.0,-0.20050543595300413
fashion_mnist,cut_backdoor,clean,137,9,latent_assignment_not_attack,18,33,0,0,497,0.3289935226878842,0.7258194630945081,-0.332874169163139,0.0,-0.332874169163139
fashion_mnist,cut_backdoor,clean,137,9,latent_assignment_not_attack,18,34,0,0,264,0.3213402405822692,0.8968681565940715,0.08812851087768499,0.0,0.08812851087768499
fashion_mnist,cut_backdoor,clean,137,9,latent_assignment_not_attack,18,35,0,0,912,0.4529624515202937,0.7268583580406723,0.05570386610586291,0.0,0.05570386610586291
fashion_mnist,cut_backdoor,clean,137,9,latent_assignment_not_attack,18,36,0,0,191,0.3239552143731843,0.5774345714745405,-0.022827691203419008,0.0,-0.022827691203419008
fashion_mnist,cut_backdoor,clean,137,9,latent_assignment_not_attack,18,37,0,0,1407,0.3504555170508473,0.8310189434385287,-0.23702761327332234,0.0,-0.23702761327332234
fashion_mnist,cut_backdoor,clean,137,9,latent_assignment_not_attack,18,38,0,0,338,0.330026936423081,0.7960049349681922,-0.2324990764127411,0.0,-0.2324990764127411
fashion_mnist,cut_backdoor,clean,137,9,latent_assignment_not_attack,18,39,0,0,20,0.4160080945635374,0.6547047940039021,-0.18425885636820763,0.0,-0.18425885636820763
fashion_mnist,cut_backdoor,clean,137,9,latent_assignment_not_attack,18,40,0,0,608,0.40460547031322835,0.911561081787972,-0.01862494710303893,0.0,-0.01862494710303893
fashion_mnist,cut_backdoor,clean,137,9,latent_assignment_not_attack,18,41,0,1,1832,0.46637522089218164,0.8104886789322201,-0.2022821945197962,0.0,-0.2022821945197962
fashion_mnist,cut_backdoor,clean,137,9,latent_assignment_not_attack,18,42,0,0,388,0.40414377822546793,0.788364266822781,-0.25289189296982767,0.0,-0.25289189296982767
fashion_mnist,cut_backdoor,clean,137,9,latent_assignment_not_attack,18,43,0,0,20,0.6549408012095401,0.879714736018243,0.03397578897445533,0.0,0.03397578897445533
fashion_mnist,cut_backdoor,clean,137,9,latent_assignment_not_attack,18,44,0,0,287,0.28395652548344,0.6818603622966519,-0.1833127825177902,0.0,-0.1833127825177902
fashion_mnist,cut_backdoor,clean,137,9,latent_assignment_not_attack,18,45,0,0,754,0.4013222216903721,0.6067718615524427,0.0829450649925898,0.0,0.0829450649925898
fashion_mnist,cut_backdoor,clean,137,9,latent_assignment_not_attack,18,46,0,0,189,0.371046403066603,0.908554448457115,-0.03459195081249967,0.0,-0.03459195081249967
fashion_mnist,cut_backdoor,clean,137,9,latent_assignment_not_attack,18,47,0,1,210,0.3785237769057499,0.7572137672919076,-0.041646429620941436,0.0,-0.041646429620941436
fashion_mnist,cut_backdoor,clean,137,9,latent_assignment_not_attack,18,48,0,0,192,0.537551593463662,0.8707594533010221,-0.1692885411896454,0.0,-0.1692885411896454
fashion_mnist,cut_backdoor,clean,137,9,latent_assignment_not_attack,18,49,0,0,1077,0.3269577376674196,0.6616063442055081,0.02504476414539325,0.0,0.02504476414539325
fashion_mnist,cut_backdoor,clean,137,9,latent_assignment_not_attack,18,50,0,0,59,0.2550328259197376,0.579804171861594,-0.414751333695705,0.0,-0.414751333695705
fashion_mnist,cut_backdoor,clean,137,9,latent_assignment_not_attack,18,51,0,0,939,0.40085103541219097,0.6243171976684361,-0.14631945122221665,0.0,-0.14631945122221665
fashion_mnist,cut_backdoor,clean,137,9,latent_assignment_not_attack,18,52,0,0,70,0.38690354305228797,0.7206987791957656,-0.13687606388753729,0.0,-0.13687606388753729
fashion_mnist,cut_backdoor,clean,137,9,latent_assignment_not_attack,18,53,0,0,249,0.4051839829073462,0.7041853551971655,0.0458001305444755,0.0,0.0458001305444755
fashion_mnist,cut_backdoor,clean,137,9,latent_assignment_not_attack,18,54,0,0,69,0.45088395811136445,0.8930247718980979,-0.09835536696872742,0.0,-0.09835536696872742
fashion_mnist,cut_backdoor,clean,137,9,latent_assignment_not_attack,18,55,0,0,1032,0.5909787495244843,0.793854608336672,0.03652935076367266,0.0,0.03652935076367266
fashion_mnist,cut_backdoor,clean,137,9,latent_assignment_not_attack,18,57,0,0,887,0.3660332231128283,0.6627039752098157,0.0017443656846314387,0.0,0.0017443656846314387
fashion_mnist,cut_backdoor,clean,137,9,latent_assignment_not_attack,18,58,0,0,44,0.4893593832324942,0.8413675020916992,-0.028637221378894604,0.0,-0.028637221378894604
fashion_mnist,cut_backdoor,clean,137,9,latent_assignment_not_attack,18,59,0,0,52,0.3634834854221435,0.894286400675476,0.13340057369793507,0.0,0.13340057369793507
fashion_mnist,cut_backdoor,clean,137,9,latent_assignment_not_attack,18,60,0,0,187,0.4339651746461661,0.8680200823924478,-0.268333264767435,0.0,-0.268333264767435
fashion_mnist,cut_backdoor,clean,137,9,latent_assignment_not_attack,18,61,0,1,216,0.4410939807856301,0.8172384727302996,-0.2698579030176926,0.0,-0.2698579030176926
fashion_mnist,cut_backdoor,clean,137,9,latent_assignment_not_attack,18,62,0,0,975,0.46586107280989214,0.773228908757675,-0.07480824826433496,0.0,-0.07480824826433496
fashion_mnist,cut_backdoor,clean,137,9,latent_assignment_not_attack,18,63,0,0,250,0.3955736377963172,0.8293548853865961,-0.14489622496248167,0.0,-0.14489622496248167
fashion_mnist,cut_backdoor,clean,137,9,latent_assignment_not_attack,18,64,0,0,435,0.4522857095934167,0.8462052828843891,-0.18178110736290956,0.0,-0.18178110736290956
fashion_mnist,cut_backdoor,clean,137,9,latent_assignment_not_attack,18,65,0,0,747,0.43868969737617874,0.819917566494588,-0.07263985066987455,0.0,-0.07263985066987455
fashion_mnist,cut_backdoor,clean,137,9,latent_assignment_not_attack,18,66,0,1,20,0.5404335843745709,0.7405173558788471,-0.007343453461265983,0.0,-0.007343453461265983
fashion_mnist,cut_backdoor,clean,137,9,latent_assignment_not_attack,18,67,0,1,304,0.2941575049618837,0.6729689731825674,-0.43514157125442504,0.0,-0.43514157125442504
fashion_mnist,cut_backdoor,clean,137,9,latent_assignment_not_attack,18,68,0,0,87,0.6355901166065325,0.8418775571097992,0.17535310020773498,0.0,0.17535310020773498
fashion_mnist,cut_backdoor,clean,137,9,latent_assignment_not_attack,18,69,0,1,324,0.3392413487822712,0.7725122027158404,-0.011603029717634264,0.0,-0.011603029717634264
fashion_mnist,cut_backdoor,clean,137,9,latent_assignment_not_attack,18,70,0,1,437,0.4895252210630159,0.853692677553416,-0.0909399838737845,0.0,-0.0909399838737845
fashion_mnist,cut_backdoor,clean,137,9,latent_assignment_not_attack,18,71,0,0,76,0.5782596210129999,0.7709867592173953,-0.01671032577103085,0.0,-0.01671032577103085
fashion_mnist,cut_backdoor,clean,137,9,latent_assignment_not_attack,18,72,0,0,119,0.3795915185140005,0.7624201960349104,-0.2274296541937179,0.0,-0.2274296541937179
fashion_mnist,cut_backdoor,clean,137,9,latent_assignment_not_attack,18,73,0,1,1907,0.5787459484544575,0.8108981366278674,0.13619752539559243,0.0,0.13619752539559243
fashion_mnist,cut_backdoor,clean,137,9,latent_assignment_not_attack,18,75,0,0,435,0.43008169259202206,0.7533125925655176,-0.16746855348894876,0.0,-0.16746855348894876
fashion_mnist,cut_backdoor,clean,137,9,latent_assignment_not_attack,18,76,0,0,143,0.17415101834183358,0.6577383359175064,-0.21383845152754027,0.0,-0.21383845152754027
fashion_mnist,cut_backdoor,clean,137,9,latent_assignment_not_attack,18,77,0,0,288,0.3887729473589,0.79278278952022,-0.16643156947028095,0.0,-0.16643156947028095
fashion_mnist,cut_backdoor,clean,137,9,latent_assignment_not_attack,18,79,0,0,489,0.384173343957498,0.7222695469258434,-0.21271238367384682,0.0,-0.21271238367384682
fashion_mnist,cut_backdoor,clean,137,9,latent_assignment_not_attack,18,80,0,0,41,0.3691074926162836,0.8455793117418567,-0.18830563013787585,0.0,-0.18830563013787585
fashion_mnist,cut_backdoor,clean,137,9,latent_assignment_not_attack,18,81,0,0,1537,0.44573854610427543,0.7151200554214101,0.03755674393561898,0.0,0.03755674393561898
fashion_mnist,cut_backdoor,clean,137,9,latent_assignment_not_attack,18,82,0,0,32,0.36158423125676126,0.5446749691676362,-0.08966121201805728,0.0,-0.08966121201805728
fashion_mnist,cut_backdoor,clean,137,9,latent_assignment_not_attack,18,83,0,0,20,0.4558688436214936,0.7882986572318671,-0.29276882060194603,0.0,-0.29276882060194603
fashion_mnist,cut_backdoor,clean,137,9,latent_assignment_not_attack,18,85,0,0,117,0.323931999039267,0.7510050567995373,0.013543468371079996,0.0,0.013543468371079996
fashion_mnist,cut_backdoor,clean,137,9,latent_assignment_not_attack,18,86,0,0,149,0.6266794597823863,0.9101066479835456,-0.0059727193456556365,0.0,-0.0059727193456556365
fashion_mnist,cut_backdoor,clean,137,9,latent_assignment_not_attack,18,87,0,0,394,0.4153581296915663,0.8305905862604815,-0.2159386147297319,0.0,-0.2159386147297319
fashion_mnist,cut_backdoor,clean,137,9,latent_assignment_not_attack,18,88,0,0,351,0.4665629387807392,0.8536333298222345,-0.16902602512269063,0.0,-0.16902602512269063
fashion_mnist,cut_backdoor,clean,137,9,latent_assignment_not_attack,18,89,0,0,162,0.3515003600457999,0.7568341124560716,-0.28781660810853177,0.0,-0.28781660810853177
fashion_mnist,cut_backdoor,clean,137,9,latent_assignment_not_attack,18,91,0,0,933,0.36893822707064466,0.9006466931774716,0.11313370583567318,0.0,0.11313370583567318
fashion_mnist,cut_backdoor,clean,137,9,latent_assignment_not_attack,18,92,0,0,113,0.368807093225407,0.9092921212599367,-0.04012348749144375,0.0,-0.04012348749144375
fashion_mnist,cut_backdoor,clean,137,9,latent_assignment_not_attack,18,93,0,0,237,0.342484584712459,0.7309484011638517,-0.1523158445974939,0.0,-0.1523158445974939
fashion_mnist,cut_backdoor,clean,137,9,latent_assignment_not_attack,18,94,0,0,407,0.3769777222834067,0.7976188697293625,-0.13167483747216796,0.0,-0.13167483747216796
fashion_mnist,cut_backdoor,clean,137,9,latent_assignment_not_attack,18,95,0,0,1084,0.384327592807641,0.8878287803860918,-0.07707415971881144,0.0,-0.07707415971881144
fashion_mnist,cut_backdoor,clean,137,9,latent_assignment_not_attack,18,96,0,0,896,0.4707636657007584,0.7445444751317359,-0.10359712616908706,0.0,-0.10359712616908706
fashion_mnist,cut_backdoor,clean,137,9,latent_assignment_not_attack,18,97,0,0,478,0.2856494891708401,0.7484939740603055,-0.08179846962351017,0.0,-0.08179846962351017
fashion_mnist,cut_backdoor,clean,137,9,latent_assignment_not_attack,18,98,0,1,499,0.37274497589562877,0.5237627697406383,-0.12922076105143226,0.0,-0.12922076105143226
fashion_mnist,cut_backdoor,clean,137,9,latent_assignment_not_attack,18,99,0,1,97,0.2887881128792348,0.7766088781840109,-0.2210795761562518,0.0,-0.2210795761562518
fashion_mnist,cut_backdoor,clean,137,29,latent_assignment_not_attack,18,0,0,0,364,0.407208710970985,0.7976726999820943,-0.40260647860073845,0.0,-0.40260647860073845
fashion_mnist,cut_backdoor,clean,137,29,latent_assignment_not_attack,18,1,0,0,29,0.3459569284296262,0.6762654430929074,-0.004588893169783544,0.0,-0.004588893169783544
fashion_mnist,cut_backdoor,clean,137,29,latent_assignment_not_attack,18,2,0,0,36,0.2878041794169896,0.42272956681208324,-0.1538619300780862,0.0,-0.1538619300780862
fashion_mnist,cut_backdoor,clean,137,29,latent_assignment_not_attack,18,3,0,1,1158,0.3691699408619822,0.7232426853856211,-0.08200390548814486,0.0,-0.08200390548814486
fashion_mnist,cut_backdoor,clean,137,29,latent_assignment_not_attack,18,4,0,0,1894,0.25989583962819324,0.7505407714485539,-0.1925282855216187,0.0,-0.1925282855216187
fashion_mnist,cut_backdoor,clean,137,29,latent_assignment_not_attack,18,5,0,0,81,0.32556733819413625,0.6986015125401528,-0.32446551001814977,0.0,-0.32446551001814977
fashion_mnist,cut_backdoor,clean,137,29,latent_assignment_not_attack,18,6,0,1,43,0.232502591725433,0.7334883587157066,-0.03461428866614526,0.0,-0.03461428866614526
fashion_mnist,cut_backdoor,clean,137,29,latent_assignment_not_attack,18,7,0,0,43,0.3037123154924711,0.8061517841278649,0.5680502468648241,0.0,0.5680502468648241
fashion_mnist,cut_backdoor,clean,137,29,latent_assignment_not_attack,18,8,0,0,750,0.269899792216751,0.6182940689623153,-0.04182692687970341,0.0,-0.04182692687970341
fashion_mnist,cut_backdoor,clean,137,29,latent_assignment_not_attack,18,9,0,0,1292,0.38499242151840196,0.7841601822880581,-0.03970499475913101,0.0,-0.03970499475913101
fashion_mnist,cut_backdoor,clean,137,29,latent_assignment_not_attack,18,10,0,0,939,0.4042644033987939,0.7909606252310379,0.10567745146618275,0.0,0.10567745146618275
fashion_mnist,cut_backdoor,clean,137,29,latent_assignment_not_attack,18,12,0,0,269,0.4394736018330588,0.8928515676678579,0.2125607965055432,0.0,0.2125607965055432
fashion_mnist,cut_backdoor,clean,137,29,latent_assignment_not_attack,18,13,0,1,198,0.6696076685618172,0.9301426806836945,0.12560039337708295,0.0,0.12560039337708295
fashion_mnist,cut_backdoor,clean,137,29,latent_assignment_not_attack,18,14,0,1,299,0.19586036994416658,0.8022735710255245,0.03656192159082818,0.0,0.03656192159082818
fashion_mnist,cut_backdoor,clean,137,29,latent_assignment_not_attack,18,15,0,1,45,0.4386033750758458,0.8843632184198913,-0.050823383876277634,0.0,-0.050823383876277634
fashion_mnist,cut_backdoor,clean,137,29,latent_assignment_not_attack,18,16,0,0,101,0.35287554655706205,0.6525205574851217,-0.20542251367763714,0.0,-0.20542251367763714
fashion_mnist,cut_backdoor,clean,137,29,latent_assignment_not_attack,18,17,0,0,1061,0.23968321538066722,0.75157609342965,-0.0949338236699709,0.0,-0.0949338236699709
fashion_mnist,cut_backdoor,clean,137,29,latent_assignment_not_attack,18,18,0,0,129,0.3829437400290421,0.7370542101237446,-0.02792414081964774,0.0,-0.02792414081964774
fashion_mnist,cut_backdoor,clean,137,29,latent_assignment_not_attack,18,20,0,1,479,0.361269110365536,0.6834682924683719,0.5294384258346672,0.0,0.5294384258346672
fashion_mnist,cut_backdoor,clean,137,29,latent_assignment_not_attack,18,22,0,0,489,0.28208861004392416,0.6695810051918745,0.2366698751007496,0.0,0.2366698751007496
fashion_mnist,cut_backdoor,clean,137,29,latent_assignment_not_attack,18,23,0,0,109,0.29015154616811506,0.7750744638693148,0.22797485944060555,0.0,0.22797485944060555
fashion_mnist,cut_backdoor,clean,137,29,latent_assignment_not_attack,18,25,0,0,804,0.2886339354119758,0.7106923975544983,-0.1063814489253834,0.0,-0.1063814489253834
fashion_mnist,cut_backdoor,clean,137,29,latent_assignment_not_attack,18,26,0,0,1237,0.24035341983456693,0.7644986055227992,0.1954260000870992,0.0,0.1954260000870992
fashion_mnist,cut_backdoor,clean,137,29,latent_assignment_not_attack,18,27,0,0,594,0.2508967002282831,0.8738623388320168,0.21455105433192073,0.0,0.21455105433192073
fashion_mnist,cut_backdoor,clean,137,29,latent_assignment_not_attack,18,28,0,0,354,0.46648061922584605,0.8162394237558199,0.5041553304009172,0.0,0.5041553304009172
fashion_mnist,cut_backdoor,clean,137,29,latent_assignment_not_attack,18,29,0,1,151,0.4300232986651014,0.8994857945540502,-0.16485906929878388,0.0,-0.16485906929878388
fashion_mnist,cut_backdoor,clean,137,29,latent_assignment_not_attack,18,31,0,0,921,0.3663340501075579,0.6718061218911581,-0.011128692221278172,0.0,-0.011128692221278172
fashion_mnist,cut_backdoor,clean,137,29,latent_assignment_not_attack,18,32,0,1,514,0.39810293053954854,0.7152309435162449,0.017406732401009286,0.0,0.017406732401009286
fashion_mnist,cut_backdoor,clean,137,29,latent_assignment_not_attack,18,34,0,0,264,0.25833999720034734,0.8768054579936344,0.14084589201636313,0.0,0.14084589201636313
fashion_mnist,cut_backdoor,clean,137,29,latent_assignment_not_attack,18,35,0,0,912,0.41262636529467245,0.7192837046444226,0.3156573296797137,0.0,0.3156573296797137
fashion_mnist,cut_backdoor,clean,137,29,latent_assignment_not_attack,18,36,0,0,191,0.24730652650433352,0.5410281167734153,0.3876348976849622,0.0,0.3876348976849622
fashion_mnist,cut_backdoor,clean,137,29,latent_assignment_not_attack,18,37,0,0,1407,0.25874387652964465,0.7762074628996507,-0.2564114987569456,0.0,-0.2564114987569456
fashion_mnist,cut_backdoor,clean,137,29,latent_assignment_not_attack,18,38,0,0,338,0.2536486018821785,0.7493381052644109,0.004138391485536893,0.0,0.004138391485536893
fashion_mnist,cut_backdoor,clean,137,29,latent_assignment_not_attack,18,39,0,0,20,0.2798772792612783,0.5165397474826254,-0.036392138840870586,0.0,-0.036392138840870586
fashion_mnist,cut_backdoor,clean,137,29,latent_assignment_not_attack,18,40,0,0,608,0.23981614648205782,0.8383809007044892,0.058042732390492624,0.0,0.058042732390492624
fashion_mnist,cut_backdoor,clean,137,29,latent_assignment_not_attack,18,41,0,1,1832,0.3524898326745869,0.8056448792571732,0.052468847893322366,0.0,0.052468847893322366
fashion_mnist,cut_backdoor,clean,137,29,latent_assignment_not_attack,18,42,0,0,388,0.3266382776640799,0.8679117795044154,-0.21272723225626303,0.0,-0.21272723225626303
fashion_mnist,cut_backdoor,clean,137,29,latent_assignment_not_attack,18,43,0,0,20,0.6365730762190374,0.8217894489247997,-0.11394835104783983,0.0,-0.11394835104783983
fashion_mnist,cut_backdoor,clean,137,29,latent_assignment_not_attack,18,44,0,0,287,0.21906285888144716,0.6627744311090605,-0.24531843620941718,0.0,-0.24531843620941718
fashion_mnist,cut_backdoor,clean,137,29,latent_assignment_not_attack,18,45,0,0,754,0.3485432139837704,0.6298921491267238,0.12395414545769243,0.0,0.12395414545769243
fashion_mnist,cut_backdoor,clean,137,29,latent_assignment_not_attack,18,46,0,0,189,0.2056523803116457,0.8169988676206719,0.1856361407631579,0.0,0.1856361407631579
fashion_mnist,cut_backdoor,clean,137,29,latent_assignment_not_attack,18,47,0,1,210,0.2518674029277662,0.6860865435882088,0.20029165143462355,0.0,0.20029165143462355
fashion_mnist,cut_backdoor,clean,137,29,latent_assignment_not_attack,18,48,0,0,192,0.40974804350177757,0.9034297959271207,-0.2432928628717306,0.0,-0.2432928628717306
fashion_mnist,cut_backdoor,clean,137,29,latent_assignment_not_attack,18,49,0,0,1077,0.32560344117658296,0.6727935480073872,-0.05163253928943793,0.0,-0.05163253928943793
fashion_mnist,cut_backdoor,clean,137,29,latent_assignment_not_attack,18,50,0,0,59,0.1658479345270265,0.6110546949317267,-0.36031353232650315,0.0,-0.36031353232650315
fashion_mnist,cut_backdoor,clean,137,29,latent_assignment_not_attack,18,51,0,0,939,0.28334167553315187,0.6435759892474717,-0.22314354801305541,0.0,-0.22314354801305541
fashion_mnist,cut_backdoor,clean,137,29,latent_assignment_not_attack,18,52,0,0,70,0.3205349337762854,0.7617429795429455,-0.09311981395264363,0.0,-0.09311981395264363
fashion_mnist,cut_backdoor,clean,137,29,latent_assignment_not_attack,18,53,0,0,249,0.42938173740989843,0.708603758326097,0.31351142665807485,0.0,0.31351142665807485
fashion_mnist,cut_backdoor,clean,137,29,latent_assignment_not_attack,18,54,0,0,69,0.354724980477644,0.8829051550071091,0.15509873116141773,0.0,0.15509873116141773
fashion_mnist,cut_backdoor,clean,137,29,latent_assignment_not_attack,18,55,0,0,1032,0.394644995305765,0.8109973455075238,0.5228674136458432,0.0,0.5228674136458432
fashion_mnist,cut_backdoor,clean,137,29,latent_assignment_not_attack,18,56,0,0,1452,0.49428671578834765,0.8050553881789047,-0.1347877474383835,0.0,-0.1347877474383835
fashion_mnist,cut_backdoor,clean,137,29,latent_assignment_not_attack,18,57,0,0,887,0.3065278851378272,0.6554030678426682,0.2607924723176067,0.0,0.2607924723176067
fashion_mnist,cut_backdoor,clean,137,29,latent_assignment_not_attack,18,58,0,0,44,0.40389410879635496,0.8157050092191611,0.23336668749803133,0.0,0.23336668749803133
fashion_mnist,cut_backdoor,clean,137,29,latent_assignment_not_attack,18,60,0,0,187,0.32131967692691965,0.8728708447528059,-0.30269120098003444,0.0,-0.30269120098003444
fashion_mnist,cut_backdoor,clean,137,29,latent_assignment_not_attack,18,61,0,1,216,0.3222320615906358,0.7359401339782661,-0.025352841744633977,0.0,-0.025352841744633977
fashion_mnist,cut_backdoor,clean,137,29,latent_assignment_not_attack,18,62,0,0,975,0.3653800204228929,0.807579196094256,0.5229083421354301,0.0,0.5229083421354301
fashion_mnist,cut_backdoor,clean,137,29,latent_assignment_not_attack,18,63,0,0,250,0.34378950459324364,0.7680227136111022,-0.15757495410591674,0.0,-0.15757495410591674
fashion_mnist,cut_backdoor,clean,137,29,latent_assignment_not_attack,18,64,0,0,435,0.4740084817130041,0.809413096805045,-0.3770943293095775,0.0,-0.3770943293095775
fashion_mnist,cut_backdoor,clean,137,29,latent_assignment_not_attack,18,65,0,0,747,0.38129351446438287,0.8295118262382996,0.34670531724384696,0.0,0.34670531724384696
fashion_mnist,cut_backdoor,clean,137,29,latent_assignment_not_attack,18,66,0,1,20,0.4776479988878003,0.7889173834035864,0.5256283884243865,0.0,0.5256283884243865
fashion_mnist,cut_backdoor,clean,137,29,latent_assignment_not_attack,18,67,0,1,304,0.23713285268248957,0.7333089275759411,-0.4264791861857974,0.0,-0.4264791861857974
fashion_mnist,cut_backdoor,clean,137,29,latent_assignment_not_attack,18,68,0,0,87,0.6216283907701069,0.9229093818513189,0.006574391274859486,0.0,0.006574391274859486
fashion_mnist,cut_backdoor,clean,137,29,latent_assignment_not_attack,18,69,0,1,324,0.36566861927698274,0.9086431427038933,-0.02268538442883439,0.0,-0.02268538442883439
fashion_mnist,cut_backdoor,clean,137,29,latent_assignment_not_attack,18,70,0,1,437,0.4169485160993344,0.8322781102740807,-0.39729450957339013,0.0,-0.39729450957339013
fashion_mnist,cut_backdoor,clean,137,29,latent_assignment_not_attack,18,71,0,0,76,0.47871756517510233,0.7947043293980885,0.5645335707299428,0.0,0.5645335707299428
fashion_mnist,cut_backdoor,clean,137,29,latent_assignment_not_attack,18,72,0,0,119,0.30889760636593055,0.7929567243168416,-0.08472862949185987,0.0,-0.08472862949185987
fashion_mnist,cut_backdoor,clean,137,29,latent_assignment_not_attack,18,73,0,1,1907,0.5329246914597475,0.9152931277757445,-0.048736762847046894,0.0,-0.048736762847046894
fashion_mnist,cut_backdoor,clean,137,29,latent_assignment_not_attack,18,74,0,0,533,0.3316078967142613,0.8479554374454542,-0.33690898017074616,0.0,-0.33690898017074616
fashion_mnist,cut_backdoor,clean,137,29,latent_assignment_not_attack,18,75,0,0,435,0.32425322750561303,0.7489929456000135,0.2264859795604309,0.0,0.2264859795604309
fashion_mnist,cut_backdoor,clean,137,29,latent_assignment_not_attack,18,76,0,0,143,0.12689057265088732,0.6977001515630528,0.13347947087368053,0.0,0.13347947087368053
fashion_mnist,cut_backdoor,clean,137,29,latent_assignment_not_attack,18,77,0,0,288,0.3456398284496109,0.7053710841276932,-0.28163786975184446,0.0,-0.28163786975184446
fashion_mnist,cut_backdoor,clean,137,29,latent_assignment_not_attack,18,78,0,0,1205,0.30178107782154795,0.7405701617144261,0.07287301120417296,0.0,0.07287301120417296
fashion_mnist,cut_backdoor,clean,137,29,latent_assignment_not_attack,18,79,0,0,489,0.2814072202002313,0.6659556643593458,-0.2125208193549578,0.0,-0.2125208193549578
fashion_mnist,cut_backdoor,clean,137,29,latent_assignment_not_attack,18,80,0,0,41,0.25857174490132084,0.8482215838854467,0.1128824196050901,0.0,0.1128824196050901
fashion_mnist,cut_backdoor,clean,137,29,latent_assignment_not_attack,18,81,0,0,1537,0.48509793943984586,0.751831557627661,-0.3040916143787521,0.0,-0.3040916143787521
fashion_mnist,cut_backdoor,clean,137,29,latent_assignment_not_attack,18,82,0,0,32,0.3110181576985165,0.3504199765163455,0.031235157282084185,0.0,0.031235157282084185
fashion_mnist,cut_backdoor,clean,137,29,latent_assignment_not_attack,18,83,0,0,20,0.32471867943682614,0.7968170703362117,-0.2017841196569572,0.0,-0.2017841196569572
fashion_mnist,cut_backdoor,clean,137,29,latent_assignment_not_attack,18,84,0,0,225,0.5774251005827878,0.926655233543762,0.02893580549250087,0.0,0.02893580549250087
fashion_mnist,cut_backdoor,clean,137,29,latent_assignment_not_attack,18,85,0,0,117,0.2599629712807004,0.799408793307786,0.20128729683704766,0.0,0.20128729683704766
fashion_mnist,cut_backdoor,clean,137,29,latent_assignment_not_attack,18,87,0,0,394,0.3098863501427514,0.7009907357422862,-0.0653281309827681,0.0,-0.0653281309827681
fashion_mnist,cut_backdoor,clean,137,29,latent_assignment_not_attack,18,88,0,0,351,0.3720573275424287,0.7507782196886258,0.1820933739934173,0.0,0.1820933739934173
fashion_mnist,cut_backdoor,clean,137,29,latent_assignment_not_attack,18,89,0,0,162,0.2994309067999768,0.6711588764801609,-0.34560113333476694,0.0,-0.34560113333476694
fashion_mnist,cut_backdoor,clean,137,29,latent_assignment_not_attack,18,91,0,0,933,0.3337704132676296,0.8845817528415173,0.22890067878594317,0.0,0.22890067878594317
fashion_mnist,cut_backdoor,clean,137,29,latent_assignment_not_attack,18,92,0,0,113,0.23041702108927065,0.8384167788469925,0.11139682790391135,0.0,0.11139682790391135
fashion_mnist,cut_backdoor,clean,137,29,latent_assignment_not_attack,18,94,0,0,407,0.35907771067005073,0.7788056389607052,-0.3703962988046035,0.0,-0.3703962988046035
fashion_mnist,cut_backdoor,clean,137,29,latent_assignment_not_attack,18,95,0,0,1084,0.2666406711540284,0.7141273437446124,0.0632303005713341,0.0,0.0632303005713341
fashion_mnist,cut_backdoor,clean,137,29,latent_assignment_not_attack,18,96,0,0,896,0.3778318641364922,0.7456787935232122,0.28483094905793355,0.0,0.28483094905793355
fashion_mnist,cut_backdoor,clean,137,29,latent_assignment_not_attack,18,97,0,0,478,0.2652367524325857,0.786443048841545,-0.11424097889618638,0.0,-0.11424097889618638
fashion_mnist,cut_backdoor,clean,137,29,latent_assignment_not_attack,18,98,0,1,499,0.28712568081348905,0.5412332865176883,0.06474906701609195,0.0,0.06474906701609195
fashion_mnist,cut_backdoor,clean,137,29,latent_assignment_not_attack,18,99,0,1,97,0.25516925017115566,0.7306941517504336,0.032595898169697726,0.0,0.032595898169697726
fashion_mnist,cut_backdoor,clean,2024,0,latent_assignment_not_attack,19,0,0,0,604,0.5658464364496951,0.7344392908525466,-0.43794191351519235,0.0,-0.43794191351519235
fashion_mnist,cut_backdoor,clean,2024,0,latent_assignment_not_attack,19,1,0,0,1427,0.44108118452172035,0.6317761458639741,-0.43069617750872285,0.0,-0.43069617750872285
fashion_mnist,cut_backdoor,clean,2024,0,latent_assignment_not_attack,19,2,0,0,82,0.6394658668205665,0.9451435965306547,-0.233548455016989,0.0,-0.233548455016989
fashion_mnist,cut_backdoor,clean,2024,0,latent_assignment_not_attack,19,4,0,0,72,0.5557779195850396,0.885813693705512,-0.27287062830522635,0.0,-0.27287062830522635
fashion_mnist,cut_backdoor,clean,2024,0,latent_assignment_not_attack,19,5,0,0,1138,0.511981570941154,0.9123352134744319,-0.2969665905071306,0.0,-0.2969665905071306
fashion_mnist,cut_backdoor,clean,2024,0,latent_assignment_not_attack,19,6,0,1,131,0.6015273416321175,0.9057179340591762,-0.2651751472113765,0.0,-0.2651751472113765
fashion_mnist,cut_backdoor,clean,2024,0,latent_assignment_not_attack,19,7,0,0,222,0.5048095389922208,0.6867335975566713,-0.28041239675784385,0.0,-0.28041239675784385
fashion_mnist,cut_backdoor,clean,2024,0,latent_assignment_not_attack,19,8,0,0,1510,0.5564137800723631,0.7400913592612921,-0.1198627663513627,0.0,-0.1198627663513627
fashion_mnist,cut_backdoor,clean,2024,0,latent_assignment_not_attack,19,9,0,0,272,0.5787232056359478,0.9172621609207432,-0.3382712672923419,0.0,-0.3382712672923419
fashion_mnist,cut_backdoor,clean,2024,0,latent_assignment_not_attack,19,10,0,0,455,0.6248683160214665,0.8933624136426532,-0.17423114774541681,0.0,-0.17423114774541681
fashion_mnist,cut_backdoor,clean,2024,0,latent_assignment_not_attack,19,11,0,0,313,0.5904941907288864,0.9207756907302944,-0.3161998631290368,0.0,-0.3161998631290368
fashion_mnist,cut_backdoor,clean,2024,0,latent_assignment_not_attack,19,12,0,0,437,0.46345878092750603,0.6924877391347494,-0.48739061715971493,0.0,-0.48739061715971493
fashion_mnist,cut_backdoor,clean,2024,0,latent_assignment_not_attack,19,14,0,0,517,0.5165183605153066,0.7461013387153324,-0.4915207171318821,0.0,-0.4915207171318821
fashion_mnist,cut_backdoor,clean,2024,0,latent_assignment_not_attack,19,15,0,1,919,0.6723534114957985,0.9381034672510215,-0.1917328488106455,0.0,-0.1917328488106455
fashion_mnist,cut_backdoor,clean,2024,0,latent_assignment_not_attack,19,16,0,0,245,0.47333206708583386,0.6834911555229024,-0.5626180494774832,0.0,-0.5626180494774832
fashion_mnist,cut_backdoor,clean,2024,0,latent_assignment_not_attack,19,17,0,0,105,0.5464472586936555,0.8630941080947354,-0.30850544721551326,0.0,-0.30850544721551326
fashion_mnist,cut_backdoor,clean,2024,0,latent_assignment_not_attack,19,19,0,1,265,0.47683010804967024,0.746262924615263,-0.3449881661632459,0.0,-0.3449881661632459
fashion_mnist,cut_backdoor,clean,2024,0,latent_assignment_not_attack,19,20,0,1,1265,0.5729230199788795,0.8523242891072561,-0.31495750299697256,0.0,-0.31495750299697256
fashion_mnist,cut_backdoor,clean,2024,0,latent_assignment_not_attack,19,21,0,0,990,0.5158703206844039,0.8811138656420651,-0.2646240196971376,0.0,-0.2646240196971376
fashion_mnist,cut_backdoor,clean,2024,0,latent_assignment_not_attack,19,22,0,0,48,0.4688294719965644,0.7486063240387565,-0.37151796734985404,0.0,-0.37151796734985404
fashion_mnist,cut_backdoor,clean,2024,0,latent_assignment_not_attack,19,23,0,0,626,0.49034347363037056,0.7123114103859196,-0.41094357715509494,0.0,-0.41094357715509494
fashion_mnist,cut_backdoor,clean,2024,0,latent_assignment_not_attack,19,24,0,0,869,0.5033579422813275,0.7592129423290077,-0.35190336197455907,0.0,-0.35190336197455907
fashion_mnist,cut_backdoor,clean,2024,0,latent_assignment_not_attack,19,25,0,1,786,0.4638312807426585,0.7860964724079547,-0.36403964193967175,0.0,-0.36403964193967175
fashion_mnist,cut_backdoor,clean,2024,0,latent_assignment_not_attack,19,26,0,0,743,0.4991352138867461,0.7084943388486019,-0.2777269334482874,0.0,-0.2777269334482874
fashion_mnist,cut_backdoor,clean,2024,0,latent_assignment_not_attack,19,28,0,0,324,0.6301838464535104,0.8506285228149524,-0.22591689187177444,0.0,-0.22591689187177444
fashion_mnist,cut_backdoor,clean,2024,0,latent_assignment_not_attack,19,29,0,0,122,0.6980050443369755,0.9324381293321334,-0.17400030444396197,0.0,-0.17400030444396197
fashion_mnist,cut_backdoor,clean,2024,0,latent_assignment_not_attack,19,31,0,1,107,0.6210655929816501,0.9158531325364823,-0.2947081883902155,0.0,-0.2947081883902155
fashion_mnist,cut_backdoor,clean,2024,0,latent_assignment_not_attack,19,32,0,0,465,0.5768366904280864,0.8258763802841933,-0.38982086527827625,0.0,-0.38982086527827625
fashion_mnist,cut_backdoor,clean,2024,0,latent_assignment_not_attack,19,33,0,0,109,0.586708242280015,0.9336564154624056,-0.23947877144216476,0.0,-0.23947877144216476
fashion_mnist,cut_backdoor,clean,2024,0,latent_assignment_not_attack,19,34,0,0,964,0.6067828558286701,0.8571335930341585,-0.3716549571875701,0.0,-0.3716549571875701
fashion_mnist,cut_backdoor,clean,2024,0,latent_assignment_not_attack,19,35,0,0,498,0.6428774833088856,0.9080383609241389,-0.4281466544683507,0.0,-0.4281466544683507
fashion_mnist,cut_backdoor,clean,2024,0,latent_assignment_not_attack,19,36,0,0,949,0.5269890683479803,0.8681940192476576,-0.5533437897488899,0.0,-0.5533437897488899
fashion_mnist,cut_backdoor,clean,2024,0,latent_assignment_not_attack,19,37,0,0,20,0.5396691689033978,0.7433563560466934,-0.24773849372857606,0.0,-0.24773849372857606
fashion_mnist,cut_backdoor,clean,2024,0,latent_assignment_not_attack,19,38,0,0,410,0.6277215729705079,0.818947862760715,-0.4017413877018503,0.0,-0.4017413877018503
fashion_mnist,cut_backdoor,clean,2024,0,latent_assignment_not_attack,19,39,0,0,20,0.49179593862592885,0.7890696446988875,-0.3411179017530812,0.0,-0.3411179017530812
fashion_mnist,cut_backdoor,clean,2024,0,latent_assignment_not_attack,19,40,0,0,1422,0.6080516392081298,0.8511668529130774,-0.3742693169260144,0.0,-0.3742693169260144
fashion_mnist,cut_backdoor,clean,2024,0,latent_assignment_not_attack,19,41,0,0,1175,0.6847547570967071,0.9266925467161202,-0.2646707934658069,0.0,-0.2646707934658069
fashion_mnist,cut_backdoor,clean,2024,0,latent_assignment_not_attack,19,42,0,1,124,0.5051696662724058,0.7224929816431385,-0.4811395807423373,0.0,-0.4811395807423373
fashion_mnist,cut_backdoor,clean,2024,0,latent_assignment_not_attack,19,43,0,0,1127,0.6558356811293578,0.932066046428748,-0.41160925992773145,0.0,-0.41160925992773145
fashion_mnist,cut_backdoor,clean,2024,0,latent_assignment_not_attack,19,44,0,0,406,0.6650740619825111,0.9162897732286114,-0.4592782876569579,0.0,-0.4592782876569579
fashion_mnist,cut_backdoor,clean,2024,0,latent_assignment_not_attack,19,46,0,1,20,0.5980390611225405,0.6859441394970573,-0.34741089408333103,0.0,-0.34741089408333103
fashion_mnist,cut_backdoor,clean,2024,0,latent_assignment_not_attack,19,47,0,0,475,0.6146783733800915,0.833447137306026,-0.37885519909434306,0.0,-0.37885519909434306
fashion_mnist,cut_backdoor,clean,2024,0,latent_assignment_not_attack,19,48,0,1,175,0.6366144354320925,0.9078233416523689,-0.23483588697330277,0.0,-0.23483588697330277
fashion_mnist,cut_backdoor,clean,2024,0,latent_assignment_not_attack,19,49,0,0,3274,0.5275534466109033,0.7779295831888247,-0.2755985260841866,0.0,-0.2755985260841866
fashion_mnist,cut_backdoor,clean,2024,0,latent_assignment_not_attack,19,50,0,0,27,0.6587371271053734,0.8995106301684933,-0.4162214007858462,0.0,-0.4162214007858462
fashion_mnist,cut_backdoor,clean,2024,0,latent_assignment_not_attack,19,51,0,0,1215,0.6013217786682344,0.8158168456453275,-0.4027715616484503,0.0,-0.4027715616484503
fashion_mnist,cut_backdoor,clean,2024,0,latent_assignment_not_attack,19,53,0,1,452,0.5329959703663663,0.6526280781710865,-0.3839991738065142,0.0,-0.3839991738065142
fashion_mnist,cut_backdoor,clean,2024,0,latent_assignment_not_attack,19,54,0,1,210,0.6833626540213705,0.9504742804819705,-0.17917900785346572,0.0,-0.17917900785346572
fashion_mnist,cut_backdoor,clean,2024,0,latent_assignment_not_attack,19,55,0,0,552,0.607389050569599,0.8944599479773672,-0.4479893165890897,0.0,-0.4479893165890897
fashion_mnist,cut_backdoor,clean,2024,0,latent_assignment_not_attack,19,56,0,0,311,0.5904178374493945,0.8703916252548523,-0.33360271977704126,0.0,-0.33360271977704126
fashion_mnist,cut_backdoor,clean,2024,0,latent_assignment_not_attack,19,57,0,0,47,0.5859043423780059,0.8063614859901922,-0.29431305652876777,0.0,-0.29431305652876777
fashion_mnist,cut_backdoor,clean,2024,0,latent_assignment_not_attack,19,58,0,1,156,0.7336501795536823,0.925508814441854,-0.23441904128342891,0.0,-0.23441904128342891
fashion_mnist,cut_backdoor,clean,2024,0,latent_assignment_not_attack,19,59,0,0,82,0.5968826801555787,0.8787569709387422,-0.3654757260880323,0.0,-0.3654757260880323
fashion_mnist,cut_backdoor,clean,2024,0,latent_assignment_not_attack,19,61,0,1,40,0.5105969352024982,0.8827058640239127,-0.24884733034927797,0.0,-0.24884733034927797
fashion_mnist,cut_backdoor,clean,2024,0,latent_assignment_not_attack,19,62,0,0,497,0.8042522711979642,0.9435823577910745,-0.338427759916062,0.0,-0.338427759916062
fashion_mnist,cut_backdoor,clean,2024,0,latent_assignment_not_attack,19,63,0,0,249,0.6340158906630438,0.78843139697063,-0.3173450115263704,0.0,-0.3173450115263704
fashion_mnist,cut_backdoor,clean,2024,0,latent_assignment_not_attack,19,65,0,1,109,0.5718979080527897,0.860472159606133,-0.22336595940496104,0.0,-0.22336595940496104
fashion_mnist,cut_backdoor,clean,2024,0,latent_assignment_not_attack,19,66,0,0,1087,0.5232634522943259,0.6105330085145578,-0.27679501366348347,0.0,-0.27679501366348347
fashion_mnist,cut_backdoor,clean,2024,0,latent_assignment_not_attack,19,67,0,0,353,0.5829649786391954,0.9226365628223657,-0.2574443428203112,0.0,-0.2574443428203112
fashion_mnist,cut_backdoor,clean,2024,0,latent_assignment_not_attack,19,68,0,1,1156,0.5949129602561044,0.89832861527088,-0.3058213671069903,0.0,-0.3058213671069903
fashion_mnist,cut_backdoor,clean,2024,0,latent_assignment_not_attack,19,70,0,0,20,0.4332045766136906,0.6310094758791095,-0.37854257713927764,0.0,-0.37854257713927764
fashion_mnist,cut_backdoor,clean,2024,0,latent_assignment_not_attack,19,71,0,0,268,0.604290047045202,0.7363939013509678,-0.09339785850579282,0.0,-0.09339785850579282
fashion_mnist,cut_backdoor,clean,2024,0,latent_assignment_not_attack,19,72,0,0,514,0.5717086834253492,0.8366639399621608,-0.34969555955522136,0.0,-0.34969555955522136
fashion_mnist,cut_backdoor,clean,2024,0,latent_assignment_not_attack,19,73,0,0,1403,0.521612591677261,0.8001782536405972,-0.47124544245827277,0.0,-0.47124544245827277
fashion_mnist,cut_backdoor,clean,2024,0,latent_assignment_not_attack,19,74,0,0,27,0.6553350425771456,0.9286666244647177,-0.18606955667403924,0.0,-0.18606955667403924
fashion_mnist,cut_backdoor,clean,2024,0,latent_assignment_not_attack,19,75,0,1,574,0.7647880799679135,0.8958018601499413,-0.2840996308598177,0.0,-0.2840996308598177
fashion_mnist,cut_backdoor,clean,2024,0,latent_assignment_not_attack,19,76,0,1,363,0.5419619118668972,0.7361595591857336,-0.4349755251968766,0.0,-0.4349755251968766
fashion_mnist,cut_backdoor,clean,2024,0,latent_assignment_not_attack,19,77,0,0,193,0.5524389962127145,0.8333053318571653,-0.28534261966040547,0.0,-0.28534261966040547
fashion_mnist,cut_backdoor,clean,2024,0,latent_assignment_not_attack,19,78,0,0,148,0.6041489274702453,0.7790745117678098,-0.345179368654615,0.0,-0.345179368654615
fashion_mnist,cut_backdoor,clean,2024,0,latent_assignment_not_attack,19,79,0,0,927,0.6489196345440927,0.8676170742307979,-0.2094853491215584,0.0,-0.2094853491215584
fashion_mnist,cut_backdoor,clean,2024,0,latent_assignment_not_attack,19,80,0,0,230,0.6164589466412338,0.7789722001271215,-0.3436316600720895,0.0,-0.3436316600720895
fashion_mnist,cut_backdoor,clean,2024,0,latent_assignment_not_attack,19,81,0,0,2792,0.47164463264108697,0.739283626598797,-0.4668033860447484,0.0,-0.4668033860447484
fashion_mnist,cut_backdoor,clean,2024,0,latent_assignment_not_attack,19,82,0,0,590,0.5799207940961901,0.8637146912200893,-0.3736973778110959,0.0,-0.3736973778110959
fashion_mnist,cut_backdoor,clean,2024,0,latent_assignment_not_attack,19,83,0,0,332,0.7843305423261674,0.94299516390941,-0.3388146894403142,0.0,-0.3388146894403142
fashion_mnist,cut_backdoor,clean,2024,0,latent_assignment_not_attack,19,84,0,0,893,0.6287467288157282,0.9125246972663641,-0.32842850874041873,0.0,-0.32842850874041873
fashion_mnist,cut_backdoor,clean,2024,0,latent_assignment_not_attack,19,85,0,0,701,0.5423875152764726,0.8735163924127333,-0.2458661680596929,0.0,-0.2458661680596929
fashion_mnist,cut_backdoor,clean,2024,0,latent_assignment_not_attack,19,86,0,0,98,0.6542449815906661,0.75004450121932,-0.37119834186141065,0.0,-0.37119834186141065
fashion_mnist,cut_backdoor,clean,2024,0,latent_assignment_not_attack,19,87,0,0,880,0.5562088185244052,0.7671059858689714,-0.298172244266615,0.0,-0.298172244266615
fashion_mnist,cut_backdoor,clean,2024,0,latent_assignment_not_attack,19,88,0,0,872,0.602340976305092,0.9314005604241311,-0.47723688857173757,0.0,-0.47723688857173757
fashion_mnist,cut_backdoor,clean,2024,0,latent_assignment_not_attack,19,89,0,1,273,0.6992776234156605,0.7482049722781074,-0.042304523299983576,0.0,-0.042304523299983576
fashion_mnist,cut_backdoor,clean,2024,0,latent_assignment_not_attack,19,90,0,0,306,0.612622949015592,0.9330892929494956,-0.27394719569318854,0.0,-0.27394719569318854
fashion_mnist,cut_backdoor,clean,2024,0,latent_assignment_not_attack,19,91,0,0,670,0.6398764455894971,0.8688001546682228,-0.21279130235745974,0.0,-0.21279130235745974
fashion_mnist,cut_backdoor,clean,2024,0,latent_assignment_not_attack,19,92,0,0,294,0.7454331716506097,0.8926518370125176,-0.2514914212607425,0.0,-0.2514914212607425
fashion_mnist,cut_backdoor,clean,2024,0,latent_assignment_not_attack,19,93,0,0,887,0.6039205287541548,0.8735059972846944,-0.14331197482854177,0.0,-0.14331197482854177
fashion_mnist,cut_backdoor,clean,2024,0,latent_assignment_not_attack,19,94,0,0,67,0.6371329091682587,0.9035181006419556,-0.26031748665284943,0.0,-0.26031748665284943
fashion_mnist,cut_backdoor,clean,2024,0,latent_assignment_not_attack,19,95,0,0,815,0.6589717987826336,0.8949877554134196,-0.1748227558349855,0.0,-0.1748227558349855
fashion_mnist,cut_backdoor,clean,2024,0,latent_assignment_not_attack,19,96,0,0,300,0.636512125908426,0.9388332802924187,-0.43074706006476116,0.0,-0.43074706006476116
fashion_mnist,cut_backdoor,clean,2024,0,latent_assignment_not_attack,19,97,0,0,94,0.6807645822097431,0.8737214976791872,-0.195362906739659,0.0,-0.195362906739659
fashion_mnist,cut_backdoor,clean,2024,0,latent_assignment_not_attack,19,98,0,0,20,0.7498066650925421,0.9118104533003264,-0.36977138429025624,0.0,-0.36977138429025624
fashion_mnist,cut_backdoor,clean,2024,0,latent_assignment_not_attack,19,99,0,0,76,0.6364403017584938,0.9012840915648896,-0.46450637629903735,0.0,-0.46450637629903735
fashion_mnist,cut_backdoor,clean,2024,9,latent_assignment_not_attack,19,0,0,0,604,0.35179771919837227,0.634864335128037,-0.17166831288290293,0.0,-0.17166831288290293
fashion_mnist,cut_backdoor,clean,2024,9,latent_assignment_not_attack,19,1,0,0,1427,0.34271607636198353,0.6396829769951317,-0.23682732071790674,0.0,-0.23682732071790674
fashion_mnist,cut_backdoor,clean,2024,9,latent_assignment_not_attack,19,3,0,0,621,0.3984300482134866,0.7990046627083947,-0.09727677761016633,0.0,-0.09727677761016633
fashion_mnist,cut_backdoor,clean,2024,9,latent_assignment_not_attack,19,4,0,0,72,0.3820222325185849,0.7439428810460912,-0.1033002619554248,0.0,-0.1033002619554248
fashion_mnist,cut_backdoor,clean,2024,9,latent_assignment_not_attack,19,5,0,0,1138,0.3665563168951925,0.7835505427377921,-0.12882395809927236,0.0,-0.12882395809927236
fashion_mnist,cut_backdoor,clean,2024,9,latent_assignment_not_attack,19,6,0,1,131,0.4301553480745347,0.7429106437734436,-0.08582157092490889,0.0,-0.08582157092490889
fashion_mnist,cut_backdoor,clean,2024,9,latent_assignment_not_attack,19,7,0,0,222,0.471569787771517,0.7181358731055335,0.03707054989175533,0.0,0.03707054989175533
fashion_mnist,cut_backdoor,clean,2024,9,latent_assignment_not_attack,19,8,0,0,1510,0.4917577760726775,0.7601088061856272,0.1268108731759384,0.0,0.1268108731759384
fashion_mnist,cut_backdoor,clean,2024,9,latent_assignment_not_attack,19,9,0,0,272,0.3475734768579112,0.8065819409538146,-0.06786205339324893,0.0,-0.06786205339324893
fashion_mnist,cut_backdoor,clean,2024,9,latent_assignment_not_attack,19,10,0,0,455,0.4663374878810934,0.7650490960220337,0.009328673132709924,0.0,0.009328673132709924
fashion_mnist,cut_backdoor,clean,2024,9,latent_assignment_not_attack,19,11,0,0,313,0.436573233116319,0.9089352359196742,-0.176158859041883,0.0,-0.176158859041883
fashion_mnist,cut_backdoor,clean,2024,9,latent_assignment_not_attack,19,12,0,0,437,0.3039549732799556,0.73862565135416,-0.17936761922004585,0.0,-0.17936761922004585
fashion_mnist,cut_backdoor,clean,2024,9,latent_assignment_not_attack,19,13,0,0,159,0.3308332260548427,0.6586094677984902,-0.1490029052132165,0.0,-0.1490029052132165
fashion_mnist,cut_backdoor,clean,2024,9,latent_assignment_not_attack,19,14,0,0,517,0.34961954450853966,0.6895675911022165,-0.23559789561091296,0.0,-0.23559789561091296
fashion_mnist,cut_backdoor,clean,2024,9,latent_assignment_not_attack,19,15,0,1,919,0.5210913739551596,0.8538860466072322,0.006865897591106412,0.0,0.006865897591106412
fashion_mnist,cut_backdoor,clean,2024,9,latent_assignment_not_attack,19,16,0,0,245,0.2961349340806842,0.6582703363029827,-0.2553614578568885,0.0,-0.2553614578568885
fashion_mnist,cut_backdoor,clean,2024,9,latent_assignment_not_attack,19,18,0,0,105,0.38931130900868316,0.6201569504942672,-0.1486200954073411,0.0,-0.1486200954073411
fashion_mnist,cut_backdoor,clean,2024,9,latent_assignment_not_attack,19,19,0,1,265,0.4388847925029968,0.7188717656552746,0.10234281288465905,0.0,0.10234281288465905
fashion_mnist,cut_backdoor,clean,2024,9,latent_assignment_not_attack,19,20,0,1,1265,0.3072738110597319,0.744359585196775,-0.11830008257248961,0.0,-0.11830008257248961
fashion_mnist,cut_backdoor,clean,2024,9,latent_assignment_not_attack,19,21,0,0,990,0.34491457684665155,0.7312878061859285,-0.19805652346413827,0.0,-0.19805652346413827
fashion_mnist,cut_backdoor,clean,2024,9,latent_assignment_not_attack,19,23,0,0,626,0.3828534089381786,0.6647811688826882,-0.1384566414608287,0.0,-0.1384566414608287
fashion_mnist,cut_backdoor,clean,2024,9,latent_assignment_not_attack,19,24,0,0,869,0.34876829247930513,0.6573251876546815,-0.17940588066497226,0.0,-0.17940588066497226
fashion_mnist,cut_backdoor,clean,2024,9,latent_assignment_not_attack,19,25,0,1,786,0.401303653289015,0.6784320082862313,0.02355364663509188,0.0,0.02355364663509188
fashion_mnist,cut_backdoor,clean,2024,9,latent_assignment_not_attack,19,27,0,0,567,0.3035186583100461,0.7485726508492532,-0.16888072563681997,0.0,-0.16888072563681997
fashion_mnist,cut_backdoor,clean,2024,9,latent_assignment_not_attack,19,28,0,0,324,0.40413653546134176,0.7647575892518604,-0.13206492220735974,0.0,-0.13206492220735974
fashion_mnist,cut_backdoor,clean,2024,9,latent_assignment_not_attack,19,29,0,0,122,0.5307607738448442,0.8574274330570354,0.017559009570240893,0.0,0.017559009570240893
fashion_mnist,cut_backdoor,clean,2024,9,latent_assignment_not_attack,19,30,0,0,654,0.3032490925240191,0.7322476661757057,-0.21994177616033025,0.0,-0.21994177616033025
fashion_mnist,cut_backdoor,clean,2024,9,latent_assignment_not_attack,19,31,0,1,107,0.42017820304636266,0.846390465146745,-0.028511442619268287,0.0,-0.028511442619268287
fashion_mnist,cut_backdoor,clean,2024,9,latent_assignment_not_attack,19,32,0,0,465,0.34108591271531913,0.8177905642036191,-0.039992570107718124,0.0,-0.039992570107718124
fashion_mnist,cut_backdoor,clean,2024,9,latent_assignment_not_attack,19,33,0,0,109,0.5028705515045266,0.9295108251165607,-0.12415077092160183,0.0,-0.12415077092160183
fashion_mnist,cut_backdoor,clean,2024,9,latent_assignment_not_attack,19,34,0,0,964,0.4284031660120445,0.7615206866506373,-0.11001793806483694,0.0,-0.11001793806483694
fashion_mnist,cut_backdoor,clean,2024,9,latent_assignment_not_attack,19,36,0,0,949,0.29902422655683875,0.7706460575944822,-0.26542343635806437,0.0,-0.26542343635806437
fashion_mnist,cut_backdoor,clean,2024,9,latent_assignment_not_attack,19,37,0,0,20,0.4647037816066614,0.6145630063828521,-0.13279628923990727,0.0,-0.13279628923990727
fashion_mnist,cut_backdoor,clean,2024,9,latent_assignment_not_attack,19,38,0,0,410,0.29050370418752053,0.808941120312598,-0.1814201650796708,0.0,-0.1814201650796708
fashion_mnist,cut_backdoor,clean,2024,9,latent_assignment_not_attack,19,39,0,0,20,0.3275586968297967,0.5843683983120403,-0.1959249069893998,0.0,-0.1959249069893998
fashion_mnist,cut_backdoor,clean,2024,9,latent_assignment_not_attack,19,40,0,0,1422,0.3664422643431677,0.8102161593947382,-0.1254901643928865,0.0,-0.1254901643928865
fashion_mnist,cut_backdoor,clean,2024,9,latent_assignment_not_attack,19,41,0,0,1175,0.45509901631503147,0.8595422770757258,0.017392512601602766,0.0,0.017392512601602766
fashion_mnist,cut_backdoor,clean,2024,9,latent_assignment_not_attack,19,42,0,1,124,0.2790423366672971,0.7219364653074636,-0.1755208992675974,0.0,-0.1755208992675974
fashion_mnist,cut_backdoor,clean,2024,9,latent_assignment_not_attack,19,43,0,0,1127,0.3617388053012242,0.8181791041811997,-0.17086201090710468,0.0,-0.17086201090710468
fashion_mnist,cut_backdoor,clean,2024,9,latent_assignment_not_attack,19,44,0,0,406,0.33873100868789086,0.857585042718752,-0.15110549283104632,0.0,-0.15110549283104632
fashion_mnist,cut_backdoor,clean,2024,9,latent_assignment_not_attack,19,45,0,0,376,0.4973631065243678,0.8751415693835949,0.04016187218602136,0.0,0.04016187218602136
fashion_mnist,cut_backdoor,clean,2024,9,latent_assignment_not_attack,19,46,0,1,20,0.38957798421648676,0.6348723710949273,-0.19170361574988246,0.0,-0.19170361574988246
fashion_mnist,cut_backdoor,clean,2024,9,latent_assignment_not_attack,19,47,0,0,475,0.3030109795697833,0.7290904529731209,-0.24296316467692863,0.0,-0.24296316467692863
fashion_mnist,cut_backdoor,clean,2024,9,latent_assignment_not_attack,19,48,0,1,175,0.4696287754994428,0.862169760816373,0.03283190877248085,0.0,0.03283190877248085
fashion_mnist,cut_backdoor,clean,2024,9,latent_assignment_not_attack,19,49,0,0,3274,0.40865423213825486,0.6489277751224619,-0.18238115581515804,0.0,-0.18238115581515804
fashion_mnist,cut_backdoor,clean,2024,9,latent_assignment_not_attack,19,50,0,0,27,0.2610647380485961,0.7289606201186594,-0.2523328915726933,0.0,-0.2523328915726933
fashion_mnist,cut_backdoor,clean,2024,9,latent_assignment_not_attack,19,51,0,0,1215,0.34921760781585764,0.6798559956472322,-0.10978617748034916,0.0,-0.10978617748034916
fashion_mnist,cut_backdoor,clean,2024,9,latent_assignment_not_attack,19,52,0,0,182,0.4275594181090198,0.8063353379951049,-0.09829724399218538,0.0,-0.09829724399218538
fashion_mnist,cut_backdoor,clean,2024,9,latent_assignment_not_attack,19,53,0,1,452,0.4607924000712459,0.7464970574442229,0.07448944661733177,0.0,0.07448944661733177
fashion_mnist,cut_backdoor,clean,2024,9,latent_assignment_not_attack,19,54,0,1,210,0.5939334470757522,0.9454400482351071,-0.1029742858911727,0.0,-0.1029742858911727
fashion_mnist,cut_backdoor,clean,2024,9,latent_assignment_not_attack,19,55,0,0,552,0.2850040381152924,0.6442935854251515,-0.23800656197970857,0.0,-0.23800656197970857
fashion_mnist,cut_backdoor,clean,2024,9,latent_assignment_not_attack,19,56,0,0,311,0.30399031507376534,0.7594346137820962,-0.08234396049209945,0.0,-0.08234396049209945
fashion_mnist,cut_backdoor,clean,2024,9,latent_assignment_not_attack,19,57,0,0,47,0.4354659651914952,0.7869459714664928,-0.026440945451700934,0.0,-0.026440945451700934
fashion_mnist,cut_backdoor,clean,2024,9,latent_assignment_not_attack,19,58,0,1,156,0.42916692660142264,0.8461703976814586,-0.06521672938731282,0.0,-0.06521672938731282
fashion_mnist,cut_backdoor,clean,2024,9,latent_assignment_not_attack,19,59,0,0,82,0.43498791946230847,0.8383835209450222,-0.011312822675070036,0.0,-0.011312822675070036
fashion_mnist,cut_backdoor,clean,2024,9,latent_assignment_not_attack,19,61,0,1,40,0.3978471607156396,0.6593797275911264,-0.011851121478122393,0.0,-0.011851121478122393
fashion_mnist,cut_backdoor,clean,2024,9,latent_assignment_not_attack,19,62,0,0,497,0.405654765149822,0.7332820243658714,-0.10094481365284781,0.0,-0.10094481365284781
fashion_mnist,cut_backdoor,clean,2024,9,latent_assignment_not_attack,19,63,0,0,249,0.4302355333756019,0.7150557457143869,-0.07408929116335349,0.0,-0.07408929116335349
fashion_mnist,cut_backdoor,clean,2024,9,latent_assignment_not_attack,19,64,0,0,609,0.3252467371537775,0.7783226785769927,-0.12409038249997842,0.0,-0.12409038249997842
fashion_mnist,cut_backdoor,clean,2024,9,latent_assignment_not_attack,19,65,0,1,109,0.38218185086770373,0.728310379276125,-0.13431927606620486,0.0,-0.13431927606620486
fashion_mnist,cut_backdoor,clean,2024,9,latent_assignment_not_attack,19,66,0,0,1087,0.4569961294740338,0.6282448607534526,0.02161285339165854,0.0,0.02161285339165854
fashion_mnist,cut_backdoor,clean,2024,9,latent_assignment_not_attack,19,67,0,0,353,0.5122051193676744,0.9006182955627221,-0.123025672406937,0.0,-0.123025672406937
fashion_mnist,cut_backdoor,clean,2024,9,latent_assignment_not_attack,19,68,0,1,1156,0.40065135085770387,0.852788801143714,0.007626881087378848,0.0,0.007626881087378848
fashion_mnist,cut_backdoor,clean,2024,9,latent_assignment_not_attack,19,69,0,0,558,0.3497314081218043,0.8282298202062635,-0.031713102929103044,0.0,-0.031713102929103044
fashion_mnist,cut_backdoor,clean,2024,9,latent_assignment_not_attack,19,70,0,0,20,0.2847888615143666,0.39910027879569315,-0.22583038883045642,0.0,-0.22583038883045642
fashion_mnist,cut_backdoor,clean,2024,9,latent_assignment_not_attack,19,71,0,0,268,0.5479606431948123,0.8070102639936643,0.15612643671749005,0.0,0.15612643671749005
fashion_mnist,cut_backdoor,clean,2024,9,latent_assignment_not_attack,19,72,0,0,514,0.4467174413141946,0.8055888299272043,-0.04782665706441246,0.0,-0.04782665706441246
fashion_mnist,cut_backdoor,clean,2024,9,latent_assignment_not_attack,19,73,0,0,1403,0.3394751476764606,0.8281156898593436,-0.2856935182707007,0.0,-0.2856935182707007
fashion_mnist,cut_backdoor,clean,2024,9,latent_assignment_not_attack,19,74,0,0,27,0.4576578160205895,0.8544674074351397,-0.009154177894998167,0.0,-0.009154177894998167
fashion_mnist,cut_backdoor,clean,2024,9,latent_assignment_not_attack,19,75,0,1,574,0.35154963385340865,0.8264492349531956,-0.05497578514953295,0.0,-0.05497578514953295
fashion_mnist,cut_backdoor,clean,2024,9,latent_assignment_not_attack,19,76,0,1,363,0.3055124800100683,0.6640308540300577,-0.16813948203859497,0.0,-0.16813948203859497
fashion_mnist,cut_backdoor,clean,2024,9,latent_assignment_not_attack,19,77,0,0,193,0.3618595781207071,0.7466002691292999,-0.12438410409217429,0.0,-0.12438410409217429
fashion_mnist,cut_backdoor,clean,2024,9,latent_assignment_not_attack,19,78,0,0,148,0.4122963068677244,0.7476679772657405,-0.0961618662347268,0.0,-0.0961618662347268
fashion_mnist,cut_backdoor,clean,2024,9,latent_assignment_not_attack,19,79,0,0,927,0.5490255969347686,0.8155684977934072,0.01206203161979679,0.0,0.01206203161979679
fashion_mnist,cut_backdoor,clean,2024,9,latent_assignment_not_attack,19,80,0,0,230,0.5212039719864517,0.8999865888297837,-0.11698973349306478,0.0,-0.11698973349306478
fashion_mnist,cut_backdoor,clean,2024,9,latent_assignment_not_attack,19,81,0,0,2792,0.3461969290532446,0.674330301428549,-0.05440658730907177,0.0,-0.05440658730907177
fashion_mnist,cut_backdoor,clean,2024,9,latent_assignment_not_attack,19,82,0,0,590,0.39549167776074823,0.7314770030831097,-0.139026962929228,0.0,-0.139026962929228
fashion_mnist,cut_backdoor,clean,2024,9,latent_assignment_not_attack,19,83,0,0,332,0.398973342519894,0.7322406351963576,-0.10769021633043233,0.0,-0.10769021633043233
fashion_mnist,cut_backdoor,clean,2024,9,latent_assignment_not_attack,19,84,0,0,893,0.31340477603988054,0.731605902427282,-0.20774500430330864,0.0,-0.20774500430330864
fashion_mnist,cut_backdoor,clean,2024,9,latent_assignment_not_attack,19,85,0,0,701,0.36227337873536913,0.670886824064171,-0.20727581483165203,0.0,-0.20727581483165203
fashion_mnist,cut_backdoor,clean,2024,9,latent_assignment_not_attack,19,87,0,0,880,0.38762930379426636,0.7698966824015215,-0.12573569859264197,0.0,-0.12573569859264197
fashion_mnist,cut_backdoor,clean,2024,9,latent_assignment_not_attack,19,88,0,0,872,0.26829503283310824,0.8073627409726136,-0.1684693078849037,0.0,-0.1684693078849037
fashion_mnist,cut_backdoor,clean,2024,9,latent_assignment_not_attack,19,89,0,1,273,0.7522205940723505,0.8308445008664311,0.2179028455460244,0.0,0.2179028455460244
fashion_mnist,cut_backdoor,clean,2024,9,latent_assignment_not_attack,19,90,0,0,306,0.5606077290769148,0.9221321060008163,-0.13273145627550964,0.0,-0.13273145627550964
fashion_mnist,cut_backdoor,clean,2024,9,latent_assignment_not_attack,19,91,0,0,670,0.431181295443155,0.678396859741502,-0.09849843314421382,0.0,-0.09849843314421382
fashion_mnist,cut_backdoor,clean,2024,9,latent_assignment_not_attack,19,92,0,0,294,0.4732584904439193,0.8416280018596016,-0.02339765386145405,0.0,-0.02339765386145405
fashion_mnist,cut_backdoor,clean,2024,9,latent_assignment_not_attack,19,95,0,0,815,0.35963997158808353,0.7991234603750862,-0.12857008217942556,0.0,-0.12857008217942556
fashion_mnist,cut_backdoor,clean,2024,9,latent_assignment_not_attack,19,96,0,0,300,0.29227732496984127,0.8711974806439162,-0.19998773359216737,0.0,-0.19998773359216737
fashion_mnist,cut_backdoor,clean,2024,9,latent_assignment_not_attack,19,97,0,0,94,0.5379744094469464,0.8066210729446521,0.0019519058467965895,0.0,0.0019519058467965895
fashion_mnist,cut_backdoor,clean,2024,9,latent_assignment_not_attack,19,98,0,0,20,0.417557982459665,0.6975821010178296,-0.10416991833345164,0.0,-0.10416991833345164
fashion_mnist,cut_backdoor,clean,2024,29,latent_assignment_not_attack,19,0,0,0,604,0.3103313066829081,0.754581706888432,-0.3437649859640776,0.0,-0.3437649859640776
fashion_mnist,cut_backdoor,clean,2024,29,latent_assignment_not_attack,19,1,0,0,1427,0.31456898663900196,0.7045017011138495,-0.39927048070631005,0.0,-0.39927048070631005
fashion_mnist,cut_backdoor,clean,2024,29,latent_assignment_not_attack,19,2,0,0,82,0.5300173153438994,0.9548295853086053,0.013090345615469286,0.0,0.013090345615469286
fashion_mnist,cut_backdoor,clean,2024,29,latent_assignment_not_attack,19,3,0,0,621,0.3045894042938641,0.7414492010697545,-0.07390215560788711,0.0,-0.07390215560788711
fashion_mnist,cut_backdoor,clean,2024,29,latent_assignment_not_attack,19,4,0,0,72,0.31148286568286787,0.729353078594351,-0.3634443040681314,0.0,-0.3634443040681314
fashion_mnist,cut_backdoor,clean,2024,29,latent_assignment_not_attack,19,5,0,0,1138,0.31192109513902466,0.7171066347055934,-0.3178292598892047,0.0,-0.3178292598892047
fashion_mnist,cut_backdoor,clean,2024,29,latent_assignment_not_attack,19,6,0,1,131,0.38070797167636306,0.8117906931998229,-0.321821365571046,0.0,-0.321821365571046
fashion_mnist,cut_backdoor,clean,2024,29,latent_assignment_not_attack,19,8,0,0,1510,0.4175621457513919,0.6996122663743544,0.47145338102678946,0.0,0.47145338102678946
fashion_mnist,cut_backdoor,clean,2024,29,latent_assignment_not_attack,19,9,0,0,272,0.32952229915109105,0.8022198029898219,0.010715816199357645,0.0,0.010715816199357645
fashion_mnist,cut_backdoor,clean,2024,29,latent_assignment_not_attack,19,11,0,0,313,0.3321485103238484,0.9104966280458442,-0.1859841351402865,0.0,-0.1859841351402865
fashion_mnist,cut_backdoor,clean,2024,29,latent_assignment_not_attack,19,12,0,0,437,0.21508343648626801,0.7281266486020689,-0.48626097705465104,0.0,-0.48626097705465104
fashion_mnist,cut_backdoor,clean,2024,29,latent_assignment_not_attack,19,13,0,0,159,0.26795762826848163,0.6742314347707885,-0.4449898609735193,0.0,-0.4449898609735193
fashion_mnist,cut_backdoor,clean,2024,29,latent_assignment_not_attack,19,14,0,0,517,0.2934954177018667,0.6800533775268264,-0.4142754864749589,0.0,-0.4142754864749589
fashion_mnist,cut_backdoor,clean,2024,29,latent_assignment_not_attack,19,15,0,1,919,0.4483375372007327,0.8609851625167382,-0.3792308159612463,0.0,-0.3792308159612463
fashion_mnist,cut_backdoor,clean,2024,29,latent_assignment_not_attack,19,16,0,0,245,0.1937590682342969,0.6742717671149407,0.14289818361421927,0.0,0.14289818361421927
fashion_mnist,cut_backdoor,clean,2024,29,latent_assignment_not_attack,19,17,0,0,105,0.34241922798645635,0.8058456318560113,-0.37070465463193114,0.0,-0.37070465463193114
fashion_mnist,cut_backdoor,clean,2024,29,latent_assignment_not_attack,19,18,0,0,105,0.2864248251118211,0.5458321954607189,0.09943713091449644,0.0,0.09943713091449644
fashion_mnist,cut_backdoor,clean,2024,29,latent_assignment_not_attack,19,19,0,1,265,0.386895007836322,0.7674288483238518,0.29432147553611987,0.0,0.29432147553611987
fashion_mnist,cut_backdoor,clean,2024,29,latent_assignment_not_attack,19,20,0,1,1265,0.2211065649192068,0.6241679408534253,0.2929155820598384,0.0,0.2929155820598384
fashion_mnist,cut_backdoor,clean,2024,29,latent_assignment_not_attack,19,21,0,0,990,0.22821767762775028,0.6400797973436172,-0.1048660106163121,0.0,-0.1048660106163121
fashion_mnist,cut_backdoor,clean,2024,29,latent_assignment_not_attack,19,22,0,0,48,0.29839529459574116,0.6020421213603828,-0.22417937947912195,0.0,-0.22417937947912195
fashion_mnist,cut_backdoor,clean,2024,29,latent_assignment_not_attack,19,23,0,0,626,0.31411088771706064,0.6597573989382473,-0.15944713951357176,0.0,-0.15944713951357176
fashion_mnist,cut_backdoor,clean,2024,29,latent_assignment_not_attack,19,24,0,0,869,0.2870733284701001,0.6457326501190864,0.06967748841638921,0.0,0.06967748841638921
fashion_mnist,cut_backdoor,clean,2024,29,latent_assignment_not_attack,19,25,0,1,786,0.3640198562298218,0.6954156942661919,0.23609282920525806,0.0,0.23609282920525806
fashion_mnist,cut_backdoor,clean,2024,29,latent_assignment_not_attack,19,26,0,0,743,0.4706544507797025,0.7285787843109384,0.41627185208321144,0.0,0.41627185208321144
fashion_mnist,cut_backdoor,clean,2024,29,latent_assignment_not_attack,19,27,0,0,567,0.21581984155352782,0.5908716178003036,0.1369637189501869,0.0,0.1369637189501869
fashion_mnist,cut_backdoor,clean,2024,29,latent_assignment_not_attack,19,28,0,0,324,0.2893527251364573,0.6887393531917454,-0.3036609138781498,0.0,-0.3036609138781498
fashion_mnist,cut_backdoor,clean,2024,29,latent_assignment_not_attack,19,29,0,0,122,0.4393641194462452,0.8615968584323758,-0.3990151362634421,0.0,-0.3990151362634421
fashion_mnist,cut_backdoor,clean,2024,29,latent_assignment_not_attack,19,30,0,0,654,0.17973670334172032,0.7212207945097509,0.1629567411499058,0.0,0.1629567411499058
fashion_mnist,cut_backdoor,clean,2024,29,latent_assignment_not_attack,19,31,0,1,107,0.35633680956396063,0.8217716036718636,-0.07250117630607852,0.0,-0.07250117630607852
fashion_mnist,cut_backdoor,clean,2024,29,latent_assignment_not_attack,19,32,0,0,465,0.31619936796697945,0.7499463535738723,0.03434471351091616,0.0,0.03434471351091616
fashion_mnist,cut_backdoor,clean,2024,29,latent_assignment_not_attack,19,33,0,0,109,0.43255184681916375,0.9445413118682093,-0.1535348742143039,0.0,-0.1535348742143039
fashion_mnist,cut_backdoor,clean,2024,29,latent_assignment_not_attack,19,34,0,0,964,0.37643370143878296,0.7163242670427307,0.23387017164273105,0.0,0.23387017164273105
fashion_mnist,cut_backdoor,clean,2024,29,latent_assignment_not_attack,19,35,0,0,498,0.2910845259451787,0.6611952366939492,0.27846098490839677,0.0,0.27846098490839677
fashion_mnist,cut_backdoor,clean,2024,29,latent_assignment_not_attack,19,37,0,0,20,0.45331608589956995,0.6073321748374534,-0.031397105315391076,0.0,-0.031397105315391076
fashion_mnist,cut_backdoor,clean,2024,29,latent_assignment_not_attack,19,38,0,0,410,0.18223998035727113,0.6777257685727935,0.14179224040963154,0.0,0.14179224040963154
fashion_mnist,cut_backdoor,clean,2024,29,latent_assignment_not_attack,19,39,0,0,20,0.3013889034363763,0.5285811847577191,0.08256073507704224,0.0,0.08256073507704224
fashion_mnist,cut_backdoor,clean,2024,29,latent_assignment_not_attack,19,40,0,0,1422,0.29517072161986324,0.7813812419963166,-0.03187471150065072,0.0,-0.03187471150065072
fashion_mnist,cut_backdoor,clean,2024,29,latent_assignment_not_attack,19,41,0,0,1175,0.3580090869812617,0.8248607494639275,-0.14949407480849417,0.0,-0.14949407480849417
fashion_mnist,cut_backdoor,clean,2024,29,latent_assignment_not_attack,19,42,0,1,124,0.21811165509328082,0.5904764773302289,0.20750953647596104,0.0,0.20750953647596104
fashion_mnist,cut_backdoor,clean,2024,29,latent_assignment_not_attack,19,43,0,0,1127,0.2415172272308608,0.6919760860849353,0.07600844650873732,0.0,0.07600844650873732
fashion_mnist,cut_backdoor,clean,2024,29,latent_assignment_not_attack,19,44,0,0,406,0.23342648194189666,0.6510806649408961,0.14178194138956365,0.0,0.14178194138956365
fashion_mnist,cut_backdoor,clean,2024,29,latent_assignment_not_attack,19,45,0,0,376,0.41765146944222625,0.8351417844192144,0.32296679134442796,0.0,0.32296679134442796
fashion_mnist,cut_backdoor,clean,2024,29,latent_assignment_not_attack,19,46,0,1,20,0.2816522081890993,0.5393301747456809,-0.015820967442614353,0.0,-0.015820967442614353
fashion_mnist,cut_backdoor,clean,2024,29,latent_assignment_not_attack,19,48,0,1,175,0.3895618689887994,0.781908853896756,0.3737573634745177,0.0,0.3737573634745177
fashion_mnist,cut_backdoor,clean,2024,29,latent_assignment_not_attack,19,49,0,0,3274,0.3659056727370363,0.6393968080955182,-0.12423287185400571,0.0,-0.12423287185400571
fashion_mnist,cut_backdoor,clean,2024,29,latent_assignment_not_attack,19,51,0,0,1215,0.2430214127829199,0.5906649074499679,0.16735663926810873,0.0,0.16735663926810873
fashion_mnist,cut_backdoor,clean,2024,29,latent_assignment_not_attack,19,53,0,1,452,0.430374926999256,0.7946150023395451,0.3834306120292112,0.0,0.3834306120292112
fashion_mnist,cut_backdoor,clean,2024,29,latent_assignment_not_attack,19,54,0,1,210,0.5243448401775638,0.9579737512083317,-0.08904136078522172,0.0,-0.08904136078522172
fashion_mnist,cut_backdoor,clean,2024,29,latent_assignment_not_attack,19,55,0,0,552,0.23860265188004565,0.5549423319000979,0.10371841113870155,0.0,0.10371841113870155
fashion_mnist,cut_backdoor,clean,2024,29,latent_assignment_not_attack,19,56,0,0,311,0.31574148277534997,0.7874977026177502,0.007871786513352774,0.0,0.007871786513352774
fashion_mnist,cut_backdoor,clean,2024,29,latent_assignment_not_attack,19,57,0,0,47,0.3979738183194002,0.7795586089997202,-0.09273349361862164,0.0,-0.09273349361862164
fashion_mnist,cut_backdoor,clean,2024,29,latent_assignment_not_attack,19,58,0,1,156,0.32899371004270667,0.844499749872195,0.26814672542826495,0.0,0.26814672542826495
fashion_mnist,cut_backdoor,clean,2024,29,latent_assignment_not_attack,19,59,0,0,82,0.3657788768358254,0.8111286486149124,0.012742728538477929,0.0,0.012742728538477929
fashion_mnist,cut_backdoor,clean,2024,29,latent_assignment_not_attack,19,60,0,0,2035,0.4223658008464203,0.796830781905669,0.32506217485082833,0.0,0.32506217485082833
fashion_mnist,cut_backdoor,clean,2024,29,latent_assignment_not_attack,19,61,0,1,40,0.29782824880077996,0.589241667702143,-0.1450234422077895,0.0,-0.1450234422077895
fashion_mnist,cut_backdoor,clean,2024,29,latent_assignment_not_attack,19,62,0,0,497,0.2534378454477973,0.6619261765405928,0.19515455812082788,0.0,0.19515455812082788
fashion_mnist,cut_backdoor,clean,2024,29,latent_assignment_not_attack,19,63,0,0,249,0.3722269837407552,0.7210948611908863,-0.2790003506126713,0.0,-0.2790003506126713
fashion_mnist,cut_backdoor,clean,2024,29,latent_assignment_not_attack,19,64,0,0,609,0.23511140636532132,0.7051740467852389,0.2143101366325189,0.0,0.2143101366325189
fashion_mnist,cut_backdoor,clean,2024,29,latent_assignment_not_attack,19,65,0,1,109,0.3061449676572543,0.6734342919424996,-0.0212148178333901,0.0,-0.0212148178333901
fashion_mnist,cut_backdoor,clean,2024,29,latent_assignment_not_attack,19,66,0,0,1087,0.39359152156601473,0.7070232838658015,0.3956500244938394,0.0,0.3956500244938394
fashion_mnist,cut_backdoor,clean,2024,29,latent_assignment_not_attack,19,67,0,0,353,0.4568490082435909,0.8994584013091449,-0.114762542791994,0.0,-0.114762542791994
fashion_mnist,cut_backdoor,clean,2024,29,latent_assignment_not_attack,19,68,0,1,1156,0.3420425844953144,0.776364681746793,0.18658127920071968,0.0,0.18658127920071968
fashion_mnist,cut_backdoor,clean,2024,29,latent_assignment_not_attack,19,69,0,0,558,0.3084974797425986,0.7650998293961402,0.125981931581696,0.0,0.125981931581696
fashion_mnist,cut_backdoor,clean,2024,29,latent_assignment_not_attack,19,70,0,0,20,0.21305520214829765,0.2902321264343383,-0.020271441232800638,0.0,-0.020271441232800638
fashion_mnist,cut_backdoor,clean,2024,29,latent_assignment_not_attack,19,71,0,0,268,0.5273363131238972,0.8221271175781949,0.3831617043283803,0.0,0.3831617043283803
fashion_mnist,cut_backdoor,clean,2024,29,latent_assignment_not_attack,19,73,0,0,1403,0.3176865634892239,0.9081195128543248,-0.20145954243412909,0.0,-0.20145954243412909
fashion_mnist,cut_backdoor,clean,2024,29,latent_assignment_not_attack,19,74,0,0,27,0.3667484552375395,0.8478473726702855,-0.40298247577540275,0.0,-0.40298247577540275
fashion_mnist,cut_backdoor,clean,2024,29,latent_assignment_not_attack,19,75,0,1,574,0.2558566137061177,0.6871778668906077,0.31602491386512316,0.0,0.31602491386512316
fashion_mnist,cut_backdoor,clean,2024,29,latent_assignment_not_attack,19,76,0,1,363,0.2416942973596863,0.6155034687834544,0.0196578967871137,0.0,0.0196578967871137
fashion_mnist,cut_backdoor,clean,2024,29,latent_assignment_not_attack,19,77,0,0,193,0.2601496008514637,0.7094907841815805,-0.436832791406194,0.0,-0.436832791406194
fashion_mnist,cut_backdoor,clean,2024,29,latent_assignment_not_attack,19,78,0,0,148,0.3323495665580473,0.7609649082660261,0.08765091831055927,0.0,0.08765091831055927
fashion_mnist,cut_backdoor,clean,2024,29,latent_assignment_not_attack,19,79,0,0,927,0.5733121052451039,0.6975448359340521,0.15561285627643034,0.0,0.15561285627643034
fashion_mnist,cut_backdoor,clean,2024,29,latent_assignment_not_attack,19,80,0,0,230,0.5035898026084888,0.940356006029632,0.03457498938745356,0.0,0.03457498938745356
fashion_mnist,cut_backdoor,clean,2024,29,latent_assignment_not_attack,19,81,0,0,2792,0.3066105385398847,0.6696695490841513,-0.1322281013194676,0.0,-0.1322281013194676
fashion_mnist,cut_backdoor,clean,2024,29,latent_assignment_not_attack,19,82,0,0,590,0.2710381843003384,0.6489202535810288,0.11284509683073911,0.0,0.11284509683073911
fashion_mnist,cut_backdoor,clean,2024,29,latent_assignment_not_attack,19,83,0,0,332,0.22921021050644846,0.6946788061917017,0.1555866018987861,0.0,0.1555866018987861
fashion_mnist,cut_backdoor,clean,2024,29,latent_assignment_not_attack,19,84,0,0,893,0.24775343555771498,0.6826072793053373,0.04927082563607645,0.0,0.04927082563607645
fashion_mnist,cut_backdoor,clean,2024,29,latent_assignment_not_attack,19,85,0,0,701,0.2812321063006833,0.6097308818660546,-0.27830615504547634,0.0,-0.27830615504547634
fashion_mnist,cut_backdoor,clean,2024,29,latent_assignment_not_attack,19,86,0,0,98,0.32971757312738936,0.6715207069172111,-0.1813450653710986,0.0,-0.1813450653710986
fashion_mnist,cut_backdoor,clean,2024,29,latent_assignment_not_attack,19,87,0,0,880,0.28274585425297466,0.7637345505162187,-0.1372667508747485,0.0,-0.1372667508747485
fashion_mnist,cut_backdoor,clean,2024,29,latent_assignment_not_attack,19,88,0,0,872,0.1892456208655146,0.6697091506040416,0.3092965505158455,0.0,0.3092965505158455
fashion_mnist,cut_backdoor,clean,2024,29,latent_assignment_not_attack,19,89,0,1,273,0.7768116515765889,0.8586606387907875,0.5516175791806653,0.0,0.5516175791806653
fashion_mnist,cut_backdoor,clean,2024,29,latent_assignment_not_attack,19,90,0,0,306,0.5596896296704006,0.9404966265866307,0.002809797020943625,0.0,0.002809797020943625
fashion_mnist,cut_backdoor,clean,2024,29,latent_assignment_not_attack,19,91,0,0,670,0.3546470574628457,0.6354895161407736,0.06775607326491123,0.0,0.06775607326491123
fashion_mnist,cut_backdoor,clean,2024,29,latent_assignment_not_attack,19,92,0,0,294,0.38783698155637447,0.8132564331521666,0.10717180645658607,0.0,0.10717180645658607
fashion_mnist,cut_backdoor,clean,2024,29,latent_assignment_not_attack,19,93,0,0,887,0.425375484750779,0.7542744856716791,0.36064428964770867,0.0,0.36064428964770867
fashion_mnist,cut_backdoor,clean,2024,29,latent_assignment_not_attack,19,95,0,0,815,0.2413694072475263,0.7224349209111283,-0.013876640827809792,0.0,-0.013876640827809792
fashion_mnist,cut_backdoor,clean,2024,29,latent_assignment_not_attack,19,97,0,0,94,0.5417502635860442,0.6956208349746935,0.21028640119737688,0.0,0.21028640119737688
fashion_mnist,cut_backdoor,clean,2024,29,latent_assignment_not_attack,19,99,0,0,76,0.20138164478520146,0.7124512443352474,0.2006458207686668,0.0,0.2006458207686668
fashion_mnist,cut_backdoor,clean,42,0,latent_assignment_not_attack,20,0,0,0,35,0.5398410524505901,0.7397395668898227,-0.2890376120367669,0.0,-0.2890376120367669
fashion_mnist,cut_backdoor,clean,42,0,latent_assignment_not_attack,20,1,0,1,415,0.6320583515336291,0.7732672812716783,-0.5229517654455772,0.0,-0.5229517654455772
fashion_mnist,cut_backdoor,clean,42,0,latent_assignment_not_attack,20,2,0,0,477,0.5261813448554282,0.8188745593272723,-0.27698474277967344,0.0,-0.27698474277967344
fashion_mnist,cut_backdoor,clean,42,0,latent_assignment_not_attack,20,3,0,0,245,0.6987787226505021,0.9265131556606475,-0.3500433453042796,0.0,-0.3500433453042796
fashion_mnist,cut_backdoor,clean,42,0,latent_assignment_not_attack,20,4,0,0,31,0.7353693575744676,0.8716269176506153,-0.2971440861273361,0.0,-0.2971440861273361
fashion_mnist,cut_backdoor,clean,42,0,latent_assignment_not_attack,20,5,0,1,393,0.6754151511493443,0.8440442252810847,-0.4160314104791477,0.0,-0.4160314104791477
fashion_mnist,cut_backdoor,clean,42,0,latent_assignment_not_attack,20,6,0,0,480,0.7405349067369421,0.9683604273474389,-0.38858599648297354,0.0,-0.38858599648297354
fashion_mnist,cut_backdoor,clean,42,0,latent_assignment_not_attack,20,7,0,0,412,0.5695822046645109,0.8065699118852805,-0.30139434682010047,0.0,-0.30139434682010047
fashion_mnist,cut_backdoor,clean,42,0,latent_assignment_not_attack,20,8,0,0,881,0.6761663289183489,0.9184010440215598,-0.13269970070748283,0.0,-0.13269970070748283
fashion_mnist,cut_backdoor,clean,42,0,latent_assignment_not_attack,20,9,0,0,384,0.640106103340214,0.8244748870261145,-0.20372109181712342,0.0,-0.20372109181712342
fashion_mnist,cut_backdoor,clean,42,0,latent_assignment_not_attack,20,10,0,0,153,0.752649999785683,0.9583659183179035,-0.2768821182938351,0.0,-0.2768821182938351
fashion_mnist,cut_backdoor,clean,42,0,latent_assignment_not_attack,20,11,0,0,761,0.6623518548319203,0.912876943336474,-0.2713044032756427,0.0,-0.2713044032756427
fashion_mnist,cut_backdoor,clean,42,0,latent_assignment_not_attack,20,12,0,0,45,0.4943366538402111,0.702863573551068,-0.45741160414190934,0.0,-0.45741160414190934
fashion_mnist,cut_backdoor,clean,42,0,latent_assignment_not_attack,20,13,0,0,51,0.7420120848978382,0.9140688177360442,-0.2774750079085489,0.0,-0.2774750079085489
fashion_mnist,cut_backdoor,clean,42,0,latent_assignment_not_attack,20,14,0,0,251,0.6969808972070168,0.9549430873379949,-0.4065373828109302,0.0,-0.4065373828109302
fashion_mnist,cut_backdoor,clean,42,0,latent_assignment_not_attack,20,15,0,0,239,0.6438806685572117,0.9349978726329973,-0.1161879436249712,0.0,-0.1161879436249712
fashion_mnist,cut_backdoor,clean,42,0,latent_assignment_not_attack,20,16,0,0,419,0.6303968298907543,0.8068530806473889,-0.3419940957232101,0.0,-0.3419940957232101
fashion_mnist,cut_backdoor,clean,42,0,latent_assignment_not_attack,20,17,0,0,104,0.6050292468215946,0.7343198580077195,-0.3954588870744682,0.0,-0.3954588870744682
fashion_mnist,cut_backdoor,clean,42,0,latent_assignment_not_attack,20,18,0,0,34,0.5942119236142727,0.7450572138366809,-0.2950535344208906,0.0,-0.2950535344208906
fashion_mnist,cut_backdoor,clean,42,0,latent_assignment_not_attack,20,19,0,0,376,0.6334474187002538,0.9169409120210487,-0.1090414511100153,0.0,-0.1090414511100153
fashion_mnist,cut_backdoor,clean,42,0,latent_assignment_not_attack,20,20,0,0,376,0.6203841896300414,0.7780485734822913,-0.5299332036431834,0.0,-0.5299332036431834
fashion_mnist,cut_backdoor,clean,42,0,latent_assignment_not_attack,20,21,0,0,798,0.6365429322059847,0.8946624531199594,-0.2586354638113639,0.0,-0.2586354638113639
fashion_mnist,cut_backdoor,clean,42,0,latent_assignment_not_attack,20,22,0,0,132,0.677787324062247,0.864778653419364,-0.21739527569659228,0.0,-0.21739527569659228
fashion_mnist,cut_backdoor,clean,42,0,latent_assignment_not_attack,20,23,0,0,415,0.5858203366361271,0.768489926055132,-0.2374445575754658,0.0,-0.2374445575754658
fashion_mnist,cut_backdoor,clean,42,0,latent_assignment_not_attack,20,25,0,0,184,0.694041824474509,0.9359561688194782,-0.19282615006060674,0.0,-0.19282615006060674
fashion_mnist,cut_backdoor,clean,42,0,latent_assignment_not_attack,20,26,0,0,407,0.5168925952101091,0.7533030739547096,-0.31950643629076564,0.0,-0.31950643629076564
fashion_mnist,cut_backdoor,clean,42,0,latent_assignment_not_attack,20,27,0,0,86,0.5631959356960979,0.7588104084112116,-0.38248843635409996,0.0,-0.38248843635409996
fashion_mnist,cut_backdoor,clean,42,0,latent_assignment_not_attack,20,28,0,1,328,0.5540318209309752,0.7212024271404738,-0.4460501628765106,0.0,-0.4460501628765106
fashion_mnist,cut_backdoor,clean,42,0,latent_assignment_not_attack,20,29,0,0,2416,0.5550174379165669,0.8310022241012532,-0.3257537520361486,0.0,-0.3257537520361486
fashion_mnist,cut_backdoor,clean,42,0,latent_assignment_not_attack,20,30,0,0,381,0.6402212973761956,0.9280483534391617,-0.4204952684188423,0.0,-0.4204952684188423
fashion_mnist,cut_backdoor,clean,42,0,latent_assignment_not_attack,20,31,0,0,364,0.5553075888283956,0.7445719951774042,-0.4775979179427072,0.0,-0.4775979179427072
fashion_mnist,cut_backdoor,clean,42,0,latent_assignment_not_attack,20,32,0,0,1148,0.5077404661055728,0.7844753218919192,-0.25232493489761704,0.0,-0.25232493489761704
fashion_mnist,cut_backdoor,clean,42,0,latent_assignment_not_attack,20,33,0,1,1245,0.6535642847697243,0.9167890243132865,-0.454140229694484,0.0,-0.454140229694484
fashion_mnist,cut_backdoor,clean,42,0,latent_assignment_not_attack,20,34,0,0,359,0.471381993278489,0.6947322874898896,-0.3884579641878966,0.0,-0.3884579641878966
fashion_mnist,cut_backdoor,clean,42,0,latent_assignment_not_attack,20,39,0,0,288,0.5303619205201843,0.7201040456114951,-0.30234103794885575,0.0,-0.30234103794885575
fashion_mnist,cut_backdoor,clean,42,0,latent_assignment_not_attack,20,40,0,0,83,0.6955694982398578,0.9306384168372912,-0.21804808797036848,0.0,-0.21804808797036848
fashion_mnist,cut_backdoor,clean,42,0,latent_assignment_not_attack,20,41,0,1,1017,0.49875790682116455,0.7756839892140729,-0.4450976644918442,0.0,-0.4450976644918442
fashion_mnist,cut_backdoor,clean,42,0,latent_assignment_not_attack,20,44,0,1,211,0.7082390437791003,0.9518582290385778,-0.41037611253576334,0.0,-0.41037611253576334
fashion_mnist,cut_backdoor,clean,42,0,latent_assignment_not_attack,20,45,0,0,130,0.5093151973638753,0.7427655549106291,-0.2941658457624198,0.0,-0.2941658457624198
fashion_mnist,cut_backdoor,clean,42,0,latent_assignment_not_attack,20,46,0,1,142,0.47797036591509806,0.6166301801263653,-0.35952822766726195,0.0,-0.35952822766726195
fashion_mnist,cut_backdoor,clean,42,0,latent_assignment_not_attack,20,47,0,0,1207,0.705666553487668,0.8343700438770627,-0.4237151177962351,0.0,-0.4237151177962351
fashion_mnist,cut_backdoor,clean,42,0,latent_assignment_not_attack,20,48,0,0,177,0.6017525395681088,0.7399437619668721,-0.3510339641831597,0.0,-0.3510339641831597
fashion_mnist,cut_backdoor,clean,42,0,latent_assignment_not_attack,20,49,0,1,357,0.6274700849694188,0.8881541785957117,-0.27506751999694457,0.0,-0.27506751999694457
fashion_mnist,cut_backdoor,clean,42,0,latent_assignment_not_attack,20,50,0,0,414,0.44760551451410474,0.6635461985981986,-0.3951964719173892,0.0,-0.3951964719173892
fashion_mnist,cut_backdoor,clean,42,0,latent_assignment_not_attack,20,51,0,0,56,0.5720506223697767,0.7391591697493423,-0.33214060061174044,0.0,-0.33214060061174044
fashion_mnist,cut_backdoor,clean,42,0,latent_assignment_not_attack,20,52,0,0,20,0.49930751953572233,0.8036179325992453,-0.3454434419871335,0.0,-0.3454434419871335
fashion_mnist,cut_backdoor,clean,42,0,latent_assignment_not_attack,20,53,0,0,96,0.5737998021689402,0.8255359034346416,-0.39017609790849295,0.0,-0.39017609790849295
fashion_mnist,cut_backdoor,clean,42,0,latent_assignment_not_attack,20,54,0,0,414,0.7103311858027846,0.9289699637591255,-0.19942413431602804,0.0,-0.19942413431602804
fashion_mnist,cut_backdoor,clean,42,0,latent_assignment_not_attack,20,56,0,1,919,0.5764390796796763,0.7683372627194458,-0.21665263388723502,0.0,-0.21665263388723502
fashion_mnist,cut_backdoor,clean,42,0,latent_assignment_not_attack,20,57,0,0,980,0.49610265998792613,0.7083221489048237,-0.40939267281207015,0.0,-0.40939267281207015
fashion_mnist,cut_backdoor,clean,42,0,latent_assignment_not_attack,20,58,0,1,115,0.5964040765675588,0.8361460365239305,-0.2578281930599831,0.0,-0.2578281930599831
fashion_mnist,cut_backdoor,clean,42,0,latent_assignment_not_attack,20,59,0,0,210,0.433938253444053,0.6989083808543018,-0.5493151855762495,0.0,-0.5493151855762495
fashion_mnist,cut_backdoor,clean,42,0,latent_assignment_not_attack,20,60,0,0,121,0.6467547326031315,0.9353463918223166,-0.4172219947439169,0.0,-0.4172219947439169
fashion_mnist,cut_backdoor,clean,42,0,latent_assignment_not_attack,20,61,0,0,95,0.611022370983136,0.737846511469009,-0.20627678170362476,0.0,-0.20627678170362476
fashion_mnist,cut_backdoor,clean,42,0,latent_assignment_not_attack,20,62,0,0,726,0.599041421075773,0.7130963312455465,-0.2933701697586553,0.0,-0.2933701697586553
fashion_mnist,cut_backdoor,clean,42,0,latent_assignment_not_attack,20,63,0,0,165,0.5839334493940267,0.767830546805763,-0.39189080479410426,0.0,-0.39189080479410426
fashion_mnist,cut_backdoor,clean,42,0,latent_assignment_not_attack,20,64,0,0,1466,0.6693122280350131,0.9065772725952798,-0.2999667194823447,0.0,-0.2999667194823447
fashion_mnist,cut_backdoor,clean,42,0,latent_assignment_not_attack,20,65,0,1,388,0.5102199531531498,0.8710146471427528,-0.37558752172854715,0.0,-0.37558752172854715
fashion_mnist,cut_backdoor,clean,42,0,latent_assignment_not_attack,20,66,0,0,412,0.6204646016622032,0.7147034836670861,-0.2532184360937767,0.0,-0.2532184360937767
fashion_mnist,cut_backdoor,clean,42,0,latent_assignment_not_attack,20,67,0,0,27,0.5248236340277941,0.8270458832468774,-0.35026035983897674,0.0,-0.35026035983897674
fashion_mnist,cut_backdoor,clean,42,0,latent_assignment_not_attack,20,68,0,0,1851,0.5280863123154271,0.7943746309854655,-0.31711489319819125,0.0,-0.31711489319819125
fashion_mnist,cut_backdoor,clean,42,0,latent_assignment_not_attack,20,70,0,1,256,0.6751187149073178,0.9352644570410671,-0.11476934809284761,0.0,-0.11476934809284761
fashion_mnist,cut_backdoor,clean,42,0,latent_assignment_not_attack,20,71,0,1,515,0.564549729796603,0.8209893879268438,-0.23472380373251647,0.0,-0.23472380373251647
fashion_mnist,cut_backdoor,clean,42,0,latent_assignment_not_attack,20,72,0,0,949,0.5799188141923184,0.8438237640732439,-0.284845566220735,0.0,-0.284845566220735
fashion_mnist,cut_backdoor,clean,42,0,latent_assignment_not_attack,20,73,0,1,199,0.4639742895048198,0.7553853476348011,-0.4041029573854926,0.0,-0.4041029573854926
fashion_mnist,cut_backdoor,clean,42,0,latent_assignment_not_attack,20,74,0,0,549,0.6158853940316386,0.9253854208419531,-0.12009286298543737,0.0,-0.12009286298543737
fashion_mnist,cut_backdoor,clean,42,0,latent_assignment_not_attack,20,75,0,0,20,0.5379899435579345,0.7768950070111373,-0.3309172252870863,0.0,-0.3309172252870863
fashion_mnist,cut_backdoor,clean,42,0,latent_assignment_not_attack,20,76,0,0,434,0.6177518669519785,0.7662625107037336,-0.43195525376307686,0.0,-0.43195525376307686
fashion_mnist,cut_backdoor,clean,42,0,latent_assignment_not_attack,20,77,0,1,236,0.5356407330040617,0.8038176255202822,-0.4219645974574486,0.0,-0.4219645974574486
fashion_mnist,cut_backdoor,clean,42,0,latent_assignment_not_attack,20,78,0,1,2050,0.6163271969251333,0.8183194753569142,-0.24680191806142548,0.0,-0.24680191806142548
fashion_mnist,cut_backdoor,clean,42,0,latent_assignment_not_attack,20,79,0,0,1088,0.7780788737864088,0.9576278304601263,-0.281839712632968,0.0,-0.281839712632968
fashion_mnist,cut_backdoor,clean,42,0,latent_assignment_not_attack,20,81,0,0,285,0.6908361914987917,0.8785554945634587,-0.20013306230493652,0.0,-0.20013306230493652
fashion_mnist,cut_backdoor,clean,42,0,latent_assignment_not_attack,20,82,0,0,711,0.6753992265607622,0.7602988958800956,-0.20918913339860756,0.0,-0.20918913339860756
fashion_mnist,cut_backdoor,clean,42,0,latent_assignment_not_attack,20,83,0,0,20,0.5096361157101634,0.6348150078799012,-0.42547007090906,0.0,-0.42547007090906
fashion_mnist,cut_backdoor,clean,42,0,latent_assignment_not_attack,20,84,0,0,617,0.5204868898075687,0.7521378794106115,-0.4828817221366501,0.0,-0.4828817221366501
fashion_mnist,cut_backdoor,clean,42,0,latent_assignment_not_attack,20,85,0,0,171,0.6155417204091873,0.7907941510726524,-0.3762206601302182,0.0,-0.3762206601302182
fashion_mnist,cut_backdoor,clean,42,0,latent_assignment_not_attack,20,86,0,0,1502,0.685139723623801,0.8798684300068771,-0.4372596400015498,0.0,-0.4372596400015498
fashion_mnist,cut_backdoor,clean,42,0,latent_assignment_not_attack,20,87,0,1,451,0.641488479672827,0.7988530277496878,-0.25080703503585783,0.0,-0.25080703503585783
fashion_mnist,cut_backdoor,clean,42,0,latent_assignment_not_attack,20,88,0,0,29,0.5577286956257437,0.8421511369931514,-0.29656167422101987,0.0,-0.29656167422101987
fashion_mnist,cut_backdoor,clean,42,0,latent_assignment_not_attack,20,89,0,0,449,0.6148626904205383,0.8841657212949462,-0.4465954833292955,0.0,-0.4465954833292955
fashion_mnist,cut_backdoor,clean,42,0,latent_assignment_not_attack,20,90,0,1,576,0.614333351545059,0.8799403909932833,-0.2544727693339249,0.0,-0.2544727693339249
fashion_mnist,cut_backdoor,clean,42,0,latent_assignment_not_attack,20,91,0,0,63,0.7617389243525567,0.9627539736833282,-0.38086041008884824,0.0,-0.38086041008884824
fashion_mnist,cut_backdoor,clean,42,0,latent_assignment_not_attack,20,92,0,0,1075,0.7048399891652911,0.9095977848950202,-0.3027609036556753,0.0,-0.3027609036556753
fashion_mnist,cut_backdoor,clean,42,0,latent_assignment_not_attack,20,93,0,0,326,0.7767820164825167,0.9579429232101939,-0.2745659304404337,0.0,-0.2745659304404337
fashion_mnist,cut_backdoor,clean,42,0,latent_assignment_not_attack,20,94,0,0,296,0.522687079626605,0.8808933435038206,-0.35668281606160684,0.0,-0.35668281606160684
fashion_mnist,cut_backdoor,clean,42,0,latent_assignment_not_attack,20,95,0,0,1166,0.5815134305744905,0.7676001325381798,-0.19099529850854421,0.0,-0.19099529850854421
fashion_mnist,cut_backdoor,clean,42,0,latent_assignment_not_attack,20,96,0,0,1845,0.6474313475815362,0.7589492299236855,-0.327159072126781,0.0,-0.327159072126781
fashion_mnist,cut_backdoor,clean,42,0,latent_assignment_not_attack,20,97,0,0,252,0.6615786211082471,0.8849746364762172,-0.4759370223642674,0.0,-0.4759370223642674
fashion_mnist,cut_backdoor,clean,42,0,latent_assignment_not_attack,20,98,0,0,983,0.6226367510683934,0.8214184310952174,-0.33594127641755983,0.0,-0.33594127641755983
fashion_mnist,cut_backdoor,clean,42,0,latent_assignment_not_attack,20,99,0,0,260,0.6859079118882553,0.9585311868859037,-0.4078906233975584,0.0,-0.4078906233975584
fashion_mnist,cut_backdoor,clean,42,9,latent_assignment_not_attack,20,1,0,1,415,0.38240878503830333,0.8621149509936539,0.16649818192670102,0.0,0.16649818192670102
fashion_mnist,cut_backdoor,clean,42,9,latent_assignment_not_attack,20,2,0,0,477,0.40047030009009327,0.7368984113954374,-0.22147891778156228,0.0,-0.22147891778156228
fashion_mnist,cut_backdoor,clean,42,9,latent_assignment_not_attack,20,4,0,0,31,0.6008211055100825,0.9017666909385668,-0.07099956848461265,0.0,-0.07099956848461265
fashion_mnist,cut_backdoor,clean,42,9,latent_assignment_not_attack,20,5,0,1,393,0.3658995139688528,0.8122685212001471,-0.05656748316635862,0.0,-0.05656748316635862
fashion_mnist,cut_backdoor,clean,42,9,latent_assignment_not_attack,20,6,0,0,480,0.3269824170230659,0.8655815678492165,-0.018890591246277202,0.0,-0.018890591246277202
fashion_mnist,cut_backdoor,clean,42,9,latent_assignment_not_attack,20,7,0,0,412,0.3265693099416487,0.6892521417435351,-0.23527112916816895,0.0,-0.23527112916816895
fashion_mnist,cut_backdoor,clean,42,9,latent_assignment_not_attack,20,8,0,0,881,0.7188180048638214,0.9361430335935432,-0.1572148574711603,0.0,-0.1572148574711603
fashion_mnist,cut_backdoor,clean,42,9,latent_assignment_not_attack,20,9,0,0,384,0.43205344755766256,0.7846932562061744,-0.1336087241103592,0.0,-0.1336087241103592
fashion_mnist,cut_backdoor,clean,42,9,latent_assignment_not_attack,20,10,0,0,153,0.5888943348032546,0.8943259372101513,0.27497470503953225,0.0,0.27497470503953225
fashion_mnist,cut_backdoor,clean,42,9,latent_assignment_not_attack,20,11,0,0,761,0.3873899626881184,0.8105992499640104,-0.0528313533432046,0.0,-0.0528313533432046
fashion_mnist,cut_backdoor,clean,42,9,latent_assignment_not_attack,20,12,0,0,45,0.3391588358199725,0.6649170791526975,-0.2292208894258922,0.0,-0.2292208894258922
fashion_mnist,cut_backdoor,clean,42,9,latent_assignment_not_attack,20,13,0,0,51,0.49760197896509506,0.8644281623757687,0.04372813716076292,0.0,0.04372813716076292
fashion_mnist,cut_backdoor,clean,42,9,latent_assignment_not_attack,20,15,0,0,239,0.6280730579352716,0.9262319503183523,-0.1450582385060109,0.0,-0.1450582385060109
fashion_mnist,cut_backdoor,clean,42,9,latent_assignment_not_attack,20,16,0,0,419,0.4548786056329611,0.7867160947157817,-0.07201807542068656,0.0,-0.07201807542068656
fashion_mnist,cut_backdoor,clean,42,9,latent_assignment_not_attack,20,17,0,0,104,0.38433830456928114,0.7720786067787054,0.1467013983763784,0.0,0.1467013983763784
fashion_mnist,cut_backdoor,clean,42,9,latent_assignment_not_attack,20,19,0,0,376,0.7103298860947442,0.9326704108810301,-0.13701024107481125,0.0,-0.13701024107481125
fashion_mnist,cut_backdoor,clean,42,9,latent_assignment_not_attack,20,20,0,0,376,0.34501285409087534,0.7342507500642863,-0.0026273900408586544,0.0,-0.0026273900408586544
fashion_mnist,cut_backdoor,clean,42,9,latent_assignment_not_attack,20,21,0,0,798,0.3369199834391212,0.771747656795666,-0.2056087174263638,0.0,-0.2056087174263638
fashion_mnist,cut_backdoor,clean,42,9,latent_assignment_not_attack,20,22,0,0,132,0.5039605900184232,0.8703612603099964,-0.15933591345352502,0.0,-0.15933591345352502
fashion_mnist,cut_backdoor,clean,42,9,latent_assignment_not_attack,20,23,0,0,415,0.35142783349327616,0.5956865802524535,-0.1279298074146346,0.0,-0.1279298074146346
fashion_mnist,cut_backdoor,clean,42,9,latent_assignment_not_attack,20,24,0,0,249,0.29728981032037505,0.5386106620246334,-0.14311032846474095,0.0,-0.14311032846474095
fashion_mnist,cut_backdoor,clean,42,9,latent_assignment_not_attack,20,25,0,0,184,0.39666924309468177,0.848145198799563,-0.07434988218676336,0.0,-0.07434988218676336
fashion_mnist,cut_backdoor,clean,42,9,latent_assignment_not_attack,20,26,0,0,407,0.3805860936889348,0.6666340765247101,-0.27882998564858374,0.0,-0.27882998564858374
fashion_mnist,cut_backdoor,clean,42,9,latent_assignment_not_attack,20,27,0,0,86,0.38666115716883404,0.7319898070938695,-0.12288118683596679,0.0,-0.12288118683596679
fashion_mnist,cut_backdoor,clean,42,9,latent_assignment_not_attack,20,28,0,1,328,0.46073504166379664,0.7531101179441458,0.10918753649879752,0.0,0.10918753649879752
fashion_mnist,cut_backdoor,clean,42,9,latent_assignment_not_attack,20,29,0,0,2416,0.38253925182711623,0.7824700705804807,-0.13023808473161191,0.0,-0.13023808473161191
fashion_mnist,cut_backdoor,clean,42,9,latent_assignment_not_attack,20,31,0,0,364,0.2651854469542062,0.6226291404838268,-0.15154389479036973,0.0,-0.15154389479036973
fashion_mnist,cut_backdoor,clean,42,9,latent_assignment_not_attack,20,32,0,0,1148,0.5020566635820318,0.7173150355467086,-0.3056726124611646,0.0,-0.3056726124611646
fashion_mnist,cut_backdoor,clean,42,9,latent_assignment_not_attack,20,33,0,1,1245,0.3184227235351038,0.8916901012715612,-0.0035467601922977575,0.0,-0.0035467601922977575
fashion_mnist,cut_backdoor,clean,42,9,latent_assignment_not_attack,20,34,0,0,359,0.361777362777508,0.7412993214658856,-0.16577143653484452,0.0,-0.16577143653484452
fashion_mnist,cut_backdoor,clean,42,9,latent_assignment_not_attack,20,35,0,0,719,0.2819175524419659,0.5549409392254699,-0.33859469092355093,0.0,-0.33859469092355093
fashion_mnist,cut_backdoor,clean,42,9,latent_assignment_not_attack,20,36,0,0,207,0.33465884479351743,0.5640846398536811,-0.3078839736677499,0.0,-0.3078839736677499
fashion_mnist,cut_backdoor,clean,42,9,latent_assignment_not_attack,20,37,0,0,302,0.476494056864916,0.8138624135338045,-0.08150785654624297,0.0,-0.08150785654624297
fashion_mnist,cut_backdoor,clean,42,9,latent_assignment_not_attack,20,39,0,0,288,0.4043623275718961,0.6506630912793464,-0.1155098031591163,0.0,-0.1155098031591163
fashion_mnist,cut_backdoor,clean,42,9,latent_assignment_not_attack,20,40,0,0,83,0.4207522094998426,0.8303753309099919,-0.031217441937193755,0.0,-0.031217441937193755
fashion_mnist,cut_backdoor,clean,42,9,latent_assignment_not_attack,20,41,0,1,1017,0.34285659142115577,0.7594360601464232,-0.11085796008952316,0.0,-0.11085796008952316
fashion_mnist,cut_backdoor,clean,42,9,latent_assignment_not_attack,20,42,0,0,135,0.4900833926749209,0.8304748221053204,-0.08496249739618135,0.0,-0.08496249739618135
fashion_mnist,cut_backdoor,clean,42,9,latent_assignment_not_attack,20,43,0,0,48,0.5846170943696136,0.9079946910133374,-0.07288907019765693,0.0,-0.07288907019765693
fashion_mnist,cut_backdoor,clean,42,9,latent_assignment_not_attack,20,44,0,1,211,0.3285760697420673,0.8680753477937049,-0.06011375224504234,0.0,-0.06011375224504234
fashion_mnist,cut_backdoor,clean,42,9,latent_assignment_not_attack,20,45,0,0,130,0.3105353652098591,0.584734713110911,-0.2002180675702353,0.0,-0.2002180675702353
fashion_mnist,cut_backdoor,clean,42,9,latent_assignment_not_attack,20,46,0,1,142,0.4027838041622385,0.5851885957483917,-0.09235044190540762,0.0,-0.09235044190540762
fashion_mnist,cut_backdoor,clean,42,9,latent_assignment_not_attack,20,47,0,0,1207,0.4102168637499988,0.8303433545979919,-0.10350959045716057,0.0,-0.10350959045716057
fashion_mnist,cut_backdoor,clean,42,9,latent_assignment_not_attack,20,48,0,0,177,0.43280810276756565,0.723512109126324,-0.023470312567558074,0.0,-0.023470312567558074
fashion_mnist,cut_backdoor,clean,42,9,latent_assignment_not_attack,20,49,0,1,357,0.43931677508308303,0.7747375863975885,-0.25007507440090415,0.0,-0.25007507440090415
fashion_mnist,cut_backdoor,clean,42,9,latent_assignment_not_attack,20,52,0,0,20,0.37723404966158,0.7322380645719209,-0.15644332732116437,0.0,-0.15644332732116437
fashion_mnist,cut_backdoor,clean,42,9,latent_assignment_not_attack,20,53,0,0,96,0.3534296776404449,0.6759003178533703,-0.1498492104015158,0.0,-0.1498492104015158
fashion_mnist,cut_backdoor,clean,42,9,latent_assignment_not_attack,20,54,0,0,414,0.4049803133824178,0.8416865178527863,-0.04550249912812521,0.0,-0.04550249912812521
fashion_mnist,cut_backdoor,clean,42,9,latent_assignment_not_attack,20,55,0,0,327,0.3546246147752225,0.7196449989718721,-0.035061692083783715,0.0,-0.035061692083783715
fashion_mnist,cut_backdoor,clean,42,9,latent_assignment_not_attack,20,56,0,1,919,0.5029102176217171,0.8929699114878769,-0.18281490409389065,0.0,-0.18281490409389065
fashion_mnist,cut_backdoor,clean,42,9,latent_assignment_not_attack,20,57,0,0,980,0.35527399761241385,0.6533162274599833,0.05184997807852484,0.0,0.05184997807852484
fashion_mnist,cut_backdoor,clean,42,9,latent_assignment_not_attack,20,58,0,1,115,0.44141563673457124,0.778764762975704,-0.1460711155192368,0.0,-0.1460711155192368
fashion_mnist,cut_backdoor,clean,42,9,latent_assignment_not_attack,20,60,0,0,121,0.4490089286684039,0.8621261925403724,0.2049859992419195,0.0,0.2049859992419195
fashion_mnist,cut_backdoor,clean,42,9,latent_assignment_not_attack,20,61,0,0,95,0.5824332909213001,0.8053134801631467,-0.17313915287235818,0.0,-0.17313915287235818
fashion_mnist,cut_backdoor,clean,42,9,latent_assignment_not_attack,20,62,0,0,726,0.40407549536744,0.7572636516072537,-0.07954414547848684,0.0,-0.07954414547848684
fashion_mnist,cut_backdoor,clean,42,9,latent_assignment_not_attack,20,63,0,0,165,0.35936256860273563,0.7658075160057346,-0.03676346486725833,0.0,-0.03676346486725833
fashion_mnist,cut_backdoor,clean,42,9,latent_assignment_not_attack,20,64,0,0,1466,0.450964369154956,0.8113037880755758,0.0317936350512803,0.0,0.0317936350512803
fashion_mnist,cut_backdoor,clean,42,9,latent_assignment_not_attack,20,65,0,1,388,0.32586357707429653,0.8228060696286859,-0.11222287471987245,0.0,-0.11222287471987245
fashion_mnist,cut_backdoor,clean,42,9,latent_assignment_not_attack,20,66,0,0,412,0.3895253159909762,0.6299538116334367,-0.012943914431537626,0.0,-0.012943914431537626
fashion_mnist,cut_backdoor,clean,42,9,latent_assignment_not_attack,20,67,0,0,27,0.4369931022802764,0.7370276673507997,0.01657094435466705,0.0,0.01657094435466705
fashion_mnist,cut_backdoor,clean,42,9,latent_assignment_not_attack,20,68,0,0,1851,0.44361228244626305,0.7780868476842893,-0.16990329154846662,0.0,-0.16990329154846662
fashion_mnist,cut_backdoor,clean,42,9,latent_assignment_not_attack,20,70,0,1,256,0.6496152825960119,0.93030733771716,-0.19143343780083247,0.0,-0.19143343780083247
fashion_mnist,cut_backdoor,clean,42,9,latent_assignment_not_attack,20,71,0,1,515,0.359490892150027,0.7263909189645584,-0.15100050176374863,0.0,-0.15100050176374863
fashion_mnist,cut_backdoor,clean,42,9,latent_assignment_not_attack,20,72,0,0,949,0.4786258873288029,0.8102540473143366,-0.13972778706222183,0.0,-0.13972778706222183
fashion_mnist,cut_backdoor,clean,42,9,latent_assignment_not_attack,20,73,0,1,199,0.31435081432209167,0.5796554723580049,-0.31019690509619624,0.0,-0.31019690509619624
fashion_mnist,cut_backdoor,clean,42,9,latent_assignment_not_attack,20,74,0,0,549,0.5396545382665899,0.877870186035899,-0.2622442232604614,0.0,-0.2622442232604614
fashion_mnist,cut_backdoor,clean,42,9,latent_assignment_not_attack,20,75,0,0,20,0.4157303336695393,0.6945959550615088,-0.15898392933608327,0.0,-0.15898392933608327
fashion_mnist,cut_backdoor,clean,42,9,latent_assignment_not_attack,20,76,0,0,434,0.28451041773923375,0.6568944185588763,-0.0330463880595613,0.0,-0.0330463880595613
fashion_mnist,cut_backdoor,clean,42,9,latent_assignment_not_attack,20,77,0,1,236,0.3717383628488598,0.7752002336432575,-0.1221868262237501,0.0,-0.1221868262237501
fashion_mnist,cut_backdoor,clean,42,9,latent_assignment_not_attack,20,78,0,1,2050,0.4991097898264534,0.7923749361031373,-0.13960557152017064,0.0,-0.13960557152017064
fashion_mnist,cut_backdoor,clean,42,9,latent_assignment_not_attack,20,79,0,0,1088,0.5837568359004063,0.9099784748107386,0.26974195316959404,0.0,0.26974195316959404
fashion_mnist,cut_backdoor,clean,42,9,latent_assignment_not_attack,20,80,0,0,1584,0.43517677054108156,0.727071238378672,-0.17227606342365875,0.0,-0.17227606342365875
fashion_mnist,cut_backdoor,clean,42,9,latent_assignment_not_attack,20,81,0,0,285,0.5107488099421448,0.8750756707487266,-0.07692483823450799,0.0,-0.07692483823450799
fashion_mnist,cut_backdoor,clean,42,9,latent_assignment_not_attack,20,82,0,0,711,0.36789141960629523,0.6382338596897015,-0.03317163705780914,0.0,-0.03317163705780914
fashion_mnist,cut_backdoor,clean,42,9,latent_assignment_not_attack,20,83,0,0,20,0.422846005100574,0.6063814625243482,0.133415377057261,0.0,0.133415377057261
fashion_mnist,cut_backdoor,clean,42,9,latent_assignment_not_attack,20,84,0,0,617,0.3761579315348856,0.6407492900488618,0.05392682379716924,0.0,0.05392682379716924
fashion_mnist,cut_backdoor,clean,42,9,latent_assignment_not_attack,20,85,0,0,171,0.3364336282012092,0.7061659846036459,0.059404655377021894,0.0,0.059404655377021894
fashion_mnist,cut_backdoor,clean,42,9,latent_assignment_not_attack,20,86,0,0,1502,0.4094928948135252,0.8486627535391292,-0.025937399752464632,0.0,-0.025937399752464632
fashion_mnist,cut_backdoor,clean,42,9,latent_assignment_not_attack,20,87,0,1,451,0.4702094744916205,0.7952843151815119,-0.03987104232898597,0.0,-0.03987104232898597
fashion_mnist,cut_backdoor,clean,42,9,latent_assignment_not_attack,20,88,0,0,29,0.42706496944375605,0.7217606954756789,-0.10513700583489444,0.0,-0.10513700583489444
fashion_mnist,cut_backdoor,clean,42,9,latent_assignment_not_attack,20,89,0,0,449,0.3683818011586548,0.7801031387411811,0.04043572222320646,0.0,0.04043572222320646
fashion_mnist,cut_backdoor,clean,42,9,latent_assignment_not_attack,20,90,0,1,576,0.46376292019494686,0.8176957816770798,-0.14030625311086045,0.0,-0.14030625311086045
fashion_mnist,cut_backdoor,clean,42,9,latent_assignment_not_attack,20,91,0,0,63,0.29802207528606095,0.8957673118105542,-0.017250017358959948,0.0,-0.017250017358959948
fashion_mnist,cut_backdoor,clean,42,9,latent_assignment_not_attack,20,92,0,0,1075,0.49115125920007496,0.8640076144142791,0.003219860096710517,0.0,0.003219860096710517
fashion_mnist,cut_backdoor,clean,42,9,latent_assignment_not_attack,20,93,0,0,326,0.5817656052080165,0.9048048533125458,0.2564239188734581,0.0,0.2564239188734581
fashion_mnist,cut_backdoor,clean,42,9,latent_assignment_not_attack,20,94,0,0,296,0.42156301898910303,0.8549418381415579,-0.15926985078758696,0.0,-0.15926985078758696
fashion_mnist,cut_backdoor,clean,42,9,latent_assignment_not_attack,20,95,0,0,1166,0.5030673459267817,0.8756160470651186,-0.16291579238224446,0.0,-0.16291579238224446
fashion_mnist,cut_backdoor,clean,42,9,latent_assignment_not_attack,20,96,0,0,1845,0.43195569235782066,0.7556663964852901,0.19732801357674085,0.0,0.19732801357674085
fashion_mnist,cut_backdoor,clean,42,9,latent_assignment_not_attack,20,97,0,0,252,0.36959994610822644,0.7498288905738619,0.16062305138329896,0.0,0.16062305138329896
fashion_mnist,cut_backdoor,clean,42,9,latent_assignment_not_attack,20,98,0,0,983,0.44813331027419706,0.80524992988617,-0.06477139213728064,0.0,-0.06477139213728064
fashion_mnist,cut_backdoor,clean,42,9,latent_assignment_not_attack,20,99,0,0,260,0.2884412979486276,0.8938830373255368,-0.002057616256083059,0.0,-0.002057616256083059
fashion_mnist,cut_backdoor,clean,42,29,latent_assignment_not_attack,20,0,0,0,35,0.2940123858203024,0.5799451456429363,0.1952746004381649,0.0,0.1952746004381649
fashion_mnist,cut_backdoor,clean,42,29,latent_assignment_not_attack,20,1,0,1,415,0.39327726310104216,0.888471777680723,-0.7090452336478836,0.0,-0.7090452336478836
fashion_mnist,cut_backdoor,clean,42,29,latent_assignment_not_attack,20,2,0,0,477,0.3353814598993568,0.714005005427262,0.26005833487024566,0.0,0.26005833487024566
fashion_mnist,cut_backdoor,clean,42,29,latent_assignment_not_attack,20,3,0,0,245,0.5655288557756728,0.9242174857485568,-0.700775789897057,0.0,-0.700775789897057
fashion_mnist,cut_backdoor,clean,42,29,latent_assignment_not_attack,20,4,0,0,31,0.4902062926034184,0.8937414826273253,0.3476857354839169,0.0,0.3476857354839169
fashion_mnist,cut_backdoor,clean,42,29,latent_assignment_not_attack,20,5,0,1,393,0.30789374014803383,0.7942530266197554,0.04420067654200679,0.0,0.04420067654200679
fashion_mnist,cut_backdoor,clean,42,29,latent_assignment_not_attack,20,6,0,0,480,0.28081803008770023,0.9062134666239977,-0.09836618001283001,0.0,-0.09836618001283001
fashion_mnist,cut_backdoor,clean,42,29,latent_assignment_not_attack,20,7,0,0,412,0.21546900386048143,0.5760185400390672,0.34132350732456146,0.0,0.34132350732456146
fashion_mnist,cut_backdoor,clean,42,29,latent_assignment_not_attack,20,8,0,0,881,0.6199205438832643,0.94172315075668,0.4627140867588708,0.0,0.4627140867588708
fashion_mnist,cut_backdoor,clean,42,29,latent_assignment_not_attack,20,10,0,0,153,0.5985776747489486,0.9511963411368006,-0.7025885041296795,0.0,-0.7025885041296795
fashion_mnist,cut_backdoor,clean,42,29,latent_assignment_not_attack,20,11,0,0,761,0.23330587492209312,0.7306382123432387,-0.1403871234213496,0.0,-0.1403871234213496
fashion_mnist,cut_backdoor,clean,42,29,latent_assignment_not_attack,20,12,0,0,45,0.25772666828200114,0.6528043148490802,0.17386814703522427,0.0,0.17386814703522427
fashion_mnist,cut_backdoor,clean,42,29,latent_assignment_not_attack,20,13,0,0,51,0.4071198663557212,0.7662857517673666,-0.08432142239123956,0.0,-0.08432142239123956
fashion_mnist,cut_backdoor,clean,42,29,latent_assignment_not_attack,20,14,0,0,251,0.19469917266143186,0.8144738308733432,-0.035978919016286665,0.0,-0.035978919016286665
fashion_mnist,cut_backdoor,clean,42,29,latent_assignment_not_attack,20,15,0,0,239,0.5365460409337087,0.9339100935760138,0.3792290229998881,0.0,0.3792290229998881
fashion_mnist,cut_backdoor,clean,42,29,latent_assignment_not_attack,20,16,0,0,419,0.34832693283139105,0.7695945813761885,-0.005807644931566322,0.0,-0.005807644931566322
fashion_mnist,cut_backdoor,clean,42,29,latent_assignment_not_attack,20,18,0,0,34,0.3735225736095445,0.8160969597602804,-0.6512110728942306,0.0,-0.6512110728942306
fashion_mnist,cut_backdoor,clean,42,29,latent_assignment_not_attack,20,19,0,0,376,0.6246242919040428,0.9396925045947379,0.4799975852087673,0.0,0.4799975852087673
fashion_mnist,cut_backdoor,clean,42,29,latent_assignment_not_attack,20,20,0,0,376,0.31799015379153445,0.6741393992424272,-0.10631917107212113,0.0,-0.10631917107212113
fashion_mnist,cut_backdoor,clean,42,29,latent_assignment_not_attack,20,22,0,0,132,0.41717928488080147,0.8770836291037221,0.4778699941281842,0.0,0.4778699941281842
fashion_mnist,cut_backdoor,clean,42,29,latent_assignment_not_attack,20,23,0,0,415,0.29338733438575604,0.5478462042920418,-0.024912108915722538,0.0,-0.024912108915722538
fashion_mnist,cut_backdoor,clean,42,29,latent_assignment_not_attack,20,24,0,0,249,0.24126250783853057,0.6238105465828301,-0.024021334104613604,0.0,-0.024021334104613604
fashion_mnist,cut_backdoor,clean,42,29,latent_assignment_not_attack,20,25,0,0,184,0.2920662993483392,0.7651861640498706,-0.02983164436133978,0.0,-0.02983164436133978
fashion_mnist,cut_backdoor,clean,42,29,latent_assignment_not_attack,20,26,0,0,407,0.34310564889630196,0.6440734265664293,0.25051849941500554,0.0,0.25051849941500554
fashion_mnist,cut_backdoor,clean,42,29,latent_assignment_not_attack,20,27,0,0,86,0.36478749299296837,0.6342033817759006,0.17211570224880535,0.0,0.17211570224880535
fashion_mnist,cut_backdoor,clean,42,29,latent_assignment_not_attack,20,28,0,1,328,0.456776639849038,0.837312425528172,-0.6644265787488968,0.0,-0.6644265787488968
fashion_mnist,cut_backdoor,clean,42,29,latent_assignment_not_attack,20,29,0,0,2416,0.32479227832946195,0.771486403465653,-0.13908900530974888,0.0,-0.13908900530974888
fashion_mnist,cut_backdoor,clean,42,29,latent_assignment_not_attack,20,32,0,0,1148,0.38673761564374076,0.7480472871560289,0.5692380182738356,0.0,0.5692380182738356
fashion_mnist,cut_backdoor,clean,42,29,latent_assignment_not_attack,20,33,0,1,1245,0.2482683625539775,0.9009766617463605,-0.04889518753434733,0.0,-0.04889518753434733
fashion_mnist,cut_backdoor,clean,42,29,latent_assignment_not_attack,20,34,0,0,359,0.2797683302268024,0.6835610207977435,0.17597750385907857,0.0,0.17597750385907857
fashion_mnist,cut_backdoor,clean,42,29,latent_assignment_not_attack,20,35,0,0,719,0.2368929446830014,0.6183596740494318,0.2909539309999436,0.0,0.2909539309999436
fashion_mnist,cut_backdoor,clean,42,29,latent_assignment_not_attack,20,36,0,0,207,0.2622296876573421,0.6040152248210445,0.4788022822967311,0.0,0.4788022822967311
fashion_mnist,cut_backdoor,clean,42,29,latent_assignment_not_attack,20,37,0,0,302,0.31815718954338695,0.8403448332159943,0.3339662281186453,0.0,0.3339662281186453
fashion_mnist,cut_backdoor,clean,42,29,latent_assignment_not_attack,20,38,0,0,32,0.31060629867632694,0.7048034853637384,0.08874778116035943,0.0,0.08874778116035943
fashion_mnist,cut_backdoor,clean,42,29,latent_assignment_not_attack,20,39,0,0,288,0.3413147493651049,0.5586495435639007,-0.06569601229077332,0.0,-0.06569601229077332
fashion_mnist,cut_backdoor,clean,42,29,latent_assignment_not_attack,20,40,0,0,83,0.32091258758792574,0.7513160704417877,-0.09929313814661346,0.0,-0.09929313814661346
fashion_mnist,cut_backdoor,clean,42,29,latent_assignment_not_attack,20,41,0,1,1017,0.32245360778147436,0.7791539942366795,-0.10035431851014774,0.0,-0.10035431851014774
fashion_mnist,cut_backdoor,clean,42,29,latent_assignment_not_attack,20,42,0,0,135,0.440068942373527,0.8064218655465257,0.04787987743706768,0.0,0.04787987743706768
fashion_mnist,cut_backdoor,clean,42,29,latent_assignment_not_attack,20,43,0,0,48,0.4832209519245795,0.9047233690125595,0.3718217024136289,0.0,0.3718217024136289
fashion_mnist,cut_backdoor,clean,42,29,latent_assignment_not_attack,20,44,0,1,211,0.2597601833728596,0.8888471245205357,0.09718076122457149,0.0,0.09718076122457149
fashion_mnist,cut_backdoor,clean,42,29,latent_assignment_not_attack,20,46,0,1,142,0.38239091255329344,0.588114396774168,-0.3297483614879915,0.0,-0.3297483614879915
fashion_mnist,cut_backdoor,clean,42,29,latent_assignment_not_attack,20,47,0,0,1207,0.30216468464828766,0.7706415202464512,0.2350229200128759,0.0,0.2350229200128759
fashion_mnist,cut_backdoor,clean,42,29,latent_assignment_not_attack,20,48,0,0,177,0.3895835672045923,0.7066007871412531,-0.055667237727119366,0.0,-0.055667237727119366
fashion_mnist,cut_backdoor,clean,42,29,latent_assignment_not_attack,20,49,0,1,357,0.32593686443180275,0.8218037190514087,0.42948908297762234,0.0,0.42948908297762234
fashion_mnist,cut_backdoor,clean,42,29,latent_assignment_not_attack,20,50,0,0,414,0.20422797815817853,0.6034057480954432,0.006583843675688142,0.0,0.006583843675688142
fashion_mnist,cut_backdoor,clean,42,29,latent_assignment_not_attack,20,51,0,0,56,0.3608252024232882,0.6078868399902432,0.31498455844924683,0.0,0.31498455844924683
fashion_mnist,cut_backdoor,clean,42,29,latent_assignment_not_attack,20,52,0,0,20,0.3276228163054749,0.7171921143487345,-0.09299451989339888,0.0,-0.09299451989339888
fashion_mnist,cut_backdoor,clean,42,29,latent_assignment_not_attack,20,53,0,0,96,0.29761378324925125,0.724168394175785,-0.010083942995375017,0.0,-0.010083942995375017
fashion_mnist,cut_backdoor,clean,42,29,latent_assignment_not_attack,20,54,0,0,414,0.32704974405463033,0.7736048868202567,-0.07292854617658438,0.0,-0.07292854617658438
fashion_mnist,cut_backdoor,clean,42,29,latent_assignment_not_attack,20,55,0,0,327,0.30970673343412863,0.6580811673754329,-0.5344152582518927,0.0,-0.5344152582518927
fashion_mnist,cut_backdoor,clean,42,29,latent_assignment_not_attack,20,56,0,1,919,0.45583226706364205,0.9194229590871543,0.38382755267995505,0.0,0.38382755267995505
fashion_mnist,cut_backdoor,clean,42,29,latent_assignment_not_attack,20,57,0,0,980,0.36234955632505184,0.82448585408546,-0.5824522299116245,0.0,-0.5824522299116245
fashion_mnist,cut_backdoor,clean,42,29,latent_assignment_not_attack,20,58,0,1,115,0.39890061016738704,0.6997008299253463,0.2824467079441512,0.0,0.2824467079441512
fashion_mnist,cut_backdoor,clean,42,29,latent_assignment_not_attack,20,59,0,0,210,0.28411765598072375,0.8782656124254249,-0.6560361939754429,0.0,-0.6560361939754429
fashion_mnist,cut_backdoor,clean,42,29,latent_assignment_not_attack,20,60,0,0,121,0.5002058890248355,0.8984585520647463,-0.7040608056318384,0.0,-0.7040608056318384
fashion_mnist,cut_backdoor,clean,42,29,latent_assignment_not_attack,20,61,0,0,95,0.5249953552943831,0.8336929677514879,0.42748846558970643,0.0,0.42748846558970643
fashion_mnist,cut_backdoor,clean,42,29,latent_assignment_not_attack,20,62,0,0,726,0.3714363963393709,0.6887333430391711,-0.01545840847776166,0.0,-0.01545840847776166
fashion_mnist,cut_backdoor,clean,42,29,latent_assignment_not_attack,20,64,0,0,1466,0.37172500935621067,0.7596798494336781,-0.13072433019008906,0.0,-0.13072433019008906
fashion_mnist,cut_backdoor,clean,42,29,latent_assignment_not_attack,20,65,0,1,388,0.2682868400668885,0.761110016223188,-0.3082928114039113,0.0,-0.3082928114039113
fashion_mnist,cut_backdoor,clean,42,29,latent_assignment_not_attack,20,66,0,0,412,0.29767532158073023,0.6251329539387495,0.05394336407565055,0.0,0.05394336407565055
fashion_mnist,cut_backdoor,clean,42,29,latent_assignment_not_attack,20,67,0,0,27,0.3913156692128279,0.7106058225631535,-0.4057388179131807,0.0,-0.4057388179131807
fashion_mnist,cut_backdoor,clean,42,29,latent_assignment_not_attack,20,68,0,0,1851,0.33402867714765355,0.8277439975406274,0.2968112822613328,0.0,0.2968112822613328
fashion_mnist,cut_backdoor,clean,42,29,latent_assignment_not_attack,20,69,0,0,323,0.3538123261313981,0.6896129522949863,0.5860245561482905,0.0,0.5860245561482905
fashion_mnist,cut_backdoor,clean,42,29,latent_assignment_not_attack,20,70,0,1,256,0.5883686678447769,0.9356344070830909,0.5018073784868549,0.0,0.5018073784868549
fashion_mnist,cut_backdoor,clean,42,29,latent_assignment_not_attack,20,71,0,1,515,0.21788018901579298,0.5865126275219035,0.10111004263410363,0.0,0.10111004263410363
fashion_mnist,cut_backdoor,clean,42,29,latent_assignment_not_attack,20,72,0,0,949,0.3975955029396764,0.7919415842841678,0.14991583210511705,0.0,0.14991583210511705
fashion_mnist,cut_backdoor,clean,42,29,latent_assignment_not_attack,20,73,0,1,199,0.23923067019038025,0.46313170752420446,0.08024438267984633,0.0,0.08024438267984633
fashion_mnist,cut_backdoor,clean,42,29,latent_assignment_not_attack,20,74,0,0,549,0.49971978400033623,0.8650670379074373,0.5445177937678474,0.0,0.5445177937678474
fashion_mnist,cut_backdoor,clean,42,29,latent_assignment_not_attack,20,75,0,0,20,0.35457125836306047,0.6091180486550366,0.08148369922011124,0.0,0.08148369922011124
fashion_mnist,cut_backdoor,clean,42,29,latent_assignment_not_attack,20,76,0,0,434,0.2237238211165879,0.6618892044259894,0.001042662238321711,0.0,0.001042662238321711
fashion_mnist,cut_backdoor,clean,42,29,latent_assignment_not_attack,20,77,0,1,236,0.3719956623055949,0.7373081026850123,-0.04279129393074146,0.0,-0.04279129393074146
fashion_mnist,cut_backdoor,clean,42,29,latent_assignment_not_attack,20,78,0,1,2050,0.3832027286023671,0.7206440657524122,0.22401384588596063,0.0,0.22401384588596063
fashion_mnist,cut_backdoor,clean,42,29,latent_assignment_not_attack,20,79,0,0,1088,0.653189006525401,0.9417110477447762,-0.6894371266885627,0.0,-0.6894371266885627
fashion_mnist,cut_backdoor,clean,42,29,latent_assignment_not_attack,20,80,0,0,1584,0.3398430657107598,0.8304016696070866,0.23674043884410673,0.0,0.23674043884410673
fashion_mnist,cut_backdoor,clean,42,29,latent_assignment_not_attack,20,81,0,0,285,0.37507905417649207,0.8523031223061712,0.2069501205565028,0.0,0.2069501205565028
fashion_mnist,cut_backdoor,clean,42,29,latent_assignment_not_attack,20,82,0,0,711,0.26934686013677345,0.5935372458120646,0.09826299482374785,0.0,0.09826299482374785
fashion_mnist,cut_backdoor,clean,42,29,latent_assignment_not_attack,20,83,0,0,20,0.44926196448753813,0.6828086258885188,-0.513888732242972,0.0,-0.513888732242972
fashion_mnist,cut_backdoor,clean,42,29,latent_assignment_not_attack,20,84,0,0,617,0.37437246360330384,0.7988054345048083,-0.6961638317058542,0.0,-0.6961638317058542
fashion_mnist,cut_backdoor,clean,42,29,latent_assignment_not_attack,20,85,0,0,171,0.24690405126397993,0.6706778479634027,-0.21107603063955968,0.0,-0.21107603063955968
fashion_mnist,cut_backdoor,clean,42,29,latent_assignment_not_attack,20,87,0,1,451,0.421546091514105,0.7060623235480412,0.049917609224950206,0.0,0.049917609224950206
fashion_mnist,cut_backdoor,clean,42,29,latent_assignment_not_attack,20,88,0,0,29,0.3683324667514935,0.6547055555174036,-0.16990079496741783,0.0,-0.16990079496741783
fashion_mnist,cut_backdoor,clean,42,29,latent_assignment_not_attack,20,89,0,0,449,0.3468438689020805,0.734145460355579,-0.5156351826819696,0.0,-0.5156351826819696
fashion_mnist,cut_backdoor,clean,42,29,latent_assignment_not_attack,20,90,0,1,576,0.40678843038147444,0.7658501892821009,0.18525367807018495,0.0,0.18525367807018495
fashion_mnist,cut_backdoor,clean,42,29,latent_assignment_not_attack,20,91,0,0,63,0.2296643797011582,0.9167090627169101,-0.029228468304819722,0.0,-0.029228468304819722
fashion_mnist,cut_backdoor,clean,42,29,latent_assignment_not_attack,20,93,0,0,326,0.6568004828032573,0.9467528129248002,-0.6787478547342588,0.0,-0.6787478547342588
fashion_mnist,cut_backdoor,clean,42,29,latent_assignment_not_attack,20,94,0,0,296,0.3300259589397204,0.8110326332706407,-0.09301245812455576,0.0,-0.09301245812455576
fashion_mnist,cut_backdoor,clean,42,29,latent_assignment_not_attack,20,96,0,0,1845,0.4329998797979271,0.8998210256369426,-0.6560220944205318,0.0,-0.6560220944205318
fashion_mnist,cut_backdoor,clean,42,29,latent_assignment_not_attack,20,97,0,0,252,0.34786267782886904,0.7697726259420298,-0.5608624432770993,0.0,-0.5608624432770993
fashion_mnist,cut_backdoor,clean,42,29,latent_assignment_not_attack,20,98,0,0,983,0.35083083611334764,0.7336226697549872,-0.03249760985675458,0.0,-0.03249760985675458
fashion_mnist,cut_backdoor,clean,42,29,latent_assignment_not_attack,20,99,0,0,260,0.25053842840894613,0.8982193021867747,-0.14652190835711829,0.0,-0.14652190835711829
mnist,cut_backdoor,clean,137,0,latent_assignment_not_attack,21,0,0,0,848,0.636782861309814,0.9251134460613499,-0.13994130981861452,0.0,-0.13994130981861452
mnist,cut_backdoor,clean,137,0,latent_assignment_not_attack,21,1,0,0,399,0.5216935182686154,0.78146594063048,-0.2899251882977452,0.0,-0.2899251882977452
mnist,cut_backdoor,clean,137,0,latent_assignment_not_attack,21,2,0,0,118,0.5086525618295915,0.806042357759949,-0.41244973242025473,0.0,-0.41244973242025473
mnist,cut_backdoor,clean,137,0,latent_assignment_not_attack,21,3,0,1,1149,0.4893239960449218,0.7622183450104949,-0.2993248057140788,0.0,-0.2993248057140788
mnist,cut_backdoor,clean,137,0,latent_assignment_not_attack,21,4,0,0,45,0.6489021749992546,0.891213178611238,-0.28021791064236196,0.0,-0.28021791064236196
mnist,cut_backdoor,clean,137,0,latent_assignment_not_attack,21,5,0,0,189,0.6702903079637472,0.9161323178968999,-0.1980331087959611,0.0,-0.1980331087959611
mnist,cut_backdoor,clean,137,0,latent_assignment_not_attack,21,6,0,1,559,0.49427405830740756,0.8612045354565157,-0.22231416922317015,0.0,-0.22231416922317015
mnist,cut_backdoor,clean,137,0,latent_assignment_not_attack,21,7,0,0,60,0.7484462925400182,0.8892276351516715,-0.2680111682550935,0.0,-0.2680111682550935
mnist,cut_backdoor,clean,137,0,latent_assignment_not_attack,21,8,0,0,24,0.7226936490381298,0.9087438155053487,-0.20075998197374995,0.0,-0.20075998197374995
mnist,cut_backdoor,clean,137,0,latent_assignment_not_attack,21,9,0,0,650,0.5086290576620742,0.8355999450205438,-0.2171354395483481,0.0,-0.2171354395483481
mnist,cut_backdoor,clean,137,0,latent_assignment_not_attack,21,10,0,0,335,0.6813632450967382,0.9364145804418275,-0.10916397811923344,0.0,-0.10916397811923344
mnist,cut_backdoor,clean,137,0,latent_assignment_not_attack,21,11,0,0,688,0.4744570625470371,0.703122357090591,-0.2386493976580898,0.0,-0.2386493976580898
mnist,cut_backdoor,clean,137,0,latent_assignment_not_attack,21,12,0,0,209,0.6550958713043274,0.9131615599575088,-0.07451435057921296,0.0,-0.07451435057921296
mnist,cut_backdoor,clean,137,0,latent_assignment_not_attack,21,13,0,1,20,0.48365965831142516,0.6953038625543839,-0.3706484287471859,0.0,-0.3706484287471859
mnist,cut_backdoor,clean,137,0,latent_assignment_not_attack,21,14,0,1,20,0.6829099219140164,0.8675445987557104,-0.30703557341896376,0.0,-0.30703557341896376
mnist,cut_backdoor,clean,137,0,latent_assignment_not_attack,21,15,0,1,397,0.45913812314804203,0.8376759036959538,-0.251338054900412,0.0,-0.251338054900412
mnist,cut_backdoor,clean,137,0,latent_assignment_not_attack,21,16,0,0,770,0.5210942809294611,0.8687832504183192,-0.20115739604593433,0.0,-0.20115739604593433
mnist,cut_backdoor,clean,137,0,latent_assignment_not_attack,21,17,0,0,446,0.48002240306769417,0.7448467027303967,-0.33283182331662897,0.0,-0.33283182331662897
mnist,cut_backdoor,clean,137,0,latent_assignment_not_attack,21,18,0,0,136,0.5195394773106934,0.7540667795015776,-0.3667113563685009,0.0,-0.3667113563685009
mnist,cut_backdoor,clean,137,0,latent_assignment_not_attack,21,19,0,0,94,0.5705263112781507,0.9022891365667476,-0.3275174553380701,0.0,-0.3275174553380701
mnist,cut_backdoor,clean,137,0,latent_assignment_not_attack,21,20,0,1,20,0.5249952382046723,0.6891429680982656,-0.3282317382884389,0.0,-0.3282317382884389
mnist,cut_backdoor,clean,137,0,latent_assignment_not_attack,21,21,0,0,184,0.587233382231264,0.9195874293734431,-0.16483852418206255,0.0,-0.16483852418206255
mnist,cut_backdoor,clean,137,0,latent_assignment_not_attack,21,22,0,0,230,0.6507133454936687,0.9310419106286719,-0.2275726078695064,0.0,-0.2275726078695064
mnist,cut_backdoor,clean,137,0,latent_assignment_not_attack,21,23,0,0,912,0.48345680743367064,0.827904774421493,-0.3725327636334602,0.0,-0.3725327636334602
mnist,cut_backdoor,clean,137,0,latent_assignment_not_attack,21,25,0,0,2115,0.47341523505529987,0.739054123358699,-0.31713875058213636,0.0,-0.31713875058213636
mnist,cut_backdoor,clean,137,0,latent_assignment_not_attack,21,26,0,0,1728,0.6779764647930425,0.9215345057919808,-0.1659684239023461,0.0,-0.1659684239023461
mnist,cut_backdoor,clean,137,0,latent_assignment_not_attack,21,27,0,0,126,0.7177603276378757,0.8785715764827564,-0.2278483230381636,0.0,-0.2278483230381636
mnist,cut_backdoor,clean,137,0,latent_assignment_not_attack,21,28,0,0,93,0.4103381756503413,0.6797056624109349,-0.38889627673255467,0.0,-0.38889627673255467
mnist,cut_backdoor,clean,137,0,latent_assignment_not_attack,21,29,0,1,1520,0.5054387170688999,0.8005065708944425,-0.33803779710624676,0.0,-0.33803779710624676
mnist,cut_backdoor,clean,137,0,latent_assignment_not_attack,21,31,0,0,353,0.553242275076482,0.8169983073129373,-0.10835393401130249,0.0,-0.10835393401130249
mnist,cut_backdoor,clean,137,0,latent_assignment_not_attack,21,32,0,1,59,0.6270388263374299,0.9041162509908002,-0.3224313416249083,0.0,-0.3224313416249083
mnist,cut_backdoor,clean,137,0,latent_assignment_not_attack,21,33,0,0,986,0.38561627525373326,0.6734425031211464,-0.3437237220632581,0.0,-0.3437237220632581
mnist,cut_backdoor,clean,137,0,latent_assignment_not_attack,21,34,0,0,963,0.5832606034018293,0.9201582761542888,-0.20621610900697956,0.0,-0.20621610900697956
mnist,cut_backdoor,clean,137,0,latent_assignment_not_attack,21,35,0,0,57,0.589641525853431,0.934615317327598,-0.3007428723133239,0.0,-0.3007428723133239
mnist,cut_backdoor,clean,137,0,latent_assignment_not_attack,21,36,0,0,75,0.6932273002194275,0.9591467586962017,-0.22342819288854265,0.0,-0.22342819288854265
mnist,cut_backdoor,clean,137,0,latent_assignment_not_attack,21,37,0,0,1476,0.5895873084866323,0.946500804153444,-0.28284498346834785,0.0,-0.28284498346834785
mnist,cut_backdoor,clean,137,0,latent_assignment_not_attack,21,38,0,0,828,0.6347463152289543,0.832876291959819,-0.31519612139008324,0.0,-0.31519612139008324
mnist,cut_backdoor,clean,137,0,latent_assignment_not_attack,21,39,0,0,237,0.5520262250622711,0.8227800950178242,-0.17477498221063822,0.0,-0.17477498221063822
mnist,cut_backdoor,clean,137,0,latent_assignment_not_attack,21,41,0,1,163,0.539662620885989,0.8801269496132225,-0.33346834106691264,0.0,-0.33346834106691264
mnist,cut_backdoor,clean,137,0,latent_assignment_not_attack,21,42,0,0,796,0.7015465727809465,0.9593228069406423,-0.21453678191102812,0.0,-0.21453678191102812
mnist,cut_backdoor,clean,137,0,latent_assignment_not_attack,21,43,0,0,20,0.5142774276049135,0.6722839416596581,-0.30438301996910383,0.0,-0.30438301996910383
mnist,cut_backdoor,clean,137,0,latent_assignment_not_attack,21,44,0,0,398,0.49251983747788913,0.87540591340213,-0.38789912786045433,0.0,-0.38789912786045433
mnist,cut_backdoor,clean,137,0,latent_assignment_not_attack,21,45,0,0,20,0.6684487279367711,0.878633642220724,-0.30871146597402216,0.0,-0.30871146597402216
mnist,cut_backdoor,clean,137,0,latent_assignment_not_attack,21,46,0,0,968,0.4736335612334048,0.7646736283021685,-0.38298173856406836,0.0,-0.38298173856406836
mnist,cut_backdoor,clean,137,0,latent_assignment_not_attack,21,47,0,1,284,0.47618341810049075,0.7047747472311782,-0.2990070996170318,0.0,-0.2990070996170318
mnist,cut_backdoor,clean,137,0,latent_assignment_not_attack,21,48,0,0,2914,0.6176079816924387,0.9031617238678369,-0.3342395261904146,0.0,-0.3342395261904146
mnist,cut_backdoor,clean,137,0,latent_assignment_not_attack,21,49,0,0,323,0.3668854756809445,0.6300019014316062,-0.3061512117882784,0.0,-0.3061512117882784
mnist,cut_backdoor,clean,137,0,latent_assignment_not_attack,21,50,0,0,20,0.5195581307977265,0.7250373593355827,-0.25106786309043116,0.0,-0.25106786309043116
mnist,cut_backdoor,clean,137,0,latent_assignment_not_attack,21,51,0,0,84,0.5511387167075557,0.8975362522930712,-0.2660930195670495,0.0,-0.2660930195670495
mnist,cut_backdoor,clean,137,0,latent_assignment_not_attack,21,52,0,0,468,0.5739929352691648,0.9256848261703224,-0.18428353087780475,0.0,-0.18428353087780475
mnist,cut_backdoor,clean,137,0,latent_assignment_not_attack,21,53,0,0,1322,0.48040862069646983,0.9106708245448838,-0.3047212930504122,0.0,-0.3047212930504122
mnist,cut_backdoor,clean,137,0,latent_assignment_not_attack,21,54,0,0,616,0.6032957822532767,0.8976836788546366,-0.21834802793732513,0.0,-0.21834802793732513
mnist,cut_backdoor,clean,137,0,latent_assignment_not_attack,21,55,0,0,770,0.5275688491003012,0.816473197431551,-0.18900460318940887,0.0,-0.18900460318940887
mnist,cut_backdoor,clean,137,0,latent_assignment_not_attack,21,56,0,0,32,0.6476371631416153,0.8572301786280789,-0.2512154523708482,0.0,-0.2512154523708482
mnist,cut_backdoor,clean,137,0,latent_assignment_not_attack,21,57,0,0,497,0.4106827627647967,0.7237325822932219,-0.4683315518910446,0.0,-0.4683315518910446
mnist,cut_backdoor,clean,137,0,latent_assignment_not_attack,21,58,0,0,180,0.48040002186071945,0.7796629511268671,-0.3586680423327738,0.0,-0.3586680423327738
mnist,cut_backdoor,clean,137,0,latent_assignment_not_attack,21,59,0,0,444,0.4158601642414465,0.7242833826816442,-0.30601387589857626,0.0,-0.30601387589857626
mnist,cut_backdoor,clean,137,0,latent_assignment_not_attack,21,61,0,1,453,0.5270969891785239,0.9187916535119776,-0.2239625028887264,0.0,-0.2239625028887264
mnist,cut_backdoor,clean,137,0,latent_assignment_not_attack,21,62,0,0,1020,0.7555205185102023,0.9275981252182234,-0.18542253478564402,0.0,-0.18542253478564402
mnist,cut_backdoor,clean,137,0,latent_assignment_not_attack,21,63,0,0,264,0.47477246989503563,0.8336921712015108,-0.35639974048494283,0.0,-0.35639974048494283
mnist,cut_backdoor,clean,137,0,latent_assignment_not_attack,21,64,0,0,310,0.6571756883364022,0.8900094576846254,-0.08377234826313545,0.0,-0.08377234826313545
mnist,cut_backdoor,clean,137,0,latent_assignment_not_attack,21,65,0,0,226,0.5641874823104838,0.7233885930815754,-0.31602943912316206,0.0,-0.31602943912316206
mnist,cut_backdoor,clean,137,0,latent_assignment_not_attack,21,66,0,1,245,0.7391008273262853,0.8876686630622672,-0.27765295602608375,0.0,-0.27765295602608375
mnist,cut_backdoor,clean,137,0,latent_assignment_not_attack,21,67,0,1,112,0.6318723858606586,0.9364074359217218,-0.131795669772826,0.0,-0.131795669772826
mnist,cut_backdoor,clean,137,0,latent_assignment_not_attack,21,68,0,0,2540,0.5196240193028865,0.8272737050535373,-0.21190363254080824,0.0,-0.21190363254080824
mnist,cut_backdoor,clean,137,0,latent_assignment_not_attack,21,69,0,1,893,0.55704292417161,0.8839046849392496,-0.09583576239483635,0.0,-0.09583576239483635
mnist,cut_backdoor,clean,137,0,latent_assignment_not_attack,21,70,0,1,446,0.5684267179332003,0.9157056281795815,-0.2013420248571993,0.0,-0.2013420248571993
mnist,cut_backdoor,clean,137,0,latent_assignment_not_attack,21,71,0,0,440,0.5999343494912366,0.934637196668213,-0.16099128572342591,0.0,-0.16099128572342591
mnist,cut_backdoor,clean,137,0,latent_assignment_not_attack,21,72,0,0,975,0.47530592328409804,0.7913394372812433,-0.13842746826541819,0.0,-0.13842746826541819
mnist,cut_backdoor,clean,137,0,latent_assignment_not_attack,21,73,0,1,826,0.5160553294253181,0.8333201185738416,-0.2064308907594467,0.0,-0.2064308907594467
mnist,cut_backdoor,clean,137,0,latent_assignment_not_attack,21,75,0,0,1157,0.5047567179372111,0.8813567959601301,-0.3315656425897289,0.0,-0.3315656425897289
mnist,cut_backdoor,clean,137,0,latent_assignment_not_attack,21,76,0,0,704,0.5451638291641567,0.8774376815660592,-0.2840636969429666,0.0,-0.2840636969429666
mnist,cut_backdoor,clean,137,0,latent_assignment_not_attack,21,79,0,0,147,0.5387657166786685,0.8877575948201445,-0.38026980647606023,0.0,-0.38026980647606023
mnist,cut_backdoor,clean,137,0,latent_assignment_not_attack,21,80,0,0,170,0.5040654788540023,0.834556611024515,-0.3270669397023563,0.0,-0.3270669397023563
mnist,cut_backdoor,clean,137,0,latent_assignment_not_attack,21,81,0,0,88,0.48529052649135307,0.7961317202449376,-0.41336993232353825,0.0,-0.41336993232353825
mnist,cut_backdoor,clean,137,0,latent_assignment_not_attack,21,82,0,0,458,0.637535347852149,0.9214436418139791,-0.17344655382975746,0.0,-0.17344655382975746
mnist,cut_backdoor,clean,137,0,latent_assignment_not_attack,21,83,0,0,302,0.5991571923030394,0.7315638754622642,-0.42365149943058716,0.0,-0.42365149943058716
mnist,cut_backdoor,clean,137,0,latent_assignment_not_attack,21,85,0,0,437,0.547874876193357,0.9100035657142923,-0.1796396094923586,0.0,-0.1796396094923586
mnist,cut_backdoor,clean,137,0,latent_assignment_not_attack,21,86,0,0,593,0.7117825686767694,0.8934589691136339,-0.28273732791422795,0.0,-0.28273732791422795
mnist,cut_backdoor,clean,137,0,latent_assignment_not_attack,21,88,0,0,452,0.6115010743398179,0.9450909311273881,-0.2759344858290358,0.0,-0.2759344858290358
mnist,cut_backdoor,clean,137,0,latent_assignment_not_attack,21,89,0,0,346,0.6107077704744776,0.9381636999037264,-0.13044763018529196,0.0,-0.13044763018529196
mnist,cut_backdoor,clean,137,0,latent_assignment_not_attack,21,91,0,0,84,0.5182854537602168,0.8678376044821832,-0.10776513706198083,0.0,-0.10776513706198083
mnist,cut_backdoor,clean,137,0,latent_assignment_not_attack,21,92,0,0,74,0.5801821163538828,0.855012165552526,-0.12774185499093596,0.0,-0.12774185499093596
mnist,cut_backdoor,clean,137,0,latent_assignment_not_attack,21,93,0,0,135,0.43021312362689157,0.8089368675405165,-0.45229310005398415,0.0,-0.45229310005398415
mnist,cut_backdoor,clean,137,0,latent_assignment_not_attack,21,94,0,0,339,0.46874507968457,0.8895906930910004,-0.2730901231980113,0.0,-0.2730901231980113
mnist,cut_backdoor,clean,137,0,latent_assignment_not_attack,21,95,0,0,910,0.3806991736833208,0.7574664234928505,-0.33431202556282175,0.0,-0.33431202556282175
mnist,cut_backdoor,clean,137,0,latent_assignment_not_attack,21,96,0,0,654,0.46917528052741253,0.8352844031872385,-0.4606167863000335,0.0,-0.4606167863000335
mnist,cut_backdoor,clean,137,0,latent_assignment_not_attack,21,97,0,0,434,0.5597892189452073,0.8627718615318158,-0.3750812811102286,0.0,-0.3750812811102286
mnist,cut_backdoor,clean,137,0,latent_assignment_not_attack,21,98,0,1,243,0.4880036772921346,0.8568452497527591,-0.26800337105239763,0.0,-0.26800337105239763
mnist,cut_backdoor,clean,137,0,latent_assignment_not_attack,21,99,0,1,558,0.4541047197293407,0.8411620771118391,-0.431095898418595,0.0,-0.431095898418595
mnist,cut_backdoor,clean,137,9,latent_assignment_not_attack,21,0,0,0,848,0.4611307920533183,0.8091057559601944,-0.19591262732690815,0.0,-0.19591262732690815
mnist,cut_backdoor,clean,137,9,latent_assignment_not_attack,21,1,0,0,399,0.4420142425289436,0.7192251157520767,-0.3217424440589141,0.0,-0.3217424440589141
mnist,cut_backdoor,clean,137,9,latent_assignment_not_attack,21,2,0,0,118,0.34229784306590477,0.7122676496477026,-0.1702245287872011,0.0,-0.1702245287872011
mnist,cut_backdoor,clean,137,9,latent_assignment_not_attack,21,3,0,1,1149,0.394703805307398,0.6928880084875599,-0.2404142601378034,0.0,-0.2404142601378034
mnist,cut_backdoor,clean,137,9,latent_assignment_not_attack,21,4,0,0,45,0.5031991847240331,0.8438877114079549,-0.23263762969937313,0.0,-0.23263762969937313
mnist,cut_backdoor,clean,137,9,latent_assignment_not_attack,21,6,0,1,559,0.3531744563706362,0.7347935231849977,-0.23533444509953746,0.0,-0.23533444509953746
mnist,cut_backdoor,clean,137,9,latent_assignment_not_attack,21,7,0,0,60,0.42561146227617,0.8400804172883423,-0.08822411273821032,0.0,-0.08822411273821032
mnist,cut_backdoor,clean,137,9,latent_assignment_not_attack,21,8,0,0,24,0.571191531924682,0.8913354737660353,-0.014321215888082724,0.0,-0.014321215888082724
mnist,cut_backdoor,clean,137,9,latent_assignment_not_attack,21,9,0,0,650,0.38948537769328395,0.7376380213439557,-0.06871713760894861,0.0,-0.06871713760894861
mnist,cut_backdoor,clean,137,9,latent_assignment_not_attack,21,10,0,0,335,0.43839788731979984,0.889271221829779,-0.11841226415937997,0.0,-0.11841226415937997
mnist,cut_backdoor,clean,137,9,latent_assignment_not_attack,21,11,0,0,688,0.5289490491912189,0.7226067196198159,-0.0520956999513884,0.0,-0.0520956999513884
mnist,cut_backdoor,clean,137,9,latent_assignment_not_attack,21,12,0,0,209,0.6312412698738502,0.8862818963748269,-0.03713647911669381,0.0,-0.03713647911669381
mnist,cut_backdoor,clean,137,9,latent_assignment_not_attack,21,13,0,1,20,0.3503190527154725,0.6830650761651709,-0.16759004695808996,0.0,-0.16759004695808996
mnist,cut_backdoor,clean,137,9,latent_assignment_not_attack,21,14,0,1,20,0.4976160978838434,0.8520617326610902,-0.20983590559994458,0.0,-0.20983590559994458
mnist,cut_backdoor,clean,137,9,latent_assignment_not_attack,21,15,0,1,397,0.43668737196673996,0.7979559808610942,-0.19071035341161355,0.0,-0.19071035341161355
mnist,cut_backdoor,clean,137,9,latent_assignment_not_attack,21,16,0,0,770,0.5296877014788312,0.8314718865789213,-0.14257822580206986,0.0,-0.14257822580206986
mnist,cut_backdoor,clean,137,9,latent_assignment_not_attack,21,17,0,0,446,0.3758778491817058,0.629553244191514,-0.04808654935538386,0.0,-0.04808654935538386
mnist,cut_backdoor,clean,137,9,latent_assignment_not_attack,21,18,0,0,136,0.39821155840491435,0.7282690654762508,-0.10156623765942328,0.0,-0.10156623765942328
mnist,cut_backdoor,clean,137,9,latent_assignment_not_attack,21,20,0,1,20,0.4482533061595064,0.6694992919056926,-0.21761632355604776,0.0,-0.21761632355604776
mnist,cut_backdoor,clean,137,9,latent_assignment_not_attack,21,21,0,0,184,0.41209385143795024,0.8675267420822497,-0.14513197914339615,0.0,-0.14513197914339615
mnist,cut_backdoor,clean,137,9,latent_assignment_not_attack,21,22,0,0,230,0.5134177522196461,0.8912765656202236,-0.014775038947569041,0.0,-0.014775038947569041
mnist,cut_backdoor,clean,137,9,latent_assignment_not_attack,21,24,0,0,633,0.38769338292435845,0.7838829507048326,-0.1592259326974253,0.0,-0.1592259326974253
mnist,cut_backdoor,clean,137,9,latent_assignment_not_attack,21,25,0,0,2115,0.389681567168479,0.6083027371118647,-0.1521651162111335,0.0,-0.1521651162111335
mnist,cut_backdoor,clean,137,9,latent_assignment_not_attack,21,26,0,0,1728,0.5426952454418049,0.8830784424829117,0.012887171858927559,0.0,0.012887171858927559
mnist,cut_backdoor,clean,137,9,latent_assignment_not_attack,21,27,0,0,126,0.5161604885759732,0.7619418083405858,0.03141162265394362,0.0,0.03141162265394362
mnist,cut_backdoor,clean,137,9,latent_assignment_not_attack,21,29,0,1,1520,0.4309961748825182,0.7389237581091077,-0.22285953717364562,0.0,-0.22285953717364562
mnist,cut_backdoor,clean,137,9,latent_assignment_not_attack,21,30,0,0,825,0.34080679265704,0.7237964820512908,-0.1406988070749167,0.0,-0.1406988070749167
mnist,cut_backdoor,clean,137,9,latent_assignment_not_attack,21,32,0,1,59,0.45184596724900433,0.8614749183182676,-0.21693760176053684,0.0,-0.21693760176053684
mnist,cut_backdoor,clean,137,9,latent_assignment_not_attack,21,33,0,0,986,0.3462054775257687,0.6774371038379944,-0.1877308766432995,0.0,-0.1877308766432995
mnist,cut_backdoor,clean,137,9,latent_assignment_not_attack,21,34,0,0,963,0.39268111659441396,0.854842928976711,-0.2512289588422621,0.0,-0.2512289588422621
mnist,cut_backdoor,clean,137,9,latent_assignment_not_attack,21,35,0,0,57,0.30944685076552964,0.8869129747665607,-0.1963396142804653,0.0,-0.1963396142804653
mnist,cut_backdoor,clean,137,9,latent_assignment_not_attack,21,36,0,0,75,0.3779448667569935,0.9391306912956843,-0.10853920638931021,0.0,-0.10853920638931021
mnist,cut_backdoor,clean,137,9,latent_assignment_not_attack,21,37,0,0,1476,0.3337659134764369,0.9021507224264204,-0.10262550978690729,0.0,-0.10262550978690729
mnist,cut_backdoor,clean,137,9,latent_assignment_not_attack,21,38,0,0,828,0.376204693140653,0.7803148003698656,-0.1849053868402036,0.0,-0.1849053868402036
mnist,cut_backdoor,clean,137,9,latent_assignment_not_attack,21,39,0,0,237,0.41913958499820114,0.7524338533697963,-0.05505370843827639,0.0,-0.05505370843827639
mnist,cut_backdoor,clean,137,9,latent_assignment_not_attack,21,40,0,0,421,0.33625831964224145,0.7097956468992983,-0.28216985654266163,0.0,-0.28216985654266163
mnist,cut_backdoor,clean,137,9,latent_assignment_not_attack,21,41,0,1,163,0.4010367990123479,0.7990070894665514,-0.1568565046623682,0.0,-0.1568565046623682
mnist,cut_backdoor,clean,137,9,latent_assignment_not_attack,21,42,0,0,796,0.3758581210438262,0.9404494411390332,-0.09029208275098384,0.0,-0.09029208275098384
mnist,cut_backdoor,clean,137,9,latent_assignment_not_attack,21,43,0,0,20,0.34977804592761363,0.5430862804295906,-0.19434275775301113,0.0,-0.19434275775301113
mnist,cut_backdoor,clean,137,9,latent_assignment_not_attack,21,44,0,0,398,0.3352961302450077,0.7124760409807268,-0.08519140254606485,0.0,-0.08519140254606485
mnist,cut_backdoor,clean,137,9,latent_assignment_not_attack,21,45,0,0,20,0.44252902572424163,0.8241329488038049,-0.22942858582718453,0.0,-0.22942858582718453
mnist,cut_backdoor,clean,137,9,latent_assignment_not_attack,21,46,0,0,968,0.3269556810817432,0.7242667235608198,-0.26732222929774757,0.0,-0.26732222929774757
mnist,cut_backdoor,clean,137,9,latent_assignment_not_attack,21,47,0,1,284,0.39446265969761374,0.6633581396233542,-0.30211420854042004,0.0,-0.30211420854042004
mnist,cut_backdoor,clean,137,9,latent_assignment_not_attack,21,48,0,0,2914,0.4344741908992002,0.8449651842741771,-0.21433222530552987,0.0,-0.21433222530552987
mnist,cut_backdoor,clean,137,9,latent_assignment_not_attack,21,49,0,0,323,0.34463740999070624,0.593506404662036,-0.2571658754422695,0.0,-0.2571658754422695
mnist,cut_backdoor,clean,137,9,latent_assignment_not_attack,21,50,0,0,20,0.4462580254328062,0.6522748776399585,-0.2000009248033675,0.0,-0.2000009248033675
mnist,cut_backdoor,clean,137,9,latent_assignment_not_attack,21,51,0,0,84,0.4528312062110101,0.8626560738427151,-0.0911006950052053,0.0,-0.0911006950052053
mnist,cut_backdoor,clean,137,9,latent_assignment_not_attack,21,52,0,0,468,0.4487212534884068,0.8542863249716115,-0.2182756479667152,0.0,-0.2182756479667152
mnist,cut_backdoor,clean,137,9,latent_assignment_not_attack,21,53,0,0,1322,0.3428210861059136,0.8002011465588625,-0.2991640508513186,0.0,-0.2991640508513186
mnist,cut_backdoor,clean,137,9,latent_assignment_not_attack,21,54,0,0,616,0.3851010506750792,0.8396423897054174,-0.19137852047171744,0.0,-0.19137852047171744
mnist,cut_backdoor,clean,137,9,latent_assignment_not_attack,21,55,0,0,770,0.42184436770507194,0.8149596324355268,-0.11877290937679448,0.0,-0.11877290937679448
mnist,cut_backdoor,clean,137,9,latent_assignment_not_attack,21,57,0,0,497,0.34090501594444406,0.7055300015262213,-0.3616176955338861,0.0,-0.3616176955338861
mnist,cut_backdoor,clean,137,9,latent_assignment_not_attack,21,58,0,0,180,0.4216099633809886,0.7727636731052379,-0.05760655776821819,0.0,-0.05760655776821819
mnist,cut_backdoor,clean,137,9,latent_assignment_not_attack,21,59,0,0,444,0.3709442251831466,0.6653205601312674,-0.20653819983017188,0.0,-0.20653819983017188
mnist,cut_backdoor,clean,137,9,latent_assignment_not_attack,21,60,0,0,252,0.568386786118814,0.9015214015369297,0.011706692643352707,0.0,0.011706692643352707
mnist,cut_backdoor,clean,137,9,latent_assignment_not_attack,21,61,0,1,453,0.41890073210762574,0.8551056332359422,-0.02342627596927388,0.0,-0.02342627596927388
mnist,cut_backdoor,clean,137,9,latent_assignment_not_attack,21,62,0,0,1020,0.571267260662075,0.9041381974041958,0.002873150608014743,0.0,0.002873150608014743
mnist,cut_backdoor,clean,137,9,latent_assignment_not_attack,21,63,0,0,264,0.33276611807148493,0.7550377222209148,-0.2756682230041451,0.0,-0.2756682230041451
mnist,cut_backdoor,clean,137,9,latent_assignment_not_attack,21,64,0,0,310,0.49878358691089586,0.8096246506682082,-0.021469821854955426,0.0,-0.021469821854955426
mnist,cut_backdoor,clean,137,9,latent_assignment_not_attack,21,65,0,0,226,0.45660816589693315,0.7803274658416639,-0.04881665631745565,0.0,-0.04881665631745565
mnist,cut_backdoor,clean,137,9,latent_assignment_not_attack,21,66,0,1,245,0.4189148759725961,0.8358144579621778,-0.08650116655705235,0.0,-0.08650116655705235
mnist,cut_backdoor,clean,137,9,latent_assignment_not_attack,21,67,0,1,112,0.4856556576270286,0.8392018267920726,-0.18521871774947124,0.0,-0.18521871774947124
mnist,cut_backdoor,clean,137,9,latent_assignment_not_attack,21,68,0,0,2540,0.41556840044821897,0.6801822373829236,-0.04529403086118368,0.0,-0.04529403086118368
mnist,cut_backdoor,clean,137,9,latent_assignment_not_attack,21,69,0,1,893,0.5433529844885517,0.8097459236602657,-0.057801323594912316,0.0,-0.057801323594912316
mnist,cut_backdoor,clean,137,9,latent_assignment_not_attack,21,70,0,1,446,0.3838960753596803,0.8349782589865897,-0.2565168040522502,0.0,-0.2565168040522502
mnist,cut_backdoor,clean,137,9,latent_assignment_not_attack,21,71,0,0,440,0.4483805565275256,0.8629009883869265,-0.23892092672501142,0.0,-0.23892092672501142
mnist,cut_backdoor,clean,137,9,latent_assignment_not_attack,21,72,0,0,975,0.46385512153008635,0.6413689001418096,-0.0886801738261543,0.0,-0.0886801738261543
mnist,cut_backdoor,clean,137,9,latent_assignment_not_attack,21,73,0,1,826,0.4120963509590033,0.8002977591925632,-0.18934309479202643,0.0,-0.18934309479202643
mnist,cut_backdoor,clean,137,9,latent_assignment_not_attack,21,75,0,0,1157,0.3578559369260252,0.7040719030186857,-0.026855471196120244,0.0,-0.026855471196120244
mnist,cut_backdoor,clean,137,9,latent_assignment_not_attack,21,76,0,0,704,0.5210255937247386,0.8430896239619183,-0.06889358924446419,0.0,-0.06889358924446419
mnist,cut_backdoor,clean,137,9,latent_assignment_not_attack,21,77,0,0,38,0.3408141516167203,0.929855891544203,-0.13602410702019302,0.0,-0.13602410702019302
mnist,cut_backdoor,clean,137,9,latent_assignment_not_attack,21,79,0,0,147,0.3393091517028867,0.831012992057914,-0.14585065520534266,0.0,-0.14585065520534266
mnist,cut_backdoor,clean,137,9,latent_assignment_not_attack,21,80,0,0,170,0.43050515451015714,0.8012084512978653,-0.0946672267491488,0.0,-0.0946672267491488
mnist,cut_backdoor,clean,137,9,latent_assignment_not_attack,21,81,0,0,88,0.3725417196290389,0.6825738627749987,-0.20640483547777502,0.0,-0.20640483547777502
mnist,cut_backdoor,clean,137,9,latent_assignment_not_attack,21,82,0,0,458,0.5255148112937286,0.8392304343315559,0.004830645101728465,0.0,0.004830645101728465
mnist,cut_backdoor,clean,137,9,latent_assignment_not_attack,21,83,0,0,302,0.4314651620152062,0.7528029104175363,-0.24028207832311382,0.0,-0.24028207832311382
mnist,cut_backdoor,clean,137,9,latent_assignment_not_attack,21,85,0,0,437,0.40058617968637905,0.8422176930583969,-0.1484368922152473,0.0,-0.1484368922152473
mnist,cut_backdoor,clean,137,9,latent_assignment_not_attack,21,86,0,0,593,0.3845411665992687,0.8374905203342994,-0.11280743288862241,0.0,-0.11280743288862241
mnist,cut_backdoor,clean,137,9,latent_assignment_not_attack,21,87,0,0,86,0.3623691758456919,0.6674519458848084,-0.13566245464119306,0.0,-0.13566245464119306
mnist,cut_backdoor,clean,137,9,latent_assignment_not_attack,21,88,0,0,452,0.35909676789301415,0.903737707381883,-0.09097153715612062,0.0,-0.09097153715612062
mnist,cut_backdoor,clean,137,9,latent_assignment_not_attack,21,89,0,0,346,0.45391048608502793,0.883840684049255,-0.09900846894035423,0.0,-0.09900846894035423
mnist,cut_backdoor,clean,137,9,latent_assignment_not_attack,21,91,0,0,84,0.44585338844522343,0.7802543846986443,-0.08767343017009979,0.0,-0.08767343017009979
mnist,cut_backdoor,clean,137,9,latent_assignment_not_attack,21,92,0,0,74,0.5751370595503459,0.8365368458952507,-0.0545694564785177,0.0,-0.0545694564785177
mnist,cut_backdoor,clean,137,9,latent_assignment_not_attack,21,93,0,0,135,0.36807232977535814,0.7594114083823498,-0.147050002054449,0.0,-0.147050002054449
mnist,cut_backdoor,clean,137,9,latent_assignment_not_attack,21,94,0,0,339,0.383137591324182,0.793814908778627,-0.06999915366538217,0.0,-0.06999915366538217
mnist,cut_backdoor,clean,137,9,latent_assignment_not_attack,21,95,0,0,910,0.33975693363113496,0.6849823677318024,-0.3039062493815083,0.0,-0.3039062493815083
mnist,cut_backdoor,clean,137,9,latent_assignment_not_attack,21,96,0,0,654,0.36697999182709695,0.7495174463891644,-0.22887538947870847,0.0,-0.22887538947870847
mnist,cut_backdoor,clean,137,9,latent_assignment_not_attack,21,97,0,0,434,0.43767152545255616,0.7834166511271087,-0.20889930556106884,0.0,-0.20889930556106884
mnist,cut_backdoor,clean,137,9,latent_assignment_not_attack,21,98,0,1,243,0.3900974374088214,0.7630078824480574,-0.2623816563179856,0.0,-0.2623816563179856
mnist,cut_backdoor,clean,137,9,latent_assignment_not_attack,21,99,0,1,558,0.293941066501758,0.8007761852584384,-0.24749026187085435,0.0,-0.24749026187085435
mnist,cut_backdoor,clean,137,29,latent_assignment_not_attack,21,0,0,0,848,0.30319650394700265,0.7647014816786099,0.18681459048782176,0.0,0.18681459048782176
mnist,cut_backdoor,clean,137,29,latent_assignment_not_attack,21,1,0,0,399,0.3049929467268544,0.6781763003530481,0.09521771590798249,0.0,0.09521771590798249
mnist,cut_backdoor,clean,137,29,latent_assignment_not_attack,21,2,0,0,118,0.23258561809675687,0.6485331912505028,0.0909087410599541,0.0,0.0909087410599541
mnist,cut_backdoor,clean,137,29,latent_assignment_not_attack,21,3,0,1,1149,0.26204303048944183,0.6242293184741273,0.1221740861862976,0.0,0.1221740861862976
mnist,cut_backdoor,clean,137,29,latent_assignment_not_attack,21,4,0,0,45,0.3240619649281995,0.7393688261300676,0.07989928129820018,0.0,0.07989928129820018
mnist,cut_backdoor,clean,137,29,latent_assignment_not_attack,21,5,0,0,189,0.36514430503449663,0.8396412198121876,-0.24890717391005263,0.0,-0.24890717391005263
mnist,cut_backdoor,clean,137,29,latent_assignment_not_attack,21,6,0,1,559,0.24401061924973788,0.626556476713635,-0.25161363346431814,0.0,-0.25161363346431814
mnist,cut_backdoor,clean,137,29,latent_assignment_not_attack,21,7,0,0,60,0.2753984538192528,0.6361596391163612,0.2693245974550146,0.0,0.2693245974550146
mnist,cut_backdoor,clean,137,29,latent_assignment_not_attack,21,8,0,0,24,0.4336804667531004,0.8892348045407733,-0.15433941371774107,0.0,-0.15433941371774107
mnist,cut_backdoor,clean,137,29,latent_assignment_not_attack,21,9,0,0,650,0.2711055599151412,0.7204458993251734,-0.027727591668183945,0.0,-0.027727591668183945
mnist,cut_backdoor,clean,137,29,latent_assignment_not_attack,21,10,0,0,335,0.3013631090593473,0.8066673517479831,0.14223921052415037,0.0,0.14223921052415037
mnist,cut_backdoor,clean,137,29,latent_assignment_not_attack,21,12,0,0,209,0.4916766802936509,0.8653181233333346,0.10280293957042043,0.0,0.10280293957042043
mnist,cut_backdoor,clean,137,29,latent_assignment_not_attack,21,13,0,1,20,0.25467300270331134,0.715485166267388,-0.1548221766626724,0.0,-0.1548221766626724
mnist,cut_backdoor,clean,137,29,latent_assignment_not_attack,21,14,0,1,20,0.27182666810550876,0.7824370360979067,0.03462320717695955,0.0,0.03462320717695955
mnist,cut_backdoor,clean,137,29,latent_assignment_not_attack,21,15,0,1,397,0.3199984454287562,0.7686545222782335,-0.09251975257110372,0.0,-0.09251975257110372
mnist,cut_backdoor,clean,137,29,latent_assignment_not_attack,21,16,0,0,770,0.4306883446042756,0.8243997860273282,0.1487357640309331,0.0,0.1487357640309331
mnist,cut_backdoor,clean,137,29,latent_assignment_not_attack,21,17,0,0,446,0.25644060766723054,0.6526382931940764,-0.1653183941635001,0.0,-0.1653183941635001
mnist,cut_backdoor,clean,137,29,latent_assignment_not_attack,21,18,0,0,136,0.2448410668863338,0.7822915585219838,0.11732855161865288,0.0,0.11732855161865288
mnist,cut_backdoor,clean,137,29,latent_assignment_not_attack,21,20,0,1,20,0.3468090669132155,0.6245567881437843,0.04871995663399944,0.0,0.04871995663399944
mnist,cut_backdoor,clean,137,29,latent_assignment_not_attack,21,22,0,0,230,0.375061533089392,0.8970624435480333,-0.2275609416671223,0.0,-0.2275609416671223
mnist,cut_backdoor,clean,137,29,latent_assignment_not_attack,21,23,0,0,912,0.22781924929387792,0.7324740671734633,0.05841089682919141,0.0,0.05841089682919141
mnist,cut_backdoor,clean,137,29,latent_assignment_not_attack,21,25,0,0,2115,0.24636772528187997,0.6969750510754495,0.07988811055431119,0.0,0.07988811055431119
mnist,cut_backdoor,clean,137,29,latent_assignment_not_attack,21,26,0,0,1728,0.41982697550763864,0.8672147480745824,-0.17792686962905138,0.0,-0.17792686962905138
mnist,cut_backdoor,clean,137,29,latent_assignment_not_attack,21,27,0,0,126,0.32265502171712135,0.8273987231405243,0.21078566768935172,0.0,0.21078566768935172
mnist,cut_backdoor,clean,137,29,latent_assignment_not_attack,21,28,0,0,93,0.27067790784991835,0.6846887400047056,0.11697093978993302,0.0,0.11697093978993302
mnist,cut_backdoor,clean,137,29,latent_assignment_not_attack,21,29,0,1,1520,0.3220664723614108,0.652449448577734,-0.08220120215842845,0.0,-0.08220120215842845
mnist,cut_backdoor,clean,137,29,latent_assignment_not_attack,21,31,0,0,353,0.3389041782311471,0.6602916155074172,-0.03074770695170022,0.0,-0.03074770695170022
mnist,cut_backdoor,clean,137,29,latent_assignment_not_attack,21,32,0,1,59,0.31902687586779305,0.7988225784086571,0.06573205526830245,0.0,0.06573205526830245
mnist,cut_backdoor,clean,137,29,latent_assignment_not_attack,21,34,0,0,963,0.24635754701215282,0.7720829359040133,0.0531771069603375,0.0,0.0531771069603375
mnist,cut_backdoor,clean,137,29,latent_assignment_not_attack,21,35,0,0,57,0.18702097316830285,0.8083883590916185,-0.07174989919350559,0.0,-0.07174989919350559
mnist,cut_backdoor,clean,137,29,latent_assignment_not_attack,21,36,0,0,75,0.22834021218085576,0.8992069540001062,-0.024847084692159748,0.0,-0.024847084692159748
mnist,cut_backdoor,clean,137,29,latent_assignment_not_attack,21,37,0,0,1476,0.2385781019052393,0.8467153294061565,-0.017316239780511295,0.0,-0.017316239780511295
mnist,cut_backdoor,clean,137,29,latent_assignment_not_attack,21,38,0,0,828,0.21445413278508854,0.6147178731731775,0.25725061465355936,0.0,0.25725061465355936
mnist,cut_backdoor,clean,137,29,latent_assignment_not_attack,21,39,0,0,237,0.34873622598383097,0.7686619969722253,0.011244978111222657,0.0,0.011244978111222657
mnist,cut_backdoor,clean,137,29,latent_assignment_not_attack,21,40,0,0,421,0.27950929863850826,0.6946987563800165,-0.24981696393696545,0.0,-0.24981696393696545
mnist,cut_backdoor,clean,137,29,latent_assignment_not_attack,21,41,0,1,163,0.2991493917877471,0.7804398521023618,-0.16570693244125095,0.0,-0.16570693244125095
mnist,cut_backdoor,clean,137,29,latent_assignment_not_attack,21,42,0,0,796,0.27083127719223615,0.9032604024994424,0.028413395473855504,0.0,0.028413395473855504
mnist,cut_backdoor,clean,137,29,latent_assignment_not_attack,21,43,0,0,20,0.25436147503738643,0.5598304525207431,-0.13976569384977944,0.0,-0.13976569384977944
mnist,cut_backdoor,clean,137,29,latent_assignment_not_attack,21,44,0,0,398,0.1934539222207078,0.6315925934260544,-0.02570257020511826,0.0,-0.02570257020511826
mnist,cut_backdoor,clean,137,29,latent_assignment_not_attack,21,45,0,0,20,0.24246049095697644,0.6955421922162605,-0.0490709245746775,0.0,-0.0490709245746775
mnist,cut_backdoor,clean,137,29,latent_assignment_not_attack,21,46,0,0,968,0.1798888035315813,0.6328207437864707,0.12277342780827412,0.0,0.12277342780827412
mnist,cut_backdoor,clean,137,29,latent_assignment_not_attack,21,47,0,1,284,0.23944286427487946,0.6357192775078656,0.19050755406993494,0.0,0.19050755406993494
mnist,cut_backdoor,clean,137,29,latent_assignment_not_attack,21,48,0,0,2914,0.3316307683811294,0.7591390332194632,-0.07694703577822208,0.0,-0.07694703577822208
mnist,cut_backdoor,clean,137,29,latent_assignment_not_attack,21,49,0,0,323,0.21919838093817118,0.563876219349728,-0.23746709734037005,0.0,-0.23746709734037005
mnist,cut_backdoor,clean,137,29,latent_assignment_not_attack,21,50,0,0,20,0.2980318879652374,0.6306879025393635,-0.1934484656209019,0.0,-0.1934484656209019
mnist,cut_backdoor,clean,137,29,latent_assignment_not_attack,21,51,0,0,84,0.3677604806499226,0.8741372385144043,-0.13859502319353129,0.0,-0.13859502319353129
mnist,cut_backdoor,clean,137,29,latent_assignment_not_attack,21,52,0,0,468,0.2918818960334355,0.8023343278307363,0.06618604467788662,0.0,0.06618604467788662
mnist,cut_backdoor,clean,137,29,latent_assignment_not_attack,21,53,0,0,1322,0.24775470086477183,0.7340380337108201,-0.02670626749719145,0.0,-0.02670626749719145
mnist,cut_backdoor,clean,137,29,latent_assignment_not_attack,21,54,0,0,616,0.20436754543653732,0.7627989791021834,0.1889569641328489,0.0,0.1889569641328489
mnist,cut_backdoor,clean,137,29,latent_assignment_not_attack,21,55,0,0,770,0.3194233108040352,0.7996270275306898,-0.011827841903022865,0.0,-0.011827841903022865
mnist,cut_backdoor,clean,137,29,latent_assignment_not_attack,21,56,0,0,32,0.34219680046651463,0.7998990410683653,0.14035060398398858,0.0,0.14035060398398858
mnist,cut_backdoor,clean,137,29,latent_assignment_not_attack,21,57,0,0,497,0.2508639995989721,0.6531662827345951,0.12894883223742162,0.0,0.12894883223742162
mnist,cut_backdoor,clean,137,29,latent_assignment_not_attack,21,58,0,0,180,0.30147710184332116,0.7669033877541233,-0.035205003764094245,0.0,-0.035205003764094245
mnist,cut_backdoor,clean,137,29,latent_assignment_not_attack,21,60,0,0,252,0.4704795699617491,0.9019596043711144,-0.16185540782070496,0.0,-0.16185540782070496
mnist,cut_backdoor,clean,137,29,latent_assignment_not_attack,21,61,0,1,453,0.33281863703980535,0.8254089340061663,-0.23302559854545676,0.0,-0.23302559854545676
mnist,cut_backdoor,clean,137,29,latent_assignment_not_attack,21,62,0,0,1020,0.4476560825531488,0.9066238161642091,-0.1958978595607411,0.0,-0.1958978595607411
mnist,cut_backdoor,clean,137,29,latent_assignment_not_attack,21,63,0,0,264,0.24240691605906675,0.7882854504144771,0.07393152341330238,0.0,0.07393152341330238
mnist,cut_backdoor,clean,137,29,latent_assignment_not_attack,21,64,0,0,310,0.4066699949229991,0.7820927317445776,0.07089457623825621,0.0,0.07089457623825621
mnist,cut_backdoor,clean,137,29,latent_assignment_not_attack,21,65,0,0,226,0.3518313343148042,0.8151297478108152,-0.0367733121904042,0.0,-0.0367733121904042
mnist,cut_backdoor,clean,137,29,latent_assignment_not_attack,21,66,0,1,245,0.2906722310779555,0.6434529664213262,0.30142858097207914,0.0,0.30142858097207914
mnist,cut_backdoor,clean,137,29,latent_assignment_not_attack,21,67,0,1,112,0.3026403701711402,0.7994777953002299,0.09691651354823383,0.0,0.09691651354823383
mnist,cut_backdoor,clean,137,29,latent_assignment_not_attack,21,68,0,0,2540,0.28017584222355696,0.6443787273180318,-0.1747716840664624,0.0,-0.1747716840664624
mnist,cut_backdoor,clean,137,29,latent_assignment_not_attack,21,69,0,1,893,0.4430725493635146,0.811835319532932,0.011438458966843094,0.0,0.011438458966843094
mnist,cut_backdoor,clean,137,29,latent_assignment_not_attack,21,70,0,1,446,0.2558429150280551,0.7618668920697154,0.1254851651784912,0.0,0.1254851651784912
mnist,cut_backdoor,clean,137,29,latent_assignment_not_attack,21,71,0,0,440,0.33331261175104204,0.8289621833544827,0.07394179602600139,0.0,0.07394179602600139
mnist,cut_backdoor,clean,137,29,latent_assignment_not_attack,21,72,0,0,975,0.3363011452678759,0.6896409506895378,-0.076766284539817,0.0,-0.076766284539817
mnist,cut_backdoor,clean,137,29,latent_assignment_not_attack,21,73,0,1,826,0.26258302796088795,0.7369162489723671,0.04779887270303151,0.0,0.04779887270303151
mnist,cut_backdoor,clean,137,29,latent_assignment_not_attack,21,74,0,0,167,0.428221791731357,0.8710540490157614,-0.09842670815168314,0.0,-0.09842670815168314
mnist,cut_backdoor,clean,137,29,latent_assignment_not_attack,21,75,0,0,1157,0.21671892625779016,0.5751996642141328,-0.23083902793201228,0.0,-0.23083902793201228
mnist,cut_backdoor,clean,137,29,latent_assignment_not_attack,21,76,0,0,704,0.3852686455023962,0.8035682068586605,-0.07481212715435576,0.0,-0.07481212715435576
mnist,cut_backdoor,clean,137,29,latent_assignment_not_attack,21,77,0,0,38,0.30112064178014775,0.8848564183968584,0.029513850390402024,0.0,0.029513850390402024
mnist,cut_backdoor,clean,137,29,latent_assignment_not_attack,21,78,0,0,431,0.19812212677232502,0.7079629572780206,-0.38310283148598234,0.0,-0.38310283148598234
mnist,cut_backdoor,clean,137,29,latent_assignment_not_attack,21,79,0,0,147,0.22466041592154715,0.8306882327494616,0.10672109990522026,0.0,0.10672109990522026
mnist,cut_backdoor,clean,137,29,latent_assignment_not_attack,21,80,0,0,170,0.3199212306080257,0.8002713369834005,-0.12350156471600243,0.0,-0.12350156471600243
mnist,cut_backdoor,clean,137,29,latent_assignment_not_attack,21,81,0,0,88,0.2412173624878449,0.7013043965001721,0.2675924155603828,0.0,0.2675924155603828
mnist,cut_backdoor,clean,137,29,latent_assignment_not_attack,21,82,0,0,458,0.46985611683344447,0.8830312841225721,-0.08541905495392814,0.0,-0.08541905495392814
mnist,cut_backdoor,clean,137,29,latent_assignment_not_attack,21,83,0,0,302,0.28842445376738224,0.7331857063692955,0.17788916616156017,0.0,0.17788916616156017
mnist,cut_backdoor,clean,137,29,latent_assignment_not_attack,21,84,0,0,263,0.29556164837608556,0.8457086685624274,0.1505538482583967,0.0,0.1505538482583967
mnist,cut_backdoor,clean,137,29,latent_assignment_not_attack,21,85,0,0,437,0.28460738835943206,0.7199333948975114,0.04425076218689715,0.0,0.04425076218689715
mnist,cut_backdoor,clean,137,29,latent_assignment_not_attack,21,87,0,0,86,0.2291701078336802,0.617742301581021,-0.2866624014675011,0.0,-0.2866624014675011
mnist,cut_backdoor,clean,137,29,latent_assignment_not_attack,21,88,0,0,452,0.2556315996889159,0.8257832378138004,0.11217280328368512,0.0,0.11217280328368512
mnist,cut_backdoor,clean,137,29,latent_assignment_not_attack,21,89,0,0,346,0.2865392844847964,0.821534707388523,0.1536974155358194,0.0,0.1536974155358194
mnist,cut_backdoor,clean,137,29,latent_assignment_not_attack,21,91,0,0,84,0.3351094244406627,0.7361346847644176,-0.14136929946584,0.0,-0.14136929946584
mnist,cut_backdoor,clean,137,29,latent_assignment_not_attack,21,92,0,0,74,0.409319833290391,0.8233789584958761,0.03310080769206469,0.0,0.03310080769206469
mnist,cut_backdoor,clean,137,29,latent_assignment_not_attack,21,94,0,0,339,0.2904118275409736,0.7815261026235097,-0.19021467756161456,0.0,-0.19021467756161456
mnist,cut_backdoor,clean,137,29,latent_assignment_not_attack,21,95,0,0,910,0.21172401631415214,0.5341643141439884,0.005095851041849051,0.0,0.005095851041849051
mnist,cut_backdoor,clean,137,29,latent_assignment_not_attack,21,96,0,0,654,0.2615658920122701,0.6774920007693374,0.018441722846400336,0.0,0.018441722846400336
mnist,cut_backdoor,clean,137,29,latent_assignment_not_attack,21,97,0,0,434,0.3441452401346418,0.689520207869216,0.10556790145906249,0.0,0.10556790145906249
mnist,cut_backdoor,clean,137,29,latent_assignment_not_attack,21,98,0,1,243,0.27830662616385754,0.7432664586525102,-0.03968320703443463,0.0,-0.03968320703443463
mnist,cut_backdoor,clean,137,29,latent_assignment_not_attack,21,99,0,1,558,0.2074041337043733,0.7666398584178392,0.12458777601212177,0.0,0.12458777601212177
mnist,cut_backdoor,clean,2024,0,latent_assignment_not_attack,22,0,0,0,22,0.4845887297230556,0.5687586689541713,-0.24712234466666952,0.0,-0.24712234466666952
mnist,cut_backdoor,clean,2024,0,latent_assignment_not_attack,22,1,0,0,115,0.45894212915862764,0.7981881741405426,-0.16983044266131578,0.0,-0.16983044266131578
mnist,cut_backdoor,clean,2024,0,latent_assignment_not_attack,22,2,0,0,20,0.4018585936995783,0.5787875682435194,-0.41082580479373665,0.0,-0.41082580479373665
mnist,cut_backdoor,clean,2024,0,latent_assignment_not_attack,22,4,0,0,775,0.5622592348058854,0.7568555186063817,-0.22777587817340056,0.0,-0.22777587817340056
mnist,cut_backdoor,clean,2024,0,latent_assignment_not_attack,22,5,0,0,281,0.6167639011780691,0.8702931286293843,-0.14590143424606408,0.0,-0.14590143424606408
mnist,cut_backdoor,clean,2024,0,latent_assignment_not_attack,22,6,0,1,577,0.5042693868985167,0.863004730941061,-0.3701183197009728,0.0,-0.3701183197009728
mnist,cut_backdoor,clean,2024,0,latent_assignment_not_attack,22,7,0,0,1039,0.5302869551291078,0.7947717420645473,-0.16310871021500775,0.0,-0.16310871021500775
mnist,cut_backdoor,clean,2024,0,latent_assignment_not_attack,22,8,0,0,231,0.5548441977505398,0.9082110288227488,-0.35730314814712777,0.0,-0.35730314814712777
mnist,cut_backdoor,clean,2024,0,latent_assignment_not_attack,22,9,0,0,1886,0.5164991927770225,0.6890791143203552,-0.23085407878349548,0.0,-0.23085407878349548
mnist,cut_backdoor,clean,2024,0,latent_assignment_not_attack,22,10,0,0,204,0.5392942933592753,0.7171920632101904,-0.215019677864806,0.0,-0.215019677864806
mnist,cut_backdoor,clean,2024,0,latent_assignment_not_attack,22,11,0,0,155,0.4785858050873963,0.7512477168647889,-0.2072877131738442,0.0,-0.2072877131738442
mnist,cut_backdoor,clean,2024,0,latent_assignment_not_attack,22,12,0,0,1820,0.5030526523412866,0.8546036882292194,-0.3346031465747466,0.0,-0.3346031465747466
mnist,cut_backdoor,clean,2024,0,latent_assignment_not_attack,22,14,0,0,94,0.48592870897726964,0.7832628040300242,-0.4986450330903732,0.0,-0.4986450330903732
mnist,cut_backdoor,clean,2024,0,latent_assignment_not_attack,22,15,0,1,188,0.4693049323655591,0.7283537853372256,-0.1759484041635721,0.0,-0.1759484041635721
mnist,cut_backdoor,clean,2024,0,latent_assignment_not_attack,22,16,0,0,846,0.6780810378492504,0.9129312430704752,-0.31391990594732483,0.0,-0.31391990594732483
mnist,cut_backdoor,clean,2024,0,latent_assignment_not_attack,22,17,0,0,55,0.5396589808960477,0.7134842100337467,-0.4096962728440552,0.0,-0.4096962728440552
mnist,cut_backdoor,clean,2024,0,latent_assignment_not_attack,22,19,0,1,539,0.3613624670479746,0.724530527553367,-0.4367198283319096,0.0,-0.4367198283319096
mnist,cut_backdoor,clean,2024,0,latent_assignment_not_attack,22,20,0,1,260,0.5686512635821088,0.8525070317894146,-0.07457081587374999,0.0,-0.07457081587374999
mnist,cut_backdoor,clean,2024,0,latent_assignment_not_attack,22,21,0,0,20,0.48499310686671654,0.6827281619203517,-0.3445105323864984,0.0,-0.3445105323864984
mnist,cut_backdoor,clean,2024,0,latent_assignment_not_attack,22,22,0,0,75,0.6448688476885108,0.8405998941871392,-0.16632745426801873,0.0,-0.16632745426801873
mnist,cut_backdoor,clean,2024,0,latent_assignment_not_attack,22,23,0,0,299,0.5060148807282825,0.7752335674960096,-0.05139008321801594,0.0,-0.05139008321801594
mnist,cut_backdoor,clean,2024,0,latent_assignment_not_attack,22,24,0,0,63,0.5166757131804001,0.7637837892877879,-0.5053046748527333,0.0,-0.5053046748527333
mnist,cut_backdoor,clean,2024,0,latent_assignment_not_attack,22,25,0,1,211,0.49752573167427594,0.82458887756917,-0.45365559269710015,0.0,-0.45365559269710015
mnist,cut_backdoor,clean,2024,0,latent_assignment_not_attack,22,26,0,0,380,0.5444744386582067,0.7680879029875162,-0.21745501498189798,0.0,-0.21745501498189798
mnist,cut_backdoor,clean,2024,0,latent_assignment_not_attack,22,28,0,0,93,0.5527246906610502,0.9051561616508679,-0.38589915092088173,0.0,-0.38589915092088173
mnist,cut_backdoor,clean,2024,0,latent_assignment_not_attack,22,29,0,0,1182,0.624240776882127,0.8466293904216983,-0.0913284500997866,0.0,-0.0913284500997866
mnist,cut_backdoor,clean,2024,0,latent_assignment_not_attack,22,31,0,1,88,0.6872257403838811,0.9135513619568275,-0.19126337449319947,0.0,-0.19126337449319947
mnist,cut_backdoor,clean,2024,0,latent_assignment_not_attack,22,32,0,0,264,0.46107982965249433,0.7454470149745908,-0.33155929776634313,0.0,-0.33155929776634313
mnist,cut_backdoor,clean,2024,0,latent_assignment_not_attack,22,33,0,0,158,0.5460728620142004,0.7314101254920946,-0.48814214337298867,0.0,-0.48814214337298867
mnist,cut_backdoor,clean,2024,0,latent_assignment_not_attack,22,34,0,0,417,0.3947590448918495,0.7028456328588032,-0.3863605308141801,0.0,-0.3863605308141801
mnist,cut_backdoor,clean,2024,0,latent_assignment_not_attack,22,35,0,0,774,0.5574422231533095,0.7962987867295223,-0.20096619670492952,0.0,-0.20096619670492952
mnist,cut_backdoor,clean,2024,0,latent_assignment_not_attack,22,36,0,0,811,0.5536284491321184,0.8241267382716373,-0.3712613478666256,0.0,-0.3712613478666256
mnist,cut_backdoor,clean,2024,0,latent_assignment_not_attack,22,37,0,0,473,0.5109306676312212,0.88816470529101,-0.2869783304647332,0.0,-0.2869783304647332
mnist,cut_backdoor,clean,2024,0,latent_assignment_not_attack,22,38,0,0,722,0.5324067934858041,0.8062936874550551,-0.4472186410534426,0.0,-0.4472186410534426
mnist,cut_backdoor,clean,2024,0,latent_assignment_not_attack,22,39,0,0,97,0.5636372820270397,0.8168649834814538,-0.22902725078320676,0.0,-0.22902725078320676
mnist,cut_backdoor,clean,2024,0,latent_assignment_not_attack,22,40,0,0,1226,0.6345038469423581,0.8770561919122537,-0.44257639941949284,0.0,-0.44257639941949284
mnist,cut_backdoor,clean,2024,0,latent_assignment_not_attack,22,41,0,0,57,0.5298864682230228,0.6647960758902454,-0.2286901655362189,0.0,-0.2286901655362189
mnist,cut_backdoor,clean,2024,0,latent_assignment_not_attack,22,42,0,1,76,0.6729044016428588,0.9345125073179629,-0.29329617581279116,0.0,-0.29329617581279116
mnist,cut_backdoor,clean,2024,0,latent_assignment_not_attack,22,43,0,0,364,0.5334264945034767,0.8425993176872236,-0.4472898003202472,0.0,-0.4472898003202472
mnist,cut_backdoor,clean,2024,0,latent_assignment_not_attack,22,44,0,0,175,0.6204371094028228,0.9040114048255898,-0.24112734669206903,0.0,-0.24112734669206903
mnist,cut_backdoor,clean,2024,0,latent_assignment_not_attack,22,46,0,1,37,0.5220312988276467,0.6699880766075421,-0.3776150694256066,0.0,-0.3776150694256066
mnist,cut_backdoor,clean,2024,0,latent_assignment_not_attack,22,47,0,0,1677,0.47796361734607984,0.7591983659359995,-0.36452331942977906,0.0,-0.36452331942977906
mnist,cut_backdoor,clean,2024,0,latent_assignment_not_attack,22,48,0,1,406,0.39941005828945353,0.7392359190623443,-0.5016927917955385,0.0,-0.5016927917955385
mnist,cut_backdoor,clean,2024,0,latent_assignment_not_attack,22,49,0,0,88,0.529495835345014,0.8594091174276974,-0.3514236761939317,0.0,-0.3514236761939317
mnist,cut_backdoor,clean,2024,0,latent_assignment_not_attack,22,50,0,0,178,0.42363719784350473,0.8111862296922183,-0.28955356055001796,0.0,-0.28955356055001796
mnist,cut_backdoor,clean,2024,0,latent_assignment_not_attack,22,51,0,0,723,0.4482823466806044,0.7590024134052494,-0.3489328922825422,0.0,-0.3489328922825422
mnist,cut_backdoor,clean,2024,0,latent_assignment_not_attack,22,53,0,1,20,0.4157198524419779,0.6486460561872553,-0.3219270310975548,0.0,-0.3219270310975548
mnist,cut_backdoor,clean,2024,0,latent_assignment_not_attack,22,54,0,1,504,0.5323083413969083,0.6916067082551708,-0.18183107051618552,0.0,-0.18183107051618552
mnist,cut_backdoor,clean,2024,0,latent_assignment_not_attack,22,55,0,0,191,0.5294369155041946,0.7788944068777639,-0.264423103502636,0.0,-0.264423103502636
mnist,cut_backdoor,clean,2024,0,latent_assignment_not_attack,22,56,0,0,172,0.5450412321605358,0.8342956728441588,-0.21273180870844766,0.0,-0.21273180870844766
mnist,cut_backdoor,clean,2024,0,latent_assignment_not_attack,22,57,0,0,306,0.5302680224473866,0.6943460865517608,-0.20548908949017167,0.0,-0.20548908949017167
mnist,cut_backdoor,clean,2024,0,latent_assignment_not_attack,22,58,0,1,163,0.5988685388951448,0.8622155294451141,-0.37252647812536593,0.0,-0.37252647812536593
mnist,cut_backdoor,clean,2024,0,latent_assignment_not_attack,22,59,0,0,1893,0.4580886404531697,0.7180675411296773,-0.4057191825687028,0.0,-0.4057191825687028
mnist,cut_backdoor,clean,2024,0,latent_assignment_not_attack,22,61,0,1,454,0.5589109769429326,0.8395234658772093,-0.252832699388156,0.0,-0.252832699388156
mnist,cut_backdoor,clean,2024,0,latent_assignment_not_attack,22,62,0,0,105,0.5007493703468161,0.7386251753848795,-0.26447281695046576,0.0,-0.26447281695046576
mnist,cut_backdoor,clean,2024,0,latent_assignment_not_attack,22,63,0,0,1468,0.46919767364662585,0.8182890721365098,-0.39801475732209446,0.0,-0.39801475732209446
mnist,cut_backdoor,clean,2024,0,latent_assignment_not_attack,22,65,0,1,57,0.5964958907495478,0.8754838342558123,-0.319770447516957,0.0,-0.319770447516957
mnist,cut_backdoor,clean,2024,0,latent_assignment_not_attack,22,66,0,0,87,0.4833433005702556,0.7499642642476101,-0.21557559645141425,0.0,-0.21557559645141425
mnist,cut_backdoor,clean,2024,0,latent_assignment_not_attack,22,67,0,0,258,0.6254057166394145,0.9264293242602216,-0.28821663591373003,0.0,-0.28821663591373003
mnist,cut_backdoor,clean,2024,0,latent_assignment_not_attack,22,68,0,1,324,0.47732264717270945,0.7649338952522557,-0.3906296957874852,0.0,-0.3906296957874852
mnist,cut_backdoor,clean,2024,0,latent_assignment_not_attack,22,70,0,0,162,0.5628540962621325,0.8507090135711648,-0.41756728136044474,0.0,-0.41756728136044474
mnist,cut_backdoor,clean,2024,0,latent_assignment_not_attack,22,71,0,0,347,0.531124060513871,0.8477268117931305,-0.4587556791289493,0.0,-0.4587556791289493
mnist,cut_backdoor,clean,2024,0,latent_assignment_not_attack,22,72,0,0,500,0.32720004341820547,0.5132466022328865,-0.25460925006416446,0.0,-0.25460925006416446
mnist,cut_backdoor,clean,2024,0,latent_assignment_not_attack,22,73,0,0,205,0.6246933863097452,0.9207917306467717,-0.29318036868758396,0.0,-0.29318036868758396
mnist,cut_backdoor,clean,2024,0,latent_assignment_not_attack,22,74,0,0,869,0.5754731587813446,0.8604549686447871,-0.08709485179658684,0.0,-0.08709485179658684
mnist,cut_backdoor,clean,2024,0,latent_assignment_not_attack,22,75,0,1,365,0.7067414592962707,0.8640530928556422,-0.37564723399379474,0.0,-0.37564723399379474
mnist,cut_backdoor,clean,2024,0,latent_assignment_not_attack,22,76,0,1,858,0.5158559019354252,0.7347622832824343,-0.3101636521559506,0.0,-0.3101636521559506
mnist,cut_backdoor,clean,2024,0,latent_assignment_not_attack,22,77,0,0,321,0.5971010459738461,0.916769640675928,-0.3978951139589273,0.0,-0.3978951139589273
mnist,cut_backdoor,clean,2024,0,latent_assignment_not_attack,22,78,0,0,71,0.5061960453373536,0.772015572878694,-0.4116205100169437,0.0,-0.4116205100169437
mnist,cut_backdoor,clean,2024,0,latent_assignment_not_attack,22,79,0,0,1251,0.41138163558030005,0.6220276306312984,-0.4145909809130968,0.0,-0.4145909809130968
mnist,cut_backdoor,clean,2024,0,latent_assignment_not_attack,22,80,0,0,1673,0.48903157678771175,0.69519020106575,-0.08529395931776201,0.0,-0.08529395931776201
mnist,cut_backdoor,clean,2024,0,latent_assignment_not_attack,22,81,0,0,698,0.6237482028944196,0.9128466103146143,-0.3289994788192945,0.0,-0.3289994788192945
mnist,cut_backdoor,clean,2024,0,latent_assignment_not_attack,22,82,0,0,429,0.5924227362844033,0.8254437336770202,-0.3532172329192753,0.0,-0.3532172329192753
mnist,cut_backdoor,clean,2024,0,latent_assignment_not_attack,22,83,0,0,1241,0.6329134415932746,0.8181591478942092,0.05262873260131692,0.0,0.05262873260131692
mnist,cut_backdoor,clean,2024,0,latent_assignment_not_attack,22,84,0,0,25,0.5766732949741109,0.7741662943002662,0.0302400171115447,0.0,0.0302400171115447
mnist,cut_backdoor,clean,2024,0,latent_assignment_not_attack,22,85,0,0,588,0.4163398881598883,0.6334252706363607,-0.3482787844324329,0.0,-0.3482787844324329
mnist,cut_backdoor,clean,2024,0,latent_assignment_not_attack,22,86,0,0,1094,0.5225185794222974,0.8319793593509279,-0.29976890272527074,0.0,-0.29976890272527074
mnist,cut_backdoor,clean,2024,0,latent_assignment_not_attack,22,87,0,0,705,0.5356275373945202,0.8509677722588064,-0.17220923530715188,0.0,-0.17220923530715188
mnist,cut_backdoor,clean,2024,0,latent_assignment_not_attack,22,88,0,0,1836,0.5427459704823506,0.8657885724463099,-0.24916307298968732,0.0,-0.24916307298968732
mnist,cut_backdoor,clean,2024,0,latent_assignment_not_attack,22,89,0,1,559,0.5172220590894595,0.8858465530791279,-0.3785117519341181,0.0,-0.3785117519341181
mnist,cut_backdoor,clean,2024,0,latent_assignment_not_attack,22,90,0,0,38,0.5356127895674239,0.8454470467392001,-0.38711817727018827,0.0,-0.38711817727018827
mnist,cut_backdoor,clean,2024,0,latent_assignment_not_attack,22,91,0,0,1249,0.4604593918768387,0.7334858609133997,-0.37542801105307044,0.0,-0.37542801105307044
mnist,cut_backdoor,clean,2024,0,latent_assignment_not_attack,22,92,0,0,154,0.5652412263116066,0.7886691016905151,-0.3047620608142663,0.0,-0.3047620608142663
mnist,cut_backdoor,clean,2024,0,latent_assignment_not_attack,22,93,0,0,321,0.3465019350421902,0.7182110651566054,-0.43087239301402486,0.0,-0.43087239301402486
mnist,cut_backdoor,clean,2024,0,latent_assignment_not_attack,22,94,0,0,1118,0.6816972362939935,0.9116963658843884,-0.19519342893658786,0.0,-0.19519342893658786
mnist,cut_backdoor,clean,2024,0,latent_assignment_not_attack,22,95,0,0,975,0.45708488644363016,0.6364381073541442,-0.0763861211635324,0.0,-0.0763861211635324
mnist,cut_backdoor,clean,2024,0,latent_assignment_not_attack,22,96,0,0,788,0.5725066923445289,0.8736258573076834,-0.16166483531493883,0.0,-0.16166483531493883
mnist,cut_backdoor,clean,2024,0,latent_assignment_not_attack,22,97,0,0,231,0.5035150404549139,0.8611014592302837,-0.4485830002696847,0.0,-0.4485830002696847
mnist,cut_backdoor,clean,2024,0,latent_assignment_not_attack,22,98,0,0,39,0.4150918942684089,0.7400815994837225,-0.43556400182126553,0.0,-0.43556400182126553
mnist,cut_backdoor,clean,2024,0,latent_assignment_not_attack,22,99,0,0,742,0.4364262347295082,0.8066455858434225,-0.39081242362208557,0.0,-0.39081242362208557
mnist,cut_backdoor,clean,2024,9,latent_assignment_not_attack,22,0,0,0,22,0.4546106715245579,0.5869228561086809,-0.19448048620390979,0.0,-0.19448048620390979
mnist,cut_backdoor,clean,2024,9,latent_assignment_not_attack,22,1,0,0,115,0.4496709472326028,0.7702960264361595,-0.13059722592431472,0.0,-0.13059722592431472
mnist,cut_backdoor,clean,2024,9,latent_assignment_not_attack,22,3,0,0,172,0.4452926106145285,0.7621301997210932,-0.07119284793434143,0.0,-0.07119284793434143
mnist,cut_backdoor,clean,2024,9,latent_assignment_not_attack,22,4,0,0,775,0.50857120937524,0.7028486122796015,-0.03738352481033998,0.0,-0.03738352481033998
mnist,cut_backdoor,clean,2024,9,latent_assignment_not_attack,22,5,0,0,281,0.46654585818921934,0.9050320504779883,-0.17365143832404964,0.0,-0.17365143832404964
mnist,cut_backdoor,clean,2024,9,latent_assignment_not_attack,22,6,0,1,577,0.34635340254068364,0.6928168159963276,-0.06493538457314262,0.0,-0.06493538457314262
mnist,cut_backdoor,clean,2024,9,latent_assignment_not_attack,22,7,0,0,1039,0.39436741410022613,0.6338962597122982,-0.1604220960873742,0.0,-0.1604220960873742
mnist,cut_backdoor,clean,2024,9,latent_assignment_not_attack,22,8,0,0,231,0.34279497348560695,0.8673817212725851,-0.1441148816410244,0.0,-0.1441148816410244
mnist,cut_backdoor,clean,2024,9,latent_assignment_not_attack,22,9,0,0,1886,0.4456247907627557,0.6664309875943948,-0.08198129510928188,0.0,-0.08198129510928188
mnist,cut_backdoor,clean,2024,9,latent_assignment_not_attack,22,10,0,0,204,0.5218659628537874,0.7634584896589439,0.006762985260307259,0.0,0.006762985260307259
mnist,cut_backdoor,clean,2024,9,latent_assignment_not_attack,22,11,0,0,155,0.390496140120522,0.7289605103479863,-0.22417469054173958,0.0,-0.22417469054173958
mnist,cut_backdoor,clean,2024,9,latent_assignment_not_attack,22,12,0,0,1820,0.36603516477173637,0.7234202701771151,-0.1605631471032284,0.0,-0.1605631471032284
mnist,cut_backdoor,clean,2024,9,latent_assignment_not_attack,22,13,0,0,1030,0.35988350841332356,0.6075691439007881,-0.23569251655609308,0.0,-0.23569251655609308
mnist,cut_backdoor,clean,2024,9,latent_assignment_not_attack,22,14,0,0,94,0.3408102100135894,0.7005004648605785,-0.19990743162298097,0.0,-0.19990743162298097
mnist,cut_backdoor,clean,2024,9,latent_assignment_not_attack,22,15,0,1,188,0.48494231898225515,0.7538691605597299,-0.07528954119047872,0.0,-0.07528954119047872
mnist,cut_backdoor,clean,2024,9,latent_assignment_not_attack,22,16,0,0,846,0.3774349193692259,0.7920105538764377,-0.06397456016560432,0.0,-0.06397456016560432
mnist,cut_backdoor,clean,2024,9,latent_assignment_not_attack,22,18,0,0,722,0.4591918045947219,0.8985908130506559,-0.16610710936388848,0.0,-0.16610710936388848
mnist,cut_backdoor,clean,2024,9,latent_assignment_not_attack,22,19,0,1,539,0.32730483418790035,0.7334619291240865,-0.28223406124849365,0.0,-0.28223406124849365
mnist,cut_backdoor,clean,2024,9,latent_assignment_not_attack,22,20,0,1,260,0.577159751246021,0.8212243730979847,-0.01785514851976414,0.0,-0.01785514851976414
mnist,cut_backdoor,clean,2024,9,latent_assignment_not_attack,22,21,0,0,20,0.4074729625732334,0.7180098304512305,-0.2542554922433396,0.0,-0.2542554922433396
mnist,cut_backdoor,clean,2024,9,latent_assignment_not_attack,22,23,0,0,299,0.43651587035185213,0.8165536348160922,-0.18118625883060568,0.0,-0.18118625883060568
mnist,cut_backdoor,clean,2024,9,latent_assignment_not_attack,22,24,0,0,63,0.35852245179605025,0.6789785542450939,-0.15888361853335498,0.0,-0.15888361853335498
mnist,cut_backdoor,clean,2024,9,latent_assignment_not_attack,22,25,0,1,211,0.31792888899917365,0.7149524169000774,-0.20475155115766341,0.0,-0.20475155115766341
mnist,cut_backdoor,clean,2024,9,latent_assignment_not_attack,22,27,0,0,495,0.3429923215707724,0.65160684818191,-0.18439744223775423,0.0,-0.18439744223775423
mnist,cut_backdoor,clean,2024,9,latent_assignment_not_attack,22,28,0,0,93,0.3291155966847478,0.8470229360844795,-0.1396153515227575,0.0,-0.1396153515227575
mnist,cut_backdoor,clean,2024,9,latent_assignment_not_attack,22,29,0,0,1182,0.5496973027778868,0.8143027473021889,0.011728321694746767,0.0,0.011728321694746767
mnist,cut_backdoor,clean,2024,9,latent_assignment_not_attack,22,30,0,0,20,0.37751731427294477,0.6302756599370911,-0.1383937953305073,0.0,-0.1383937953305073
mnist,cut_backdoor,clean,2024,9,latent_assignment_not_attack,22,31,0,1,88,0.3964769553513158,0.8061714988778703,-0.05008757999717369,0.0,-0.05008757999717369
mnist,cut_backdoor,clean,2024,9,latent_assignment_not_attack,22,32,0,0,264,0.4113173071854973,0.753565348138976,-0.23108636124876714,0.0,-0.23108636124876714
mnist,cut_backdoor,clean,2024,9,latent_assignment_not_attack,22,33,0,0,158,0.4133127144786555,0.6840722973472001,-0.16858892670169326,0.0,-0.16858892670169326
mnist,cut_backdoor,clean,2024,9,latent_assignment_not_attack,22,34,0,0,417,0.33148657423315536,0.7328606547820338,-0.3052540341601226,0.0,-0.3052540341601226
mnist,cut_backdoor,clean,2024,9,latent_assignment_not_attack,22,36,0,0,811,0.3293800166605123,0.7933808381945108,-0.1207356344049981,0.0,-0.1207356344049981
mnist,cut_backdoor,clean,2024,9,latent_assignment_not_attack,22,37,0,0,473,0.37416477898688705,0.7423008780847764,-0.17173863483756097,0.0,-0.17173863483756097
mnist,cut_backdoor,clean,2024,9,latent_assignment_not_attack,22,38,0,0,722,0.3361936411072868,0.7410649264460716,-0.26785532111609905,0.0,-0.26785532111609905
mnist,cut_backdoor,clean,2024,9,latent_assignment_not_attack,22,39,0,0,97,0.42467029232988207,0.6396776534778603,-0.1698876744979026,0.0,-0.1698876744979026
mnist,cut_backdoor,clean,2024,9,latent_assignment_not_attack,22,40,0,0,1226,0.40455032482241365,0.7985889041709591,-0.16825518780424786,0.0,-0.16825518780424786
mnist,cut_backdoor,clean,2024,9,latent_assignment_not_attack,22,41,0,0,57,0.4870225261904679,0.6730789821586559,-0.06841449282555057,0.0,-0.06841449282555057
mnist,cut_backdoor,clean,2024,9,latent_assignment_not_attack,22,42,0,1,76,0.4058233537515547,0.9000481118956326,-0.07721109818279562,0.0,-0.07721109818279562
mnist,cut_backdoor,clean,2024,9,latent_assignment_not_attack,22,43,0,0,364,0.30982198330534855,0.8179274343852928,-0.15510846793026126,0.0,-0.15510846793026126
mnist,cut_backdoor,clean,2024,9,latent_assignment_not_attack,22,44,0,0,175,0.3992655140376644,0.7850341865267143,-0.1204856333440122,0.0,-0.1204856333440122
mnist,cut_backdoor,clean,2024,9,latent_assignment_not_attack,22,45,0,0,502,0.33161191449240085,0.8599972429247573,-0.2055586769327543,0.0,-0.2055586769327543
mnist,cut_backdoor,clean,2024,9,latent_assignment_not_attack,22,46,0,1,37,0.4351994150815373,0.6371060942683908,-0.1756396097202088,0.0,-0.1756396097202088
mnist,cut_backdoor,clean,2024,9,latent_assignment_not_attack,22,47,0,0,1677,0.39852730304005685,0.5104135996671353,-0.09373074532932144,0.0,-0.09373074532932144
mnist,cut_backdoor,clean,2024,9,latent_assignment_not_attack,22,48,0,1,406,0.3465638501602049,0.6972098492375153,-0.14430898324932107,0.0,-0.14430898324932107
mnist,cut_backdoor,clean,2024,9,latent_assignment_not_attack,22,49,0,0,88,0.33047179420061984,0.7973436879431292,-0.19954818608534744,0.0,-0.19954818608534744
mnist,cut_backdoor,clean,2024,9,latent_assignment_not_attack,22,50,0,0,178,0.34497263147002033,0.697889057115377,-0.31687615667786895,0.0,-0.31687615667786895
mnist,cut_backdoor,clean,2024,9,latent_assignment_not_attack,22,51,0,0,723,0.3964009712398807,0.6931109227117758,-0.10246097076663119,0.0,-0.10246097076663119
mnist,cut_backdoor,clean,2024,9,latent_assignment_not_attack,22,52,0,0,44,0.4862042552040298,0.8983910901871424,-0.16554413674080404,0.0,-0.16554413674080404
mnist,cut_backdoor,clean,2024,9,latent_assignment_not_attack,22,53,0,1,20,0.3622623484782118,0.5533182095582868,-0.21340929780796952,0.0,-0.21340929780796952
mnist,cut_backdoor,clean,2024,9,latent_assignment_not_attack,22,54,0,1,504,0.4701496831791379,0.6823997383607207,-0.04575828349434357,0.0,-0.04575828349434357
mnist,cut_backdoor,clean,2024,9,latent_assignment_not_attack,22,55,0,0,191,0.4884398297048549,0.6821271320441762,-0.0642056891759163,0.0,-0.0642056891759163
mnist,cut_backdoor,clean,2024,9,latent_assignment_not_attack,22,56,0,0,172,0.44809758184006054,0.743593174258386,-0.10901965902962289,0.0,-0.10901965902962289
mnist,cut_backdoor,clean,2024,9,latent_assignment_not_attack,22,57,0,0,306,0.39082682508884975,0.5098480896484504,-0.1649760751832524,0.0,-0.1649760751832524
mnist,cut_backdoor,clean,2024,9,latent_assignment_not_attack,22,58,0,1,163,0.41195119627601484,0.7725284092904529,-0.20383387906222766,0.0,-0.20383387906222766
mnist,cut_backdoor,clean,2024,9,latent_assignment_not_attack,22,59,0,0,1893,0.380456595589661,0.7317420672046885,-0.290780870056697,0.0,-0.290780870056697
mnist,cut_backdoor,clean,2024,9,latent_assignment_not_attack,22,61,0,1,454,0.42191656088999463,0.8331766726375921,-0.1850104481189108,0.0,-0.1850104481189108
mnist,cut_backdoor,clean,2024,9,latent_assignment_not_attack,22,62,0,0,105,0.39236211570025237,0.6499364273943978,-0.14809714154996254,0.0,-0.14809714154996254
mnist,cut_backdoor,clean,2024,9,latent_assignment_not_attack,22,63,0,0,1468,0.33304098746396626,0.6669430177805189,-0.21007051089546785,0.0,-0.21007051089546785
mnist,cut_backdoor,clean,2024,9,latent_assignment_not_attack,22,64,0,0,659,0.43610626891084664,0.675403735377059,-0.167378943267321,0.0,-0.167378943267321
mnist,cut_backdoor,clean,2024,9,latent_assignment_not_attack,22,65,0,1,57,0.3641078477797357,0.791964888871917,-0.15517745896789129,0.0,-0.15517745896789129
mnist,cut_backdoor,clean,2024,9,latent_assignment_not_attack,22,66,0,0,87,0.4330906297487144,0.7926319046114607,-0.23909473851922486,0.0,-0.23909473851922486
mnist,cut_backdoor,clean,2024,9,latent_assignment_not_attack,22,67,0,0,258,0.39786167216397783,0.8872676763804899,-0.10395577776214192,0.0,-0.10395577776214192
mnist,cut_backdoor,clean,2024,9,latent_assignment_not_attack,22,68,0,1,324,0.3928282504189569,0.7742119142886383,-0.23700288839196856,0.0,-0.23700288839196856
mnist,cut_backdoor,clean,2024,9,latent_assignment_not_attack,22,69,0,0,862,0.44916413797195276,0.6974125321730343,-0.1459542644662185,0.0,-0.1459542644662185
mnist,cut_backdoor,clean,2024,9,latent_assignment_not_attack,22,70,0,0,162,0.35214014110125386,0.8238873763453796,-0.12100348173173889,0.0,-0.12100348173173889
mnist,cut_backdoor,clean,2024,9,latent_assignment_not_attack,22,71,0,0,347,0.36365220800711356,0.7758812804664251,-0.16273411871977533,0.0,-0.16273411871977533
mnist,cut_backdoor,clean,2024,9,latent_assignment_not_attack,22,72,0,0,500,0.39076086210820254,0.6032201713366819,-0.17728440703062348,0.0,-0.17728440703062348
mnist,cut_backdoor,clean,2024,9,latent_assignment_not_attack,22,73,0,0,205,0.38003905425211454,0.8516469203042364,-0.14580428006890703,0.0,-0.14580428006890703
mnist,cut_backdoor,clean,2024,9,latent_assignment_not_attack,22,74,0,0,869,0.5422111710473753,0.81842649670523,-0.03557060815730762,0.0,-0.03557060815730762
mnist,cut_backdoor,clean,2024,9,latent_assignment_not_attack,22,75,0,1,365,0.40575816963171346,0.7771458054538536,-0.15639019171659585,0.0,-0.15639019171659585
mnist,cut_backdoor,clean,2024,9,latent_assignment_not_attack,22,76,0,1,858,0.4618342475421464,0.7105173361247099,-0.07144435001744036,0.0,-0.07144435001744036
mnist,cut_backdoor,clean,2024,9,latent_assignment_not_attack,22,77,0,0,321,0.34055524866663117,0.8053655886705517,-0.10384161283937322,0.0,-0.10384161283937322
mnist,cut_backdoor,clean,2024,9,latent_assignment_not_attack,22,78,0,0,71,0.32794627817995,0.692753690747304,-0.19071457493000535,0.0,-0.19071457493000535
mnist,cut_backdoor,clean,2024,9,latent_assignment_not_attack,22,79,0,0,1251,0.35210710989364996,0.5735925147189718,-0.1715735080964751,0.0,-0.1715735080964751
mnist,cut_backdoor,clean,2024,9,latent_assignment_not_attack,22,80,0,0,1673,0.44541168207115256,0.7408026209710739,-0.14380817479725383,0.0,-0.14380817479725383
mnist,cut_backdoor,clean,2024,9,latent_assignment_not_attack,22,81,0,0,698,0.3026746650966989,0.7834339175431361,-0.14798496060770452,0.0,-0.14798496060770452
mnist,cut_backdoor,clean,2024,9,latent_assignment_not_attack,22,82,0,0,429,0.3727707177621892,0.6701602165165211,-0.09911866448232899,0.0,-0.09911866448232899
mnist,cut_backdoor,clean,2024,9,latent_assignment_not_attack,22,83,0,0,1241,0.5931178905918203,0.8208408033952107,-0.0982831282887128,0.0,-0.0982831282887128
mnist,cut_backdoor,clean,2024,9,latent_assignment_not_attack,22,84,0,0,25,0.5410125580777473,0.7813216623756227,-0.11686972503384116,0.0,-0.11686972503384116
mnist,cut_backdoor,clean,2024,9,latent_assignment_not_attack,22,85,0,0,588,0.3914603027114496,0.7169141001433219,-0.14926992799336922,0.0,-0.14926992799336922
mnist,cut_backdoor,clean,2024,9,latent_assignment_not_attack,22,87,0,0,705,0.39291926400228944,0.8491378587596203,-0.21864665902006036,0.0,-0.21864665902006036
mnist,cut_backdoor,clean,2024,9,latent_assignment_not_attack,22,88,0,0,1836,0.4676020814937266,0.7466978446712964,-0.13799492949617434,0.0,-0.13799492949617434
mnist,cut_backdoor,clean,2024,9,latent_assignment_not_attack,22,89,0,1,559,0.34481487423765766,0.8297341451398206,-0.18162334630031746,0.0,-0.18162334630031746
mnist,cut_backdoor,clean,2024,9,latent_assignment_not_attack,22,90,0,0,38,0.3426657442671169,0.8268080687776017,-0.12748996526728143,0.0,-0.12748996526728143
mnist,cut_backdoor,clean,2024,9,latent_assignment_not_attack,22,91,0,0,1249,0.40451205408533725,0.7090373829671928,-0.06977047256380745,0.0,-0.06977047256380745
mnist,cut_backdoor,clean,2024,9,latent_assignment_not_attack,22,92,0,0,154,0.4175881458915591,0.7047440269148624,-0.12016548245064386,0.0,-0.12016548245064386
mnist,cut_backdoor,clean,2024,9,latent_assignment_not_attack,22,95,0,0,975,0.4107292897121268,0.6084714827452291,-0.20490615739156604,0.0,-0.20490615739156604
mnist,cut_backdoor,clean,2024,9,latent_assignment_not_attack,22,96,0,0,788,0.44882631548187535,0.9208568583113648,-0.18120399953444344,0.0,-0.18120399953444344
mnist,cut_backdoor,clean,2024,9,latent_assignment_not_attack,22,97,0,0,231,0.3257242010179475,0.8159953224145136,-0.2068144717459036,0.0,-0.2068144717459036
mnist,cut_backdoor,clean,2024,9,latent_assignment_not_attack,22,98,0,0,39,0.3132723524109605,0.487144202549338,-0.2659028263703474,0.0,-0.2659028263703474
mnist,cut_backdoor,clean,2024,29,latent_assignment_not_attack,22,0,0,0,22,0.31457353303742003,0.5820744360846767,-0.09790090487378059,0.0,-0.09790090487378059
mnist,cut_backdoor,clean,2024,29,latent_assignment_not_attack,22,1,0,0,115,0.357729037081057,0.7369400464953865,-0.08201958334131115,0.0,-0.08201958334131115
mnist,cut_backdoor,clean,2024,29,latent_assignment_not_attack,22,2,0,0,20,0.2463310209709706,0.5937022571287842,-0.03552634977381964,0.0,-0.03552634977381964
mnist,cut_backdoor,clean,2024,29,latent_assignment_not_attack,22,3,0,0,172,0.345850595257057,0.782392916411889,0.1254356617945222,0.0,0.1254356617945222
mnist,cut_backdoor,clean,2024,29,latent_assignment_not_attack,22,4,0,0,775,0.4140901022212853,0.7341391456610047,0.19511887246309606,0.0,0.19511887246309606
mnist,cut_backdoor,clean,2024,29,latent_assignment_not_attack,22,5,0,0,281,0.3211775774941274,0.8476496209336185,0.0952807977054716,0.0,0.0952807977054716
mnist,cut_backdoor,clean,2024,29,latent_assignment_not_attack,22,6,0,1,577,0.23670572970614331,0.6520871936804558,0.11950213350259324,0.0,0.11950213350259324
mnist,cut_backdoor,clean,2024,29,latent_assignment_not_attack,22,8,0,0,231,0.2592954169161222,0.8581819728950318,-0.23193852261943493,0.0,-0.23193852261943493
mnist,cut_backdoor,clean,2024,29,latent_assignment_not_attack,22,9,0,0,1886,0.31575537956946165,0.7117014452657118,0.17417282484922467,0.0,0.17417282484922467
mnist,cut_backdoor,clean,2024,29,latent_assignment_not_attack,22,11,0,0,155,0.2721367394916442,0.7127733684867856,0.004893023508685594,0.0,0.004893023508685594
mnist,cut_backdoor,clean,2024,29,latent_assignment_not_attack,22,12,0,0,1820,0.2368121241709215,0.7162227142551902,-0.09922392974124679,0.0,-0.09922392974124679
mnist,cut_backdoor,clean,2024,29,latent_assignment_not_attack,22,13,0,0,1030,0.26783512806947485,0.6557620237710508,-0.01575075710529937,0.0,-0.01575075710529937
mnist,cut_backdoor,clean,2024,29,latent_assignment_not_attack,22,14,0,0,94,0.2312684781533331,0.7274747350229493,-0.08439656109564699,0.0,-0.08439656109564699
mnist,cut_backdoor,clean,2024,29,latent_assignment_not_attack,22,15,0,1,188,0.35815211762228016,0.7167350245669502,-0.06338947641593479,0.0,-0.06338947641593479
mnist,cut_backdoor,clean,2024,29,latent_assignment_not_attack,22,16,0,0,846,0.22558828561241062,0.7579266645331364,0.06217673620262706,0.0,0.06217673620262706
mnist,cut_backdoor,clean,2024,29,latent_assignment_not_attack,22,17,0,0,55,0.30706541129705783,0.7258884687363766,0.21632037873718918,0.0,0.21632037873718918
mnist,cut_backdoor,clean,2024,29,latent_assignment_not_attack,22,18,0,0,722,0.3131869594871442,0.835288880310082,0.10020333721256633,0.0,0.10020333721256633
mnist,cut_backdoor,clean,2024,29,latent_assignment_not_attack,22,19,0,1,539,0.2511414593929482,0.7607730835342185,-0.038671968109057674,0.0,-0.038671968109057674
mnist,cut_backdoor,clean,2024,29,latent_assignment_not_attack,22,20,0,1,260,0.4643142447594019,0.8590873865040379,0.10825714947778005,0.0,0.10825714947778005
mnist,cut_backdoor,clean,2024,29,latent_assignment_not_attack,22,21,0,0,20,0.26608843410826016,0.7117833206099181,-0.006587789177475239,0.0,-0.006587789177475239
mnist,cut_backdoor,clean,2024,29,latent_assignment_not_attack,22,22,0,0,75,0.44335745108493463,0.7252587364628323,-0.052196512077236114,0.0,-0.052196512077236114
mnist,cut_backdoor,clean,2024,29,latent_assignment_not_attack,22,23,0,0,299,0.3324714531574147,0.7960612995217484,-0.10318123222946154,0.0,-0.10318123222946154
mnist,cut_backdoor,clean,2024,29,latent_assignment_not_attack,22,24,0,0,63,0.24616453596319893,0.6099446721195173,0.16987617341845113,0.0,0.16987617341845113
mnist,cut_backdoor,clean,2024,29,latent_assignment_not_attack,22,25,0,1,211,0.22240443044127112,0.642649615736232,0.04009902402389737,0.0,0.04009902402389737
mnist,cut_backdoor,clean,2024,29,latent_assignment_not_attack,22,26,0,0,380,0.27697501565701044,0.6882332964410929,0.008346976299150363,0.0,0.008346976299150363
mnist,cut_backdoor,clean,2024,29,latent_assignment_not_attack,22,27,0,0,495,0.29622650785379556,0.5956057928823055,-0.10470012464704088,0.0,-0.10470012464704088
mnist,cut_backdoor,clean,2024,29,latent_assignment_not_attack,22,28,0,0,93,0.24529738313775093,0.8166347858977281,-0.2545185556578216,0.0,-0.2545185556578216
mnist,cut_backdoor,clean,2024,29,latent_assignment_not_attack,22,29,0,0,1182,0.4733094870484759,0.8474846564025171,0.15713014482453624,0.0,0.15713014482453624
mnist,cut_backdoor,clean,2024,29,latent_assignment_not_attack,22,30,0,0,20,0.25891956205298505,0.6363161541368708,0.1562672686440007,0.0,0.1562672686440007
mnist,cut_backdoor,clean,2024,29,latent_assignment_not_attack,22,31,0,1,88,0.2922311949369488,0.7335588434533932,0.01553257496836552,0.0,0.01553257496836552
mnist,cut_backdoor,clean,2024,29,latent_assignment_not_attack,22,32,0,0,264,0.27974106818266714,0.683755881698579,0.13457968553828303,0.0,0.13457968553828303
mnist,cut_backdoor,clean,2024,29,latent_assignment_not_attack,22,33,0,0,158,0.3298254084453801,0.6851831921667665,-0.08866848208077156,0.0,-0.08866848208077156
mnist,cut_backdoor,clean,2024,29,latent_assignment_not_attack,22,34,0,0,417,0.2451689775445298,0.7423384321134738,-0.15346972444115622,0.0,-0.15346972444115622
mnist,cut_backdoor,clean,2024,29,latent_assignment_not_attack,22,35,0,0,774,0.43092160072663754,0.846426820480524,0.09359188149656518,0.0,0.09359188149656518
mnist,cut_backdoor,clean,2024,29,latent_assignment_not_attack,22,37,0,0,473,0.2493970135463409,0.7373735898969402,-0.18387061876156877,0.0,-0.18387061876156877
mnist,cut_backdoor,clean,2024,29,latent_assignment_not_attack,22,38,0,0,722,0.2984349584469899,0.7069358881464363,-0.03148711144257261,0.0,-0.03148711144257261
mnist,cut_backdoor,clean,2024,29,latent_assignment_not_attack,22,39,0,0,97,0.39592349548944034,0.6816333489858736,-0.09181071796869845,0.0,-0.09181071796869845
mnist,cut_backdoor,clean,2024,29,latent_assignment_not_attack,22,40,0,0,1226,0.2691802866816339,0.7592350273863154,-0.04440418305567311,0.0,-0.04440418305567311
mnist,cut_backdoor,clean,2024,29,latent_assignment_not_attack,22,41,0,0,57,0.37579929135379225,0.7023181638671737,-0.07396209294721022,0.0,-0.07396209294721022
mnist,cut_backdoor,clean,2024,29,latent_assignment_not_attack,22,42,0,1,76,0.2840610745749523,0.87299761587456,-0.19590549083550268,0.0,-0.19590549083550268
mnist,cut_backdoor,clean,2024,29,latent_assignment_not_attack,22,43,0,0,364,0.20287356853298827,0.714583996024925,-0.013973613230135722,0.0,-0.013973613230135722
mnist,cut_backdoor,clean,2024,29,latent_assignment_not_attack,22,44,0,0,175,0.2650430804692024,0.7266652681132573,-0.04116281552060999,0.0,-0.04116281552060999
mnist,cut_backdoor,clean,2024,29,latent_assignment_not_attack,22,45,0,0,502,0.24502798950199475,0.8577869977162453,-0.23201298554751046,0.0,-0.23201298554751046
mnist,cut_backdoor,clean,2024,29,latent_assignment_not_attack,22,46,0,1,37,0.2877545239227194,0.610193823881344,-0.19294321263691908,0.0,-0.19294321263691908
mnist,cut_backdoor,clean,2024,29,latent_assignment_not_attack,22,48,0,1,406,0.25193464478042676,0.7115878625254444,0.16904712574912698,0.0,0.16904712574912698
mnist,cut_backdoor,clean,2024,29,latent_assignment_not_attack,22,49,0,0,88,0.22881188920201012,0.8457761140676862,-0.23792149903196466,0.0,-0.23792149903196466
mnist,cut_backdoor,clean,2024,29,latent_assignment_not_attack,22,51,0,0,723,0.25622782181746545,0.7025172741154005,-0.22018863468254649,0.0,-0.22018863468254649
mnist,cut_backdoor,clean,2024,29,latent_assignment_not_attack,22,53,0,1,20,0.27277986358207285,0.4754230477876905,0.019468495995476252,0.0,0.019468495995476252
mnist,cut_backdoor,clean,2024,29,latent_assignment_not_attack,22,54,0,1,504,0.3695167506592162,0.7644799600708426,0.33348852076604346,0.0,0.33348852076604346
mnist,cut_backdoor,clean,2024,29,latent_assignment_not_attack,22,55,0,0,191,0.3509145761160977,0.736618754031824,0.09541117122215145,0.0,0.09541117122215145
mnist,cut_backdoor,clean,2024,29,latent_assignment_not_attack,22,56,0,0,172,0.3477418272238428,0.7570191491794008,-0.13329076841613802,0.0,-0.13329076841613802
mnist,cut_backdoor,clean,2024,29,latent_assignment_not_attack,22,57,0,0,306,0.25735286470042,0.4066152694129229,0.3546845522034652,0.0,0.3546845522034652
mnist,cut_backdoor,clean,2024,29,latent_assignment_not_attack,22,58,0,1,163,0.29968583444458624,0.7120640459809736,-0.013162672053986052,0.0,-0.013162672053986052
mnist,cut_backdoor,clean,2024,29,latent_assignment_not_attack,22,59,0,0,1893,0.2734331287914169,0.7576921961393037,0.022447732724080797,0.0,0.022447732724080797
mnist,cut_backdoor,clean,2024,29,latent_assignment_not_attack,22,60,0,0,88,0.21977321512695172,0.6660006325722885,-0.1576420265128679,0.0,-0.1576420265128679
mnist,cut_backdoor,clean,2024,29,latent_assignment_not_attack,22,61,0,1,454,0.273402166203057,0.8112746289618821,0.09507684757468744,0.0,0.09507684757468744
mnist,cut_backdoor,clean,2024,29,latent_assignment_not_attack,22,62,0,0,105,0.32415135568735814,0.6907654072307163,0.2650040844284838,0.0,0.2650040844284838
mnist,cut_backdoor,clean,2024,29,latent_assignment_not_attack,22,63,0,0,1468,0.2452070033713695,0.6313912412208129,-0.32830831927364895,0.0,-0.32830831927364895
mnist,cut_backdoor,clean,2024,29,latent_assignment_not_attack,22,64,0,0,659,0.2626833056230375,0.6476514480128889,0.04365980280800017,0.0,0.04365980280800017
mnist,cut_backdoor,clean,2024,29,latent_assignment_not_attack,22,65,0,1,57,0.21442348677867015,0.740621739207847,-0.018301900427332027,0.0,-0.018301900427332027
mnist,cut_backdoor,clean,2024,29,latent_assignment_not_attack,22,66,0,0,87,0.29113602073141065,0.692253984316383,-0.016851239784973437,0.0,-0.016851239784973437
mnist,cut_backdoor,clean,2024,29,latent_assignment_not_attack,22,67,0,0,258,0.2863091574823446,0.8832432486826594,-0.19867699745889816,0.0,-0.19867699745889816
mnist,cut_backdoor,clean,2024,29,latent_assignment_not_attack,22,68,0,1,324,0.26776218171417526,0.7447699949951143,-0.01667194600481985,0.0,-0.01667194600481985
mnist,cut_backdoor,clean,2024,29,latent_assignment_not_attack,22,69,0,0,862,0.3004545957489693,0.6985986280323869,-0.21230255273735524,0.0,-0.21230255273735524
mnist,cut_backdoor,clean,2024,29,latent_assignment_not_attack,22,70,0,0,162,0.22480251958874822,0.807723535043993,-0.19522606091170505,0.0,-0.19522606091170505
mnist,cut_backdoor,clean,2024,29,latent_assignment_not_attack,22,71,0,0,347,0.2624239108567702,0.769535194575188,-0.2650794812656355,0.0,-0.2650794812656355
mnist,cut_backdoor,clean,2024,29,latent_assignment_not_attack,22,73,0,0,205,0.2833064135869463,0.8339986973648543,-0.12412405460598788,0.0,-0.12412405460598788
mnist,cut_backdoor,clean,2024,29,latent_assignment_not_attack,22,74,0,0,869,0.43111550013133737,0.8418053838479377,0.06748426923600068,0.0,0.06748426923600068
mnist,cut_backdoor,clean,2024,29,latent_assignment_not_attack,22,75,0,1,365,0.28157439702506176,0.7522505509430342,-0.02793987970710135,0.0,-0.02793987970710135
mnist,cut_backdoor,clean,2024,29,latent_assignment_not_attack,22,76,0,1,858,0.3364423110925465,0.6646981812623782,0.23667469016560827,0.0,0.23667469016560827
mnist,cut_backdoor,clean,2024,29,latent_assignment_not_attack,22,77,0,0,321,0.21523628217673893,0.7590762302406568,0.022675589602473265,0.0,0.022675589602473265
mnist,cut_backdoor,clean,2024,29,latent_assignment_not_attack,22,78,0,0,71,0.19227927924990024,0.640519567164095,-0.1825582178659215,0.0,-0.1825582178659215
mnist,cut_backdoor,clean,2024,29,latent_assignment_not_attack,22,79,0,0,1251,0.2565222291299266,0.6059387019222358,-0.24455191787037184,0.0,-0.24455191787037184
mnist,cut_backdoor,clean,2024,29,latent_assignment_not_attack,22,80,0,0,1673,0.29737840601623916,0.6826910384282232,0.19465644607138127,0.0,0.19465644607138127
mnist,cut_backdoor,clean,2024,29,latent_assignment_not_attack,22,81,0,0,698,0.2498507073779722,0.7626055090172171,0.06717391674807699,0.0,0.06717391674807699
mnist,cut_backdoor,clean,2024,29,latent_assignment_not_attack,22,82,0,0,429,0.2804742395299157,0.6041400912837245,-0.1136432538354092,0.0,-0.1136432538354092
mnist,cut_backdoor,clean,2024,29,latent_assignment_not_attack,22,83,0,0,1241,0.3855798175833267,0.8035687400422112,0.06720544740786426,0.0,0.06720544740786426
mnist,cut_backdoor,clean,2024,29,latent_assignment_not_attack,22,84,0,0,25,0.42342733431485785,0.7545456156923933,0.016038842688243682,0.0,0.016038842688243682
mnist,cut_backdoor,clean,2024,29,latent_assignment_not_attack,22,85,0,0,588,0.2573538831897712,0.6598245528879328,-0.22696792082212847,0.0,-0.22696792082212847
mnist,cut_backdoor,clean,2024,29,latent_assignment_not_attack,22,86,0,0,1094,0.24760790730320903,0.6326206745690117,-0.024430163586493078,0.0,-0.024430163586493078
mnist,cut_backdoor,clean,2024,29,latent_assignment_not_attack,22,87,0,0,705,0.2515153746731489,0.806530163493153,0.11047943771981648,0.0,0.11047943771981648
mnist,cut_backdoor,clean,2024,29,latent_assignment_not_attack,22,88,0,0,1836,0.34191684059112126,0.7173392961144409,-0.05264849147267182,0.0,-0.05264849147267182
mnist,cut_backdoor,clean,2024,29,latent_assignment_not_attack,22,89,0,1,559,0.25873449372768886,0.7926352369835634,-0.22558753607927104,0.0,-0.22558753607927104
mnist,cut_backdoor,clean,2024,29,latent_assignment_not_attack,22,90,0,0,38,0.1890504214457407,0.6850540183146479,-0.09226625737597552,0.0,-0.09226625737597552
mnist,cut_backdoor,clean,2024,29,latent_assignment_not_attack,22,91,0,0,1249,0.3164165889381535,0.6555526993190586,0.24332583109889147,0.0,0.24332583109889147
mnist,cut_backdoor,clean,2024,29,latent_assignment_not_attack,22,92,0,0,154,0.25998417258530715,0.6753157681915324,0.012821130905280951,0.0,0.012821130905280951
mnist,cut_backdoor,clean,2024,29,latent_assignment_not_attack,22,93,0,0,321,0.18932013799754466,0.5877961901336959,-0.09126392426947699,0.0,-0.09126392426947699
mnist,cut_backdoor,clean,2024,29,latent_assignment_not_attack,22,95,0,0,975,0.3087544700596456,0.6063350756078082,0.005200258191058234,0.0,0.005200258191058234
mnist,cut_backdoor,clean,2024,29,latent_assignment_not_attack,22,97,0,0,231,0.2269740765350642,0.7159942734142757,-0.13630757959782602,0.0,-0.13630757959782602
mnist,cut_backdoor,clean,2024,29,latent_assignment_not_attack,22,99,0,0,742,0.23799004802847035,0.48092455425457475,0.06261472457025863,0.0,0.06261472457025863
mnist,cut_backdoor,clean,42,0,latent_assignment_not_attack,23,0,0,0,848,0.5099829519419761,0.8422959852968223,-0.27705934072354976,0.0,-0.27705934072354976
mnist,cut_backdoor,clean,42,0,latent_assignment_not_attack,23,1,0,1,171,0.5762864383418183,0.7972790004472416,-0.22507984774536144,0.0,-0.22507984774536144
mnist,cut_backdoor,clean,42,0,latent_assignment_not_attack,23,2,0,0,719,0.4672009692166621,0.9170541006517897,-0.3569491944484528,0.0,-0.3569491944484528
mnist,cut_backdoor,clean,42,0,latent_assignment_not_attack,23,3,0,0,1008,0.49347024790474114,0.7593565106276875,-0.4371881194686283,0.0,-0.4371881194686283
mnist,cut_backdoor,clean,42,0,latent_assignment_not_attack,23,4,0,0,563,0.7861159592461228,0.9554423887399699,-0.41054449778958235,0.0,-0.41054449778958235
mnist,cut_backdoor,clean,42,0,latent_assignment_not_attack,23,5,0,1,321,0.5262327758405795,0.8610698790438297,-0.30326230195190906,0.0,-0.30326230195190906
mnist,cut_backdoor,clean,42,0,latent_assignment_not_attack,23,6,0,0,53,0.727552288731567,0.9520154383794383,-0.3159178209483697,0.0,-0.3159178209483697
mnist,cut_backdoor,clean,42,0,latent_assignment_not_attack,23,7,0,0,20,0.5114408656151533,0.6397130618425636,-0.42437697226365195,0.0,-0.42437697226365195
mnist,cut_backdoor,clean,42,0,latent_assignment_not_attack,23,8,0,0,102,0.6355783301102083,0.8351921274543173,-0.44863855534950514,0.0,-0.44863855534950514
mnist,cut_backdoor,clean,42,0,latent_assignment_not_attack,23,9,0,0,151,0.6466217653524948,0.9095405378652182,-0.13251323790112618,0.0,-0.13251323790112618
mnist,cut_backdoor,clean,42,0,latent_assignment_not_attack,23,10,0,0,789,0.5508350067596546,0.8413279959949168,-0.0405424619366994,0.0,-0.0405424619366994
mnist,cut_backdoor,clean,42,0,latent_assignment_not_attack,23,11,0,0,76,0.5393855030366094,0.6878791783715738,-0.146762055664366,0.0,-0.146762055664366
mnist,cut_backdoor,clean,42,0,latent_assignment_not_attack,23,12,0,0,479,0.5604558258371816,0.9225169789762347,-0.4047938929590119,0.0,-0.4047938929590119
mnist,cut_backdoor,clean,42,0,latent_assignment_not_attack,23,13,0,0,221,0.5329715137643396,0.8046899651779903,-0.04090968512032096,0.0,-0.04090968512032096
mnist,cut_backdoor,clean,42,0,latent_assignment_not_attack,23,14,0,0,255,0.555324194049278,0.8492266891134539,-0.3010594679807545,0.0,-0.3010594679807545
mnist,cut_backdoor,clean,42,0,latent_assignment_not_attack,23,15,0,0,20,0.49414625010273494,0.7146464870848168,-0.31016680328114044,0.0,-0.31016680328114044
mnist,cut_backdoor,clean,42,0,latent_assignment_not_attack,23,16,0,0,322,0.5088010523581663,0.8448785863882275,-0.19223303432849181,0.0,-0.19223303432849181
mnist,cut_backdoor,clean,42,0,latent_assignment_not_attack,23,17,0,0,270,0.6264638830162831,0.9126567625532592,-0.5197288124380982,0.0,-0.5197288124380982
mnist,cut_backdoor,clean,42,0,latent_assignment_not_attack,23,18,0,0,264,0.6952269994096303,0.9510626524832209,-0.32775646167035444,0.0,-0.32775646167035444
mnist,cut_backdoor,clean,42,0,latent_assignment_not_attack,23,19,0,0,318,0.5380355932414607,0.8354470318200136,-0.4337274073457555,0.0,-0.4337274073457555
mnist,cut_backdoor,clean,42,0,latent_assignment_not_attack,23,20,0,0,1122,0.6903854850821428,0.8769174760412517,-0.08428563630505057,0.0,-0.08428563630505057
mnist,cut_backdoor,clean,42,0,latent_assignment_not_attack,23,21,0,0,975,0.41334294630373286,0.6313772094331345,-0.2800825858238245,0.0,-0.2800825858238245
mnist,cut_backdoor,clean,42,0,latent_assignment_not_attack,23,22,0,0,78,0.5645669329299287,0.8325345708681958,-0.11139927018922936,0.0,-0.11139927018922936
mnist,cut_backdoor,clean,42,0,latent_assignment_not_attack,23,23,0,0,20,0.6640482200588017,0.8272736113571222,0.02346643931968629,0.0,0.02346643931968629
mnist,cut_backdoor,clean,42,0,latent_assignment_not_attack,23,25,0,0,394,0.4544142568702369,0.7890467710198426,-0.49205983329121994,0.0,-0.49205983329121994
mnist,cut_backdoor,clean,42,0,latent_assignment_not_attack,23,26,0,0,484,0.7208921694386319,0.9274995683668401,-0.16874496909288308,0.0,-0.16874496909288308
mnist,cut_backdoor,clean,42,0,latent_assignment_not_attack,23,27,0,0,39,0.6401315960786601,0.8488609841212746,-0.14299637972326198,0.0,-0.14299637972326198
mnist,cut_backdoor,clean,42,0,latent_assignment_not_attack,23,28,0,1,411,0.4010316955263249,0.7377366478962033,-0.330888814008183,0.0,-0.330888814008183
mnist,cut_backdoor,clean,42,0,latent_assignment_not_attack,23,29,0,0,163,0.5382254589906079,0.7881070287848384,-0.32766351652616543,0.0,-0.32766351652616543
mnist,cut_backdoor,clean,42,0,latent_assignment_not_attack,23,30,0,0,26,0.6781428675931425,0.8563052574860667,-0.07765208772663465,0.0,-0.07765208772663465
mnist,cut_backdoor,clean,42,0,latent_assignment_not_attack,23,31,0,0,79,0.5144551093149696,0.8724921420001494,-0.3880267122916899,0.0,-0.3880267122916899
mnist,cut_backdoor,clean,42,0,latent_assignment_not_attack,23,32,0,0,713,0.6662588587149094,0.9526196587651551,-0.3567973456999924,0.0,-0.3567973456999924
mnist,cut_backdoor,clean,42,0,latent_assignment_not_attack,23,33,0,1,378,0.7181302831210147,0.804655587801774,-0.1871923127403808,0.0,-0.1871923127403808
mnist,cut_backdoor,clean,42,0,latent_assignment_not_attack,23,34,0,0,181,0.5674210792616876,0.8740347990059016,-0.17869384760357734,0.0,-0.17869384760357734
mnist,cut_backdoor,clean,42,0,latent_assignment_not_attack,23,39,0,0,169,0.7541865174752153,0.9473875932939537,-0.4156882963467732,0.0,-0.4156882963467732
mnist,cut_backdoor,clean,42,0,latent_assignment_not_attack,23,40,0,0,1053,0.5166958160531893,0.8903437787034182,-0.2565820632114723,0.0,-0.2565820632114723
mnist,cut_backdoor,clean,42,0,latent_assignment_not_attack,23,41,0,1,802,0.5996126016359967,0.803371717675072,-0.3527209495516829,0.0,-0.3527209495516829
mnist,cut_backdoor,clean,42,0,latent_assignment_not_attack,23,44,0,1,337,0.6020558488032219,0.7566850268254408,-0.4058640434064533,0.0,-0.4058640434064533
mnist,cut_backdoor,clean,42,0,latent_assignment_not_attack,23,45,0,0,130,0.6019395595008977,0.9037723517855989,-0.22382628391576526,0.0,-0.22382628391576526
mnist,cut_backdoor,clean,42,0,latent_assignment_not_attack,23,46,0,1,555,0.5187811044339165,0.7935999869867008,-0.3408679071881386,0.0,-0.3408679071881386
mnist,cut_backdoor,clean,42,0,latent_assignment_not_attack,23,47,0,0,178,0.4288697581146956,0.8200036957873527,-0.36487236802839,0.0,-0.36487236802839
mnist,cut_backdoor,clean,42,0,latent_assignment_not_attack,23,48,0,0,479,0.47371145759112315,0.7961082279749133,-0.49755861262920037,0.0,-0.49755861262920037
mnist,cut_backdoor,clean,42,0,latent_assignment_not_attack,23,49,0,1,2521,0.47328433707180795,0.7706892104578584,-0.21939611220764701,0.0,-0.21939611220764701
mnist,cut_backdoor,clean,42,0,latent_assignment_not_attack,23,50,0,0,137,0.5401910303136616,0.7422549695740916,-0.3926885393974286,0.0,-0.3926885393974286
mnist,cut_backdoor,clean,42,0,latent_assignment_not_attack,23,51,0,0,1524,0.6462379364069184,0.9333122999583454,-0.34998121976839613,0.0,-0.34998121976839613
mnist,cut_backdoor,clean,42,0,latent_assignment_not_attack,23,52,0,0,188,0.6704273822297316,0.9345145423089516,-0.24451858132456952,0.0,-0.24451858132456952
mnist,cut_backdoor,clean,42,0,latent_assignment_not_attack,23,53,0,0,1388,0.6275419783987021,0.9168807406324235,-0.188318267381587,0.0,-0.188318267381587
mnist,cut_backdoor,clean,42,0,latent_assignment_not_attack,23,54,0,0,320,0.6631787407810187,0.9571184955729126,-0.349707434941979,0.0,-0.349707434941979
mnist,cut_backdoor,clean,42,0,latent_assignment_not_attack,23,56,0,1,495,0.44345898201014083,0.792912723871038,-0.1431611103717866,0.0,-0.1431611103717866
mnist,cut_backdoor,clean,42,0,latent_assignment_not_attack,23,57,0,0,359,0.8149261292736981,0.9556067204457996,-0.405029036172731,0.0,-0.405029036172731
mnist,cut_backdoor,clean,42,0,latent_assignment_not_attack,23,58,0,1,1055,0.5476772238808216,0.8837955436431935,-0.18161885267133296,0.0,-0.18161885267133296
mnist,cut_backdoor,clean,42,0,latent_assignment_not_attack,23,59,0,0,28,0.6240201490670505,0.8996206684513585,-0.37979010233053057,0.0,-0.37979010233053057
mnist,cut_backdoor,clean,42,0,latent_assignment_not_attack,23,60,0,0,288,0.47291774738119613,0.7383508187627074,-0.287010371399571,0.0,-0.287010371399571
mnist,cut_backdoor,clean,42,0,latent_assignment_not_attack,23,61,0,0,658,0.4765624975232689,0.8372928795606358,-0.5835589414137805,0.0,-0.5835589414137805
mnist,cut_backdoor,clean,42,0,latent_assignment_not_attack,23,62,0,0,186,0.5701742235274554,0.8175705335713032,-0.46631318401794564,0.0,-0.46631318401794564
mnist,cut_backdoor,clean,42,0,latent_assignment_not_attack,23,63,0,0,510,0.5260909333849786,0.7938495555516408,-0.4570461283785057,0.0,-0.4570461283785057
mnist,cut_backdoor,clean,42,0,latent_assignment_not_attack,23,64,0,0,376,0.5351217751435504,0.8117621127641648,-0.4502746081036757,0.0,-0.4502746081036757
mnist,cut_backdoor,clean,42,0,latent_assignment_not_attack,23,65,0,1,480,0.6814146679518787,0.8974230786140291,-0.018529153433219755,0.0,-0.018529153433219755
mnist,cut_backdoor,clean,42,0,latent_assignment_not_attack,23,66,0,0,196,0.5962828199326442,0.7912766660417544,-0.22551832077109332,0.0,-0.22551832077109332
mnist,cut_backdoor,clean,42,0,latent_assignment_not_attack,23,67,0,0,1211,0.5226152454640738,0.8787120611238688,-0.2699890429072775,0.0,-0.2699890429072775
mnist,cut_backdoor,clean,42,0,latent_assignment_not_attack,23,68,0,0,93,0.522161817880986,0.8685358284459447,-0.21432926045591982,0.0,-0.21432926045591982
mnist,cut_backdoor,clean,42,0,latent_assignment_not_attack,23,70,0,1,508,0.6742924370524194,0.9014711352699638,-0.024134440748075924,0.0,-0.024134440748075924
mnist,cut_backdoor,clean,42,0,latent_assignment_not_attack,23,71,0,1,116,0.644090820253542,0.8995999513599614,-0.08683784958328468,0.0,-0.08683784958328468
mnist,cut_backdoor,clean,42,0,latent_assignment_not_attack,23,72,0,0,421,0.5414274318241618,0.7696675367979513,-0.11420801493663006,0.0,-0.11420801493663006
mnist,cut_backdoor,clean,42,0,latent_assignment_not_attack,23,73,0,1,362,0.7368074195481338,0.8739527223432271,-0.07023548320172106,0.0,-0.07023548320172106
mnist,cut_backdoor,clean,42,0,latent_assignment_not_attack,23,74,0,0,1120,0.43703806914274,0.7980784023494121,-0.3328734663511451,0.0,-0.3328734663511451
mnist,cut_backdoor,clean,42,0,latent_assignment_not_attack,23,75,0,0,638,0.6992385530487487,0.9285204713448636,-0.20739256153765598,0.0,-0.20739256153765598
mnist,cut_backdoor,clean,42,0,latent_assignment_not_attack,23,76,0,0,918,0.38191023709212296,0.6275264174427598,-0.5024628260201041,0.0,-0.5024628260201041
mnist,cut_backdoor,clean,42,0,latent_assignment_not_attack,23,77,0,1,198,0.4991606781476578,0.8303892840661261,-0.39096891477374673,0.0,-0.39096891477374673
mnist,cut_backdoor,clean,42,0,latent_assignment_not_attack,23,78,0,1,20,0.5416839701525323,0.7104386770903937,-0.327501367531386,0.0,-0.327501367531386
mnist,cut_backdoor,clean,42,0,latent_assignment_not_attack,23,79,0,0,734,0.6154642953365471,0.9073231687020111,-0.17126950363394272,0.0,-0.17126950363394272
mnist,cut_backdoor,clean,42,0,latent_assignment_not_attack,23,81,0,0,155,0.6596506339360595,0.9226049064149408,-0.4337516750623282,0.0,-0.4337516750623282
mnist,cut_backdoor,clean,42,0,latent_assignment_not_attack,23,82,0,0,533,0.6162351915230669,0.9091463691374775,-0.13192186601982983,0.0,-0.13192186601982983
mnist,cut_backdoor,clean,42,0,latent_assignment_not_attack,23,83,0,0,422,0.6183440526400303,0.9031705252000932,-0.3389088363615077,0.0,-0.3389088363615077
mnist,cut_backdoor,clean,42,0,latent_assignment_not_attack,23,84,0,0,120,0.41669752167549606,0.6187060355449641,-0.11097175155090272,0.0,-0.11097175155090272
mnist,cut_backdoor,clean,42,0,latent_assignment_not_attack,23,85,0,0,47,0.7029375376437885,0.9060269420050652,-0.45493284665197675,0.0,-0.45493284665197675
mnist,cut_backdoor,clean,42,0,latent_assignment_not_attack,23,86,0,0,2131,0.745575824620808,0.8577669235319245,0.051477145466112526,0.0,0.051477145466112526
mnist,cut_backdoor,clean,42,0,latent_assignment_not_attack,23,87,0,1,83,0.6728653131694167,0.8814125110373985,-0.12056551712829926,0.0,-0.12056551712829926
mnist,cut_backdoor,clean,42,0,latent_assignment_not_attack,23,88,0,0,178,0.6458028676334256,0.9019973106605338,-0.0799729054368206,0.0,-0.0799729054368206
mnist,cut_backdoor,clean,42,0,latent_assignment_not_attack,23,89,0,0,200,0.5740826707489697,0.9272700609162017,-0.38982568559213165,0.0,-0.38982568559213165
mnist,cut_backdoor,clean,42,0,latent_assignment_not_attack,23,90,0,1,126,0.5690324042191175,0.8280405483966481,-0.340461561265427,0.0,-0.340461561265427
mnist,cut_backdoor,clean,42,0,latent_assignment_not_attack,23,91,0,0,695,0.617139484983362,0.8531176641166331,-0.022592899880037456,0.0,-0.022592899880037456
mnist,cut_backdoor,clean,42,0,latent_assignment_not_attack,23,92,0,0,1777,0.7695675802916725,0.9514811344629447,-0.4045928158889832,0.0,-0.4045928158889832
mnist,cut_backdoor,clean,42,0,latent_assignment_not_attack,23,93,0,0,187,0.4485254019994088,0.660962356188959,-0.49212619244646827,0.0,-0.49212619244646827
mnist,cut_backdoor,clean,42,0,latent_assignment_not_attack,23,94,0,0,170,0.5424524636281306,0.7929042644291796,-0.23272118095509733,0.0,-0.23272118095509733
mnist,cut_backdoor,clean,42,0,latent_assignment_not_attack,23,95,0,0,1125,0.4615535191737802,0.7886716273424048,-0.09886788520398285,0.0,-0.09886788520398285
mnist,cut_backdoor,clean,42,0,latent_assignment_not_attack,23,96,0,0,175,0.681548636184738,0.9239761437690707,-0.18984078733726203,0.0,-0.18984078733726203
mnist,cut_backdoor,clean,42,0,latent_assignment_not_attack,23,97,0,0,819,0.6168278726901011,0.8720302947223525,-0.16064055138389957,0.0,-0.16064055138389957
mnist,cut_backdoor,clean,42,0,latent_assignment_not_attack,23,98,0,0,56,0.520022538549243,0.6603110239592695,-0.25982934555339193,0.0,-0.25982934555339193
mnist,cut_backdoor,clean,42,0,latent_assignment_not_attack,23,99,0,0,418,0.6833041502702968,0.8560726012197538,-0.07949764606582367,0.0,-0.07949764606582367
mnist,cut_backdoor,clean,42,9,latent_assignment_not_attack,23,1,0,1,171,0.5167459746508516,0.8192367721534047,-0.09644959767871812,0.0,-0.09644959767871812
mnist,cut_backdoor,clean,42,9,latent_assignment_not_attack,23,2,0,0,719,0.3472999224057844,0.8039601312967075,-0.31948070825739544,0.0,-0.31948070825739544
mnist,cut_backdoor,clean,42,9,latent_assignment_not_attack,23,4,0,0,563,0.393733527119422,0.8709901903787081,-0.2102147408149988,0.0,-0.2102147408149988
mnist,cut_backdoor,clean,42,9,latent_assignment_not_attack,23,5,0,1,321,0.37856924651724555,0.6676573191234798,-0.14532562152844428,0.0,-0.14532562152844428
mnist,cut_backdoor,clean,42,9,latent_assignment_not_attack,23,6,0,0,53,0.4898041967823321,0.8861810657979037,-0.000132711659325999,0.0,-0.000132711659325999
mnist,cut_backdoor,clean,42,9,latent_assignment_not_attack,23,7,0,0,20,0.3731782439550745,0.585020941203019,-0.21460159383929575,0.0,-0.21460159383929575
mnist,cut_backdoor,clean,42,9,latent_assignment_not_attack,23,8,0,0,102,0.48284682637186815,0.8444665285239218,-0.2491313713494239,0.0,-0.2491313713494239
mnist,cut_backdoor,clean,42,9,latent_assignment_not_attack,23,9,0,0,151,0.47170996687559336,0.8632265413452167,-0.047630798935979664,0.0,-0.047630798935979664
mnist,cut_backdoor,clean,42,9,latent_assignment_not_attack,23,10,0,0,789,0.4647923641041672,0.8979306337397308,-0.14669487637527698,0.0,-0.14669487637527698
mnist,cut_backdoor,clean,42,9,latent_assignment_not_attack,23,11,0,0,76,0.5755800414670458,0.6989999131642829,-0.13706530468928657,0.0,-0.13706530468928657
mnist,cut_backdoor,clean,42,9,latent_assignment_not_attack,23,12,0,0,479,0.3812204435791751,0.7715419756225683,-0.08573626379812219,0.0,-0.08573626379812219
mnist,cut_backdoor,clean,42,9,latent_assignment_not_attack,23,13,0,0,221,0.449995826539182,0.8413425163555062,-0.14222537811548164,0.0,-0.14222537811548164
mnist,cut_backdoor,clean,42,9,latent_assignment_not_attack,23,15,0,0,20,0.3398038641677694,0.6097619286465698,-0.13948765275978345,0.0,-0.13948765275978345
mnist,cut_backdoor,clean,42,9,latent_assignment_not_attack,23,16,0,0,322,0.38654037266431673,0.8305743514465401,-0.0672794801195817,0.0,-0.0672794801195817
mnist,cut_backdoor,clean,42,9,latent_assignment_not_attack,23,17,0,0,270,0.3195717336265786,0.7147057691427823,-0.2609712763611423,0.0,-0.2609712763611423
mnist,cut_backdoor,clean,42,9,latent_assignment_not_attack,23,19,0,0,318,0.452497998344659,0.7643518053131125,-0.17474461078023948,0.0,-0.17474461078023948
mnist,cut_backdoor,clean,42,9,latent_assignment_not_attack,23,20,0,0,1122,0.4533274767267475,0.8516053197905515,0.0075756956312352935,0.0,0.0075756956312352935
mnist,cut_backdoor,clean,42,9,latent_assignment_not_attack,23,21,0,0,975,0.38190411133997515,0.6773594947771973,-0.1360226602463697,0.0,-0.1360226602463697
mnist,cut_backdoor,clean,42,9,latent_assignment_not_attack,23,22,0,0,78,0.43588886807818406,0.7729848479256933,-0.05812068486756963,0.0,-0.05812068486756963
mnist,cut_backdoor,clean,42,9,latent_assignment_not_attack,23,23,0,0,20,0.5239766306386974,0.8763652720015065,-0.08280308029585325,0.0,-0.08280308029585325
mnist,cut_backdoor,clean,42,9,latent_assignment_not_attack,23,24,0,0,43,0.42722819320608246,0.637860590364976,-0.23397895156915957,0.0,-0.23397895156915957
mnist,cut_backdoor,clean,42,9,latent_assignment_not_attack,23,25,0,0,394,0.3186600446880259,0.8110021171738447,-0.3887616859189011,0.0,-0.3887616859189011
mnist,cut_backdoor,clean,42,9,latent_assignment_not_attack,23,26,0,0,484,0.6527987388478919,0.8942736471997715,-0.09793697544042469,0.0,-0.09793697544042469
mnist,cut_backdoor,clean,42,9,latent_assignment_not_attack,23,27,0,0,39,0.45489958956906723,0.7618477228069352,-0.010119977774982698,0.0,-0.010119977774982698
mnist,cut_backdoor,clean,42,9,latent_assignment_not_attack,23,28,0,1,411,0.32580050241360453,0.606989182503927,-0.271951859729132,0.0,-0.271951859729132
mnist,cut_backdoor,clean,42,9,latent_assignment_not_attack,23,29,0,0,163,0.37586621901901657,0.6750303228454784,-0.12737985054146916,0.0,-0.12737985054146916
mnist,cut_backdoor,clean,42,9,latent_assignment_not_attack,23,31,0,0,79,0.351161459447113,0.7688196657810593,-0.11899646472362516,0.0,-0.11899646472362516
mnist,cut_backdoor,clean,42,9,latent_assignment_not_attack,23,32,0,0,713,0.4667353526415554,0.8982378734525793,-0.03306119788455901,0.0,-0.03306119788455901
mnist,cut_backdoor,clean,42,9,latent_assignment_not_attack,23,33,0,1,378,0.39151277874590285,0.6867633788198739,-0.04980189492611334,0.0,-0.04980189492611334
mnist,cut_backdoor,clean,42,9,latent_assignment_not_attack,23,34,0,0,181,0.47252771020974915,0.7676712841977571,-0.209152322516386,0.0,-0.209152322516386
mnist,cut_backdoor,clean,42,9,latent_assignment_not_attack,23,35,0,0,1035,0.27624136917039743,0.6665793859850265,-0.166840524079545,0.0,-0.166840524079545
mnist,cut_backdoor,clean,42,9,latent_assignment_not_attack,23,36,0,0,819,0.551515778137835,0.8394250447862562,-0.17129627372413475,0.0,-0.17129627372413475
mnist,cut_backdoor,clean,42,9,latent_assignment_not_attack,23,37,0,0,635,0.675097625363698,0.893315875704959,-0.005180386834764288,0.0,-0.005180386834764288
mnist,cut_backdoor,clean,42,9,latent_assignment_not_attack,23,39,0,0,169,0.32828921098641106,0.8377664699700207,-0.23610859540712792,0.0,-0.23610859540712792
mnist,cut_backdoor,clean,42,9,latent_assignment_not_attack,23,40,0,0,1053,0.4199252227242306,0.7886158799123039,-0.3206859325207658,0.0,-0.3206859325207658
mnist,cut_backdoor,clean,42,9,latent_assignment_not_attack,23,41,0,1,802,0.3488891236105745,0.729908218520196,-0.16806852946261938,0.0,-0.16806852946261938
mnist,cut_backdoor,clean,42,9,latent_assignment_not_attack,23,42,0,0,857,0.4380452492731784,0.809811186553391,-0.13651639923667905,0.0,-0.13651639923667905
mnist,cut_backdoor,clean,42,9,latent_assignment_not_attack,23,43,0,0,1054,0.37458661024318624,0.7831561296287293,-0.037747094371224255,0.0,-0.037747094371224255
mnist,cut_backdoor,clean,42,9,latent_assignment_not_attack,23,44,0,1,337,0.35323076510941775,0.6912974796274065,-0.21537933854504118,0.0,-0.21537933854504118
mnist,cut_backdoor,clean,42,9,latent_assignment_not_attack,23,45,0,0,130,0.4725342505349826,0.722429780001175,-0.13235272950236002,0.0,-0.13235272950236002
mnist,cut_backdoor,clean,42,9,latent_assignment_not_attack,23,46,0,1,555,0.3893556981354418,0.754667072862506,-0.1989231388697495,0.0,-0.1989231388697495
mnist,cut_backdoor,clean,42,9,latent_assignment_not_attack,23,47,0,0,178,0.3602040321446464,0.7147220431358454,-0.29147922123651027,0.0,-0.29147922123651027
mnist,cut_backdoor,clean,42,9,latent_assignment_not_attack,23,48,0,0,479,0.31804397308763555,0.632133177762728,-0.24125186725903625,0.0,-0.24125186725903625
mnist,cut_backdoor,clean,42,9,latent_assignment_not_attack,23,49,0,1,2521,0.33566761915129095,0.6828457443067151,-0.1507588660452622,0.0,-0.1507588660452622
mnist,cut_backdoor,clean,42,9,latent_assignment_not_attack,23,52,0,0,188,0.5236194139144307,0.8594274737529226,-0.17425001781517696,0.0,-0.17425001781517696
mnist,cut_backdoor,clean,42,9,latent_assignment_not_attack,23,53,0,0,1388,0.45515556359511367,0.8561553531674593,-0.17659778311514698,0.0,-0.17659778311514698
mnist,cut_backdoor,clean,42,9,latent_assignment_not_attack,23,54,0,0,320,0.4158071646445135,0.8867655302141172,-0.07119482090263547,0.0,-0.07119482090263547
mnist,cut_backdoor,clean,42,9,latent_assignment_not_attack,23,55,0,0,134,0.6451854546759412,0.9314457169707033,-0.08185258770963064,0.0,-0.08185258770963064
mnist,cut_backdoor,clean,42,9,latent_assignment_not_attack,23,56,0,1,495,0.33909073658802474,0.6310800831533452,-0.14590685165872655,0.0,-0.14590685165872655
mnist,cut_backdoor,clean,42,9,latent_assignment_not_attack,23,57,0,0,359,0.3886715115484177,0.8694612655098798,-0.18755920273259943,0.0,-0.18755920273259943
mnist,cut_backdoor,clean,42,9,latent_assignment_not_attack,23,58,0,1,1055,0.40440627504887744,0.8329076432631414,-0.043754653328993795,0.0,-0.043754653328993795
mnist,cut_backdoor,clean,42,9,latent_assignment_not_attack,23,60,0,0,288,0.33876424587745124,0.6764800092170109,-0.17581995730643543,0.0,-0.17581995730643543
mnist,cut_backdoor,clean,42,9,latent_assignment_not_attack,23,61,0,0,658,0.34713207963651593,0.668809431499255,-0.2856225243040954,0.0,-0.2856225243040954
mnist,cut_backdoor,clean,42,9,latent_assignment_not_attack,23,62,0,0,186,0.31871969386194215,0.6427753885378762,-0.27491702048144,0.0,-0.27491702048144
mnist,cut_backdoor,clean,42,9,latent_assignment_not_attack,23,63,0,0,510,0.34261342826274677,0.6770392571694636,-0.20556178854397522,0.0,-0.20556178854397522
mnist,cut_backdoor,clean,42,9,latent_assignment_not_attack,23,64,0,0,376,0.44806461224398125,0.8674371802770873,-0.24199903144856805,0.0,-0.24199903144856805
mnist,cut_backdoor,clean,42,9,latent_assignment_not_attack,23,65,0,1,480,0.5903149592704068,0.8940944991259514,-0.026511487793422137,0.0,-0.026511487793422137
mnist,cut_backdoor,clean,42,9,latent_assignment_not_attack,23,66,0,0,196,0.36843112207099404,0.7084980482574046,-0.06753595662235914,0.0,-0.06753595662235914
mnist,cut_backdoor,clean,42,9,latent_assignment_not_attack,23,67,0,0,1211,0.4664832920945464,0.851391347944363,-0.18684228562609542,0.0,-0.18684228562609542
mnist,cut_backdoor,clean,42,9,latent_assignment_not_attack,23,68,0,0,93,0.39851134946928213,0.8057864367241727,-0.0987120105549287,0.0,-0.0987120105549287
mnist,cut_backdoor,clean,42,9,latent_assignment_not_attack,23,70,0,1,508,0.6258046277732616,0.9071852639091846,-0.018240289552122722,0.0,-0.018240289552122722
mnist,cut_backdoor,clean,42,9,latent_assignment_not_attack,23,71,0,1,116,0.5477668617239901,0.9086588791310584,-0.07190373204126607,0.0,-0.07190373204126607
mnist,cut_backdoor,clean,42,9,latent_assignment_not_attack,23,72,0,0,421,0.4194362466488726,0.7290751162046101,-0.030405828634370923,0.0,-0.030405828634370923
mnist,cut_backdoor,clean,42,9,latent_assignment_not_attack,23,73,0,1,362,0.4841638163982346,0.8503428247895682,0.033332961206050414,0.0,0.033332961206050414
mnist,cut_backdoor,clean,42,9,latent_assignment_not_attack,23,74,0,0,1120,0.2891573903300441,0.7012333783008327,-0.1840174143373643,0.0,-0.1840174143373643
mnist,cut_backdoor,clean,42,9,latent_assignment_not_attack,23,75,0,0,638,0.5782344388179614,0.8425907356812152,-0.096957878815549,0.0,-0.096957878815549
mnist,cut_backdoor,clean,42,9,latent_assignment_not_attack,23,76,0,0,918,0.32257987362769674,0.6897481712762069,-0.2759026535938218,0.0,-0.2759026535938218
mnist,cut_backdoor,clean,42,9,latent_assignment_not_attack,23,77,0,1,198,0.3516262101521215,0.6552495823683909,-0.05356644343796846,0.0,-0.05356644343796846
mnist,cut_backdoor,clean,42,9,latent_assignment_not_attack,23,78,0,1,20,0.2793787317878794,0.6299222516438971,-0.17505902308901836,0.0,-0.17505902308901836
mnist,cut_backdoor,clean,42,9,latent_assignment_not_attack,23,79,0,0,734,0.3830378835591887,0.8548640871521179,-0.0562084684164027,0.0,-0.0562084684164027
mnist,cut_backdoor,clean,42,9,latent_assignment_not_attack,23,80,0,0,267,0.4694209248716474,0.8761184705363896,0.011915351297604673,0.0,0.011915351297604673
mnist,cut_backdoor,clean,42,9,latent_assignment_not_attack,23,81,0,0,155,0.4316698829980632,0.8327465820697831,-0.05924943791076399,0.0,-0.05924943791076399
mnist,cut_backdoor,clean,42,9,latent_assignment_not_attack,23,82,0,0,533,0.35370571796452466,0.8273748168278129,-0.039641502895373194,0.0,-0.039641502895373194
mnist,cut_backdoor,clean,42,9,latent_assignment_not_attack,23,83,0,0,422,0.4838481168705615,0.8497451290716098,-0.1952687957919293,0.0,-0.1952687957919293
mnist,cut_backdoor,clean,42,9,latent_assignment_not_attack,23,84,0,0,120,0.40390943379822397,0.6519720759194398,-0.18892016034033762,0.0,-0.18892016034033762
mnist,cut_backdoor,clean,42,9,latent_assignment_not_attack,23,85,0,0,47,0.4233911405275248,0.817010402284567,-0.2611376067878911,0.0,-0.2611376067878911
mnist,cut_backdoor,clean,42,9,latent_assignment_not_attack,23,86,0,0,2131,0.6961228519277979,0.9285497275794958,-0.06287123645440702,0.0,-0.06287123645440702
mnist,cut_backdoor,clean,42,9,latent_assignment_not_attack,23,87,0,1,83,0.36488163363116044,0.830683601392386,-0.04160061252702251,0.0,-0.04160061252702251
mnist,cut_backdoor,clean,42,9,latent_assignment_not_attack,23,88,0,0,178,0.5425540370977633,0.8988160366790116,-0.055236507624367166,0.0,-0.055236507624367166
mnist,cut_backdoor,clean,42,9,latent_assignment_not_attack,23,89,0,0,200,0.39518218761448604,0.7882988290007701,-0.0762459030529435,0.0,-0.0762459030529435
mnist,cut_backdoor,clean,42,9,latent_assignment_not_attack,23,90,0,1,126,0.37813452949164933,0.7614584057644993,-0.023358529685220914,0.0,-0.023358529685220914
mnist,cut_backdoor,clean,42,9,latent_assignment_not_attack,23,91,0,0,695,0.5825131383441828,0.9098138803054894,-0.10139857538418617,0.0,-0.10139857538418617
mnist,cut_backdoor,clean,42,9,latent_assignment_not_attack,23,92,0,0,1777,0.40770012714319037,0.8662986968517739,-0.19360981162326812,0.0,-0.19360981162326812
mnist,cut_backdoor,clean,42,9,latent_assignment_not_attack,23,93,0,0,187,0.30197673206374187,0.6543425818042337,-0.21613946975719367,0.0,-0.21613946975719367
mnist,cut_backdoor,clean,42,9,latent_assignment_not_attack,23,94,0,0,170,0.4679725786712989,0.7933975191198013,-0.11648964486457329,0.0,-0.11648964486457329
mnist,cut_backdoor,clean,42,9,latent_assignment_not_attack,23,95,0,0,1125,0.38296916601284287,0.6568180783400971,-0.1627187960600148,0.0,-0.1627187960600148
mnist,cut_backdoor,clean,42,9,latent_assignment_not_attack,23,96,0,0,175,0.612118981521115,0.8836435342285037,-0.12037253471879049,0.0,-0.12037253471879049
mnist,cut_backdoor,clean,42,9,latent_assignment_not_attack,23,97,0,0,819,0.3699361028292484,0.8064881544534701,-0.06482680670588636,0.0,-0.06482680670588636
mnist,cut_backdoor,clean,42,9,latent_assignment_not_attack,23,98,0,0,56,0.4394527965276548,0.6646555826861019,-0.11087092287027477,0.0,-0.11087092287027477
mnist,cut_backdoor,clean,42,9,latent_assignment_not_attack,23,99,0,0,418,0.4579512471545785,0.7787471817203656,0.025799647232551647,0.0,0.025799647232551647
mnist,cut_backdoor,clean,42,29,latent_assignment_not_attack,23,0,0,0,848,0.33932793840317765,0.7130363411470906,-0.1525448234000797,0.0,-0.1525448234000797
mnist,cut_backdoor,clean,42,29,latent_assignment_not_attack,23,1,0,1,171,0.3824213993121098,0.7706441894369813,0.3343178380201522,0.0,0.3343178380201522
mnist,cut_backdoor,clean,42,29,latent_assignment_not_attack,23,2,0,0,719,0.2275204244207173,0.7459066026981138,-0.10246721318491193,0.0,-0.10246721318491193
mnist,cut_backdoor,clean,42,29,latent_assignment_not_attack,23,3,0,0,1008,0.17012097599560708,0.6617706774212592,0.24417432878544154,0.0,0.24417432878544154
mnist,cut_backdoor,clean,42,29,latent_assignment_not_attack,23,4,0,0,563,0.2499592750582656,0.7376396661675446,0.03761048168506271,0.0,0.03761048168506271
mnist,cut_backdoor,clean,42,29,latent_assignment_not_attack,23,5,0,1,321,0.24549070359941805,0.6417271361390042,-0.2450414159222503,0.0,-0.2450414159222503
mnist,cut_backdoor,clean,42,29,latent_assignment_not_attack,23,6,0,0,53,0.350299750913017,0.8831207821918415,-0.20027659301509154,0.0,-0.20027659301509154
mnist,cut_backdoor,clean,42,29,latent_assignment_not_attack,23,7,0,0,20,0.290860275684317,0.3858639944827244,-0.06914804056534188,0.0,-0.06914804056534188
mnist,cut_backdoor,clean,42,29,latent_assignment_not_attack,23,8,0,0,102,0.33964454456671744,0.8333858334734339,-0.12497248254638897,0.0,-0.12497248254638897
mnist,cut_backdoor,clean,42,29,latent_assignment_not_attack,23,10,0,0,789,0.3772453175618866,0.8704061704585427,0.17642268555502086,0.0,0.17642268555502086
mnist,cut_backdoor,clean,42,29,latent_assignment_not_attack,23,11,0,0,76,0.489102540025044,0.6634453726792735,0.07971092126609905,0.0,0.07971092126609905
mnist,cut_backdoor,clean,42,29,latent_assignment_not_attack,23,12,0,0,479,0.2473960831800374,0.6721791264384113,-0.31429539111657795,0.0,-0.31429539111657795
mnist,cut_backdoor,clean,42,29,latent_assignment_not_attack,23,13,0,0,221,0.36976386704608666,0.8231565540944435,0.18073763909614818,0.0,0.18073763909614818
mnist,cut_backdoor,clean,42,29,latent_assignment_not_attack,23,14,0,0,255,0.18462646416613296,0.7340337016793381,-0.1773921893009778,0.0,-0.1773921893009778
mnist,cut_backdoor,clean,42,29,latent_assignment_not_attack,23,15,0,0,20,0.2570107344970319,0.5487426817328978,0.1980673998454909,0.0,0.1980673998454909
mnist,cut_backdoor,clean,42,29,latent_assignment_not_attack,23,16,0,0,322,0.3407658964211944,0.8161779367002708,-0.20630777820126284,0.0,-0.20630777820126284
mnist,cut_backdoor,clean,42,29,latent_assignment_not_attack,23,18,0,0,264,0.2999684350695133,0.8764768347091956,-0.26886118759646127,0.0,-0.26886118759646127
mnist,cut_backdoor,clean,42,29,latent_assignment_not_attack,23,19,0,0,318,0.32685302160688207,0.7039971958497776,-0.13130506255822555,0.0,-0.13130506255822555
mnist,cut_backdoor,clean,42,29,latent_assignment_not_attack,23,20,0,0,1122,0.28598183462999693,0.8379626321208411,0.020279337674834762,0.0,0.020279337674834762
mnist,cut_backdoor,clean,42,29,latent_assignment_not_attack,23,22,0,0,78,0.32563729455138296,0.7588673895064898,-0.007951567462648822,0.0,-0.007951567462648822
mnist,cut_backdoor,clean,42,29,latent_assignment_not_attack,23,23,0,0,20,0.3763855381430837,0.8069234922598391,0.12794124721814795,0.0,0.12794124721814795
mnist,cut_backdoor,clean,42,29,latent_assignment_not_attack,23,24,0,0,43,0.31570324151063,0.48051395914144396,-0.0435577931079645,0.0,-0.0435577931079645
mnist,cut_backdoor,clean,42,29,latent_assignment_not_attack,23,25,0,0,394,0.23813746407190922,0.7572070386900426,-0.19536535123933577,0.0,-0.19536535123933577
mnist,cut_backdoor,clean,42,29,latent_assignment_not_attack,23,26,0,0,484,0.49154362724318545,0.9049532027785929,-0.15691911826063865,0.0,-0.15691911826063865
mnist,cut_backdoor,clean,42,29,latent_assignment_not_attack,23,27,0,0,39,0.35644156038525526,0.7145651808049911,0.33039453005581704,0.0,0.33039453005581704
mnist,cut_backdoor,clean,42,29,latent_assignment_not_attack,23,28,0,1,411,0.22123861009302198,0.6385938335470515,0.05770631039908137,0.0,0.05770631039908137
mnist,cut_backdoor,clean,42,29,latent_assignment_not_attack,23,29,0,0,163,0.24713844861575512,0.6403981452622654,0.23843655014433282,0.0,0.23843655014433282
mnist,cut_backdoor,clean,42,29,latent_assignment_not_attack,23,32,0,0,713,0.32977177140251684,0.8594740912953822,-0.1874230121208806,0.0,-0.1874230121208806
mnist,cut_backdoor,clean,42,29,latent_assignment_not_attack,23,33,0,1,378,0.23176728413213576,0.6926017886835003,-0.010662703867256994,0.0,-0.010662703867256994
mnist,cut_backdoor,clean,42,29,latent_assignment_not_attack,23,34,0,0,181,0.31592438982265353,0.6754013933494277,-0.19912723200135254,0.0,-0.19912723200135254
mnist,cut_backdoor,clean,42,29,latent_assignment_not_attack,23,35,0,0,1035,0.1725381381240478,0.5588896487200063,-0.20154035094548917,0.0,-0.20154035094548917
mnist,cut_backdoor,clean,42,29,latent_assignment_not_attack,23,36,0,0,819,0.3822745031520664,0.8019903013609871,0.18794889093109302,0.0,0.18794889093109302
mnist,cut_backdoor,clean,42,29,latent_assignment_not_attack,23,37,0,0,635,0.44768173975270636,0.8853785400666183,0.35138534935952587,0.0,0.35138534935952587
mnist,cut_backdoor,clean,42,29,latent_assignment_not_attack,23,38,0,0,127,0.2758085291325323,0.6392951130386745,-0.3563930704983247,0.0,-0.3563930704983247
mnist,cut_backdoor,clean,42,29,latent_assignment_not_attack,23,39,0,0,169,0.1750531352589016,0.6202129052993322,0.16888606660825184,0.0,0.16888606660825184
mnist,cut_backdoor,clean,42,29,latent_assignment_not_attack,23,40,0,0,1053,0.31960023582036684,0.729554882640038,0.03792703950476213,0.0,0.03792703950476213
mnist,cut_backdoor,clean,42,29,latent_assignment_not_attack,23,41,0,1,802,0.215652101820135,0.6784276438591051,0.0003490743142135035,0.0,0.0003490743142135035
mnist,cut_backdoor,clean,42,29,latent_assignment_not_attack,23,42,0,0,857,0.27503559988175486,0.6978676545529334,0.312627006962005,0.0,0.312627006962005
mnist,cut_backdoor,clean,42,29,latent_assignment_not_attack,23,43,0,0,1054,0.22675807812222612,0.7060763628874563,0.1758099258627929,0.0,0.1758099258627929
mnist,cut_backdoor,clean,42,29,latent_assignment_not_attack,23,44,0,1,337,0.24714029159529924,0.6865904952944059,0.02929749302675173,0.0,0.02929749302675173
mnist,cut_backdoor,clean,42,29,latent_assignment_not_attack,23,46,0,1,555,0.2598868864642882,0.7167896244060209,0.05053022276665409,0.0,0.05053022276665409
mnist,cut_backdoor,clean,42,29,latent_assignment_not_attack,23,47,0,0,178,0.28036797447687456,0.6436226860542604,-0.09182720377981136,0.0,-0.09182720377981136
mnist,cut_backdoor,clean,42,29,latent_assignment_not_attack,23,48,0,0,479,0.1947328678551646,0.5533832957066895,-0.16960826885263175,0.0,-0.16960826885263175
mnist,cut_backdoor,clean,42,29,latent_assignment_not_attack,23,49,0,1,2521,0.25388864087402196,0.7156898398744134,0.3232927061636982,0.0,0.3232927061636982
mnist,cut_backdoor,clean,42,29,latent_assignment_not_attack,23,50,0,0,137,0.3743587858065578,0.8044197610341401,-0.33003723981882493,0.0,-0.33003723981882493
mnist,cut_backdoor,clean,42,29,latent_assignment_not_attack,23,51,0,0,1524,0.4102431374489049,0.8100552112141275,-0.301649333047844,0.0,-0.301649333047844
mnist,cut_backdoor,clean,42,29,latent_assignment_not_attack,23,52,0,0,188,0.37634605115521946,0.8135128486608041,0.037851675456984014,0.0,0.037851675456984014
mnist,cut_backdoor,clean,42,29,latent_assignment_not_attack,23,53,0,0,1388,0.342468104934937,0.8906048799628113,-0.21126540227291307,0.0,-0.21126540227291307
mnist,cut_backdoor,clean,42,29,latent_assignment_not_attack,23,54,0,0,320,0.33725524327542955,0.87797115541659,-0.2136371312082563,0.0,-0.2136371312082563
mnist,cut_backdoor,clean,42,29,latent_assignment_not_attack,23,55,0,0,134,0.49223082597408346,0.8851037249852609,0.21196426572321744,0.0,0.21196426572321744
mnist,cut_backdoor,clean,42,29,latent_assignment_not_attack,23,56,0,1,495,0.23951917042209336,0.5694043746867861,0.03780783672970333,0.0,0.03780783672970333
mnist,cut_backdoor,clean,42,29,latent_assignment_not_attack,23,57,0,0,359,0.2869157634988004,0.6958711410151788,0.09629050231092531,0.0,0.09629050231092531
mnist,cut_backdoor,clean,42,29,latent_assignment_not_attack,23,58,0,1,1055,0.34404956189087715,0.8333222854005756,-0.07702483574978214,0.0,-0.07702483574978214
mnist,cut_backdoor,clean,42,29,latent_assignment_not_attack,23,59,0,0,28,0.2921895719228466,0.7884051323755616,-0.2175383520633311,0.0,-0.2175383520633311
mnist,cut_backdoor,clean,42,29,latent_assignment_not_attack,23,60,0,0,288,0.24690802853516056,0.6956823941620187,-0.18417311843529996,0.0,-0.18417311843529996
mnist,cut_backdoor,clean,42,29,latent_assignment_not_attack,23,61,0,0,658,0.22473153842774118,0.6915868014154176,-0.34282795133858096,0.0,-0.34282795133858096
mnist,cut_backdoor,clean,42,29,latent_assignment_not_attack,23,62,0,0,186,0.17990248821948004,0.5881300577982124,-0.03547712186433254,0.0,-0.03547712186433254
mnist,cut_backdoor,clean,42,29,latent_assignment_not_attack,23,64,0,0,376,0.33195528702000515,0.8766408541400498,-0.23718448069896916,0.0,-0.23718448069896916
mnist,cut_backdoor,clean,42,29,latent_assignment_not_attack,23,65,0,1,480,0.44216478760207695,0.8926572930302605,0.3521647892632185,0.0,0.3521647892632185
mnist,cut_backdoor,clean,42,29,latent_assignment_not_attack,23,66,0,0,196,0.2542019581309863,0.6576955818567016,-0.1389849918270721,0.0,-0.1389849918270721
mnist,cut_backdoor,clean,42,29,latent_assignment_not_attack,23,67,0,0,1211,0.40700259581210385,0.8990092037146228,-0.18393746899783958,0.0,-0.18393746899783958
mnist,cut_backdoor,clean,42,29,latent_assignment_not_attack,23,68,0,0,93,0.3377425561856708,0.7558512964302275,-0.32347202194080454,0.0,-0.32347202194080454
mnist,cut_backdoor,clean,42,29,latent_assignment_not_attack,23,69,0,0,2718,0.21803226461923525,0.6430389529287405,0.16841006854614402,0.0,0.16841006854614402
mnist,cut_backdoor,clean,42,29,latent_assignment_not_attack,23,70,0,1,508,0.4690646929887675,0.8729065679049132,0.334336622681933,0.0,0.334336622681933
mnist,cut_backdoor,clean,42,29,latent_assignment_not_attack,23,71,0,1,116,0.3870827423648328,0.838743713759232,0.3422334357504794,0.0,0.3422334357504794
mnist,cut_backdoor,clean,42,29,latent_assignment_not_attack,23,72,0,0,421,0.31715189128099436,0.7201407612491681,0.3976380886119838,0.0,0.3976380886119838
mnist,cut_backdoor,clean,42,29,latent_assignment_not_attack,23,73,0,1,362,0.32095554177517077,0.8439385773312729,0.0577133161131573,0.0,0.0577133161131573
mnist,cut_backdoor,clean,42,29,latent_assignment_not_attack,23,74,0,0,1120,0.26570037216446224,0.793936013548917,-0.20749646448793146,0.0,-0.20749646448793146
mnist,cut_backdoor,clean,42,29,latent_assignment_not_attack,23,75,0,0,638,0.3965410846332131,0.7964094161950109,0.1707503790724561,0.0,0.1707503790724561
mnist,cut_backdoor,clean,42,29,latent_assignment_not_attack,23,76,0,0,918,0.2087420943955292,0.6175537040602823,0.28512620398281047,0.0,0.28512620398281047
mnist,cut_backdoor,clean,42,29,latent_assignment_not_attack,23,77,0,1,198,0.2706623231677735,0.7487589892515788,-0.35379155107992594,0.0,-0.35379155107992594
mnist,cut_backdoor,clean,42,29,latent_assignment_not_attack,23,78,0,1,20,0.1359808172232523,0.5356392210142507,0.024704590841800537,0.0,0.024704590841800537
mnist,cut_backdoor,clean,42,29,latent_assignment_not_attack,23,79,0,0,734,0.2975080051176474,0.8366234636243691,-0.18124981909910431,0.0,-0.18124981909910431
mnist,cut_backdoor,clean,42,29,latent_assignment_not_attack,23,80,0,0,267,0.4037914402773875,0.8391098316951993,-0.18451192592326676,0.0,-0.18451192592326676
mnist,cut_backdoor,clean,42,29,latent_assignment_not_attack,23,81,0,0,155,0.325946435101717,0.8587114505699913,-0.2070940157057016,0.0,-0.2070940157057016
mnist,cut_backdoor,clean,42,29,latent_assignment_not_attack,23,82,0,0,533,0.29711495004744987,0.8459380519357216,-0.14098046594000765,0.0,-0.14098046594000765
mnist,cut_backdoor,clean,42,29,latent_assignment_not_attack,23,83,0,0,422,0.34245310889400826,0.8086291879344932,0.08664309171173219,0.0,0.08664309171173219
mnist,cut_backdoor,clean,42,29,latent_assignment_not_attack,23,84,0,0,120,0.31125956187789694,0.6492093357602714,-0.035873693337676905,0.0,-0.035873693337676905
mnist,cut_backdoor,clean,42,29,latent_assignment_not_attack,23,85,0,0,47,0.26713385960655694,0.7353106828067626,-0.1394694563996618,0.0,-0.1394694563996618
mnist,cut_backdoor,clean,42,29,latent_assignment_not_attack,23,87,0,1,83,0.21848630287746834,0.843927492039597,-0.08540008770592639,0.0,-0.08540008770592639
mnist,cut_backdoor,clean,42,29,latent_assignment_not_attack,23,88,0,0,178,0.3470095333993189,0.8698679954866831,0.27078665621531545,0.0,0.27078665621531545
mnist,cut_backdoor,clean,42,29,latent_assignment_not_attack,23,89,0,0,200,0.2816940483021397,0.7878655613937512,-0.10393608943187639,0.0,-0.10393608943187639
mnist,cut_backdoor,clean,42,29,latent_assignment_not_attack,23,90,0,1,126,0.2640212610078349,0.7687281596260649,-0.2712367167317377,0.0,-0.2712367167317377
mnist,cut_backdoor,clean,42,29,latent_assignment_not_attack,23,91,0,0,695,0.4193721869557443,0.8715406560605526,0.14937557965355933,0.0,0.14937557965355933
mnist,cut_backdoor,clean,42,29,latent_assignment_not_attack,23,93,0,0,187,0.2352003101747464,0.7373789397056834,-0.16604230982044163,0.0,-0.16604230982044163
mnist,cut_backdoor,clean,42,29,latent_assignment_not_attack,23,94,0,0,170,0.3275664899110462,0.7548774347656078,0.2804879033625186,0.0,0.2804879033625186
mnist,cut_backdoor,clean,42,29,latent_assignment_not_attack,23,96,0,0,175,0.44268330060033995,0.9008223387504255,-0.21440081070282593,0.0,-0.21440081070282593
mnist,cut_backdoor,clean,42,29,latent_assignment_not_attack,23,97,0,0,819,0.2857467750141766,0.7516014599992851,-0.07593475546999316,0.0,-0.07593475546999316
mnist,cut_backdoor,clean,42,29,latent_assignment_not_attack,23,98,0,0,56,0.3572851343826307,0.6439594736254417,-0.06737019863982885,0.0,-0.06737019863982885
mnist,cut_backdoor,clean,42,29,latent_assignment_not_attack,23,99,0,0,418,0.2855450583522207,0.7592997558697532,0.33164840083083585,0.0,0.33164840083083585
