phase,dataset,scenario,seed,round,participants,accepted_set_size,min_cluster_size,at_minimum,attack_active,tp,fp,tn,fn
main,cifar10,6.1,137,0,90,46,46,1,0,0,44,46,0
main,cifar10,6.1,137,1,90,46,46,1,0,0,44,46,0
main,cifar10,6.1,137,2,90,46,46,1,0,0,44,46,0
main,cifar10,6.1,137,3,90,46,46,1,0,0,44,46,0
main,cifar10,6.1,137,4,90,46,46,1,0,0,44,46,0
main,cifar10,6.1,137,5,90,46,46,1,0,0,44,46,0
main,cifar10,6.1,137,6,90,48,46,0,0,0,42,48,0
main,cifar10,6.1,137,7,90,47,46,0,0,0,43,47,0
main,cifar10,6.1,137,8,90,47,46,0,0,0,43,47,0
main,cifar10,6.1,137,9,90,46,46,1,0,0,44,46,0
main,cifar10,6.1,137,10,90,46,46,1,0,0,44,46,0
main,cifar10,6.1,137,11,90,46,46,1,0,0,44,46,0
main,cifar10,6.1,137,12,90,46,46,1,0,0,44,46,0
main,cifar10,6.1,137,13,90,46,46,1,0,0,44,46,0
main,cifar10,6.1,137,14,90,46,46,1,0,0,44,46,0
main,cifar10,6.1,137,15,90,47,46,0,0,0,43,47,0
main,cifar10,6.1,137,16,90,46,46,1,0,0,44,46,0
main,cifar10,6.1,137,17,90,46,46,1,0,0,44,46,0
main,cifar10,6.1,137,18,90,46,46,1,0,0,44,46,0
main,cifar10,6.1,137,19,90,47,46,0,0,0,43,47,0
main,cifar10,6.1,137,20,90,46,46,1,0,0,44,46,0
main,cifar10,6.1,137,21,90,46,46,1,0,0,44,46,0
main,cifar10,6.1,137,22,90,46,46,1,0,0,44,46,0
main,cifar10,6.1,137,23,90,46,46,1,0,0,44,46,0
main,cifar10,6.1,137,24,90,46,46,1,0,0,44,46,0
main,cifar10,6.1,137,25,90,46,46,1,0,0,44,46,0
main,cifar10,6.1,137,26,90,46,46,1,0,0,44,46,0
main,cifar10,6.1,137,27,90,46,46,1,0,0,44,46,0
main,cifar10,6.1,137,28,90,46,46,1,0,0,44,46,0
main,cifar10,6.1,137,29,90,46,46,1,0,0,44,46,0
main,cifar10,6.1,2024,0,90,46,46,1,0,0,44,46,0
main,cifar10,6.1,2024,1,90,46,46,1,0,0,44,46,0
main,cifar10,6.1,2024,2,90,46,46,1,0,0,44,46,0
main,cifar10,6.1,2024,3,90,47,46,0,0,0,43,47,0
main,cifar10,6.1,2024,4,90,47,46,0,0,0,43,47,0
main,cifar10,6.1,2024,5,90,46,46,1,0,0,44,46,0
main,cifar10,6.1,2024,6,90,46,46,1,0,0,44,46,0
main,cifar10,6.1,2024,7,90,46,46,1,0,0,44,46,0
main,cifar10,6.1,2024,8,90,46,46,1,0,0,44,46,0
main,cifar10,6.1,2024,9,90,46,46,1,0,0,44,46,0
main,cifar10,6.1,2024,10,90,46,46,1,0,0,44,46,0
main,cifar10,6.1,2024,11,90,46,46,1,0,0,44,46,0
main,cifar10,6.1,2024,12,90,46,46,1,0,0,44,46,0
main,cifar10,6.1,2024,13,90,46,46,1,0,0,44,46,0
main,cifar10,6.1,2024,14,90,47,46,0,0,0,43,47,0
main,cifar10,6.1,2024,15,90,46,46,1,0,0,44,46,0
main,cifar10,6.1,2024,16,90,46,46,1,0,0,44,46,0
main,cifar10,6.1,2024,17,90,46,46,1,0,0,44,46,0
main,cifar10,6.1,2024,18,90,46,46,1,0,0,44,46,0
main,cifar10,6.1,2024,19,90,46,46,1,0,0,44,46,0
main,cifar10,6.1,2024,20,90,46,46,1,0,0,44,46,0
main,cifar10,6.1,2024,21,90,46,46,1,0,0,44,46,0
main,cifar10,6.1,2024,22,90,46,46,1,0,0,44,46,0
main,cifar10,6.1,2024,23,90,46,46,1,0,0,44,46,0
main,cifar10,6.1,2024,24,90,46,46,1,0,0,44,46,0
main,cifar10,6.1,2024,25,90,46,46,1,0,0,44,46,0
main,cifar10,6.1,2024,26,90,46,46,1,0,0,44,46,0
main,cifar10,6.1,2024,27,90,46,46,1,0,0,44,46,0
main,cifar10,6.1,2024,28,90,46,46,1,0,0,44,46,0
main,cifar10,6.1,2024,29,90,46,46,1,0,0,44,46,0
main,cifar10,6.1,42,0,90,46,46,1,0,0,44,46,0
main,cifar10,6.1,42,1,90,46,46,1,0,0,44,46,0
main,cifar10,6.1,42,2,90,46,46,1,0,0,44,46,0
main,cifar10,6.1,42,3,90,46,46,1,0,0,44,46,0
main,cifar10,6.1,42,4,90,46,46,1,0,0,44,46,0
main,cifar10,6.1,42,5,90,46,46,1,0,0,44,46,0
main,cifar10,6.1,42,6,90,46,46,1,0,0,44,46,0
main,cifar10,6.1,42,7,90,46,46,1,0,0,44,46,0
main,cifar10,6.1,42,8,90,46,46,1,0,0,44,46,0
main,cifar10,6.1,42,9,90,47,46,0,0,0,43,47,0
main,cifar10,6.1,42,10,90,46,46,1,0,0,44,46,0
main,cifar10,6.1,42,11,90,46,46,1,0,0,44,46,0
main,cifar10,6.1,42,12,90,46,46,1,0,0,44,46,0
main,cifar10,6.1,42,13,90,46,46,1,0,0,44,46,0
main,cifar10,6.1,42,14,90,46,46,1,0,0,44,46,0
main,cifar10,6.1,42,15,90,46,46,1,0,0,44,46,0
main,cifar10,6.1,42,16,90,46,46,1,0,0,44,46,0
main,cifar10,6.1,42,17,90,46,46,1,0,0,44,46,0
main,cifar10,6.1,42,18,90,46,46,1,0,0,44,46,0
main,cifar10,6.1,42,19,90,46,46,1,0,0,44,46,0
main,cifar10,6.1,42,20,90,46,46,1,0,0,44,46,0
main,cifar10,6.1,42,21,90,46,46,1,0,0,44,46,0
main,cifar10,6.1,42,22,90,46,46,1,0,0,44,46,0
main,cifar10,6.1,42,23,90,46,46,1,0,0,44,46,0
main,cifar10,6.1,42,24,90,46,46,1,0,0,44,46,0
main,cifar10,6.1,42,25,90,47,46,0,0,0,43,47,0
main,cifar10,6.1,42,26,90,46,46,1,0,0,44,46,0
main,cifar10,6.1,42,27,90,46,46,1,0,0,44,46,0
main,cifar10,6.1,42,28,90,46,46,1,0,0,44,46,0
main,cifar10,6.1,42,29,90,47,46,0,0,0,43,47,0
main,cifar10,6.2,137,0,90,46,46,1,0,0,44,46,0
main,cifar10,6.2,137,1,90,46,46,1,0,0,44,46,0
main,cifar10,6.2,137,2,90,46,46,1,0,0,44,46,0
main,cifar10,6.2,137,3,90,46,46,1,0,0,44,46,0
main,cifar10,6.2,137,4,90,46,46,1,0,0,44,46,0
main,cifar10,6.2,137,5,90,46,46,1,0,0,44,46,0
main,cifar10,6.2,137,6,90,46,46,1,0,0,44,46,0
main,cifar10,6.2,137,7,90,46,46,1,0,0,44,46,0
main,cifar10,6.2,137,8,90,46,46,1,0,0,44,46,0
main,cifar10,6.2,137,9,90,46,46,1,0,0,44,46,0
main,cifar10,6.2,137,10,90,46,46,1,0,0,44,46,0
main,cifar10,6.2,137,11,90,46,46,1,0,0,44,46,0
main,cifar10,6.2,137,12,90,46,46,1,0,0,44,46,0
main,cifar10,6.2,137,13,90,46,46,1,0,0,44,46,0
main,cifar10,6.2,137,14,90,46,46,1,0,0,44,46,0
main,cifar10,6.2,137,15,90,46,46,1,0,0,44,46,0
main,cifar10,6.2,137,16,90,46,46,1,0,0,44,46,0
main,cifar10,6.2,137,17,90,46,46,1,0,0,44,46,0
main,cifar10,6.2,137,18,90,46,46,1,0,0,44,46,0
main,cifar10,6.2,137,19,90,46,46,1,0,0,44,46,0
main,cifar10,6.2,137,20,90,46,46,1,0,0,44,46,0
main,cifar10,6.2,137,21,90,46,46,1,0,0,44,46,0
main,cifar10,6.2,137,22,90,46,46,1,0,0,44,46,0
main,cifar10,6.2,137,23,90,46,46,1,0,0,44,46,0
main,cifar10,6.2,137,24,90,46,46,1,0,0,44,46,0
main,cifar10,6.2,137,25,90,46,46,1,0,0,44,46,0
main,cifar10,6.2,137,26,90,46,46,1,0,0,44,46,0
main,cifar10,6.2,137,27,90,46,46,1,0,0,44,46,0
main,cifar10,6.2,137,28,90,46,46,1,0,0,44,46,0
main,cifar10,6.2,137,29,90,46,46,1,0,0,44,46,0
main,cifar10,6.2,2024,0,90,60,46,0,0,0,30,60,0
main,cifar10,6.2,2024,1,90,57,46,0,0,0,33,57,0
main,cifar10,6.2,2024,2,90,60,46,0,0,0,30,60,0
main,cifar10,6.2,2024,3,90,46,46,1,0,0,44,46,0
main,cifar10,6.2,2024,4,90,61,46,0,0,0,29,61,0
main,cifar10,6.2,2024,5,90,59,46,0,0,0,31,59,0
main,cifar10,6.2,2024,6,90,60,46,0,0,0,30,60,0
main,cifar10,6.2,2024,7,90,57,46,0,0,0,33,57,0
main,cifar10,6.2,2024,8,90,57,46,0,0,0,33,57,0
main,cifar10,6.2,2024,9,90,60,46,0,0,0,30,60,0
main,cifar10,6.2,2024,10,90,56,46,0,0,0,34,56,0
main,cifar10,6.2,2024,11,90,58,46,0,0,0,32,58,0
main,cifar10,6.2,2024,12,90,60,46,0,0,0,30,60,0
main,cifar10,6.2,2024,13,90,46,46,1,0,0,44,46,0
main,cifar10,6.2,2024,14,90,46,46,1,0,0,44,46,0
main,cifar10,6.2,2024,15,90,46,46,1,0,0,44,46,0
main,cifar10,6.2,2024,16,90,46,46,1,0,0,44,46,0
main,cifar10,6.2,2024,17,90,58,46,0,0,0,32,58,0
main,cifar10,6.2,2024,18,90,61,46,0,0,0,29,61,0
main,cifar10,6.2,2024,19,90,57,46,0,0,0,33,57,0
main,cifar10,6.2,2024,20,90,58,46,0,0,0,32,58,0
main,cifar10,6.2,2024,21,90,56,46,0,0,0,34,56,0
main,cifar10,6.2,2024,22,90,60,46,0,0,0,30,60,0
main,cifar10,6.2,2024,23,90,59,46,0,0,0,31,59,0
main,cifar10,6.2,2024,24,90,59,46,0,0,0,31,59,0
main,cifar10,6.2,2024,25,90,51,46,0,0,0,39,51,0
main,cifar10,6.2,2024,26,90,50,46,0,0,0,40,50,0
main,cifar10,6.2,2024,27,90,59,46,0,0,0,31,59,0
main,cifar10,6.2,2024,28,90,47,46,0,0,0,43,47,0
main,cifar10,6.2,2024,29,90,46,46,1,0,0,44,46,0
main,cifar10,6.2,42,0,90,46,46,1,0,0,44,46,0
main,cifar10,6.2,42,1,90,46,46,1,0,0,44,46,0
main,cifar10,6.2,42,2,90,46,46,1,0,0,44,46,0
main,cifar10,6.2,42,3,90,46,46,1,0,0,44,46,0
main,cifar10,6.2,42,4,90,46,46,1,0,0,44,46,0
main,cifar10,6.2,42,5,90,46,46,1,0,0,44,46,0
main,cifar10,6.2,42,6,90,47,46,0,0,0,43,47,0
main,cifar10,6.2,42,7,90,46,46,1,0,0,44,46,0
main,cifar10,6.2,42,8,90,46,46,1,0,0,44,46,0
main,cifar10,6.2,42,9,90,46,46,1,0,0,44,46,0
main,cifar10,6.2,42,10,90,46,46,1,0,0,44,46,0
main,cifar10,6.2,42,11,90,46,46,1,0,0,44,46,0
main,cifar10,6.2,42,12,90,46,46,1,0,0,44,46,0
main,cifar10,6.2,42,13,90,46,46,1,0,0,44,46,0
main,cifar10,6.2,42,14,90,46,46,1,0,0,44,46,0
main,cifar10,6.2,42,15,90,46,46,1,0,0,44,46,0
main,cifar10,6.2,42,16,90,46,46,1,0,0,44,46,0
main,cifar10,6.2,42,17,90,46,46,1,0,0,44,46,0
main,cifar10,6.2,42,18,90,46,46,1,0,0,44,46,0
main,cifar10,6.2,42,19,90,46,46,1,0,0,44,46,0
main,cifar10,6.2,42,20,90,46,46,1,0,0,44,46,0
main,cifar10,6.2,42,21,90,47,46,0,0,0,43,47,0
main,cifar10,6.2,42,22,90,46,46,1,0,0,44,46,0
main,cifar10,6.2,42,23,90,46,46,1,0,0,44,46,0
main,cifar10,6.2,42,24,90,46,46,1,0,0,44,46,0
main,cifar10,6.2,42,25,90,46,46,1,0,0,44,46,0
main,cifar10,6.2,42,26,90,46,46,1,0,0,44,46,0
main,cifar10,6.2,42,27,90,46,46,1,0,0,44,46,0
main,cifar10,6.2,42,28,90,46,46,1,0,0,44,46,0
main,cifar10,6.2,42,29,90,46,46,1,0,0,44,46,0
main,cifar10,7.1,137,0,90,67,46,0,1,0,23,40,27
main,cifar10,7.1,137,1,90,62,46,0,1,0,28,35,27
main,cifar10,7.1,137,2,90,47,46,0,1,0,43,20,27
main,cifar10,7.1,137,3,90,47,46,0,1,0,43,20,27
main,cifar10,7.1,137,4,90,46,46,1,1,0,44,19,27
main,cifar10,7.1,137,5,90,46,46,1,1,0,44,19,27
main,cifar10,7.1,137,6,90,46,46,1,1,0,44,19,27
main,cifar10,7.1,137,7,90,46,46,1,1,0,44,19,27
main,cifar10,7.1,137,8,90,46,46,1,1,0,44,19,27
main,cifar10,7.1,137,9,90,47,46,0,1,0,43,20,27
main,cifar10,7.1,137,10,90,49,46,0,1,0,41,22,27
main,cifar10,7.1,137,11,90,46,46,1,1,0,44,19,27
main,cifar10,7.1,137,12,90,49,46,0,1,0,41,22,27
main,cifar10,7.1,137,13,90,46,46,1,1,0,44,19,27
main,cifar10,7.1,137,14,90,46,46,1,1,0,44,19,27
main,cifar10,7.1,137,15,90,46,46,1,1,0,44,19,27
main,cifar10,7.1,137,16,90,47,46,0,1,0,43,20,27
main,cifar10,7.1,137,17,90,47,46,0,1,0,43,20,27
main,cifar10,7.1,137,18,90,50,46,0,1,0,40,23,27
main,cifar10,7.1,137,19,90,51,46,0,1,0,39,24,27
main,cifar10,7.1,137,20,90,56,46,0,1,0,34,29,27
main,cifar10,7.1,137,21,90,47,46,0,1,0,43,20,27
main,cifar10,7.1,137,22,90,46,46,1,1,0,44,19,27
main,cifar10,7.1,137,23,90,46,46,1,1,0,44,19,27
main,cifar10,7.1,137,24,90,46,46,1,1,0,44,19,27
main,cifar10,7.1,137,25,90,47,46,0,1,0,43,20,27
main,cifar10,7.1,137,26,90,48,46,0,1,0,42,21,27
main,cifar10,7.1,137,27,90,46,46,1,1,0,44,19,27
main,cifar10,7.1,137,28,90,46,46,1,1,0,44,19,27
main,cifar10,7.1,137,29,90,46,46,1,1,0,44,19,27
main,cifar10,7.1,2024,0,90,46,46,1,1,27,17,46,0
main,cifar10,7.1,2024,1,90,46,46,1,1,27,17,46,0
main,cifar10,7.1,2024,2,90,46,46,1,1,27,17,46,0
main,cifar10,7.1,2024,3,90,46,46,1,1,27,17,46,0
main,cifar10,7.1,2024,4,90,46,46,1,1,27,17,46,0
main,cifar10,7.1,2024,5,90,71,46,0,1,0,19,44,27
main,cifar10,7.1,2024,6,90,68,46,0,1,0,22,41,27
main,cifar10,7.1,2024,7,90,46,46,1,1,0,44,19,27
main,cifar10,7.1,2024,8,90,46,46,1,1,0,44,19,27
main,cifar10,7.1,2024,9,90,48,46,0,1,0,42,21,27
main,cifar10,7.1,2024,10,90,46,46,1,1,0,44,19,27
main,cifar10,7.1,2024,11,90,52,46,0,1,0,38,25,27
main,cifar10,7.1,2024,12,90,46,46,1,1,0,44,19,27
main,cifar10,7.1,2024,13,90,46,46,1,1,0,44,19,27
main,cifar10,7.1,2024,14,90,46,46,1,1,0,44,19,27
main,cifar10,7.1,2024,15,90,46,46,1,1,0,44,19,27
main,cifar10,7.1,2024,16,90,46,46,1,1,0,44,19,27
main,cifar10,7.1,2024,17,90,46,46,1,1,0,44,19,27
main,cifar10,7.1,2024,18,90,46,46,1,1,0,44,19,27
main,cifar10,7.1,2024,19,90,46,46,1,1,0,44,19,27
main,cifar10,7.1,2024,20,90,46,46,1,1,0,44,19,27
main,cifar10,7.1,2024,21,90,46,46,1,1,0,44,19,27
main,cifar10,7.1,2024,22,90,46,46,1,1,0,44,19,27
main,cifar10,7.1,2024,23,90,46,46,1,1,0,44,19,27
main,cifar10,7.1,2024,24,90,46,46,1,1,0,44,19,27
main,cifar10,7.1,2024,25,90,46,46,1,1,0,44,19,27
main,cifar10,7.1,2024,26,90,46,46,1,1,0,44,19,27
main,cifar10,7.1,2024,27,90,46,46,1,1,0,44,19,27
main,cifar10,7.1,2024,28,90,46,46,1,1,0,44,19,27
main,cifar10,7.1,2024,29,90,46,46,1,1,0,44,19,27
main,cifar10,7.2,137,0,90,64,46,0,1,0,26,37,27
main,cifar10,7.2,137,1,90,61,46,0,1,0,29,34,27
main,cifar10,7.2,137,2,90,61,46,0,1,0,29,34,27
main,cifar10,7.2,137,3,90,59,46,0,1,0,31,32,27
main,cifar10,7.2,137,4,90,64,46,0,1,0,26,37,27
main,cifar10,7.2,137,5,90,60,46,0,1,0,30,33,27
main,cifar10,7.2,137,6,90,60,46,0,1,0,30,33,27
main,cifar10,7.2,137,7,90,58,46,0,1,0,32,31,27
main,cifar10,7.2,137,8,90,60,46,0,1,0,30,33,27
main,cifar10,7.2,137,9,90,58,46,0,1,0,32,31,27
main,cifar10,7.2,137,10,90,57,46,0,1,0,33,30,27
main,cifar10,7.2,137,11,90,59,46,0,1,0,31,32,27
main,cifar10,7.2,137,12,90,55,46,0,1,0,35,28,27
main,cifar10,7.2,137,13,90,58,46,0,1,0,32,31,27
main,cifar10,7.2,137,14,90,56,46,0,1,0,34,29,27
main,cifar10,7.2,137,15,90,56,46,0,1,0,34,29,27
main,cifar10,7.2,137,16,90,56,46,0,1,0,34,29,27
main,cifar10,7.2,137,17,90,51,46,0,1,0,39,24,27
main,cifar10,7.2,137,18,90,59,46,0,1,0,31,32,27
main,cifar10,7.2,137,19,90,53,46,0,1,0,37,26,27
main,cifar10,7.2,137,20,90,51,46,0,1,0,39,24,27
main,cifar10,7.2,137,21,90,50,46,0,1,0,40,23,27
main,cifar10,7.2,137,22,90,54,46,0,1,0,36,27,27
main,cifar10,7.2,137,23,90,52,46,0,1,0,38,25,27
main,cifar10,7.2,137,24,90,55,46,0,1,0,35,28,27
main,cifar10,7.2,137,25,90,54,46,0,1,0,36,27,27
main,cifar10,7.2,137,26,90,46,46,1,1,0,44,19,27
main,cifar10,7.2,137,27,90,46,46,1,1,0,44,19,27
main,cifar10,7.2,137,28,90,48,46,0,1,0,42,21,27
main,cifar10,7.2,137,29,90,55,46,0,1,0,35,28,27
main,cifar10,7.2,2024,0,90,47,46,0,1,0,43,20,27
main,cifar10,7.2,2024,1,90,49,46,0,1,0,41,22,27
main,cifar10,7.2,2024,2,90,48,46,0,1,0,42,21,27
main,cifar10,7.2,2024,3,90,55,46,0,1,0,35,28,27
main,cifar10,7.2,2024,4,90,50,46,0,1,0,40,23,27
main,cifar10,7.2,2024,5,90,49,46,0,1,0,41,22,27
main,cifar10,7.2,2024,6,90,46,46,1,1,0,44,19,27
main,cifar10,7.2,2024,7,90,48,46,0,1,0,42,21,27
main,cifar10,7.2,2024,8,90,47,46,0,1,0,43,20,27
main,cifar10,7.2,2024,9,90,57,46,0,1,0,33,30,27
main,cifar10,7.2,2024,10,90,47,46,0,1,0,43,20,27
main,cifar10,7.2,2024,11,90,47,46,0,1,0,43,20,27
main,cifar10,7.2,2024,12,90,46,46,1,1,0,44,19,27
main,cifar10,7.2,2024,13,90,46,46,1,1,0,44,19,27
main,cifar10,7.2,2024,14,90,46,46,1,1,0,44,19,27
main,cifar10,7.2,2024,15,90,56,46,0,1,0,34,29,27
main,cifar10,7.2,2024,16,90,56,46,0,1,0,34,29,27
main,cifar10,7.2,2024,17,90,56,46,0,1,0,34,29,27
main,cifar10,7.2,2024,18,90,57,46,0,1,0,33,30,27
main,cifar10,7.2,2024,19,90,56,46,0,1,0,34,29,27
main,cifar10,7.2,2024,20,90,47,46,0,1,0,43,20,27
main,cifar10,7.2,2024,21,90,46,46,1,1,0,44,19,27
main,cifar10,7.2,2024,22,90,56,46,0,1,0,34,29,27
main,cifar10,7.2,2024,23,90,47,46,0,1,0,43,20,27
main,cifar10,7.2,2024,24,90,47,46,0,1,0,43,20,27
main,cifar10,7.2,2024,25,90,56,46,0,1,0,34,29,27
main,cifar10,7.2,2024,26,90,48,46,0,1,0,42,21,27
main,cifar10,7.2,2024,27,90,47,46,0,1,0,43,20,27
main,cifar10,7.2,2024,28,90,50,46,0,1,0,40,23,27
main,cifar10,7.2,2024,29,90,49,46,0,1,0,41,22,27
main,cifar10,7.2,42,0,90,62,46,0,1,0,28,35,27
main,cifar10,7.2,42,1,90,63,46,0,1,0,27,36,27
main,cifar10,7.2,42,2,90,58,46,0,1,0,32,31,27
main,cifar10,7.2,42,3,90,59,46,0,1,0,31,32,27
main,cifar10,7.2,42,4,90,57,46,0,1,0,33,30,27
main,cifar10,7.2,42,5,90,54,46,0,1,0,36,27,27
main,cifar10,7.2,42,6,90,58,46,0,1,0,32,31,27
main,cifar10,7.2,42,7,90,57,46,0,1,0,33,30,27
main,cifar10,7.2,42,8,90,58,46,0,1,0,32,31,27
main,cifar10,7.2,42,9,90,58,46,0,1,0,32,31,27
main,cifar10,7.2,42,10,90,54,46,0,1,0,36,27,27
main,cifar10,7.2,42,11,90,55,46,0,1,0,35,28,27
main,cifar10,7.2,42,12,90,57,46,0,1,0,33,30,27
main,cifar10,7.2,42,13,90,48,46,0,1,0,42,21,27
main,cifar10,7.2,42,14,90,57,46,0,1,0,33,30,27
main,cifar10,7.2,42,15,90,49,46,0,1,0,41,22,27
main,cifar10,7.2,42,16,90,55,46,0,1,0,35,28,27
main,cifar10,7.2,42,17,90,49,46,0,1,0,41,22,27
main,cifar10,7.2,42,18,90,54,46,0,1,0,36,27,27
main,cifar10,7.2,42,19,90,57,46,0,1,0,33,30,27
main,cifar10,7.2,42,20,90,58,46,0,1,0,32,31,27
main,cifar10,7.2,42,21,90,55,46,0,1,0,35,28,27
main,cifar10,7.2,42,22,90,53,46,0,1,0,37,26,27
main,cifar10,7.2,42,23,90,55,46,0,1,0,35,28,27
main,cifar10,7.2,42,24,90,53,46,0,1,0,37,26,27
main,cifar10,7.2,42,25,90,51,46,0,1,0,39,24,27
main,cifar10,7.2,42,26,90,57,46,0,1,0,33,30,27
main,cifar10,7.2,42,27,90,53,46,0,1,0,37,26,27
main,cifar10,7.2,42,28,90,55,46,0,1,0,35,28,27
main,cifar10,7.2,42,29,90,52,46,0,1,0,38,25,27
main,cifar10,8.1,137,0,90,47,46,0,1,13,30,33,14
main,cifar10,8.1,137,1,90,46,46,1,1,14,30,33,13
main,cifar10,8.1,137,2,90,46,46,1,1,12,32,31,15
main,cifar10,8.1,137,3,90,46,46,1,1,12,32,31,15
main,cifar10,8.1,137,4,90,47,46,0,1,13,30,33,14
main,cifar10,8.1,137,5,90,46,46,1,1,14,30,33,13
main,cifar10,8.1,137,6,90,47,46,0,1,11,32,31,16
main,cifar10,8.1,137,7,90,46,46,1,1,13,31,32,14
main,cifar10,8.1,137,8,90,46,46,1,1,13,31,32,14
main,cifar10,8.1,137,9,90,46,46,1,1,14,30,33,13
main,cifar10,8.1,137,10,90,46,46,1,1,14,30,33,13
main,cifar10,8.1,137,11,90,46,46,1,1,13,31,32,14
main,cifar10,8.1,137,12,90,46,46,1,1,13,31,32,14
main,cifar10,8.1,137,13,90,46,46,1,1,10,34,29,17
main,cifar10,8.1,137,14,90,46,46,1,1,13,31,32,14
main,cifar10,8.1,137,15,90,46,46,1,1,12,32,31,15
main,cifar10,8.1,137,16,90,46,46,1,1,14,30,33,13
main,cifar10,8.1,137,17,90,46,46,1,1,12,32,31,15
main,cifar10,8.1,137,18,90,46,46,1,1,13,31,32,14
main,cifar10,8.1,137,19,90,46,46,1,1,14,30,33,13
main,cifar10,8.1,137,20,90,46,46,1,1,11,33,30,16
main,cifar10,8.1,137,21,90,46,46,1,1,12,32,31,15
main,cifar10,8.1,137,22,90,46,46,1,1,12,32,31,15
main,cifar10,8.1,137,23,90,46,46,1,1,11,33,30,16
main,cifar10,8.1,137,24,90,46,46,1,1,12,32,31,15
main,cifar10,8.1,137,25,90,46,46,1,1,12,32,31,15
main,cifar10,8.1,137,26,90,46,46,1,1,13,31,32,14
main,cifar10,8.1,137,27,90,46,46,1,1,11,33,30,16
main,cifar10,8.1,137,28,90,46,46,1,1,11,33,30,16
main,cifar10,8.1,137,29,90,47,46,0,1,11,32,31,16
main,cifar10,8.1,2024,0,90,46,46,1,1,14,30,33,13
main,cifar10,8.1,2024,1,90,46,46,1,1,14,30,33,13
main,cifar10,8.1,2024,2,90,48,46,0,1,14,28,35,13
main,cifar10,8.1,2024,3,90,46,46,1,1,14,30,33,13
main,cifar10,8.1,2024,4,90,46,46,1,1,14,30,33,13
main,cifar10,8.1,2024,5,90,48,46,0,1,14,28,35,13
main,cifar10,8.1,2024,6,90,46,46,1,1,14,30,33,13
main,cifar10,8.1,2024,7,90,46,46,1,1,15,29,34,12
main,cifar10,8.1,2024,8,90,46,46,1,1,14,30,33,13
main,cifar10,8.1,2024,9,90,47,46,0,1,15,28,35,12
main,cifar10,8.1,2024,10,90,48,46,0,1,15,27,36,12
main,cifar10,8.1,2024,11,90,46,46,1,1,15,29,34,12
main,cifar10,8.1,2024,12,90,46,46,1,1,15,29,34,12
main,cifar10,8.1,2024,13,90,48,46,0,1,14,28,35,13
main,cifar10,8.1,2024,14,90,47,46,0,1,15,28,35,12
main,cifar10,8.1,2024,15,90,46,46,1,1,14,30,33,13
main,cifar10,8.1,2024,16,90,46,46,1,1,14,30,33,13
main,cifar10,8.1,2024,17,90,46,46,1,1,14,30,33,13
main,cifar10,8.1,2024,18,90,46,46,1,1,14,30,33,13
main,cifar10,8.1,2024,19,90,46,46,1,1,14,30,33,13
main,cifar10,8.1,2024,20,90,46,46,1,1,15,29,34,12
main,cifar10,8.1,2024,21,90,46,46,1,1,14,30,33,13
main,cifar10,8.1,2024,22,90,46,46,1,1,13,31,32,14
main,cifar10,8.1,2024,23,90,46,46,1,1,14,30,33,13
main,cifar10,8.1,2024,24,90,46,46,1,1,13,31,32,14
main,cifar10,8.1,2024,25,90,46,46,1,1,12,32,31,15
main,cifar10,8.1,2024,26,90,46,46,1,1,14,30,33,13
main,cifar10,8.1,2024,27,90,46,46,1,1,14,30,33,13
main,cifar10,8.1,2024,28,90,46,46,1,1,12,32,31,15
main,cifar10,8.1,2024,29,90,47,46,0,1,13,30,33,14
main,cifar10,8.1,42,0,90,46,46,1,1,13,31,32,14
main,cifar10,8.1,42,1,90,46,46,1,1,11,33,30,16
main,cifar10,8.1,42,2,90,47,46,0,1,12,31,32,15
main,cifar10,8.1,42,3,90,46,46,1,1,12,32,31,15
main,cifar10,8.1,42,4,90,46,46,1,1,12,32,31,15
main,cifar10,8.1,42,5,90,47,46,0,1,14,29,34,13
main,cifar10,8.1,42,6,90,46,46,1,1,12,32,31,15
main,cifar10,8.1,42,7,90,46,46,1,1,13,31,32,14
main,cifar10,8.1,42,8,90,46,46,1,1,12,32,31,15
main,cifar10,8.1,42,9,90,46,46,1,1,12,32,31,15
main,cifar10,8.1,42,10,90,46,46,1,1,12,32,31,15
main,cifar10,8.1,42,11,90,46,46,1,1,10,34,29,17
main,cifar10,8.1,42,12,90,46,46,1,1,12,32,31,15
main,cifar10,8.1,42,13,90,48,46,0,1,11,31,32,16
main,cifar10,8.1,42,14,90,46,46,1,1,12,32,31,15
main,cifar10,8.1,42,15,90,46,46,1,1,11,33,30,16
main,cifar10,8.1,42,16,90,46,46,1,1,10,34,29,17
main,cifar10,8.1,42,17,90,46,46,1,1,11,33,30,16
main,cifar10,8.1,42,18,90,46,46,1,1,10,34,29,17
main,cifar10,8.1,42,19,90,46,46,1,1,12,32,31,15
main,cifar10,8.1,42,20,90,46,46,1,1,9,35,28,18
main,cifar10,8.1,42,21,90,46,46,1,1,10,34,29,17
main,cifar10,8.1,42,22,90,46,46,1,1,11,33,30,16
main,cifar10,8.1,42,23,90,46,46,1,1,9,35,28,18
main,cifar10,8.1,42,24,90,46,46,1,1,9,35,28,18
main,cifar10,8.1,42,25,90,46,46,1,1,8,36,27,19
main,cifar10,8.1,42,26,90,46,46,1,1,12,32,31,15
main,cifar10,8.1,42,27,90,46,46,1,1,8,36,27,19
main,cifar10,8.1,42,28,90,46,46,1,1,9,35,28,18
main,cifar10,8.1,42,29,90,46,46,1,1,11,33,30,16
main,cifar10,8.2,137,0,90,46,46,1,1,14,30,33,13
main,cifar10,8.2,137,1,90,46,46,1,1,14,30,33,13
main,cifar10,8.2,137,2,90,46,46,1,1,14,30,33,13
main,cifar10,8.2,137,3,90,46,46,1,1,13,31,32,14
main,cifar10,8.2,137,4,90,51,46,0,1,13,26,37,14
main,cifar10,8.2,137,5,90,47,46,0,1,14,29,34,13
main,cifar10,8.2,137,6,90,47,46,0,1,14,29,34,13
main,cifar10,8.2,137,7,90,46,46,1,1,13,31,32,14
main,cifar10,8.2,137,8,90,49,46,0,1,13,28,35,14
main,cifar10,8.2,137,9,90,47,46,0,1,13,30,33,14
main,cifar10,8.2,137,10,90,46,46,1,1,13,31,32,14
main,cifar10,8.2,137,11,90,46,46,1,1,14,30,33,13
main,cifar10,8.2,137,12,90,48,46,0,1,13,29,34,14
main,cifar10,8.2,137,13,90,46,46,1,1,14,30,33,13
main,cifar10,8.2,137,14,90,46,46,1,1,13,31,32,14
main,cifar10,8.2,137,15,90,46,46,1,1,14,30,33,13
main,cifar10,8.2,137,16,90,46,46,1,1,14,30,33,13
main,cifar10,8.2,137,17,90,46,46,1,1,13,31,32,14
main,cifar10,8.2,137,18,90,46,46,1,1,14,30,33,13
main,cifar10,8.2,137,19,90,46,46,1,1,12,32,31,15
main,cifar10,8.2,137,20,90,46,46,1,1,13,31,32,14
main,cifar10,8.2,137,21,90,47,46,0,1,13,30,33,14
main,cifar10,8.2,137,22,90,46,46,1,1,15,29,34,12
main,cifar10,8.2,137,23,90,46,46,1,1,13,31,32,14
main,cifar10,8.2,137,24,90,46,46,1,1,13,31,32,14
main,cifar10,8.2,137,25,90,47,46,0,1,14,29,34,13
main,cifar10,8.2,137,26,90,46,46,1,1,16,28,35,11
main,cifar10,8.2,137,27,90,46,46,1,1,12,32,31,15
main,cifar10,8.2,137,28,90,46,46,1,1,14,30,33,13
main,cifar10,8.2,137,29,90,47,46,0,1,13,30,33,14
main,cifar10,8.2,2024,0,90,56,46,0,1,11,23,40,16
main,cifar10,8.2,2024,1,90,46,46,1,1,15,29,34,12
main,cifar10,8.2,2024,2,90,59,46,0,1,10,21,42,17
main,cifar10,8.2,2024,3,90,59,46,0,1,10,21,42,17
main,cifar10,8.2,2024,4,90,59,46,0,1,10,21,42,17
main,cifar10,8.2,2024,5,90,47,46,0,1,14,29,34,13
main,cifar10,8.2,2024,6,90,60,46,0,1,10,20,43,17
main,cifar10,8.2,2024,7,90,59,46,0,1,10,21,42,17
main,cifar10,8.2,2024,8,90,60,46,0,1,10,20,43,17
main,cifar10,8.2,2024,9,90,57,46,0,1,10,23,40,17
main,cifar10,8.2,2024,10,90,55,46,0,1,12,23,40,15
main,cifar10,8.2,2024,11,90,59,46,0,1,10,21,42,17
main,cifar10,8.2,2024,12,90,57,46,0,1,10,23,40,17
main,cifar10,8.2,2024,13,90,59,46,0,1,10,21,42,17
main,cifar10,8.2,2024,14,90,58,46,0,1,11,21,42,16
main,cifar10,8.2,2024,15,90,55,46,0,1,12,23,40,15
main,cifar10,8.2,2024,16,90,57,46,0,1,10,23,40,17
main,cifar10,8.2,2024,17,90,53,46,0,1,12,25,38,15
main,cifar10,8.2,2024,18,90,59,46,0,1,10,21,42,17
main,cifar10,8.2,2024,19,90,58,46,0,1,10,22,41,17
main,cifar10,8.2,2024,20,90,60,46,0,1,10,20,43,17
main,cifar10,8.2,2024,21,90,57,46,0,1,10,23,40,17
main,cifar10,8.2,2024,22,90,56,46,0,1,11,23,40,16
main,cifar10,8.2,2024,23,90,58,46,0,1,11,21,42,16
main,cifar10,8.2,2024,24,90,60,46,0,1,10,20,43,17
main,cifar10,8.2,2024,25,90,54,46,0,1,12,24,39,15
main,cifar10,8.2,2024,26,90,58,46,0,1,10,22,41,17
main,cifar10,8.2,2024,27,90,55,46,0,1,11,24,39,16
main,cifar10,8.2,2024,28,90,46,46,1,1,14,30,33,13
main,cifar10,8.2,2024,29,90,46,46,1,1,14,30,33,13
main,cifar10,8.2,42,0,90,46,46,1,1,14,30,33,13
main,cifar10,8.2,42,1,90,46,46,1,1,14,30,33,13
main,cifar10,8.2,42,2,90,46,46,1,1,14,30,33,13
main,cifar10,8.2,42,3,90,46,46,1,1,14,30,33,13
main,cifar10,8.2,42,4,90,46,46,1,1,14,30,33,13
main,cifar10,8.2,42,5,90,46,46,1,1,14,30,33,13
main,cifar10,8.2,42,6,90,46,46,1,1,14,30,33,13
main,cifar10,8.2,42,7,90,46,46,1,1,14,30,33,13
main,cifar10,8.2,42,8,90,46,46,1,1,14,30,33,13
main,cifar10,8.2,42,9,90,46,46,1,1,14,30,33,13
main,cifar10,8.2,42,10,90,46,46,1,1,14,30,33,13
main,cifar10,8.2,42,11,90,46,46,1,1,14,30,33,13
main,cifar10,8.2,42,12,90,48,46,0,1,14,28,35,13
main,cifar10,8.2,42,13,90,46,46,1,1,14,30,33,13
main,cifar10,8.2,42,14,90,46,46,1,1,14,30,33,13
main,cifar10,8.2,42,15,90,46,46,1,1,15,29,34,12
main,cifar10,8.2,42,16,90,46,46,1,1,14,30,33,13
main,cifar10,8.2,42,17,90,46,46,1,1,14,30,33,13
main,cifar10,8.2,42,18,90,46,46,1,1,14,30,33,13
main,cifar10,8.2,42,19,90,46,46,1,1,14,30,33,13
main,cifar10,8.2,42,20,90,47,46,0,1,14,29,34,13
main,cifar10,8.2,42,21,90,46,46,1,1,14,30,33,13
main,cifar10,8.2,42,22,90,46,46,1,1,14,30,33,13
main,cifar10,8.2,42,23,90,46,46,1,1,15,29,34,12
main,cifar10,8.2,42,24,90,46,46,1,1,14,30,33,13
main,cifar10,8.2,42,25,90,46,46,1,1,14,30,33,13
main,cifar10,8.2,42,26,90,46,46,1,1,14,30,33,13
main,cifar10,8.2,42,27,90,46,46,1,1,14,30,33,13
main,cifar10,8.2,42,28,90,46,46,1,1,15,29,34,12
main,cifar10,8.2,42,29,90,46,46,1,1,14,30,33,13
main,fashion_mnist,1.1,137,0,90,46,46,1,0,0,44,46,0
main,fashion_mnist,1.1,137,1,90,46,46,1,0,0,44,46,0
main,fashion_mnist,1.1,137,2,90,46,46,1,0,0,44,46,0
main,fashion_mnist,1.1,137,3,90,46,46,1,0,0,44,46,0
main,fashion_mnist,1.1,137,4,90,46,46,1,0,0,44,46,0
main,fashion_mnist,1.1,137,5,90,46,46,1,0,0,44,46,0
main,fashion_mnist,1.1,137,6,90,46,46,1,0,0,44,46,0
main,fashion_mnist,1.1,137,7,90,46,46,1,0,0,44,46,0
main,fashion_mnist,1.1,137,8,90,46,46,1,0,0,44,46,0
main,fashion_mnist,1.1,137,9,90,46,46,1,0,0,44,46,0
main,fashion_mnist,1.1,137,10,90,46,46,1,0,0,44,46,0
main,fashion_mnist,1.1,137,11,90,46,46,1,0,0,44,46,0
main,fashion_mnist,1.1,137,12,90,46,46,1,0,0,44,46,0
main,fashion_mnist,1.1,137,13,90,46,46,1,0,0,44,46,0
main,fashion_mnist,1.1,137,14,90,46,46,1,0,0,44,46,0
main,fashion_mnist,1.1,137,15,90,46,46,1,0,0,44,46,0
main,fashion_mnist,1.1,137,16,90,46,46,1,0,0,44,46,0
main,fashion_mnist,1.1,137,17,90,46,46,1,0,0,44,46,0
main,fashion_mnist,1.1,137,18,90,46,46,1,0,0,44,46,0
main,fashion_mnist,1.1,137,19,90,46,46,1,0,0,44,46,0
main,fashion_mnist,1.1,137,20,90,46,46,1,0,0,44,46,0
main,fashion_mnist,1.1,137,21,90,46,46,1,0,0,44,46,0
main,fashion_mnist,1.1,137,22,90,46,46,1,0,0,44,46,0
main,fashion_mnist,1.1,137,23,90,46,46,1,0,0,44,46,0
main,fashion_mnist,1.1,137,24,90,46,46,1,0,0,44,46,0
main,fashion_mnist,1.1,137,25,90,46,46,1,0,0,44,46,0
main,fashion_mnist,1.1,137,26,90,46,46,1,0,0,44,46,0
main,fashion_mnist,1.1,137,27,90,46,46,1,0,0,44,46,0
main,fashion_mnist,1.1,137,28,90,46,46,1,0,0,44,46,0
main,fashion_mnist,1.1,137,29,90,46,46,1,0,0,44,46,0
main,fashion_mnist,1.1,2024,0,90,46,46,1,0,0,44,46,0
main,fashion_mnist,1.1,2024,1,90,47,46,0,0,0,43,47,0
main,fashion_mnist,1.1,2024,2,90,46,46,1,0,0,44,46,0
main,fashion_mnist,1.1,2024,3,90,46,46,1,0,0,44,46,0
main,fashion_mnist,1.1,2024,4,90,46,46,1,0,0,44,46,0
main,fashion_mnist,1.1,2024,5,90,46,46,1,0,0,44,46,0
main,fashion_mnist,1.1,2024,6,90,46,46,1,0,0,44,46,0
main,fashion_mnist,1.1,2024,7,90,46,46,1,0,0,44,46,0
main,fashion_mnist,1.1,2024,8,90,46,46,1,0,0,44,46,0
main,fashion_mnist,1.1,2024,9,90,46,46,1,0,0,44,46,0
main,fashion_mnist,1.1,2024,10,90,46,46,1,0,0,44,46,0
main,fashion_mnist,1.1,2024,11,90,46,46,1,0,0,44,46,0
main,fashion_mnist,1.1,2024,12,90,46,46,1,0,0,44,46,0
main,fashion_mnist,1.1,2024,13,90,46,46,1,0,0,44,46,0
main,fashion_mnist,1.1,2024,14,90,46,46,1,0,0,44,46,0
main,fashion_mnist,1.1,2024,15,90,46,46,1,0,0,44,46,0
main,fashion_mnist,1.1,2024,16,90,46,46,1,0,0,44,46,0
main,fashion_mnist,1.1,2024,17,90,46,46,1,0,0,44,46,0
main,fashion_mnist,1.1,2024,18,90,46,46,1,0,0,44,46,0
main,fashion_mnist,1.1,2024,19,90,46,46,1,0,0,44,46,0
main,fashion_mnist,1.1,2024,20,90,46,46,1,0,0,44,46,0
main,fashion_mnist,1.1,2024,21,90,46,46,1,0,0,44,46,0
main,fashion_mnist,1.1,2024,22,90,46,46,1,0,0,44,46,0
main,fashion_mnist,1.1,2024,23,90,46,46,1,0,0,44,46,0
main,fashion_mnist,1.1,2024,24,90,46,46,1,0,0,44,46,0
main,fashion_mnist,1.1,2024,25,90,46,46,1,0,0,44,46,0
main,fashion_mnist,1.1,2024,26,90,46,46,1,0,0,44,46,0
main,fashion_mnist,1.1,2024,27,90,46,46,1,0,0,44,46,0
main,fashion_mnist,1.1,2024,28,90,46,46,1,0,0,44,46,0
main,fashion_mnist,1.1,2024,29,90,46,46,1,0,0,44,46,0
main,fashion_mnist,1.1,42,0,90,46,46,1,0,0,44,46,0
main,fashion_mnist,1.1,42,1,90,46,46,1,0,0,44,46,0
main,fashion_mnist,1.1,42,2,90,46,46,1,0,0,44,46,0
main,fashion_mnist,1.1,42,3,90,46,46,1,0,0,44,46,0
main,fashion_mnist,1.1,42,4,90,46,46,1,0,0,44,46,0
main,fashion_mnist,1.1,42,5,90,46,46,1,0,0,44,46,0
main,fashion_mnist,1.1,42,6,90,46,46,1,0,0,44,46,0
main,fashion_mnist,1.1,42,7,90,46,46,1,0,0,44,46,0
main,fashion_mnist,1.1,42,8,90,46,46,1,0,0,44,46,0
main,fashion_mnist,1.1,42,9,90,46,46,1,0,0,44,46,0
main,fashion_mnist,1.1,42,10,90,46,46,1,0,0,44,46,0
main,fashion_mnist,1.1,42,11,90,46,46,1,0,0,44,46,0
main,fashion_mnist,1.1,42,12,90,46,46,1,0,0,44,46,0
main,fashion_mnist,1.1,42,13,90,46,46,1,0,0,44,46,0
main,fashion_mnist,1.1,42,14,90,46,46,1,0,0,44,46,0
main,fashion_mnist,1.1,42,15,90,46,46,1,0,0,44,46,0
main,fashion_mnist,1.1,42,16,90,46,46,1,0,0,44,46,0
main,fashion_mnist,1.1,42,17,90,46,46,1,0,0,44,46,0
main,fashion_mnist,1.1,42,18,90,46,46,1,0,0,44,46,0
main,fashion_mnist,1.1,42,19,90,46,46,1,0,0,44,46,0
main,fashion_mnist,1.1,42,20,90,46,46,1,0,0,44,46,0
main,fashion_mnist,1.1,42,21,90,46,46,1,0,0,44,46,0
main,fashion_mnist,1.1,42,22,90,46,46,1,0,0,44,46,0
main,fashion_mnist,1.1,42,23,90,46,46,1,0,0,44,46,0
main,fashion_mnist,1.1,42,24,90,46,46,1,0,0,44,46,0
main,fashion_mnist,1.1,42,25,90,46,46,1,0,0,44,46,0
main,fashion_mnist,1.1,42,26,90,46,46,1,0,0,44,46,0
main,fashion_mnist,1.1,42,27,90,46,46,1,0,0,44,46,0
main,fashion_mnist,1.1,42,28,90,46,46,1,0,0,44,46,0
main,fashion_mnist,1.1,42,29,90,46,46,1,0,0,44,46,0
main,fashion_mnist,1.2,137,0,90,46,46,1,1,18,26,46,0
main,fashion_mnist,1.2,137,1,90,46,46,1,1,18,26,46,0
main,fashion_mnist,1.2,137,2,90,46,46,1,1,18,26,46,0
main,fashion_mnist,1.2,137,3,90,46,46,1,1,18,26,46,0
main,fashion_mnist,1.2,137,4,90,46,46,1,1,18,26,46,0
main,fashion_mnist,1.2,137,5,90,46,46,1,1,18,26,46,0
main,fashion_mnist,1.2,137,6,90,46,46,1,1,18,26,46,0
main,fashion_mnist,1.2,137,7,90,46,46,1,1,18,26,46,0
main,fashion_mnist,1.2,137,8,90,46,46,1,1,18,26,46,0
main,fashion_mnist,1.2,137,9,90,46,46,1,1,18,26,46,0
main,fashion_mnist,1.2,137,10,90,46,46,1,1,18,26,46,0
main,fashion_mnist,1.2,137,11,90,46,46,1,1,18,26,46,0
main,fashion_mnist,1.2,137,12,90,46,46,1,1,18,26,46,0
main,fashion_mnist,1.2,137,13,90,46,46,1,1,18,26,46,0
main,fashion_mnist,1.2,137,14,90,46,46,1,1,18,26,46,0
main,fashion_mnist,1.2,137,15,90,46,46,1,1,18,26,46,0
main,fashion_mnist,1.2,137,16,90,46,46,1,1,18,26,46,0
main,fashion_mnist,1.2,137,17,90,46,46,1,1,18,26,46,0
main,fashion_mnist,1.2,137,18,90,46,46,1,1,18,26,46,0
main,fashion_mnist,1.2,137,19,90,46,46,1,1,18,26,46,0
main,fashion_mnist,1.2,137,20,90,46,46,1,1,18,26,46,0
main,fashion_mnist,1.2,137,21,90,46,46,1,1,18,26,46,0
main,fashion_mnist,1.2,137,22,90,46,46,1,1,18,26,46,0
main,fashion_mnist,1.2,137,23,90,46,46,1,1,18,26,46,0
main,fashion_mnist,1.2,137,24,90,46,46,1,1,18,26,46,0
main,fashion_mnist,1.2,137,25,90,46,46,1,1,18,26,46,0
main,fashion_mnist,1.2,137,26,90,46,46,1,1,18,26,46,0
main,fashion_mnist,1.2,137,27,90,46,46,1,1,18,26,46,0
main,fashion_mnist,1.2,137,28,90,46,46,1,1,18,26,46,0
main,fashion_mnist,1.2,137,29,90,46,46,1,1,18,26,46,0
main,fashion_mnist,1.2,2024,0,90,46,46,1,1,18,26,46,0
main,fashion_mnist,1.2,2024,1,90,46,46,1,1,18,26,46,0
main,fashion_mnist,1.2,2024,2,90,46,46,1,1,18,26,46,0
main,fashion_mnist,1.2,2024,3,90,46,46,1,1,18,26,46,0
main,fashion_mnist,1.2,2024,4,90,46,46,1,1,18,26,46,0
main,fashion_mnist,1.2,2024,5,90,46,46,1,1,18,26,46,0
main,fashion_mnist,1.2,2024,6,90,46,46,1,1,18,26,46,0
main,fashion_mnist,1.2,2024,7,90,46,46,1,1,18,26,46,0
main,fashion_mnist,1.2,2024,8,90,46,46,1,1,18,26,46,0
main,fashion_mnist,1.2,2024,9,90,46,46,1,1,18,26,46,0
main,fashion_mnist,1.2,2024,10,90,46,46,1,1,18,26,46,0
main,fashion_mnist,1.2,2024,11,90,46,46,1,1,18,26,46,0
main,fashion_mnist,1.2,2024,12,90,46,46,1,1,18,26,46,0
main,fashion_mnist,1.2,2024,13,90,46,46,1,1,18,26,46,0
main,fashion_mnist,1.2,2024,14,90,46,46,1,1,18,26,46,0
main,fashion_mnist,1.2,2024,15,90,46,46,1,1,18,26,46,0
main,fashion_mnist,1.2,2024,16,90,46,46,1,1,18,26,46,0
main,fashion_mnist,1.2,2024,17,90,46,46,1,1,18,26,46,0
main,fashion_mnist,1.2,2024,18,90,46,46,1,1,18,26,46,0
main,fashion_mnist,1.2,2024,19,90,46,46,1,1,18,26,46,0
main,fashion_mnist,1.2,2024,20,90,46,46,1,1,18,26,46,0
main,fashion_mnist,1.2,2024,21,90,46,46,1,1,18,26,46,0
main,fashion_mnist,1.2,2024,22,90,46,46,1,1,18,26,46,0
main,fashion_mnist,1.2,2024,23,90,46,46,1,1,18,26,46,0
main,fashion_mnist,1.2,2024,24,90,46,46,1,1,18,26,46,0
main,fashion_mnist,1.2,2024,25,90,46,46,1,1,18,26,46,0
main,fashion_mnist,1.2,2024,26,90,46,46,1,1,18,26,46,0
main,fashion_mnist,1.2,2024,27,90,46,46,1,1,18,26,46,0
main,fashion_mnist,1.2,2024,28,90,46,46,1,1,18,26,46,0
main,fashion_mnist,1.2,2024,29,90,46,46,1,1,18,26,46,0
main,fashion_mnist,1.2,42,0,90,46,46,1,1,18,26,46,0
main,fashion_mnist,1.2,42,1,90,46,46,1,1,18,26,46,0
main,fashion_mnist,1.2,42,2,90,46,46,1,1,18,26,46,0
main,fashion_mnist,1.2,42,3,90,46,46,1,1,18,26,46,0
main,fashion_mnist,1.2,42,4,90,46,46,1,1,18,26,46,0
main,fashion_mnist,1.2,42,5,90,46,46,1,1,18,26,46,0
main,fashion_mnist,1.2,42,6,90,46,46,1,1,18,26,46,0
main,fashion_mnist,1.2,42,7,90,46,46,1,1,18,26,46,0
main,fashion_mnist,1.2,42,8,90,46,46,1,1,18,26,46,0
main,fashion_mnist,1.2,42,9,90,46,46,1,1,18,26,46,0
main,fashion_mnist,1.2,42,10,90,46,46,1,1,18,26,46,0
main,fashion_mnist,1.2,42,11,90,46,46,1,1,18,26,46,0
main,fashion_mnist,1.2,42,12,90,46,46,1,1,18,26,46,0
main,fashion_mnist,1.2,42,13,90,46,46,1,1,18,26,46,0
main,fashion_mnist,1.2,42,14,90,46,46,1,1,18,26,46,0
main,fashion_mnist,1.2,42,15,90,46,46,1,1,18,26,46,0
main,fashion_mnist,1.2,42,16,90,46,46,1,1,18,26,46,0
main,fashion_mnist,1.2,42,17,90,46,46,1,1,18,26,46,0
main,fashion_mnist,1.2,42,18,90,46,46,1,1,18,26,46,0
main,fashion_mnist,1.2,42,19,90,46,46,1,1,18,26,46,0
main,fashion_mnist,1.2,42,20,90,46,46,1,1,18,26,46,0
main,fashion_mnist,1.2,42,21,90,46,46,1,1,18,26,46,0
main,fashion_mnist,1.2,42,22,90,46,46,1,1,18,26,46,0
main,fashion_mnist,1.2,42,23,90,46,46,1,1,18,26,46,0
main,fashion_mnist,1.2,42,24,90,46,46,1,1,18,26,46,0
main,fashion_mnist,1.2,42,25,90,46,46,1,1,18,26,46,0
main,fashion_mnist,1.2,42,26,90,46,46,1,1,18,26,46,0
main,fashion_mnist,1.2,42,27,90,46,46,1,1,18,26,46,0
main,fashion_mnist,1.2,42,28,90,46,46,1,1,18,26,46,0
main,fashion_mnist,1.2,42,29,90,46,46,1,1,18,26,46,0
main,fashion_mnist,1.3,137,0,90,46,46,1,1,16,28,44,2
main,fashion_mnist,1.3,137,1,90,46,46,1,1,18,26,46,0
main,fashion_mnist,1.3,137,2,90,46,46,1,1,18,26,46,0
main,fashion_mnist,1.3,137,3,90,46,46,1,1,18,26,46,0
main,fashion_mnist,1.3,137,4,90,46,46,1,1,18,26,46,0
main,fashion_mnist,1.3,137,5,90,46,46,1,1,18,26,46,0
main,fashion_mnist,1.3,137,6,90,46,46,1,1,18,26,46,0
main,fashion_mnist,1.3,137,7,90,46,46,1,1,18,26,46,0
main,fashion_mnist,1.3,137,8,90,46,46,1,1,18,26,46,0
main,fashion_mnist,1.3,137,9,90,46,46,1,1,18,26,46,0
main,fashion_mnist,1.3,137,10,90,46,46,1,1,18,26,46,0
main,fashion_mnist,1.3,137,11,90,46,46,1,1,18,26,46,0
main,fashion_mnist,1.3,137,12,90,46,46,1,1,18,26,46,0
main,fashion_mnist,1.3,137,13,90,46,46,1,1,18,26,46,0
main,fashion_mnist,1.3,137,14,90,46,46,1,1,18,26,46,0
main,fashion_mnist,1.3,137,15,90,46,46,1,1,18,26,46,0
main,fashion_mnist,1.3,137,16,90,46,46,1,1,18,26,46,0
main,fashion_mnist,1.3,137,17,90,46,46,1,1,18,26,46,0
main,fashion_mnist,1.3,137,18,90,46,46,1,1,18,26,46,0
main,fashion_mnist,1.3,137,19,90,46,46,1,1,18,26,46,0
main,fashion_mnist,1.3,137,20,90,46,46,1,1,18,26,46,0
main,fashion_mnist,1.3,137,21,90,46,46,1,1,18,26,46,0
main,fashion_mnist,1.3,137,22,90,46,46,1,1,18,26,46,0
main,fashion_mnist,1.3,137,23,90,46,46,1,1,18,26,46,0
main,fashion_mnist,1.3,137,24,90,46,46,1,1,18,26,46,0
main,fashion_mnist,1.3,137,25,90,46,46,1,1,18,26,46,0
main,fashion_mnist,1.3,137,26,90,46,46,1,1,18,26,46,0
main,fashion_mnist,1.3,137,27,90,46,46,1,1,18,26,46,0
main,fashion_mnist,1.3,137,28,90,46,46,1,1,18,26,46,0
main,fashion_mnist,1.3,137,29,90,46,46,1,1,18,26,46,0
main,fashion_mnist,1.3,2024,0,90,46,46,1,1,18,26,46,0
main,fashion_mnist,1.3,2024,1,90,46,46,1,1,18,26,46,0
main,fashion_mnist,1.3,2024,2,90,46,46,1,1,18,26,46,0
main,fashion_mnist,1.3,2024,3,90,46,46,1,1,18,26,46,0
main,fashion_mnist,1.3,2024,4,90,46,46,1,1,18,26,46,0
main,fashion_mnist,1.3,2024,5,90,46,46,1,1,18,26,46,0
main,fashion_mnist,1.3,2024,6,90,46,46,1,1,18,26,46,0
main,fashion_mnist,1.3,2024,7,90,46,46,1,1,18,26,46,0
main,fashion_mnist,1.3,2024,8,90,46,46,1,1,18,26,46,0
main,fashion_mnist,1.3,2024,9,90,46,46,1,1,18,26,46,0
main,fashion_mnist,1.3,2024,10,90,46,46,1,1,18,26,46,0
main,fashion_mnist,1.3,2024,11,90,46,46,1,1,18,26,46,0
main,fashion_mnist,1.3,2024,12,90,46,46,1,1,18,26,46,0
main,fashion_mnist,1.3,2024,13,90,46,46,1,1,18,26,46,0
main,fashion_mnist,1.3,2024,14,90,46,46,1,1,18,26,46,0
main,fashion_mnist,1.3,2024,15,90,46,46,1,1,18,26,46,0
main,fashion_mnist,1.3,2024,16,90,46,46,1,1,18,26,46,0
main,fashion_mnist,1.3,2024,17,90,46,46,1,1,18,26,46,0
main,fashion_mnist,1.3,2024,18,90,46,46,1,1,18,26,46,0
main,fashion_mnist,1.3,2024,19,90,46,46,1,1,18,26,46,0
main,fashion_mnist,1.3,2024,20,90,46,46,1,1,18,26,46,0
main,fashion_mnist,1.3,2024,21,90,46,46,1,1,18,26,46,0
main,fashion_mnist,1.3,2024,22,90,46,46,1,1,18,26,46,0
main,fashion_mnist,1.3,2024,23,90,46,46,1,1,18,26,46,0
main,fashion_mnist,1.3,2024,24,90,46,46,1,1,18,26,46,0
main,fashion_mnist,1.3,2024,25,90,46,46,1,1,18,26,46,0
main,fashion_mnist,1.3,2024,26,90,46,46,1,1,18,26,46,0
main,fashion_mnist,1.3,2024,27,90,46,46,1,1,18,26,46,0
main,fashion_mnist,1.3,2024,28,90,46,46,1,1,18,26,46,0
main,fashion_mnist,1.3,2024,29,90,46,46,1,1,18,26,46,0
main,fashion_mnist,1.3,42,0,90,47,46,0,1,9,34,38,9
main,fashion_mnist,1.3,42,1,90,46,46,1,1,18,26,46,0
main,fashion_mnist,1.3,42,2,90,46,46,1,1,18,26,46,0
main,fashion_mnist,1.3,42,3,90,46,46,1,1,18,26,46,0
main,fashion_mnist,1.3,42,4,90,46,46,1,1,18,26,46,0
main,fashion_mnist,1.3,42,5,90,46,46,1,1,18,26,46,0
main,fashion_mnist,1.3,42,6,90,46,46,1,1,18,26,46,0
main,fashion_mnist,1.3,42,7,90,46,46,1,1,18,26,46,0
main,fashion_mnist,1.3,42,8,90,46,46,1,1,18,26,46,0
main,fashion_mnist,1.3,42,9,90,46,46,1,1,18,26,46,0
main,fashion_mnist,1.3,42,10,90,46,46,1,1,18,26,46,0
main,fashion_mnist,1.3,42,11,90,46,46,1,1,18,26,46,0
main,fashion_mnist,1.3,42,12,90,46,46,1,1,18,26,46,0
main,fashion_mnist,1.3,42,13,90,46,46,1,1,18,26,46,0
main,fashion_mnist,1.3,42,14,90,46,46,1,1,18,26,46,0
main,fashion_mnist,1.3,42,15,90,46,46,1,1,18,26,46,0
main,fashion_mnist,1.3,42,16,90,46,46,1,1,18,26,46,0
main,fashion_mnist,1.3,42,17,90,46,46,1,1,18,26,46,0
main,fashion_mnist,1.3,42,18,90,46,46,1,1,18,26,46,0
main,fashion_mnist,1.3,42,19,90,46,46,1,1,18,26,46,0
main,fashion_mnist,1.3,42,20,90,46,46,1,1,18,26,46,0
main,fashion_mnist,1.3,42,21,90,46,46,1,1,18,26,46,0
main,fashion_mnist,1.3,42,22,90,46,46,1,1,18,26,46,0
main,fashion_mnist,1.3,42,23,90,46,46,1,1,18,26,46,0
main,fashion_mnist,1.3,42,24,90,46,46,1,1,18,26,46,0
main,fashion_mnist,1.3,42,25,90,46,46,1,1,18,26,46,0
main,fashion_mnist,1.3,42,26,90,46,46,1,1,18,26,46,0
main,fashion_mnist,1.3,42,27,90,46,46,1,1,18,26,46,0
main,fashion_mnist,1.3,42,28,90,46,46,1,1,18,26,46,0
main,fashion_mnist,1.3,42,29,90,46,46,1,1,18,26,46,0
main,fashion_mnist,2.1,137,0,90,46,46,1,1,18,26,46,0
main,fashion_mnist,2.1,137,1,90,46,46,1,1,18,26,46,0
main,fashion_mnist,2.1,137,2,90,46,46,1,1,18,26,46,0
main,fashion_mnist,2.1,137,3,90,46,46,1,1,18,26,46,0
main,fashion_mnist,2.1,137,4,90,46,46,1,1,18,26,46,0
main,fashion_mnist,2.1,137,5,90,46,46,1,1,18,26,46,0
main,fashion_mnist,2.1,137,6,90,46,46,1,1,18,26,46,0
main,fashion_mnist,2.1,137,7,90,46,46,1,1,18,26,46,0
main,fashion_mnist,2.1,137,8,90,46,46,1,1,18,26,46,0
main,fashion_mnist,2.1,137,9,90,46,46,1,1,18,26,46,0
main,fashion_mnist,2.1,137,10,90,46,46,1,1,18,26,46,0
main,fashion_mnist,2.1,137,11,90,46,46,1,1,18,26,46,0
main,fashion_mnist,2.1,137,12,90,46,46,1,1,18,26,46,0
main,fashion_mnist,2.1,137,13,90,46,46,1,1,18,26,46,0
main,fashion_mnist,2.1,137,14,90,46,46,1,1,18,26,46,0
main,fashion_mnist,2.1,137,15,90,46,46,1,1,18,26,46,0
main,fashion_mnist,2.1,137,16,90,46,46,1,1,18,26,46,0
main,fashion_mnist,2.1,137,17,90,46,46,1,1,18,26,46,0
main,fashion_mnist,2.1,137,18,90,46,46,1,1,18,26,46,0
main,fashion_mnist,2.1,137,19,90,46,46,1,1,18,26,46,0
main,fashion_mnist,2.1,137,20,90,46,46,1,1,18,26,46,0
main,fashion_mnist,2.1,137,21,90,46,46,1,1,18,26,46,0
main,fashion_mnist,2.1,137,22,90,46,46,1,1,18,26,46,0
main,fashion_mnist,2.1,137,23,90,46,46,1,1,18,26,46,0
main,fashion_mnist,2.1,137,24,90,46,46,1,1,18,26,46,0
main,fashion_mnist,2.1,137,25,90,47,46,0,1,18,25,47,0
main,fashion_mnist,2.1,137,26,90,46,46,1,1,18,26,46,0
main,fashion_mnist,2.1,137,27,90,47,46,0,1,18,25,47,0
main,fashion_mnist,2.1,137,28,90,46,46,1,1,18,26,46,0
main,fashion_mnist,2.1,137,29,90,46,46,1,1,18,26,46,0
main,fashion_mnist,2.1,2024,0,90,46,46,1,1,18,26,46,0
main,fashion_mnist,2.1,2024,1,90,46,46,1,1,18,26,46,0
main,fashion_mnist,2.1,2024,2,90,46,46,1,1,18,26,46,0
main,fashion_mnist,2.1,2024,3,90,46,46,1,1,18,26,46,0
main,fashion_mnist,2.1,2024,4,90,46,46,1,1,18,26,46,0
main,fashion_mnist,2.1,2024,5,90,46,46,1,1,18,26,46,0
main,fashion_mnist,2.1,2024,6,90,46,46,1,1,18,26,46,0
main,fashion_mnist,2.1,2024,7,90,46,46,1,1,18,26,46,0
main,fashion_mnist,2.1,2024,8,90,46,46,1,1,18,26,46,0
main,fashion_mnist,2.1,2024,9,90,46,46,1,1,18,26,46,0
main,fashion_mnist,2.1,2024,10,90,46,46,1,1,18,26,46,0
main,fashion_mnist,2.1,2024,11,90,46,46,1,1,18,26,46,0
main,fashion_mnist,2.1,2024,12,90,46,46,1,1,18,26,46,0
main,fashion_mnist,2.1,2024,13,90,46,46,1,1,18,26,46,0
main,fashion_mnist,2.1,2024,14,90,46,46,1,1,18,26,46,0
main,fashion_mnist,2.1,2024,15,90,46,46,1,1,18,26,46,0
main,fashion_mnist,2.1,2024,16,90,46,46,1,1,18,26,46,0
main,fashion_mnist,2.1,2024,17,90,46,46,1,1,18,26,46,0
main,fashion_mnist,2.1,2024,18,90,46,46,1,1,18,26,46,0
main,fashion_mnist,2.1,2024,19,90,46,46,1,1,18,26,46,0
main,fashion_mnist,2.1,2024,20,90,46,46,1,1,18,26,46,0
main,fashion_mnist,2.1,2024,21,90,46,46,1,1,18,26,46,0
main,fashion_mnist,2.1,2024,22,90,46,46,1,1,18,26,46,0
main,fashion_mnist,2.1,2024,23,90,46,46,1,1,18,26,46,0
main,fashion_mnist,2.1,2024,24,90,46,46,1,1,18,26,46,0
main,fashion_mnist,2.1,2024,25,90,48,46,0,1,18,24,48,0
main,fashion_mnist,2.1,2024,26,90,46,46,1,1,18,26,46,0
main,fashion_mnist,2.1,2024,27,90,46,46,1,1,18,26,46,0
main,fashion_mnist,2.1,2024,28,90,46,46,1,1,18,26,46,0
main,fashion_mnist,2.1,2024,29,90,46,46,1,1,18,26,46,0
main,fashion_mnist,2.1,42,0,90,46,46,1,1,18,26,46,0
main,fashion_mnist,2.1,42,1,90,46,46,1,1,18,26,46,0
main,fashion_mnist,2.1,42,2,90,46,46,1,1,18,26,46,0
main,fashion_mnist,2.1,42,3,90,46,46,1,1,18,26,46,0
main,fashion_mnist,2.1,42,4,90,46,46,1,1,18,26,46,0
main,fashion_mnist,2.1,42,5,90,46,46,1,1,18,26,46,0
main,fashion_mnist,2.1,42,6,90,46,46,1,1,18,26,46,0
main,fashion_mnist,2.1,42,7,90,46,46,1,1,18,26,46,0
main,fashion_mnist,2.1,42,8,90,46,46,1,1,18,26,46,0
main,fashion_mnist,2.1,42,9,90,46,46,1,1,18,26,46,0
main,fashion_mnist,2.1,42,10,90,46,46,1,1,18,26,46,0
main,fashion_mnist,2.1,42,11,90,46,46,1,1,18,26,46,0
main,fashion_mnist,2.1,42,12,90,46,46,1,1,18,26,46,0
main,fashion_mnist,2.1,42,13,90,46,46,1,1,18,26,46,0
main,fashion_mnist,2.1,42,14,90,46,46,1,1,18,26,46,0
main,fashion_mnist,2.1,42,15,90,46,46,1,1,18,26,46,0
main,fashion_mnist,2.1,42,16,90,46,46,1,1,18,26,46,0
main,fashion_mnist,2.1,42,17,90,46,46,1,1,18,26,46,0
main,fashion_mnist,2.1,42,18,90,46,46,1,1,18,26,46,0
main,fashion_mnist,2.1,42,19,90,46,46,1,1,18,26,46,0
main,fashion_mnist,2.1,42,20,90,46,46,1,1,18,26,46,0
main,fashion_mnist,2.1,42,21,90,46,46,1,1,18,26,46,0
main,fashion_mnist,2.1,42,22,90,46,46,1,1,18,26,46,0
main,fashion_mnist,2.1,42,23,90,46,46,1,1,18,26,46,0
main,fashion_mnist,2.1,42,24,90,46,46,1,1,18,26,46,0
main,fashion_mnist,2.1,42,25,90,46,46,1,1,18,26,46,0
main,fashion_mnist,2.1,42,26,90,46,46,1,1,18,26,46,0
main,fashion_mnist,2.1,42,27,90,46,46,1,1,18,26,46,0
main,fashion_mnist,2.1,42,28,90,46,46,1,1,18,26,46,0
main,fashion_mnist,2.1,42,29,90,46,46,1,1,18,26,46,0
main,fashion_mnist,2.2,137,0,90,47,46,0,1,12,31,41,6
main,fashion_mnist,2.2,137,1,90,47,46,0,1,14,29,43,4
main,fashion_mnist,2.2,137,2,90,46,46,1,1,14,30,42,4
main,fashion_mnist,2.2,137,3,90,46,46,1,1,16,28,44,2
main,fashion_mnist,2.2,137,4,90,47,46,0,1,16,27,45,2
main,fashion_mnist,2.2,137,5,90,46,46,1,1,16,28,44,2
main,fashion_mnist,2.2,137,6,90,46,46,1,1,17,27,45,1
main,fashion_mnist,2.2,137,7,90,46,46,1,1,17,27,45,1
main,fashion_mnist,2.2,137,8,90,46,46,1,1,17,27,45,1
main,fashion_mnist,2.2,137,9,90,46,46,1,1,17,27,45,1
main,fashion_mnist,2.2,137,10,90,46,46,1,1,17,27,45,1
main,fashion_mnist,2.2,137,11,90,46,46,1,1,17,27,45,1
main,fashion_mnist,2.2,137,12,90,46,46,1,1,17,27,45,1
main,fashion_mnist,2.2,137,13,90,46,46,1,1,17,27,45,1
main,fashion_mnist,2.2,137,14,90,46,46,1,1,17,27,45,1
main,fashion_mnist,2.2,137,15,90,46,46,1,1,17,27,45,1
main,fashion_mnist,2.2,137,16,90,47,46,0,1,17,26,46,1
main,fashion_mnist,2.2,137,17,90,46,46,1,1,17,27,45,1
main,fashion_mnist,2.2,137,18,90,46,46,1,1,17,27,45,1
main,fashion_mnist,2.2,137,19,90,46,46,1,1,17,27,45,1
main,fashion_mnist,2.2,137,20,90,46,46,1,1,17,27,45,1
main,fashion_mnist,2.2,137,21,90,47,46,0,1,17,26,46,1
main,fashion_mnist,2.2,137,22,90,46,46,1,1,17,27,45,1
main,fashion_mnist,2.2,137,23,90,48,46,0,1,17,25,47,1
main,fashion_mnist,2.2,137,24,90,47,46,0,1,17,26,46,1
main,fashion_mnist,2.2,137,25,90,46,46,1,1,17,27,45,1
main,fashion_mnist,2.2,137,26,90,47,46,0,1,17,26,46,1
main,fashion_mnist,2.2,137,27,90,46,46,1,1,17,27,45,1
main,fashion_mnist,2.2,137,28,90,46,46,1,1,17,27,45,1
main,fashion_mnist,2.2,137,29,90,46,46,1,1,17,27,45,1
main,fashion_mnist,2.2,2024,0,90,46,46,1,1,8,36,36,10
main,fashion_mnist,2.2,2024,1,90,46,46,1,1,12,32,40,6
main,fashion_mnist,2.2,2024,2,90,46,46,1,1,16,28,44,2
main,fashion_mnist,2.2,2024,3,90,47,46,0,1,16,27,45,2
main,fashion_mnist,2.2,2024,4,90,46,46,1,1,17,27,45,1
main,fashion_mnist,2.2,2024,5,90,46,46,1,1,17,27,45,1
main,fashion_mnist,2.2,2024,6,90,46,46,1,1,17,27,45,1
main,fashion_mnist,2.2,2024,7,90,46,46,1,1,17,27,45,1
main,fashion_mnist,2.2,2024,8,90,46,46,1,1,17,27,45,1
main,fashion_mnist,2.2,2024,9,90,46,46,1,1,17,27,45,1
main,fashion_mnist,2.2,2024,10,90,46,46,1,1,17,27,45,1
main,fashion_mnist,2.2,2024,11,90,46,46,1,1,17,27,45,1
main,fashion_mnist,2.2,2024,12,90,46,46,1,1,17,27,45,1
main,fashion_mnist,2.2,2024,13,90,46,46,1,1,17,27,45,1
main,fashion_mnist,2.2,2024,14,90,46,46,1,1,17,27,45,1
main,fashion_mnist,2.2,2024,15,90,46,46,1,1,17,27,45,1
main,fashion_mnist,2.2,2024,16,90,46,46,1,1,17,27,45,1
main,fashion_mnist,2.2,2024,17,90,46,46,1,1,17,27,45,1
main,fashion_mnist,2.2,2024,18,90,46,46,1,1,17,27,45,1
main,fashion_mnist,2.2,2024,19,90,46,46,1,1,17,27,45,1
main,fashion_mnist,2.2,2024,20,90,46,46,1,1,17,27,45,1
main,fashion_mnist,2.2,2024,21,90,46,46,1,1,18,26,46,0
main,fashion_mnist,2.2,2024,22,90,46,46,1,1,17,27,45,1
main,fashion_mnist,2.2,2024,23,90,46,46,1,1,17,27,45,1
main,fashion_mnist,2.2,2024,24,90,46,46,1,1,17,27,45,1
main,fashion_mnist,2.2,2024,25,90,46,46,1,1,17,27,45,1
main,fashion_mnist,2.2,2024,26,90,46,46,1,1,17,27,45,1
main,fashion_mnist,2.2,2024,27,90,46,46,1,1,17,27,45,1
main,fashion_mnist,2.2,2024,28,90,46,46,1,1,17,27,45,1
main,fashion_mnist,2.2,2024,29,90,47,46,0,1,17,26,46,1
main,fashion_mnist,2.2,42,0,90,47,46,0,1,15,28,44,3
main,fashion_mnist,2.2,42,1,90,46,46,1,1,18,26,46,0
main,fashion_mnist,2.2,42,2,90,46,46,1,1,18,26,46,0
main,fashion_mnist,2.2,42,3,90,46,46,1,1,18,26,46,0
main,fashion_mnist,2.2,42,4,90,46,46,1,1,18,26,46,0
main,fashion_mnist,2.2,42,5,90,46,46,1,1,18,26,46,0
main,fashion_mnist,2.2,42,6,90,46,46,1,1,18,26,46,0
main,fashion_mnist,2.2,42,7,90,46,46,1,1,18,26,46,0
main,fashion_mnist,2.2,42,8,90,46,46,1,1,18,26,46,0
main,fashion_mnist,2.2,42,9,90,47,46,0,1,18,25,47,0
main,fashion_mnist,2.2,42,10,90,46,46,1,1,18,26,46,0
main,fashion_mnist,2.2,42,11,90,46,46,1,1,18,26,46,0
main,fashion_mnist,2.2,42,12,90,46,46,1,1,18,26,46,0
main,fashion_mnist,2.2,42,13,90,46,46,1,1,18,26,46,0
main,fashion_mnist,2.2,42,14,90,46,46,1,1,18,26,46,0
main,fashion_mnist,2.2,42,15,90,46,46,1,1,18,26,46,0
main,fashion_mnist,2.2,42,16,90,46,46,1,1,18,26,46,0
main,fashion_mnist,2.2,42,17,90,46,46,1,1,18,26,46,0
main,fashion_mnist,2.2,42,18,90,46,46,1,1,18,26,46,0
main,fashion_mnist,2.2,42,19,90,46,46,1,1,18,26,46,0
main,fashion_mnist,2.2,42,20,90,46,46,1,1,18,26,46,0
main,fashion_mnist,2.2,42,21,90,46,46,1,1,18,26,46,0
main,fashion_mnist,2.2,42,22,90,46,46,1,1,18,26,46,0
main,fashion_mnist,2.2,42,23,90,46,46,1,1,18,26,46,0
main,fashion_mnist,2.2,42,24,90,46,46,1,1,18,26,46,0
main,fashion_mnist,2.2,42,25,90,46,46,1,1,18,26,46,0
main,fashion_mnist,2.2,42,26,90,46,46,1,1,18,26,46,0
main,fashion_mnist,2.2,42,27,90,46,46,1,1,18,26,46,0
main,fashion_mnist,2.2,42,28,90,46,46,1,1,18,26,46,0
main,fashion_mnist,2.2,42,29,90,46,46,1,1,18,26,46,0
main,fashion_mnist,2.3,137,0,90,46,46,1,1,27,17,46,0
main,fashion_mnist,2.3,137,1,90,47,46,0,1,27,16,47,0
main,fashion_mnist,2.3,137,2,90,46,46,1,1,27,17,46,0
main,fashion_mnist,2.3,137,3,90,46,46,1,1,27,17,46,0
main,fashion_mnist,2.3,137,4,90,46,46,1,1,27,17,46,0
main,fashion_mnist,2.3,137,5,90,46,46,1,1,27,17,46,0
main,fashion_mnist,2.3,137,6,90,46,46,1,1,27,17,46,0
main,fashion_mnist,2.3,137,7,90,46,46,1,1,27,17,46,0
main,fashion_mnist,2.3,137,8,90,46,46,1,1,27,17,46,0
main,fashion_mnist,2.3,137,9,90,46,46,1,1,27,17,46,0
main,fashion_mnist,2.3,137,10,90,46,46,1,1,27,17,46,0
main,fashion_mnist,2.3,137,11,90,46,46,1,1,27,17,46,0
main,fashion_mnist,2.3,137,12,90,46,46,1,1,27,17,46,0
main,fashion_mnist,2.3,137,13,90,46,46,1,1,27,17,46,0
main,fashion_mnist,2.3,137,14,90,46,46,1,1,27,17,46,0
main,fashion_mnist,2.3,137,15,90,46,46,1,1,27,17,46,0
main,fashion_mnist,2.3,137,16,90,46,46,1,1,27,17,46,0
main,fashion_mnist,2.3,137,17,90,46,46,1,1,27,17,46,0
main,fashion_mnist,2.3,137,18,90,46,46,1,1,27,17,46,0
main,fashion_mnist,2.3,137,19,90,46,46,1,1,27,17,46,0
main,fashion_mnist,2.3,137,20,90,46,46,1,1,27,17,46,0
main,fashion_mnist,2.3,137,21,90,46,46,1,1,27,17,46,0
main,fashion_mnist,2.3,137,22,90,46,46,1,1,27,17,46,0
main,fashion_mnist,2.3,137,23,90,46,46,1,1,27,17,46,0
main,fashion_mnist,2.3,137,24,90,46,46,1,1,27,17,46,0
main,fashion_mnist,2.3,137,25,90,46,46,1,1,27,17,46,0
main,fashion_mnist,2.3,137,26,90,46,46,1,1,27,17,46,0
main,fashion_mnist,2.3,137,27,90,46,46,1,1,27,17,46,0
main,fashion_mnist,2.3,137,28,90,46,46,1,1,27,17,46,0
main,fashion_mnist,2.3,137,29,90,46,46,1,1,27,17,46,0
main,fashion_mnist,2.3,2024,0,90,46,46,1,1,27,17,46,0
main,fashion_mnist,2.3,2024,1,90,47,46,0,1,27,16,47,0
main,fashion_mnist,2.3,2024,2,90,46,46,1,1,27,17,46,0
main,fashion_mnist,2.3,2024,3,90,46,46,1,1,27,17,46,0
main,fashion_mnist,2.3,2024,4,90,46,46,1,1,27,17,46,0
main,fashion_mnist,2.3,2024,5,90,46,46,1,1,27,17,46,0
main,fashion_mnist,2.3,2024,6,90,47,46,0,1,27,16,47,0
main,fashion_mnist,2.3,2024,7,90,46,46,1,1,27,17,46,0
main,fashion_mnist,2.3,2024,8,90,47,46,0,1,27,16,47,0
main,fashion_mnist,2.3,2024,9,90,46,46,1,1,27,17,46,0
main,fashion_mnist,2.3,2024,10,90,46,46,1,1,27,17,46,0
main,fashion_mnist,2.3,2024,11,90,46,46,1,1,27,17,46,0
main,fashion_mnist,2.3,2024,12,90,46,46,1,1,27,17,46,0
main,fashion_mnist,2.3,2024,13,90,46,46,1,1,27,17,46,0
main,fashion_mnist,2.3,2024,14,90,46,46,1,1,27,17,46,0
main,fashion_mnist,2.3,2024,15,90,46,46,1,1,27,17,46,0
main,fashion_mnist,2.3,2024,16,90,46,46,1,1,27,17,46,0
main,fashion_mnist,2.3,2024,17,90,46,46,1,1,27,17,46,0
main,fashion_mnist,2.3,2024,18,90,46,46,1,1,27,17,46,0
main,fashion_mnist,2.3,2024,19,90,46,46,1,1,27,17,46,0
main,fashion_mnist,2.3,2024,20,90,46,46,1,1,27,17,46,0
main,fashion_mnist,2.3,2024,21,90,46,46,1,1,27,17,46,0
main,fashion_mnist,2.3,2024,22,90,46,46,1,1,27,17,46,0
main,fashion_mnist,2.3,2024,23,90,46,46,1,1,27,17,46,0
main,fashion_mnist,2.3,2024,24,90,46,46,1,1,27,17,46,0
main,fashion_mnist,2.3,2024,25,90,46,46,1,1,27,17,46,0
main,fashion_mnist,2.3,2024,26,90,46,46,1,1,27,17,46,0
main,fashion_mnist,2.3,2024,27,90,46,46,1,1,27,17,46,0
main,fashion_mnist,2.3,2024,28,90,46,46,1,1,27,17,46,0
main,fashion_mnist,2.3,2024,29,90,46,46,1,1,27,17,46,0
main,fashion_mnist,2.3,42,0,90,46,46,1,1,27,17,46,0
main,fashion_mnist,2.3,42,1,90,46,46,1,1,27,17,46,0
main,fashion_mnist,2.3,42,2,90,47,46,0,1,27,16,47,0
main,fashion_mnist,2.3,42,3,90,46,46,1,1,27,17,46,0
main,fashion_mnist,2.3,42,4,90,46,46,1,1,27,17,46,0
main,fashion_mnist,2.3,42,5,90,46,46,1,1,27,17,46,0
main,fashion_mnist,2.3,42,6,90,46,46,1,1,27,17,46,0
main,fashion_mnist,2.3,42,7,90,46,46,1,1,27,17,46,0
main,fashion_mnist,2.3,42,8,90,46,46,1,1,27,17,46,0
main,fashion_mnist,2.3,42,9,90,46,46,1,1,27,17,46,0
main,fashion_mnist,2.3,42,10,90,46,46,1,1,27,17,46,0
main,fashion_mnist,2.3,42,11,90,46,46,1,1,27,17,46,0
main,fashion_mnist,2.3,42,12,90,46,46,1,1,27,17,46,0
main,fashion_mnist,2.3,42,13,90,46,46,1,1,27,17,46,0
main,fashion_mnist,2.3,42,14,90,46,46,1,1,27,17,46,0
main,fashion_mnist,2.3,42,15,90,46,46,1,1,27,17,46,0
main,fashion_mnist,2.3,42,16,90,46,46,1,1,27,17,46,0
main,fashion_mnist,2.3,42,17,90,46,46,1,1,27,17,46,0
main,fashion_mnist,2.3,42,18,90,46,46,1,1,27,17,46,0
main,fashion_mnist,2.3,42,19,90,46,46,1,1,27,17,46,0
main,fashion_mnist,2.3,42,20,90,46,46,1,1,27,17,46,0
main,fashion_mnist,2.3,42,21,90,46,46,1,1,27,17,46,0
main,fashion_mnist,2.3,42,22,90,46,46,1,1,27,17,46,0
main,fashion_mnist,2.3,42,23,90,46,46,1,1,27,17,46,0
main,fashion_mnist,2.3,42,24,90,46,46,1,1,27,17,46,0
main,fashion_mnist,2.3,42,25,90,46,46,1,1,27,17,46,0
main,fashion_mnist,2.3,42,26,90,46,46,1,1,27,17,46,0
main,fashion_mnist,2.3,42,27,90,46,46,1,1,27,17,46,0
main,fashion_mnist,2.3,42,28,90,46,46,1,1,27,17,46,0
main,fashion_mnist,2.3,42,29,90,46,46,1,1,27,17,46,0
main,fashion_mnist,3.1,137,0,90,46,46,1,1,18,26,46,0
main,fashion_mnist,3.1,137,1,90,47,46,0,1,18,25,47,0
main,fashion_mnist,3.1,137,2,90,47,46,0,1,18,25,47,0
main,fashion_mnist,3.1,137,3,90,46,46,1,1,18,26,46,0
main,fashion_mnist,3.1,137,4,90,47,46,0,1,18,25,47,0
main,fashion_mnist,3.1,137,5,90,47,46,0,1,18,25,47,0
main,fashion_mnist,3.1,137,6,90,46,46,1,1,18,26,46,0
main,fashion_mnist,3.1,137,7,90,46,46,1,1,18,26,46,0
main,fashion_mnist,3.1,137,8,90,46,46,1,1,18,26,46,0
main,fashion_mnist,3.1,137,9,90,46,46,1,1,18,26,46,0
main,fashion_mnist,3.1,137,10,90,46,46,1,1,18,26,46,0
main,fashion_mnist,3.1,137,11,90,46,46,1,1,18,26,46,0
main,fashion_mnist,3.1,137,12,90,47,46,0,1,18,25,47,0
main,fashion_mnist,3.1,137,13,90,46,46,1,1,18,26,46,0
main,fashion_mnist,3.1,137,14,90,47,46,0,1,18,25,47,0
main,fashion_mnist,3.1,137,15,90,47,46,0,1,18,25,47,0
main,fashion_mnist,3.1,137,16,90,46,46,1,1,18,26,46,0
main,fashion_mnist,3.1,137,17,90,46,46,1,1,18,26,46,0
main,fashion_mnist,3.1,137,18,90,46,46,1,1,18,26,46,0
main,fashion_mnist,3.1,137,19,90,46,46,1,1,18,26,46,0
main,fashion_mnist,3.1,137,20,90,46,46,1,1,18,26,46,0
main,fashion_mnist,3.1,137,21,90,46,46,1,1,18,26,46,0
main,fashion_mnist,3.1,137,22,90,47,46,0,1,18,25,47,0
main,fashion_mnist,3.1,137,23,90,46,46,1,1,18,26,46,0
main,fashion_mnist,3.1,137,24,90,46,46,1,1,18,26,46,0
main,fashion_mnist,3.1,137,25,90,46,46,1,1,18,26,46,0
main,fashion_mnist,3.1,137,26,90,47,46,0,1,18,25,47,0
main,fashion_mnist,3.1,137,27,90,46,46,1,1,18,26,46,0
main,fashion_mnist,3.1,137,28,90,46,46,1,1,18,26,46,0
main,fashion_mnist,3.1,137,29,90,46,46,1,1,18,26,46,0
main,fashion_mnist,3.1,2024,0,90,46,46,1,1,18,26,46,0
main,fashion_mnist,3.1,2024,1,90,46,46,1,1,18,26,46,0
main,fashion_mnist,3.1,2024,2,90,46,46,1,1,18,26,46,0
main,fashion_mnist,3.1,2024,3,90,46,46,1,1,18,26,46,0
main,fashion_mnist,3.1,2024,4,90,46,46,1,1,18,26,46,0
main,fashion_mnist,3.1,2024,5,90,47,46,0,1,18,25,47,0
main,fashion_mnist,3.1,2024,6,90,46,46,1,1,18,26,46,0
main,fashion_mnist,3.1,2024,7,90,46,46,1,1,18,26,46,0
main,fashion_mnist,3.1,2024,8,90,46,46,1,1,18,26,46,0
main,fashion_mnist,3.1,2024,9,90,47,46,0,1,18,25,47,0
main,fashion_mnist,3.1,2024,10,90,46,46,1,1,18,26,46,0
main,fashion_mnist,3.1,2024,11,90,46,46,1,1,18,26,46,0
main,fashion_mnist,3.1,2024,12,90,46,46,1,1,18,26,46,0
main,fashion_mnist,3.1,2024,13,90,46,46,1,1,18,26,46,0
main,fashion_mnist,3.1,2024,14,90,46,46,1,1,18,26,46,0
main,fashion_mnist,3.1,2024,15,90,46,46,1,1,18,26,46,0
main,fashion_mnist,3.1,2024,16,90,46,46,1,1,18,26,46,0
main,fashion_mnist,3.1,2024,17,90,46,46,1,1,18,26,46,0
main,fashion_mnist,3.1,2024,18,90,46,46,1,1,18,26,46,0
main,fashion_mnist,3.1,2024,19,90,46,46,1,1,18,26,46,0
main,fashion_mnist,3.1,2024,20,90,46,46,1,1,18,26,46,0
main,fashion_mnist,3.1,2024,21,90,46,46,1,1,18,26,46,0
main,fashion_mnist,3.1,2024,22,90,47,46,0,1,18,25,47,0
main,fashion_mnist,3.1,2024,23,90,46,46,1,1,18,26,46,0
main,fashion_mnist,3.1,2024,24,90,46,46,1,1,18,26,46,0
main,fashion_mnist,3.1,2024,25,90,46,46,1,1,18,26,46,0
main,fashion_mnist,3.1,2024,26,90,46,46,1,1,18,26,46,0
main,fashion_mnist,3.1,2024,27,90,46,46,1,1,18,26,46,0
main,fashion_mnist,3.1,2024,28,90,46,46,1,1,18,26,46,0
main,fashion_mnist,3.1,2024,29,90,47,46,0,1,18,25,47,0
main,fashion_mnist,3.1,42,0,90,46,46,1,1,18,26,46,0
main,fashion_mnist,3.1,42,1,90,47,46,0,1,18,25,47,0
main,fashion_mnist,3.1,42,2,90,46,46,1,1,18,26,46,0
main,fashion_mnist,3.1,42,3,90,48,46,0,1,18,24,48,0
main,fashion_mnist,3.1,42,4,90,46,46,1,1,18,26,46,0
main,fashion_mnist,3.1,42,5,90,46,46,1,1,18,26,46,0
main,fashion_mnist,3.1,42,6,90,48,46,0,1,18,24,48,0
main,fashion_mnist,3.1,42,7,90,46,46,1,1,18,26,46,0
main,fashion_mnist,3.1,42,8,90,49,46,0,1,18,23,49,0
main,fashion_mnist,3.1,42,9,90,47,46,0,1,18,25,47,0
main,fashion_mnist,3.1,42,10,90,47,46,0,1,18,25,47,0
main,fashion_mnist,3.1,42,11,90,46,46,1,1,18,26,46,0
main,fashion_mnist,3.1,42,12,90,47,46,0,1,18,25,47,0
main,fashion_mnist,3.1,42,13,90,46,46,1,1,18,26,46,0
main,fashion_mnist,3.1,42,14,90,46,46,1,1,18,26,46,0
main,fashion_mnist,3.1,42,15,90,46,46,1,1,18,26,46,0
main,fashion_mnist,3.1,42,16,90,46,46,1,1,18,26,46,0
main,fashion_mnist,3.1,42,17,90,46,46,1,1,18,26,46,0
main,fashion_mnist,3.1,42,18,90,46,46,1,1,18,26,46,0
main,fashion_mnist,3.1,42,19,90,46,46,1,1,18,26,46,0
main,fashion_mnist,3.1,42,20,90,47,46,0,1,18,25,47,0
main,fashion_mnist,3.1,42,21,90,46,46,1,1,18,26,46,0
main,fashion_mnist,3.1,42,22,90,47,46,0,1,18,25,47,0
main,fashion_mnist,3.1,42,23,90,46,46,1,1,18,26,46,0
main,fashion_mnist,3.1,42,24,90,47,46,0,1,18,25,47,0
main,fashion_mnist,3.1,42,25,90,48,46,0,1,18,24,48,0
main,fashion_mnist,3.1,42,26,90,46,46,1,1,18,26,46,0
main,fashion_mnist,3.1,42,27,90,46,46,1,1,18,26,46,0
main,fashion_mnist,3.1,42,28,90,46,46,1,1,18,26,46,0
main,fashion_mnist,3.1,42,29,90,47,46,0,1,18,25,47,0
main,fashion_mnist,3.2,137,0,90,46,46,1,1,27,17,46,0
main,fashion_mnist,3.2,137,1,90,46,46,1,1,27,17,46,0
main,fashion_mnist,3.2,137,2,90,46,46,1,1,27,17,46,0
main,fashion_mnist,3.2,137,3,90,46,46,1,1,27,17,46,0
main,fashion_mnist,3.2,137,4,90,47,46,0,1,27,16,47,0
main,fashion_mnist,3.2,137,5,90,46,46,1,1,27,17,46,0
main,fashion_mnist,3.2,137,6,90,46,46,1,1,27,17,46,0
main,fashion_mnist,3.2,137,7,90,47,46,0,1,27,16,47,0
main,fashion_mnist,3.2,137,8,90,47,46,0,1,27,16,47,0
main,fashion_mnist,3.2,137,9,90,46,46,1,1,27,17,46,0
main,fashion_mnist,3.2,137,10,90,47,46,0,1,27,16,47,0
main,fashion_mnist,3.2,137,11,90,46,46,1,1,27,17,46,0
main,fashion_mnist,3.2,137,12,90,46,46,1,1,27,17,46,0
main,fashion_mnist,3.2,137,13,90,46,46,1,1,27,17,46,0
main,fashion_mnist,3.2,137,14,90,46,46,1,1,27,17,46,0
main,fashion_mnist,3.2,137,15,90,46,46,1,1,27,17,46,0
main,fashion_mnist,3.2,137,16,90,47,46,0,1,27,16,47,0
main,fashion_mnist,3.2,137,17,90,46,46,1,1,27,17,46,0
main,fashion_mnist,3.2,137,18,90,46,46,1,1,27,17,46,0
main,fashion_mnist,3.2,137,19,90,46,46,1,1,27,17,46,0
main,fashion_mnist,3.2,137,20,90,46,46,1,1,27,17,46,0
main,fashion_mnist,3.2,137,21,90,46,46,1,1,27,17,46,0
main,fashion_mnist,3.2,137,22,90,47,46,0,1,27,16,47,0
main,fashion_mnist,3.2,137,23,90,47,46,0,1,27,16,47,0
main,fashion_mnist,3.2,137,24,90,46,46,1,1,27,17,46,0
main,fashion_mnist,3.2,137,25,90,46,46,1,1,27,17,46,0
main,fashion_mnist,3.2,137,26,90,46,46,1,1,27,17,46,0
main,fashion_mnist,3.2,137,27,90,47,46,0,1,27,16,47,0
main,fashion_mnist,3.2,137,28,90,46,46,1,1,27,17,46,0
main,fashion_mnist,3.2,137,29,90,47,46,0,1,27,16,47,0
main,fashion_mnist,3.2,2024,0,90,48,46,0,1,27,15,48,0
main,fashion_mnist,3.2,2024,1,90,46,46,1,1,27,17,46,0
main,fashion_mnist,3.2,2024,2,90,48,46,0,1,27,15,48,0
main,fashion_mnist,3.2,2024,3,90,47,46,0,1,27,16,47,0
main,fashion_mnist,3.2,2024,4,90,46,46,1,1,27,17,46,0
main,fashion_mnist,3.2,2024,5,90,47,46,0,1,27,16,47,0
main,fashion_mnist,3.2,2024,6,90,48,46,0,1,27,15,48,0
main,fashion_mnist,3.2,2024,7,90,46,46,1,1,27,17,46,0
main,fashion_mnist,3.2,2024,8,90,47,46,0,1,27,16,47,0
main,fashion_mnist,3.2,2024,9,90,46,46,1,1,27,17,46,0
main,fashion_mnist,3.2,2024,10,90,46,46,1,1,27,17,46,0
main,fashion_mnist,3.2,2024,11,90,46,46,1,1,27,17,46,0
main,fashion_mnist,3.2,2024,12,90,46,46,1,1,27,17,46,0
main,fashion_mnist,3.2,2024,13,90,46,46,1,1,27,17,46,0
main,fashion_mnist,3.2,2024,14,90,46,46,1,1,27,17,46,0
main,fashion_mnist,3.2,2024,15,90,46,46,1,1,27,17,46,0
main,fashion_mnist,3.2,2024,16,90,46,46,1,1,27,17,46,0
main,fashion_mnist,3.2,2024,17,90,47,46,0,1,27,16,47,0
main,fashion_mnist,3.2,2024,18,90,46,46,1,1,27,17,46,0
main,fashion_mnist,3.2,2024,19,90,48,46,0,1,27,15,48,0
main,fashion_mnist,3.2,2024,20,90,46,46,1,1,27,17,46,0
main,fashion_mnist,3.2,2024,21,90,46,46,1,1,27,17,46,0
main,fashion_mnist,3.2,2024,22,90,46,46,1,1,27,17,46,0
main,fashion_mnist,3.2,2024,23,90,46,46,1,1,27,17,46,0
main,fashion_mnist,3.2,2024,24,90,46,46,1,1,27,17,46,0
main,fashion_mnist,3.2,2024,25,90,46,46,1,1,27,17,46,0
main,fashion_mnist,3.2,2024,26,90,46,46,1,1,27,17,46,0
main,fashion_mnist,3.2,2024,27,90,46,46,1,1,27,17,46,0
main,fashion_mnist,3.2,2024,28,90,47,46,0,1,27,16,47,0
main,fashion_mnist,3.2,2024,29,90,46,46,1,1,27,17,46,0
main,fashion_mnist,3.2,42,0,90,47,46,0,1,27,16,47,0
main,fashion_mnist,3.2,42,1,90,46,46,1,1,27,17,46,0
main,fashion_mnist,3.2,42,2,90,48,46,0,1,27,15,48,0
main,fashion_mnist,3.2,42,3,90,46,46,1,1,27,17,46,0
main,fashion_mnist,3.2,42,4,90,46,46,1,1,27,17,46,0
main,fashion_mnist,3.2,42,5,90,46,46,1,1,27,17,46,0
main,fashion_mnist,3.2,42,6,90,46,46,1,1,27,17,46,0
main,fashion_mnist,3.2,42,7,90,47,46,0,1,27,16,47,0
main,fashion_mnist,3.2,42,8,90,46,46,1,1,27,17,46,0
main,fashion_mnist,3.2,42,9,90,46,46,1,1,27,17,46,0
main,fashion_mnist,3.2,42,10,90,46,46,1,1,27,17,46,0
main,fashion_mnist,3.2,42,11,90,46,46,1,1,27,17,46,0
main,fashion_mnist,3.2,42,12,90,46,46,1,1,27,17,46,0
main,fashion_mnist,3.2,42,13,90,46,46,1,1,27,17,46,0
main,fashion_mnist,3.2,42,14,90,47,46,0,1,27,16,47,0
main,fashion_mnist,3.2,42,15,90,47,46,0,1,27,16,47,0
main,fashion_mnist,3.2,42,16,90,47,46,0,1,27,16,47,0
main,fashion_mnist,3.2,42,17,90,46,46,1,1,27,17,46,0
main,fashion_mnist,3.2,42,18,90,46,46,1,1,27,17,46,0
main,fashion_mnist,3.2,42,19,90,46,46,1,1,27,17,46,0
main,fashion_mnist,3.2,42,20,90,46,46,1,1,27,17,46,0
main,fashion_mnist,3.2,42,21,90,46,46,1,1,27,17,46,0
main,fashion_mnist,3.2,42,22,90,46,46,1,1,27,17,46,0
main,fashion_mnist,3.2,42,23,90,46,46,1,1,27,17,46,0
main,fashion_mnist,3.2,42,24,90,46,46,1,1,27,17,46,0
main,fashion_mnist,3.2,42,25,90,46,46,1,1,27,17,46,0
main,fashion_mnist,3.2,42,26,90,46,46,1,1,27,17,46,0
main,fashion_mnist,3.2,42,27,90,46,46,1,1,27,17,46,0
main,fashion_mnist,3.2,42,28,90,48,46,0,1,27,15,48,0
main,fashion_mnist,3.2,42,29,90,46,46,1,1,27,17,46,0
main,fashion_mnist,3.3,137,0,90,46,46,1,1,20,24,39,7
main,fashion_mnist,3.3,137,1,90,46,46,1,1,20,24,39,7
main,fashion_mnist,3.3,137,2,90,46,46,1,1,19,25,38,8
main,fashion_mnist,3.3,137,3,90,46,46,1,1,21,23,40,6
main,fashion_mnist,3.3,137,4,90,48,46,0,1,21,21,42,6
main,fashion_mnist,3.3,137,5,90,46,46,1,1,19,25,38,8
main,fashion_mnist,3.3,137,6,90,46,46,1,1,20,24,39,7
main,fashion_mnist,3.3,137,7,90,46,46,1,1,21,23,40,6
main,fashion_mnist,3.3,137,8,90,46,46,1,1,19,25,38,8
main,fashion_mnist,3.3,137,9,90,46,46,1,1,19,25,38,8
main,fashion_mnist,3.3,137,10,90,47,46,0,1,21,22,41,6
main,fashion_mnist,3.3,137,11,90,46,46,1,1,20,24,39,7
main,fashion_mnist,3.3,137,12,90,46,46,1,1,21,23,40,6
main,fashion_mnist,3.3,137,13,90,46,46,1,1,21,23,40,6
main,fashion_mnist,3.3,137,14,90,49,46,0,1,22,19,44,5
main,fashion_mnist,3.3,137,15,90,48,46,0,1,21,21,42,6
main,fashion_mnist,3.3,137,16,90,46,46,1,1,21,23,40,6
main,fashion_mnist,3.3,137,17,90,47,46,0,1,21,22,41,6
main,fashion_mnist,3.3,137,18,90,47,46,0,1,21,22,41,6
main,fashion_mnist,3.3,137,19,90,46,46,1,1,22,22,41,5
main,fashion_mnist,3.3,137,20,90,48,46,0,1,22,20,43,5
main,fashion_mnist,3.3,137,21,90,46,46,1,1,22,22,41,5
main,fashion_mnist,3.3,137,22,90,46,46,1,1,22,22,41,5
main,fashion_mnist,3.3,137,23,90,46,46,1,1,22,22,41,5
main,fashion_mnist,3.3,137,24,90,46,46,1,1,22,22,41,5
main,fashion_mnist,3.3,137,25,90,46,46,1,1,21,23,40,6
main,fashion_mnist,3.3,137,26,90,46,46,1,1,21,23,40,6
main,fashion_mnist,3.3,137,27,90,48,46,0,1,22,20,43,5
main,fashion_mnist,3.3,137,28,90,46,46,1,1,22,22,41,5
main,fashion_mnist,3.3,137,29,90,46,46,1,1,22,22,41,5
main,fashion_mnist,3.3,2024,0,90,56,46,0,1,11,23,40,16
main,fashion_mnist,3.3,2024,1,90,50,46,0,1,16,24,39,11
main,fashion_mnist,3.3,2024,2,90,47,46,0,1,18,25,38,9
main,fashion_mnist,3.3,2024,3,90,46,46,1,1,18,26,37,9
main,fashion_mnist,3.3,2024,4,90,46,46,1,1,18,26,37,9
main,fashion_mnist,3.3,2024,5,90,47,46,0,1,18,25,38,9
main,fashion_mnist,3.3,2024,6,90,49,46,0,1,16,25,38,11
main,fashion_mnist,3.3,2024,7,90,47,46,0,1,18,25,38,9
main,fashion_mnist,3.3,2024,8,90,46,46,1,1,18,26,37,9
main,fashion_mnist,3.3,2024,9,90,46,46,1,1,18,26,37,9
main,fashion_mnist,3.3,2024,10,90,46,46,1,1,18,26,37,9
main,fashion_mnist,3.3,2024,11,90,47,46,0,1,18,25,38,9
main,fashion_mnist,3.3,2024,12,90,46,46,1,1,18,26,37,9
main,fashion_mnist,3.3,2024,13,90,46,46,1,1,18,26,37,9
main,fashion_mnist,3.3,2024,14,90,46,46,1,1,18,26,37,9
main,fashion_mnist,3.3,2024,15,90,47,46,0,1,18,25,38,9
main,fashion_mnist,3.3,2024,16,90,46,46,1,1,18,26,37,9
main,fashion_mnist,3.3,2024,17,90,49,46,0,1,18,23,40,9
main,fashion_mnist,3.3,2024,18,90,46,46,1,1,18,26,37,9
main,fashion_mnist,3.3,2024,19,90,49,46,0,1,17,24,39,10
main,fashion_mnist,3.3,2024,20,90,49,46,0,1,17,24,39,10
main,fashion_mnist,3.3,2024,21,90,49,46,0,1,17,24,39,10
main,fashion_mnist,3.3,2024,22,90,46,46,1,1,18,26,37,9
main,fashion_mnist,3.3,2024,23,90,48,46,0,1,17,25,38,10
main,fashion_mnist,3.3,2024,24,90,46,46,1,1,18,26,37,9
main,fashion_mnist,3.3,2024,25,90,47,46,0,1,18,25,38,9
main,fashion_mnist,3.3,2024,26,90,46,46,1,1,18,26,37,9
main,fashion_mnist,3.3,2024,27,90,46,46,1,1,18,26,37,9
main,fashion_mnist,3.3,2024,28,90,50,46,0,1,18,22,41,9
main,fashion_mnist,3.3,2024,29,90,47,46,0,1,18,25,38,9
main,fashion_mnist,3.3,42,0,90,51,46,0,1,15,24,39,12
main,fashion_mnist,3.3,42,1,90,46,46,1,1,16,28,35,11
main,fashion_mnist,3.3,42,2,90,47,46,0,1,16,27,36,11
main,fashion_mnist,3.3,42,3,90,46,46,1,1,16,28,35,11
main,fashion_mnist,3.3,42,4,90,46,46,1,1,16,28,35,11
main,fashion_mnist,3.3,42,5,90,46,46,1,1,16,28,35,11
main,fashion_mnist,3.3,42,6,90,46,46,1,1,16,28,35,11
main,fashion_mnist,3.3,42,7,90,48,46,0,1,16,26,37,11
main,fashion_mnist,3.3,42,8,90,47,46,0,1,16,27,36,11
main,fashion_mnist,3.3,42,9,90,46,46,1,1,16,28,35,11
main,fashion_mnist,3.3,42,10,90,46,46,1,1,16,28,35,11
main,fashion_mnist,3.3,42,11,90,46,46,1,1,16,28,35,11
main,fashion_mnist,3.3,42,12,90,46,46,1,1,16,28,35,11
main,fashion_mnist,3.3,42,13,90,47,46,0,1,16,27,36,11
main,fashion_mnist,3.3,42,14,90,52,46,0,1,16,22,41,11
main,fashion_mnist,3.3,42,15,90,47,46,0,1,16,27,36,11
main,fashion_mnist,3.3,42,16,90,47,46,0,1,16,27,36,11
main,fashion_mnist,3.3,42,17,90,47,46,0,1,16,27,36,11
main,fashion_mnist,3.3,42,18,90,47,46,0,1,16,27,36,11
main,fashion_mnist,3.3,42,19,90,48,46,0,1,16,26,37,11
main,fashion_mnist,3.3,42,20,90,48,46,0,1,16,26,37,11
main,fashion_mnist,3.3,42,21,90,47,46,0,1,16,27,36,11
main,fashion_mnist,3.3,42,22,90,47,46,0,1,16,27,36,11
main,fashion_mnist,3.3,42,23,90,52,46,0,1,16,22,41,11
main,fashion_mnist,3.3,42,24,90,47,46,0,1,16,27,36,11
main,fashion_mnist,3.3,42,25,90,47,46,0,1,16,27,36,11
main,fashion_mnist,3.3,42,26,90,46,46,1,1,16,28,35,11
main,fashion_mnist,3.3,42,27,90,46,46,1,1,16,28,35,11
main,fashion_mnist,3.3,42,28,90,46,46,1,1,16,28,35,11
main,fashion_mnist,3.3,42,29,90,50,46,0,1,16,24,39,11
main,fashion_mnist,4.1,137,0,90,46,46,1,1,9,35,37,9
main,fashion_mnist,4.1,137,1,90,47,46,0,1,8,35,37,10
main,fashion_mnist,4.1,137,2,90,46,46,1,1,8,36,36,10
main,fashion_mnist,4.1,137,3,90,46,46,1,1,9,35,37,9
main,fashion_mnist,4.1,137,4,90,46,46,1,1,8,36,36,10
main,fashion_mnist,4.1,137,5,90,46,46,1,1,10,34,38,8
main,fashion_mnist,4.1,137,6,90,46,46,1,1,9,35,37,9
main,fashion_mnist,4.1,137,7,90,46,46,1,1,9,35,37,9
main,fashion_mnist,4.1,137,8,90,46,46,1,1,9,35,37,9
main,fashion_mnist,4.1,137,9,90,46,46,1,1,9,35,37,9
main,fashion_mnist,4.1,137,10,90,46,46,1,1,9,35,37,9
main,fashion_mnist,4.1,137,11,90,46,46,1,1,10,34,38,8
main,fashion_mnist,4.1,137,12,90,46,46,1,1,9,35,37,9
main,fashion_mnist,4.1,137,13,90,46,46,1,1,9,35,37,9
main,fashion_mnist,4.1,137,14,90,46,46,1,1,9,35,37,9
main,fashion_mnist,4.1,137,15,90,46,46,1,1,9,35,37,9
main,fashion_mnist,4.1,137,16,90,47,46,0,1,9,34,38,9
main,fashion_mnist,4.1,137,17,90,46,46,1,1,9,35,37,9
main,fashion_mnist,4.1,137,18,90,46,46,1,1,9,35,37,9
main,fashion_mnist,4.1,137,19,90,46,46,1,1,9,35,37,9
main,fashion_mnist,4.1,137,20,90,46,46,1,1,10,34,38,8
main,fashion_mnist,4.1,137,21,90,46,46,1,1,9,35,37,9
main,fashion_mnist,4.1,137,22,90,46,46,1,1,9,35,37,9
main,fashion_mnist,4.1,137,23,90,46,46,1,1,9,35,37,9
main,fashion_mnist,4.1,137,24,90,46,46,1,1,9,35,37,9
main,fashion_mnist,4.1,137,25,90,46,46,1,1,9,35,37,9
main,fashion_mnist,4.1,137,26,90,46,46,1,1,9,35,37,9
main,fashion_mnist,4.1,137,27,90,46,46,1,1,9,35,37,9
main,fashion_mnist,4.1,137,28,90,46,46,1,1,10,34,38,8
main,fashion_mnist,4.1,137,29,90,46,46,1,1,9,35,37,9
main,fashion_mnist,4.1,2024,0,90,46,46,1,1,8,36,36,10
main,fashion_mnist,4.1,2024,1,90,46,46,1,1,6,38,34,12
main,fashion_mnist,4.1,2024,2,90,46,46,1,1,7,37,35,11
main,fashion_mnist,4.1,2024,3,90,46,46,1,1,7,37,35,11
main,fashion_mnist,4.1,2024,4,90,46,46,1,1,8,36,36,10
main,fashion_mnist,4.1,2024,5,90,46,46,1,1,8,36,36,10
main,fashion_mnist,4.1,2024,6,90,46,46,1,1,7,37,35,11
main,fashion_mnist,4.1,2024,7,90,46,46,1,1,9,35,37,9
main,fashion_mnist,4.1,2024,8,90,46,46,1,1,8,36,36,10
main,fashion_mnist,4.1,2024,9,90,46,46,1,1,8,36,36,10
main,fashion_mnist,4.1,2024,10,90,46,46,1,1,8,36,36,10
main,fashion_mnist,4.1,2024,11,90,46,46,1,1,8,36,36,10
main,fashion_mnist,4.1,2024,12,90,46,46,1,1,8,36,36,10
main,fashion_mnist,4.1,2024,13,90,46,46,1,1,8,36,36,10
main,fashion_mnist,4.1,2024,14,90,46,46,1,1,8,36,36,10
main,fashion_mnist,4.1,2024,15,90,46,46,1,1,8,36,36,10
main,fashion_mnist,4.1,2024,16,90,47,46,0,1,8,35,37,10
main,fashion_mnist,4.1,2024,17,90,46,46,1,1,7,37,35,11
main,fashion_mnist,4.1,2024,18,90,46,46,1,1,8,36,36,10
main,fashion_mnist,4.1,2024,19,90,46,46,1,1,8,36,36,10
main,fashion_mnist,4.1,2024,20,90,46,46,1,1,8,36,36,10
main,fashion_mnist,4.1,2024,21,90,47,46,0,1,8,35,37,10
main,fashion_mnist,4.1,2024,22,90,47,46,0,1,7,36,36,11
main,fashion_mnist,4.1,2024,23,90,46,46,1,1,8,36,36,10
main,fashion_mnist,4.1,2024,24,90,46,46,1,1,8,36,36,10
main,fashion_mnist,4.1,2024,25,90,46,46,1,1,8,36,36,10
main,fashion_mnist,4.1,2024,26,90,46,46,1,1,8,36,36,10
main,fashion_mnist,4.1,2024,27,90,47,46,0,1,7,36,36,11
main,fashion_mnist,4.1,2024,28,90,46,46,1,1,8,36,36,10
main,fashion_mnist,4.1,2024,29,90,51,46,0,1,7,32,40,11
main,fashion_mnist,4.1,42,0,90,46,46,1,1,11,33,39,7
main,fashion_mnist,4.1,42,1,90,46,46,1,1,11,33,39,7
main,fashion_mnist,4.1,42,2,90,46,46,1,1,13,31,41,5
main,fashion_mnist,4.1,42,3,90,46,46,1,1,12,32,40,6
main,fashion_mnist,4.1,42,4,90,47,46,0,1,13,30,42,5
main,fashion_mnist,4.1,42,5,90,46,46,1,1,12,32,40,6
main,fashion_mnist,4.1,42,6,90,46,46,1,1,11,33,39,7
main,fashion_mnist,4.1,42,7,90,47,46,0,1,11,32,40,7
main,fashion_mnist,4.1,42,8,90,46,46,1,1,10,34,38,8
main,fashion_mnist,4.1,42,9,90,46,46,1,1,11,33,39,7
main,fashion_mnist,4.1,42,10,90,46,46,1,1,12,32,40,6
main,fashion_mnist,4.1,42,11,90,46,46,1,1,10,34,38,8
main,fashion_mnist,4.1,42,12,90,46,46,1,1,12,32,40,6
main,fashion_mnist,4.1,42,13,90,46,46,1,1,12,32,40,6
main,fashion_mnist,4.1,42,14,90,46,46,1,1,13,31,41,5
main,fashion_mnist,4.1,42,15,90,46,46,1,1,11,33,39,7
main,fashion_mnist,4.1,42,16,90,46,46,1,1,12,32,40,6
main,fashion_mnist,4.1,42,17,90,47,46,0,1,8,35,37,10
main,fashion_mnist,4.1,42,18,90,46,46,1,1,13,31,41,5
main,fashion_mnist,4.1,42,19,90,46,46,1,1,9,35,37,9
main,fashion_mnist,4.1,42,20,90,46,46,1,1,12,32,40,6
main,fashion_mnist,4.1,42,21,90,46,46,1,1,12,32,40,6
main,fashion_mnist,4.1,42,22,90,46,46,1,1,11,33,39,7
main,fashion_mnist,4.1,42,23,90,46,46,1,1,11,33,39,7
main,fashion_mnist,4.1,42,24,90,46,46,1,1,11,33,39,7
main,fashion_mnist,4.1,42,25,90,46,46,1,1,12,32,40,6
main,fashion_mnist,4.1,42,26,90,46,46,1,1,11,33,39,7
main,fashion_mnist,4.1,42,27,90,46,46,1,1,12,32,40,6
main,fashion_mnist,4.1,42,28,90,46,46,1,1,12,32,40,6
main,fashion_mnist,4.1,42,29,90,46,46,1,1,13,31,41,5
main,fashion_mnist,4.2,137,0,90,56,46,0,1,7,27,45,11
main,fashion_mnist,4.2,137,1,90,58,46,0,1,7,25,47,11
main,fashion_mnist,4.2,137,2,90,59,46,0,1,7,24,48,11
main,fashion_mnist,4.2,137,3,90,51,46,0,1,8,31,41,10
main,fashion_mnist,4.2,137,4,90,50,46,0,1,10,30,42,8
main,fashion_mnist,4.2,137,5,90,50,46,0,1,10,30,42,8
main,fashion_mnist,4.2,137,6,90,49,46,0,1,10,31,41,8
main,fashion_mnist,4.2,137,7,90,46,46,1,1,10,34,38,8
main,fashion_mnist,4.2,137,8,90,51,46,0,1,10,29,43,8
main,fashion_mnist,4.2,137,9,90,49,46,0,1,10,31,41,8
main,fashion_mnist,4.2,137,10,90,46,46,1,1,10,34,38,8
main,fashion_mnist,4.2,137,11,90,46,46,1,1,10,34,38,8
main,fashion_mnist,4.2,137,12,90,49,46,0,1,11,30,42,7
main,fashion_mnist,4.2,137,13,90,47,46,0,1,10,33,39,8
main,fashion_mnist,4.2,137,14,90,47,46,0,1,11,32,40,7
main,fashion_mnist,4.2,137,15,90,46,46,1,1,10,34,38,8
main,fashion_mnist,4.2,137,16,90,46,46,1,1,11,33,39,7
main,fashion_mnist,4.2,137,17,90,48,46,0,1,10,32,40,8
main,fashion_mnist,4.2,137,18,90,46,46,1,1,11,33,39,7
main,fashion_mnist,4.2,137,19,90,48,46,0,1,10,32,40,8
main,fashion_mnist,4.2,137,20,90,46,46,1,1,11,33,39,7
main,fashion_mnist,4.2,137,21,90,49,46,0,1,10,31,41,8
main,fashion_mnist,4.2,137,22,90,47,46,0,1,10,33,39,8
main,fashion_mnist,4.2,137,23,90,46,46,1,1,11,33,39,7
main,fashion_mnist,4.2,137,24,90,46,46,1,1,11,33,39,7
main,fashion_mnist,4.2,137,25,90,48,46,0,1,11,31,41,7
main,fashion_mnist,4.2,137,26,90,47,46,0,1,10,33,39,8
main,fashion_mnist,4.2,137,27,90,48,46,0,1,10,32,40,8
main,fashion_mnist,4.2,137,28,90,48,46,0,1,11,31,41,7
main,fashion_mnist,4.2,137,29,90,46,46,1,1,11,33,39,7
main,fashion_mnist,4.2,2024,0,90,51,46,0,1,7,32,40,11
main,fashion_mnist,4.2,2024,1,90,52,46,0,1,8,30,42,10
main,fashion_mnist,4.2,2024,2,90,49,46,0,1,8,33,39,10
main,fashion_mnist,4.2,2024,3,90,53,46,0,1,8,29,43,10
main,fashion_mnist,4.2,2024,4,90,52,46,0,1,8,30,42,10
main,fashion_mnist,4.2,2024,5,90,49,46,0,1,8,33,39,10
main,fashion_mnist,4.2,2024,6,90,51,46,0,1,8,31,41,10
main,fashion_mnist,4.2,2024,7,90,47,46,0,1,9,34,38,9
main,fashion_mnist,4.2,2024,8,90,46,46,1,1,10,34,38,8
main,fashion_mnist,4.2,2024,9,90,50,46,0,1,10,30,42,8
main,fashion_mnist,4.2,2024,10,90,46,46,1,1,10,34,38,8
main,fashion_mnist,4.2,2024,11,90,47,46,0,1,10,33,39,8
main,fashion_mnist,4.2,2024,12,90,50,46,0,1,10,30,42,8
main,fashion_mnist,4.2,2024,13,90,48,46,0,1,10,32,40,8
main,fashion_mnist,4.2,2024,14,90,47,46,0,1,10,33,39,8
main,fashion_mnist,4.2,2024,15,90,46,46,1,1,10,34,38,8
main,fashion_mnist,4.2,2024,16,90,47,46,0,1,10,33,39,8
main,fashion_mnist,4.2,2024,17,90,47,46,0,1,10,33,39,8
main,fashion_mnist,4.2,2024,18,90,49,46,0,1,10,31,41,8
main,fashion_mnist,4.2,2024,19,90,46,46,1,1,10,34,38,8
main,fashion_mnist,4.2,2024,20,90,49,46,0,1,10,31,41,8
main,fashion_mnist,4.2,2024,21,90,47,46,0,1,8,35,37,10
main,fashion_mnist,4.2,2024,22,90,49,46,0,1,10,31,41,8
main,fashion_mnist,4.2,2024,23,90,48,46,0,1,10,32,40,8
main,fashion_mnist,4.2,2024,24,90,47,46,0,1,10,33,39,8
main,fashion_mnist,4.2,2024,25,90,48,46,0,1,10,32,40,8
main,fashion_mnist,4.2,2024,26,90,48,46,0,1,10,32,40,8
main,fashion_mnist,4.2,2024,27,90,46,46,1,1,10,34,38,8
main,fashion_mnist,4.2,2024,28,90,46,46,1,1,10,34,38,8
main,fashion_mnist,4.2,2024,29,90,46,46,1,1,10,34,38,8
main,fashion_mnist,4.2,42,0,90,54,46,0,1,7,29,43,11
main,fashion_mnist,4.2,42,1,90,49,46,0,1,7,34,38,11
main,fashion_mnist,4.2,42,2,90,49,46,0,1,7,34,38,11
main,fashion_mnist,4.2,42,3,90,46,46,1,1,7,37,35,11
main,fashion_mnist,4.2,42,4,90,46,46,1,1,7,37,35,11
main,fashion_mnist,4.2,42,5,90,46,46,1,1,7,37,35,11
main,fashion_mnist,4.2,42,6,90,46,46,1,1,7,37,35,11
main,fashion_mnist,4.2,42,7,90,46,46,1,1,8,36,36,10
main,fashion_mnist,4.2,42,8,90,46,46,1,1,7,37,35,11
main,fashion_mnist,4.2,42,9,90,46,46,1,1,7,37,35,11
main,fashion_mnist,4.2,42,10,90,46,46,1,1,7,37,35,11
main,fashion_mnist,4.2,42,11,90,46,46,1,1,7,37,35,11
main,fashion_mnist,4.2,42,12,90,46,46,1,1,7,37,35,11
main,fashion_mnist,4.2,42,13,90,46,46,1,1,7,37,35,11
main,fashion_mnist,4.2,42,14,90,46,46,1,1,7,37,35,11
main,fashion_mnist,4.2,42,15,90,46,46,1,1,7,37,35,11
main,fashion_mnist,4.2,42,16,90,46,46,1,1,7,37,35,11
main,fashion_mnist,4.2,42,17,90,46,46,1,1,7,37,35,11
main,fashion_mnist,4.2,42,18,90,46,46,1,1,7,37,35,11
main,fashion_mnist,4.2,42,19,90,46,46,1,1,7,37,35,11
main,fashion_mnist,4.2,42,20,90,46,46,1,1,7,37,35,11
main,fashion_mnist,4.2,42,21,90,46,46,1,1,7,37,35,11
main,fashion_mnist,4.2,42,22,90,46,46,1,1,7,37,35,11
main,fashion_mnist,4.2,42,23,90,46,46,1,1,7,37,35,11
main,fashion_mnist,4.2,42,24,90,46,46,1,1,7,37,35,11
main,fashion_mnist,4.2,42,25,90,46,46,1,1,8,36,36,10
main,fashion_mnist,4.2,42,26,90,46,46,1,1,8,36,36,10
main,fashion_mnist,4.2,42,27,90,46,46,1,1,7,37,35,11
main,fashion_mnist,4.2,42,28,90,46,46,1,1,7,37,35,11
main,fashion_mnist,4.2,42,29,90,46,46,1,1,7,37,35,11
main,fashion_mnist,4.3,137,0,90,55,46,0,1,11,24,39,16
main,fashion_mnist,4.3,137,1,90,56,46,0,1,10,24,39,17
main,fashion_mnist,4.3,137,2,90,55,46,0,1,9,26,37,18
main,fashion_mnist,4.3,137,3,90,55,46,0,1,11,24,39,16
main,fashion_mnist,4.3,137,4,90,53,46,0,1,12,25,38,15
main,fashion_mnist,4.3,137,5,90,48,46,0,1,12,30,33,15
main,fashion_mnist,4.3,137,6,90,49,46,0,1,12,29,34,15
main,fashion_mnist,4.3,137,7,90,47,46,0,1,13,30,33,14
main,fashion_mnist,4.3,137,8,90,50,46,0,1,12,28,35,15
main,fashion_mnist,4.3,137,9,90,46,46,1,1,12,32,31,15
main,fashion_mnist,4.3,137,10,90,47,46,0,1,13,30,33,14
main,fashion_mnist,4.3,137,11,90,46,46,1,1,12,32,31,15
main,fashion_mnist,4.3,137,12,90,47,46,0,1,12,31,32,15
main,fashion_mnist,4.3,137,13,90,48,46,0,1,13,29,34,14
main,fashion_mnist,4.3,137,14,90,52,46,0,1,12,26,37,15
main,fashion_mnist,4.3,137,15,90,49,46,0,1,12,29,34,15
main,fashion_mnist,4.3,137,16,90,48,46,0,1,12,30,33,15
main,fashion_mnist,4.3,137,17,90,46,46,1,1,12,32,31,15
main,fashion_mnist,4.3,137,18,90,48,46,0,1,12,30,33,15
main,fashion_mnist,4.3,137,19,90,46,46,1,1,13,31,32,14
main,fashion_mnist,4.3,137,20,90,51,46,0,1,12,27,36,15
main,fashion_mnist,4.3,137,21,90,46,46,1,1,12,32,31,15
main,fashion_mnist,4.3,137,22,90,47,46,0,1,13,30,33,14
main,fashion_mnist,4.3,137,23,90,46,46,1,1,13,31,32,14
main,fashion_mnist,4.3,137,24,90,46,46,1,1,12,32,31,15
main,fashion_mnist,4.3,137,25,90,46,46,1,1,12,32,31,15
main,fashion_mnist,4.3,137,26,90,46,46,1,1,12,32,31,15
main,fashion_mnist,4.3,137,27,90,48,46,0,1,12,30,33,15
main,fashion_mnist,4.3,137,28,90,47,46,0,1,12,31,32,15
main,fashion_mnist,4.3,137,29,90,47,46,0,1,12,31,32,15
main,fashion_mnist,4.3,2024,0,90,55,46,0,1,10,25,38,17
main,fashion_mnist,4.3,2024,1,90,52,46,0,1,11,27,36,16
main,fashion_mnist,4.3,2024,2,90,52,46,0,1,12,26,37,15
main,fashion_mnist,4.3,2024,3,90,50,46,0,1,12,28,35,15
main,fashion_mnist,4.3,2024,4,90,51,46,0,1,11,28,35,16
main,fashion_mnist,4.3,2024,5,90,51,46,0,1,12,27,36,15
main,fashion_mnist,4.3,2024,6,90,47,46,0,1,12,31,32,15
main,fashion_mnist,4.3,2024,7,90,49,46,0,1,14,27,36,13
main,fashion_mnist,4.3,2024,8,90,47,46,0,1,15,28,35,12
main,fashion_mnist,4.3,2024,9,90,47,46,0,1,15,28,35,12
main,fashion_mnist,4.3,2024,10,90,46,46,1,1,15,29,34,12
main,fashion_mnist,4.3,2024,11,90,49,46,0,1,15,26,37,12
main,fashion_mnist,4.3,2024,12,90,47,46,0,1,15,28,35,12
main,fashion_mnist,4.3,2024,13,90,47,46,0,1,15,28,35,12
main,fashion_mnist,4.3,2024,14,90,48,46,0,1,15,27,36,12
main,fashion_mnist,4.3,2024,15,90,48,46,0,1,16,26,37,11
main,fashion_mnist,4.3,2024,16,90,46,46,1,1,16,28,35,11
main,fashion_mnist,4.3,2024,17,90,49,46,0,1,16,25,38,11
main,fashion_mnist,4.3,2024,18,90,46,46,1,1,16,28,35,11
main,fashion_mnist,4.3,2024,19,90,46,46,1,1,14,30,33,13
main,fashion_mnist,4.3,2024,20,90,46,46,1,1,16,28,35,11
main,fashion_mnist,4.3,2024,21,90,46,46,1,1,15,29,34,12
main,fashion_mnist,4.3,2024,22,90,46,46,1,1,16,28,35,11
main,fashion_mnist,4.3,2024,23,90,46,46,1,1,16,28,35,11
main,fashion_mnist,4.3,2024,24,90,46,46,1,1,15,29,34,12
main,fashion_mnist,4.3,2024,25,90,47,46,0,1,16,27,36,11
main,fashion_mnist,4.3,2024,26,90,46,46,1,1,16,28,35,11
main,fashion_mnist,4.3,2024,27,90,46,46,1,1,16,28,35,11
main,fashion_mnist,4.3,2024,28,90,49,46,0,1,16,25,38,11
main,fashion_mnist,4.3,2024,29,90,46,46,1,1,16,28,35,11
main,fashion_mnist,4.3,42,0,90,56,46,0,1,10,24,39,17
main,fashion_mnist,4.3,42,1,90,49,46,0,1,11,30,33,16
main,fashion_mnist,4.3,42,2,90,49,46,0,1,11,30,33,16
main,fashion_mnist,4.3,42,3,90,47,46,0,1,11,32,31,16
main,fashion_mnist,4.3,42,4,90,46,46,1,1,11,33,30,16
main,fashion_mnist,4.3,42,5,90,46,46,1,1,11,33,30,16
main,fashion_mnist,4.3,42,6,90,46,46,1,1,11,33,30,16
main,fashion_mnist,4.3,42,7,90,46,46,1,1,12,32,31,15
main,fashion_mnist,4.3,42,8,90,46,46,1,1,12,32,31,15
main,fashion_mnist,4.3,42,9,90,46,46,1,1,11,33,30,16
main,fashion_mnist,4.3,42,10,90,46,46,1,1,11,33,30,16
main,fashion_mnist,4.3,42,11,90,46,46,1,1,11,33,30,16
main,fashion_mnist,4.3,42,12,90,46,46,1,1,11,33,30,16
main,fashion_mnist,4.3,42,13,90,46,46,1,1,12,32,31,15
main,fashion_mnist,4.3,42,14,90,46,46,1,1,12,32,31,15
main,fashion_mnist,4.3,42,15,90,46,46,1,1,12,32,31,15
main,fashion_mnist,4.3,42,16,90,46,46,1,1,12,32,31,15
main,fashion_mnist,4.3,42,17,90,46,46,1,1,12,32,31,15
main,fashion_mnist,4.3,42,18,90,46,46,1,1,12,32,31,15
main,fashion_mnist,4.3,42,19,90,46,46,1,1,12,32,31,15
main,fashion_mnist,4.3,42,20,90,46,46,1,1,11,33,30,16
main,fashion_mnist,4.3,42,21,90,46,46,1,1,11,33,30,16
main,fashion_mnist,4.3,42,22,90,46,46,1,1,12,32,31,15
main,fashion_mnist,4.3,42,23,90,46,46,1,1,12,32,31,15
main,fashion_mnist,4.3,42,24,90,46,46,1,1,12,32,31,15
main,fashion_mnist,4.3,42,25,90,46,46,1,1,12,32,31,15
main,fashion_mnist,4.3,42,26,90,46,46,1,1,11,33,30,16
main,fashion_mnist,4.3,42,27,90,46,46,1,1,11,33,30,16
main,fashion_mnist,4.3,42,28,90,46,46,1,1,11,33,30,16
main,fashion_mnist,4.3,42,29,90,46,46,1,1,12,32,31,15
main,fashion_mnist,5.1,137,0,90,46,46,1,1,9,35,37,9
main,fashion_mnist,5.1,137,1,90,47,46,0,1,8,35,37,10
main,fashion_mnist,5.1,137,2,90,46,46,1,1,9,35,37,9
main,fashion_mnist,5.1,137,3,90,46,46,1,1,10,34,38,8
main,fashion_mnist,5.1,137,4,90,46,46,1,1,9,35,37,9
main,fashion_mnist,5.1,137,5,90,46,46,1,1,10,34,38,8
main,fashion_mnist,5.1,137,6,90,46,46,1,1,10,34,38,8
main,fashion_mnist,5.1,137,7,90,46,46,1,1,9,35,37,9
main,fashion_mnist,5.1,137,8,90,46,46,1,1,9,35,37,9
main,fashion_mnist,5.1,137,9,90,46,46,1,1,9,35,37,9
main,fashion_mnist,5.1,137,10,90,46,46,1,1,9,35,37,9
main,fashion_mnist,5.1,137,11,90,47,46,0,1,10,33,39,8
main,fashion_mnist,5.1,137,12,90,46,46,1,1,9,35,37,9
main,fashion_mnist,5.1,137,13,90,46,46,1,1,9,35,37,9
main,fashion_mnist,5.1,137,14,90,46,46,1,1,10,34,38,8
main,fashion_mnist,5.1,137,15,90,46,46,1,1,9,35,37,9
main,fashion_mnist,5.1,137,16,90,47,46,0,1,9,34,38,9
main,fashion_mnist,5.1,137,17,90,46,46,1,1,9,35,37,9
main,fashion_mnist,5.1,137,18,90,46,46,1,1,9,35,37,9
main,fashion_mnist,5.1,137,19,90,46,46,1,1,9,35,37,9
main,fashion_mnist,5.1,137,20,90,46,46,1,1,10,34,38,8
main,fashion_mnist,5.1,137,21,90,46,46,1,1,9,35,37,9
main,fashion_mnist,5.1,137,22,90,46,46,1,1,9,35,37,9
main,fashion_mnist,5.1,137,23,90,46,46,1,1,9,35,37,9
main,fashion_mnist,5.1,137,24,90,46,46,1,1,10,34,38,8
main,fashion_mnist,5.1,137,25,90,47,46,0,1,9,34,38,9
main,fashion_mnist,5.1,137,26,90,46,46,1,1,9,35,37,9
main,fashion_mnist,5.1,137,27,90,46,46,1,1,9,35,37,9
main,fashion_mnist,5.1,137,28,90,46,46,1,1,10,34,38,8
main,fashion_mnist,5.1,137,29,90,46,46,1,1,9,35,37,9
main,fashion_mnist,5.1,2024,0,90,46,46,1,1,8,36,36,10
main,fashion_mnist,5.1,2024,1,90,46,46,1,1,8,36,36,10
main,fashion_mnist,5.1,2024,2,90,46,46,1,1,8,36,36,10
main,fashion_mnist,5.1,2024,3,90,46,46,1,1,8,36,36,10
main,fashion_mnist,5.1,2024,4,90,46,46,1,1,8,36,36,10
main,fashion_mnist,5.1,2024,5,90,46,46,1,1,8,36,36,10
main,fashion_mnist,5.1,2024,6,90,46,46,1,1,8,36,36,10
main,fashion_mnist,5.1,2024,7,90,46,46,1,1,9,35,37,9
main,fashion_mnist,5.1,2024,8,90,46,46,1,1,8,36,36,10
main,fashion_mnist,5.1,2024,9,90,46,46,1,1,8,36,36,10
main,fashion_mnist,5.1,2024,10,90,46,46,1,1,8,36,36,10
main,fashion_mnist,5.1,2024,11,90,46,46,1,1,8,36,36,10
main,fashion_mnist,5.1,2024,12,90,46,46,1,1,8,36,36,10
main,fashion_mnist,5.1,2024,13,90,46,46,1,1,8,36,36,10
main,fashion_mnist,5.1,2024,14,90,46,46,1,1,8,36,36,10
main,fashion_mnist,5.1,2024,15,90,48,46,0,1,8,34,38,10
main,fashion_mnist,5.1,2024,16,90,46,46,1,1,8,36,36,10
main,fashion_mnist,5.1,2024,17,90,46,46,1,1,8,36,36,10
main,fashion_mnist,5.1,2024,18,90,46,46,1,1,8,36,36,10
main,fashion_mnist,5.1,2024,19,90,46,46,1,1,8,36,36,10
main,fashion_mnist,5.1,2024,20,90,46,46,1,1,9,35,37,9
main,fashion_mnist,5.1,2024,21,90,47,46,0,1,8,35,37,10
main,fashion_mnist,5.1,2024,22,90,46,46,1,1,8,36,36,10
main,fashion_mnist,5.1,2024,23,90,46,46,1,1,8,36,36,10
main,fashion_mnist,5.1,2024,24,90,47,46,0,1,8,35,37,10
main,fashion_mnist,5.1,2024,25,90,46,46,1,1,9,35,37,9
main,fashion_mnist,5.1,2024,26,90,46,46,1,1,8,36,36,10
main,fashion_mnist,5.1,2024,27,90,46,46,1,1,7,37,35,11
main,fashion_mnist,5.1,2024,28,90,46,46,1,1,8,36,36,10
main,fashion_mnist,5.1,2024,29,90,50,46,0,1,7,33,39,11
main,fashion_mnist,5.1,42,0,90,46,46,1,1,13,31,41,5
main,fashion_mnist,5.1,42,1,90,46,46,1,1,13,31,41,5
main,fashion_mnist,5.1,42,2,90,46,46,1,1,13,31,41,5
main,fashion_mnist,5.1,42,3,90,46,46,1,1,13,31,41,5
main,fashion_mnist,5.1,42,4,90,46,46,1,1,13,31,41,5
main,fashion_mnist,5.1,42,5,90,46,46,1,1,13,31,41,5
main,fashion_mnist,5.1,42,6,90,46,46,1,1,11,33,39,7
main,fashion_mnist,5.1,42,7,90,46,46,1,1,12,32,40,6
main,fashion_mnist,5.1,42,8,90,47,46,0,1,10,33,39,8
main,fashion_mnist,5.1,42,9,90,46,46,1,1,14,30,42,4
main,fashion_mnist,5.1,42,10,90,46,46,1,1,14,30,42,4
main,fashion_mnist,5.1,42,11,90,46,46,1,1,11,33,39,7
main,fashion_mnist,5.1,42,12,90,46,46,1,1,13,31,41,5
main,fashion_mnist,5.1,42,13,90,46,46,1,1,12,32,40,6
main,fashion_mnist,5.1,42,14,90,46,46,1,1,13,31,41,5
main,fashion_mnist,5.1,42,15,90,46,46,1,1,12,32,40,6
main,fashion_mnist,5.1,42,16,90,46,46,1,1,13,31,41,5
main,fashion_mnist,5.1,42,17,90,46,46,1,1,10,34,38,8
main,fashion_mnist,5.1,42,18,90,46,46,1,1,14,30,42,4
main,fashion_mnist,5.1,42,19,90,46,46,1,1,11,33,39,7
main,fashion_mnist,5.1,42,20,90,46,46,1,1,12,32,40,6
main,fashion_mnist,5.1,42,21,90,46,46,1,1,12,32,40,6
main,fashion_mnist,5.1,42,22,90,46,46,1,1,11,33,39,7
main,fashion_mnist,5.1,42,23,90,46,46,1,1,13,31,41,5
main,fashion_mnist,5.1,42,24,90,46,46,1,1,12,32,40,6
main,fashion_mnist,5.1,42,25,90,46,46,1,1,12,32,40,6
main,fashion_mnist,5.1,42,26,90,46,46,1,1,13,31,41,5
main,fashion_mnist,5.1,42,27,90,46,46,1,1,13,31,41,5
main,fashion_mnist,5.1,42,28,90,46,46,1,1,13,31,41,5
main,fashion_mnist,5.1,42,29,90,46,46,1,1,13,31,41,5
main,fashion_mnist,5.2,137,0,90,54,46,0,1,8,28,44,10
main,fashion_mnist,5.2,137,1,90,58,46,0,1,7,25,47,11
main,fashion_mnist,5.2,137,2,90,57,46,0,1,8,25,47,10
main,fashion_mnist,5.2,137,3,90,51,46,0,1,8,31,41,10
main,fashion_mnist,5.2,137,4,90,49,46,0,1,10,31,41,8
main,fashion_mnist,5.2,137,5,90,50,46,0,1,10,30,42,8
main,fashion_mnist,5.2,137,6,90,49,46,0,1,10,31,41,8
main,fashion_mnist,5.2,137,7,90,46,46,1,1,10,34,38,8
main,fashion_mnist,5.2,137,8,90,51,46,0,1,10,29,43,8
main,fashion_mnist,5.2,137,9,90,49,46,0,1,10,31,41,8
main,fashion_mnist,5.2,137,10,90,46,46,1,1,10,34,38,8
main,fashion_mnist,5.2,137,11,90,46,46,1,1,10,34,38,8
main,fashion_mnist,5.2,137,12,90,49,46,0,1,11,30,42,7
main,fashion_mnist,5.2,137,13,90,47,46,0,1,10,33,39,8
main,fashion_mnist,5.2,137,14,90,47,46,0,1,11,32,40,7
main,fashion_mnist,5.2,137,15,90,46,46,1,1,10,34,38,8
main,fashion_mnist,5.2,137,16,90,46,46,1,1,11,33,39,7
main,fashion_mnist,5.2,137,17,90,48,46,0,1,10,32,40,8
main,fashion_mnist,5.2,137,18,90,46,46,1,1,11,33,39,7
main,fashion_mnist,5.2,137,19,90,47,46,0,1,11,32,40,7
main,fashion_mnist,5.2,137,20,90,46,46,1,1,11,33,39,7
main,fashion_mnist,5.2,137,21,90,48,46,0,1,11,31,41,7
main,fashion_mnist,5.2,137,22,90,46,46,1,1,11,33,39,7
main,fashion_mnist,5.2,137,23,90,46,46,1,1,11,33,39,7
main,fashion_mnist,5.2,137,24,90,46,46,1,1,11,33,39,7
main,fashion_mnist,5.2,137,25,90,48,46,0,1,11,31,41,7
main,fashion_mnist,5.2,137,26,90,47,46,0,1,10,33,39,8
main,fashion_mnist,5.2,137,27,90,47,46,0,1,11,32,40,7
main,fashion_mnist,5.2,137,28,90,47,46,0,1,12,31,41,6
main,fashion_mnist,5.2,137,29,90,47,46,0,1,11,32,40,7
main,fashion_mnist,5.2,2024,0,90,49,46,0,1,7,34,38,11
main,fashion_mnist,5.2,2024,1,90,51,46,0,1,8,31,41,10
main,fashion_mnist,5.2,2024,2,90,49,46,0,1,8,33,39,10
main,fashion_mnist,5.2,2024,3,90,53,46,0,1,8,29,43,10
main,fashion_mnist,5.2,2024,4,90,52,46,0,1,8,30,42,10
main,fashion_mnist,5.2,2024,5,90,49,46,0,1,8,33,39,10
main,fashion_mnist,5.2,2024,6,90,51,46,0,1,8,31,41,10
main,fashion_mnist,5.2,2024,7,90,46,46,1,1,10,34,38,8
main,fashion_mnist,5.2,2024,8,90,46,46,1,1,10,34,38,8
main,fashion_mnist,5.2,2024,9,90,50,46,0,1,10,30,42,8
main,fashion_mnist,5.2,2024,10,90,46,46,1,1,10,34,38,8
main,fashion_mnist,5.2,2024,11,90,47,46,0,1,10,33,39,8
main,fashion_mnist,5.2,2024,12,90,50,46,0,1,10,30,42,8
main,fashion_mnist,5.2,2024,13,90,48,46,0,1,10,32,40,8
main,fashion_mnist,5.2,2024,14,90,47,46,0,1,10,33,39,8
main,fashion_mnist,5.2,2024,15,90,46,46,1,1,10,34,38,8
main,fashion_mnist,5.2,2024,16,90,47,46,0,1,10,33,39,8
main,fashion_mnist,5.2,2024,17,90,47,46,0,1,10,33,39,8
main,fashion_mnist,5.2,2024,18,90,49,46,0,1,10,31,41,8
main,fashion_mnist,5.2,2024,19,90,46,46,1,1,10,34,38,8
main,fashion_mnist,5.2,2024,20,90,49,46,0,1,10,31,41,8
main,fashion_mnist,5.2,2024,21,90,47,46,0,1,8,35,37,10
main,fashion_mnist,5.2,2024,22,90,49,46,0,1,10,31,41,8
main,fashion_mnist,5.2,2024,23,90,48,46,0,1,10,32,40,8
main,fashion_mnist,5.2,2024,24,90,47,46,0,1,10,33,39,8
main,fashion_mnist,5.2,2024,25,90,48,46,0,1,10,32,40,8
main,fashion_mnist,5.2,2024,26,90,48,46,0,1,10,32,40,8
main,fashion_mnist,5.2,2024,27,90,46,46,1,1,10,34,38,8
main,fashion_mnist,5.2,2024,28,90,46,46,1,1,10,34,38,8
main,fashion_mnist,5.2,2024,29,90,46,46,1,1,10,34,38,8
main,fashion_mnist,5.2,42,0,90,54,46,0,1,7,29,43,11
main,fashion_mnist,5.2,42,1,90,49,46,0,1,7,34,38,11
main,fashion_mnist,5.2,42,2,90,49,46,0,1,7,34,38,11
main,fashion_mnist,5.2,42,3,90,46,46,1,1,7,37,35,11
main,fashion_mnist,5.2,42,4,90,46,46,1,1,7,37,35,11
main,fashion_mnist,5.2,42,5,90,46,46,1,1,7,37,35,11
main,fashion_mnist,5.2,42,6,90,46,46,1,1,7,37,35,11
main,fashion_mnist,5.2,42,7,90,46,46,1,1,8,36,36,10
main,fashion_mnist,5.2,42,8,90,46,46,1,1,7,37,35,11
main,fashion_mnist,5.2,42,9,90,46,46,1,1,7,37,35,11
main,fashion_mnist,5.2,42,10,90,46,46,1,1,7,37,35,11
main,fashion_mnist,5.2,42,11,90,46,46,1,1,7,37,35,11
main,fashion_mnist,5.2,42,12,90,46,46,1,1,7,37,35,11
main,fashion_mnist,5.2,42,13,90,46,46,1,1,7,37,35,11
main,fashion_mnist,5.2,42,14,90,46,46,1,1,7,37,35,11
main,fashion_mnist,5.2,42,15,90,46,46,1,1,7,37,35,11
main,fashion_mnist,5.2,42,16,90,46,46,1,1,7,37,35,11
main,fashion_mnist,5.2,42,17,90,46,46,1,1,7,37,35,11
main,fashion_mnist,5.2,42,18,90,46,46,1,1,7,37,35,11
main,fashion_mnist,5.2,42,19,90,46,46,1,1,7,37,35,11
main,fashion_mnist,5.2,42,20,90,46,46,1,1,7,37,35,11
main,fashion_mnist,5.2,42,21,90,46,46,1,1,7,37,35,11
main,fashion_mnist,5.2,42,22,90,46,46,1,1,7,37,35,11
main,fashion_mnist,5.2,42,23,90,46,46,1,1,7,37,35,11
main,fashion_mnist,5.2,42,24,90,46,46,1,1,7,37,35,11
main,fashion_mnist,5.2,42,25,90,46,46,1,1,8,36,36,10
main,fashion_mnist,5.2,42,26,90,46,46,1,1,8,36,36,10
main,fashion_mnist,5.2,42,27,90,46,46,1,1,7,37,35,11
main,fashion_mnist,5.2,42,28,90,46,46,1,1,7,37,35,11
main,fashion_mnist,5.2,42,29,90,46,46,1,1,7,37,35,11
main,fashion_mnist,5.3,137,0,90,53,46,0,1,12,25,38,15
main,fashion_mnist,5.3,137,1,90,56,46,0,1,10,24,39,17
main,fashion_mnist,5.3,137,2,90,53,46,0,1,10,27,36,17
main,fashion_mnist,5.3,137,3,90,55,46,0,1,11,24,39,16
main,fashion_mnist,5.3,137,4,90,53,46,0,1,12,25,38,15
main,fashion_mnist,5.3,137,5,90,48,46,0,1,12,30,33,15
main,fashion_mnist,5.3,137,6,90,49,46,0,1,12,29,34,15
main,fashion_mnist,5.3,137,7,90,47,46,0,1,13,30,33,14
main,fashion_mnist,5.3,137,8,90,50,46,0,1,12,28,35,15
main,fashion_mnist,5.3,137,9,90,46,46,1,1,12,32,31,15
main,fashion_mnist,5.3,137,10,90,46,46,1,1,14,30,33,13
main,fashion_mnist,5.3,137,11,90,46,46,1,1,13,31,32,14
main,fashion_mnist,5.3,137,12,90,46,46,1,1,13,31,32,14
main,fashion_mnist,5.3,137,13,90,48,46,0,1,13,29,34,14
main,fashion_mnist,5.3,137,14,90,51,46,0,1,13,26,37,14
main,fashion_mnist,5.3,137,15,90,48,46,0,1,13,29,34,14
main,fashion_mnist,5.3,137,16,90,47,46,0,1,13,30,33,14
main,fashion_mnist,5.3,137,17,90,46,46,1,1,13,31,32,14
main,fashion_mnist,5.3,137,18,90,47,46,0,1,13,30,33,14
main,fashion_mnist,5.3,137,19,90,46,46,1,1,13,31,32,14
main,fashion_mnist,5.3,137,20,90,49,46,0,1,13,28,35,14
main,fashion_mnist,5.3,137,21,90,46,46,1,1,13,31,32,14
main,fashion_mnist,5.3,137,22,90,47,46,0,1,13,30,33,14
main,fashion_mnist,5.3,137,23,90,46,46,1,1,13,31,32,14
main,fashion_mnist,5.3,137,24,90,46,46,1,1,13,31,32,14
main,fashion_mnist,5.3,137,25,90,46,46,1,1,12,32,31,15
main,fashion_mnist,5.3,137,26,90,46,46,1,1,13,31,32,14
main,fashion_mnist,5.3,137,27,90,47,46,0,1,14,29,34,13
main,fashion_mnist,5.3,137,28,90,47,46,0,1,13,30,33,14
main,fashion_mnist,5.3,137,29,90,46,46,1,1,13,31,32,14
main,fashion_mnist,5.3,2024,0,90,55,46,0,1,10,25,38,17
main,fashion_mnist,5.3,2024,1,90,51,46,0,1,12,27,36,15
main,fashion_mnist,5.3,2024,2,90,52,46,0,1,12,26,37,15
main,fashion_mnist,5.3,2024,3,90,50,46,0,1,12,28,35,15
main,fashion_mnist,5.3,2024,4,90,50,46,0,1,12,28,35,15
main,fashion_mnist,5.3,2024,5,90,51,46,0,1,12,27,36,15
main,fashion_mnist,5.3,2024,6,90,47,46,0,1,12,31,32,15
main,fashion_mnist,5.3,2024,7,90,48,46,0,1,15,27,36,12
main,fashion_mnist,5.3,2024,8,90,47,46,0,1,15,28,35,12
main,fashion_mnist,5.3,2024,9,90,47,46,0,1,15,28,35,12
main,fashion_mnist,5.3,2024,10,90,46,46,1,1,15,29,34,12
main,fashion_mnist,5.3,2024,11,90,49,46,0,1,15,26,37,12
main,fashion_mnist,5.3,2024,12,90,46,46,1,1,16,28,35,11
main,fashion_mnist,5.3,2024,13,90,46,46,1,1,16,28,35,11
main,fashion_mnist,5.3,2024,14,90,47,46,0,1,16,27,36,11
main,fashion_mnist,5.3,2024,15,90,48,46,0,1,16,26,37,11
main,fashion_mnist,5.3,2024,16,90,46,46,1,1,16,28,35,11
main,fashion_mnist,5.3,2024,17,90,49,46,0,1,16,25,38,11
main,fashion_mnist,5.3,2024,18,90,46,46,1,1,16,28,35,11
main,fashion_mnist,5.3,2024,19,90,47,46,0,1,13,30,33,14
main,fashion_mnist,5.3,2024,20,90,46,46,1,1,16,28,35,11
main,fashion_mnist,5.3,2024,21,90,46,46,1,1,15,29,34,12
main,fashion_mnist,5.3,2024,22,90,46,46,1,1,16,28,35,11
main,fashion_mnist,5.3,2024,23,90,46,46,1,1,16,28,35,11
main,fashion_mnist,5.3,2024,24,90,46,46,1,1,15,29,34,12
main,fashion_mnist,5.3,2024,25,90,47,46,0,1,16,27,36,11
main,fashion_mnist,5.3,2024,26,90,46,46,1,1,16,28,35,11
main,fashion_mnist,5.3,2024,27,90,46,46,1,1,16,28,35,11
main,fashion_mnist,5.3,2024,28,90,49,46,0,1,16,25,38,11
main,fashion_mnist,5.3,2024,29,90,46,46,1,1,16,28,35,11
main,fashion_mnist,5.3,42,0,90,55,46,0,1,11,24,39,16
main,fashion_mnist,5.3,42,1,90,49,46,0,1,11,30,33,16
main,fashion_mnist,5.3,42,2,90,49,46,0,1,11,30,33,16
main,fashion_mnist,5.3,42,3,90,47,46,0,1,11,32,31,16
main,fashion_mnist,5.3,42,4,90,46,46,1,1,11,33,30,16
main,fashion_mnist,5.3,42,5,90,46,46,1,1,11,33,30,16
main,fashion_mnist,5.3,42,6,90,46,46,1,1,11,33,30,16
main,fashion_mnist,5.3,42,7,90,46,46,1,1,12,32,31,15
main,fashion_mnist,5.3,42,8,90,46,46,1,1,12,32,31,15
main,fashion_mnist,5.3,42,9,90,46,46,1,1,11,33,30,16
main,fashion_mnist,5.3,42,10,90,46,46,1,1,11,33,30,16
main,fashion_mnist,5.3,42,11,90,46,46,1,1,11,33,30,16
main,fashion_mnist,5.3,42,12,90,46,46,1,1,11,33,30,16
main,fashion_mnist,5.3,42,13,90,46,46,1,1,12,32,31,15
main,fashion_mnist,5.3,42,14,90,46,46,1,1,12,32,31,15
main,fashion_mnist,5.3,42,15,90,46,46,1,1,12,32,31,15
main,fashion_mnist,5.3,42,16,90,46,46,1,1,12,32,31,15
main,fashion_mnist,5.3,42,17,90,46,46,1,1,12,32,31,15
main,fashion_mnist,5.3,42,18,90,46,46,1,1,12,32,31,15
main,fashion_mnist,5.3,42,19,90,46,46,1,1,12,32,31,15
main,fashion_mnist,5.3,42,20,90,46,46,1,1,11,33,30,16
main,fashion_mnist,5.3,42,21,90,46,46,1,1,11,33,30,16
main,fashion_mnist,5.3,42,22,90,46,46,1,1,12,32,31,15
main,fashion_mnist,5.3,42,23,90,46,46,1,1,12,32,31,15
main,fashion_mnist,5.3,42,24,90,46,46,1,1,12,32,31,15
main,fashion_mnist,5.3,42,25,90,46,46,1,1,12,32,31,15
main,fashion_mnist,5.3,42,26,90,46,46,1,1,11,33,30,16
main,fashion_mnist,5.3,42,27,90,46,46,1,1,12,32,31,15
main,fashion_mnist,5.3,42,28,90,46,46,1,1,12,32,31,15
main,fashion_mnist,5.3,42,29,90,46,46,1,1,12,32,31,15
main,fashion_mnist,6.1,137,0,90,46,46,1,0,0,44,46,0
main,fashion_mnist,6.1,137,1,90,46,46,1,0,0,44,46,0
main,fashion_mnist,6.1,137,2,90,46,46,1,0,0,44,46,0
main,fashion_mnist,6.1,137,3,90,46,46,1,0,0,44,46,0
main,fashion_mnist,6.1,137,4,90,46,46,1,0,0,44,46,0
main,fashion_mnist,6.1,137,5,90,46,46,1,0,0,44,46,0
main,fashion_mnist,6.1,137,6,90,46,46,1,0,0,44,46,0
main,fashion_mnist,6.1,137,7,90,46,46,1,0,0,44,46,0
main,fashion_mnist,6.1,137,8,90,46,46,1,0,0,44,46,0
main,fashion_mnist,6.1,137,9,90,46,46,1,0,0,44,46,0
main,fashion_mnist,6.1,137,10,90,46,46,1,0,0,44,46,0
main,fashion_mnist,6.1,137,11,90,46,46,1,0,0,44,46,0
main,fashion_mnist,6.1,137,12,90,46,46,1,0,0,44,46,0
main,fashion_mnist,6.1,137,13,90,47,46,0,0,0,43,47,0
main,fashion_mnist,6.1,137,14,90,46,46,1,0,0,44,46,0
main,fashion_mnist,6.1,137,15,90,46,46,1,0,0,44,46,0
main,fashion_mnist,6.1,137,16,90,46,46,1,0,0,44,46,0
main,fashion_mnist,6.1,137,17,90,46,46,1,0,0,44,46,0
main,fashion_mnist,6.1,137,18,90,46,46,1,0,0,44,46,0
main,fashion_mnist,6.1,137,19,90,46,46,1,0,0,44,46,0
main,fashion_mnist,6.1,137,20,90,46,46,1,0,0,44,46,0
main,fashion_mnist,6.1,137,21,90,46,46,1,0,0,44,46,0
main,fashion_mnist,6.1,137,22,90,46,46,1,0,0,44,46,0
main,fashion_mnist,6.1,137,23,90,46,46,1,0,0,44,46,0
main,fashion_mnist,6.1,137,24,90,46,46,1,0,0,44,46,0
main,fashion_mnist,6.1,137,25,90,46,46,1,0,0,44,46,0
main,fashion_mnist,6.1,137,26,90,46,46,1,0,0,44,46,0
main,fashion_mnist,6.1,137,27,90,46,46,1,0,0,44,46,0
main,fashion_mnist,6.1,137,28,90,46,46,1,0,0,44,46,0
main,fashion_mnist,6.1,137,29,90,46,46,1,0,0,44,46,0
main,fashion_mnist,6.1,2024,0,90,46,46,1,0,0,44,46,0
main,fashion_mnist,6.1,2024,1,90,46,46,1,0,0,44,46,0
main,fashion_mnist,6.1,2024,2,90,48,46,0,0,0,42,48,0
main,fashion_mnist,6.1,2024,3,90,46,46,1,0,0,44,46,0
main,fashion_mnist,6.1,2024,4,90,46,46,1,0,0,44,46,0
main,fashion_mnist,6.1,2024,5,90,46,46,1,0,0,44,46,0
main,fashion_mnist,6.1,2024,6,90,46,46,1,0,0,44,46,0
main,fashion_mnist,6.1,2024,7,90,46,46,1,0,0,44,46,0
main,fashion_mnist,6.1,2024,8,90,46,46,1,0,0,44,46,0
main,fashion_mnist,6.1,2024,9,90,46,46,1,0,0,44,46,0
main,fashion_mnist,6.1,2024,10,90,46,46,1,0,0,44,46,0
main,fashion_mnist,6.1,2024,11,90,46,46,1,0,0,44,46,0
main,fashion_mnist,6.1,2024,12,90,46,46,1,0,0,44,46,0
main,fashion_mnist,6.1,2024,13,90,46,46,1,0,0,44,46,0
main,fashion_mnist,6.1,2024,14,90,46,46,1,0,0,44,46,0
main,fashion_mnist,6.1,2024,15,90,46,46,1,0,0,44,46,0
main,fashion_mnist,6.1,2024,16,90,46,46,1,0,0,44,46,0
main,fashion_mnist,6.1,2024,17,90,46,46,1,0,0,44,46,0
main,fashion_mnist,6.1,2024,18,90,46,46,1,0,0,44,46,0
main,fashion_mnist,6.1,2024,19,90,46,46,1,0,0,44,46,0
main,fashion_mnist,6.1,2024,20,90,46,46,1,0,0,44,46,0
main,fashion_mnist,6.1,2024,21,90,46,46,1,0,0,44,46,0
main,fashion_mnist,6.1,2024,22,90,46,46,1,0,0,44,46,0
main,fashion_mnist,6.1,2024,23,90,46,46,1,0,0,44,46,0
main,fashion_mnist,6.1,2024,24,90,46,46,1,0,0,44,46,0
main,fashion_mnist,6.1,2024,25,90,46,46,1,0,0,44,46,0
main,fashion_mnist,6.1,2024,26,90,47,46,0,0,0,43,47,0
main,fashion_mnist,6.1,2024,27,90,46,46,1,0,0,44,46,0
main,fashion_mnist,6.1,2024,28,90,50,46,0,0,0,40,50,0
main,fashion_mnist,6.1,2024,29,90,46,46,1,0,0,44,46,0
main,fashion_mnist,6.1,42,0,90,48,46,0,0,0,42,48,0
main,fashion_mnist,6.1,42,1,90,46,46,1,0,0,44,46,0
main,fashion_mnist,6.1,42,2,90,48,46,0,0,0,42,48,0
main,fashion_mnist,6.1,42,3,90,46,46,1,0,0,44,46,0
main,fashion_mnist,6.1,42,4,90,46,46,1,0,0,44,46,0
main,fashion_mnist,6.1,42,5,90,46,46,1,0,0,44,46,0
main,fashion_mnist,6.1,42,6,90,46,46,1,0,0,44,46,0
main,fashion_mnist,6.1,42,7,90,46,46,1,0,0,44,46,0
main,fashion_mnist,6.1,42,8,90,46,46,1,0,0,44,46,0
main,fashion_mnist,6.1,42,9,90,46,46,1,0,0,44,46,0
main,fashion_mnist,6.1,42,10,90,46,46,1,0,0,44,46,0
main,fashion_mnist,6.1,42,11,90,46,46,1,0,0,44,46,0
main,fashion_mnist,6.1,42,12,90,46,46,1,0,0,44,46,0
main,fashion_mnist,6.1,42,13,90,46,46,1,0,0,44,46,0
main,fashion_mnist,6.1,42,14,90,46,46,1,0,0,44,46,0
main,fashion_mnist,6.1,42,15,90,46,46,1,0,0,44,46,0
main,fashion_mnist,6.1,42,16,90,46,46,1,0,0,44,46,0
main,fashion_mnist,6.1,42,17,90,46,46,1,0,0,44,46,0
main,fashion_mnist,6.1,42,18,90,48,46,0,0,0,42,48,0
main,fashion_mnist,6.1,42,19,90,46,46,1,0,0,44,46,0
main,fashion_mnist,6.1,42,20,90,48,46,0,0,0,42,48,0
main,fashion_mnist,6.1,42,21,90,46,46,1,0,0,44,46,0
main,fashion_mnist,6.1,42,22,90,46,46,1,0,0,44,46,0
main,fashion_mnist,6.1,42,23,90,46,46,1,0,0,44,46,0
main,fashion_mnist,6.1,42,24,90,46,46,1,0,0,44,46,0
main,fashion_mnist,6.1,42,25,90,46,46,1,0,0,44,46,0
main,fashion_mnist,6.1,42,26,90,47,46,0,0,0,43,47,0
main,fashion_mnist,6.1,42,27,90,46,46,1,0,0,44,46,0
main,fashion_mnist,6.1,42,28,90,46,46,1,0,0,44,46,0
main,fashion_mnist,6.1,42,29,90,46,46,1,0,0,44,46,0
main,fashion_mnist,6.2,137,0,90,53,46,0,0,0,37,53,0
main,fashion_mnist,6.2,137,1,90,56,46,0,0,0,34,56,0
main,fashion_mnist,6.2,137,2,90,55,46,0,0,0,35,55,0
main,fashion_mnist,6.2,137,3,90,51,46,0,0,0,39,51,0
main,fashion_mnist,6.2,137,4,90,47,46,0,0,0,43,47,0
main,fashion_mnist,6.2,137,5,90,49,46,0,0,0,41,49,0
main,fashion_mnist,6.2,137,6,90,48,46,0,0,0,42,48,0
main,fashion_mnist,6.2,137,7,90,50,46,0,0,0,40,50,0
main,fashion_mnist,6.2,137,8,90,47,46,0,0,0,43,47,0
main,fashion_mnist,6.2,137,9,90,51,46,0,0,0,39,51,0
main,fashion_mnist,6.2,137,10,90,48,46,0,0,0,42,48,0
main,fashion_mnist,6.2,137,11,90,48,46,0,0,0,42,48,0
main,fashion_mnist,6.2,137,12,90,48,46,0,0,0,42,48,0
main,fashion_mnist,6.2,137,13,90,50,46,0,0,0,40,50,0
main,fashion_mnist,6.2,137,14,90,48,46,0,0,0,42,48,0
main,fashion_mnist,6.2,137,15,90,50,46,0,0,0,40,50,0
main,fashion_mnist,6.2,137,16,90,50,46,0,0,0,40,50,0
main,fashion_mnist,6.2,137,17,90,47,46,0,0,0,43,47,0
main,fashion_mnist,6.2,137,18,90,49,46,0,0,0,41,49,0
main,fashion_mnist,6.2,137,19,90,46,46,1,0,0,44,46,0
main,fashion_mnist,6.2,137,20,90,47,46,0,0,0,43,47,0
main,fashion_mnist,6.2,137,21,90,51,46,0,0,0,39,51,0
main,fashion_mnist,6.2,137,22,90,46,46,1,0,0,44,46,0
main,fashion_mnist,6.2,137,23,90,46,46,1,0,0,44,46,0
main,fashion_mnist,6.2,137,24,90,48,46,0,0,0,42,48,0
main,fashion_mnist,6.2,137,25,90,46,46,1,0,0,44,46,0
main,fashion_mnist,6.2,137,26,90,46,46,1,0,0,44,46,0
main,fashion_mnist,6.2,137,27,90,48,46,0,0,0,42,48,0
main,fashion_mnist,6.2,137,28,90,47,46,0,0,0,43,47,0
main,fashion_mnist,6.2,137,29,90,49,46,0,0,0,41,49,0
main,fashion_mnist,6.2,2024,0,90,53,46,0,0,0,37,53,0
main,fashion_mnist,6.2,2024,1,90,48,46,0,0,0,42,48,0
main,fashion_mnist,6.2,2024,2,90,49,46,0,0,0,41,49,0
main,fashion_mnist,6.2,2024,3,90,51,46,0,0,0,39,51,0
main,fashion_mnist,6.2,2024,4,90,50,46,0,0,0,40,50,0
main,fashion_mnist,6.2,2024,5,90,50,46,0,0,0,40,50,0
main,fashion_mnist,6.2,2024,6,90,47,46,0,0,0,43,47,0
main,fashion_mnist,6.2,2024,7,90,47,46,0,0,0,43,47,0
main,fashion_mnist,6.2,2024,8,90,48,46,0,0,0,42,48,0
main,fashion_mnist,6.2,2024,9,90,49,46,0,0,0,41,49,0
main,fashion_mnist,6.2,2024,10,90,46,46,1,0,0,44,46,0
main,fashion_mnist,6.2,2024,11,90,48,46,0,0,0,42,48,0
main,fashion_mnist,6.2,2024,12,90,49,46,0,0,0,41,49,0
main,fashion_mnist,6.2,2024,13,90,48,46,0,0,0,42,48,0
main,fashion_mnist,6.2,2024,14,90,46,46,1,0,0,44,46,0
main,fashion_mnist,6.2,2024,15,90,46,46,1,0,0,44,46,0
main,fashion_mnist,6.2,2024,16,90,46,46,1,0,0,44,46,0
main,fashion_mnist,6.2,2024,17,90,48,46,0,0,0,42,48,0
main,fashion_mnist,6.2,2024,18,90,46,46,1,0,0,44,46,0
main,fashion_mnist,6.2,2024,19,90,46,46,1,0,0,44,46,0
main,fashion_mnist,6.2,2024,20,90,46,46,1,0,0,44,46,0
main,fashion_mnist,6.2,2024,21,90,46,46,1,0,0,44,46,0
main,fashion_mnist,6.2,2024,22,90,49,46,0,0,0,41,49,0
main,fashion_mnist,6.2,2024,23,90,49,46,0,0,0,41,49,0
main,fashion_mnist,6.2,2024,24,90,46,46,1,0,0,44,46,0
main,fashion_mnist,6.2,2024,25,90,49,46,0,0,0,41,49,0
main,fashion_mnist,6.2,2024,26,90,47,46,0,0,0,43,47,0
main,fashion_mnist,6.2,2024,27,90,48,46,0,0,0,42,48,0
main,fashion_mnist,6.2,2024,28,90,47,46,0,0,0,43,47,0
main,fashion_mnist,6.2,2024,29,90,47,46,0,0,0,43,47,0
main,fashion_mnist,6.2,42,0,90,53,46,0,0,0,37,53,0
main,fashion_mnist,6.2,42,1,90,49,46,0,0,0,41,49,0
main,fashion_mnist,6.2,42,2,90,47,46,0,0,0,43,47,0
main,fashion_mnist,6.2,42,3,90,48,46,0,0,0,42,48,0
main,fashion_mnist,6.2,42,4,90,49,46,0,0,0,41,49,0
main,fashion_mnist,6.2,42,5,90,46,46,1,0,0,44,46,0
main,fashion_mnist,6.2,42,6,90,46,46,1,0,0,44,46,0
main,fashion_mnist,6.2,42,7,90,46,46,1,0,0,44,46,0
main,fashion_mnist,6.2,42,8,90,46,46,1,0,0,44,46,0
main,fashion_mnist,6.2,42,9,90,46,46,1,0,0,44,46,0
main,fashion_mnist,6.2,42,10,90,46,46,1,0,0,44,46,0
main,fashion_mnist,6.2,42,11,90,46,46,1,0,0,44,46,0
main,fashion_mnist,6.2,42,12,90,46,46,1,0,0,44,46,0
main,fashion_mnist,6.2,42,13,90,46,46,1,0,0,44,46,0
main,fashion_mnist,6.2,42,14,90,46,46,1,0,0,44,46,0
main,fashion_mnist,6.2,42,15,90,46,46,1,0,0,44,46,0
main,fashion_mnist,6.2,42,16,90,46,46,1,0,0,44,46,0
main,fashion_mnist,6.2,42,17,90,46,46,1,0,0,44,46,0
main,fashion_mnist,6.2,42,18,90,46,46,1,0,0,44,46,0
main,fashion_mnist,6.2,42,19,90,46,46,1,0,0,44,46,0
main,fashion_mnist,6.2,42,20,90,46,46,1,0,0,44,46,0
main,fashion_mnist,6.2,42,21,90,46,46,1,0,0,44,46,0
main,fashion_mnist,6.2,42,22,90,46,46,1,0,0,44,46,0
main,fashion_mnist,6.2,42,23,90,46,46,1,0,0,44,46,0
main,fashion_mnist,6.2,42,24,90,46,46,1,0,0,44,46,0
main,fashion_mnist,6.2,42,25,90,46,46,1,0,0,44,46,0
main,fashion_mnist,6.2,42,26,90,46,46,1,0,0,44,46,0
main,fashion_mnist,6.2,42,27,90,46,46,1,0,0,44,46,0
main,fashion_mnist,6.2,42,28,90,46,46,1,0,0,44,46,0
main,fashion_mnist,6.2,42,29,90,46,46,1,0,0,44,46,0
main,fashion_mnist,7.1,137,0,90,66,46,0,1,0,24,39,27
main,fashion_mnist,7.1,137,1,90,66,46,0,1,0,24,39,27
main,fashion_mnist,7.1,137,2,90,61,46,0,1,0,29,34,27
main,fashion_mnist,7.1,137,3,90,51,46,0,1,0,39,24,27
main,fashion_mnist,7.1,137,4,90,47,46,0,1,0,43,20,27
main,fashion_mnist,7.1,137,5,90,46,46,1,1,0,44,19,27
main,fashion_mnist,7.1,137,6,90,46,46,1,1,0,44,19,27
main,fashion_mnist,7.1,137,7,90,46,46,1,1,0,44,19,27
main,fashion_mnist,7.1,137,8,90,46,46,1,1,0,44,19,27
main,fashion_mnist,7.1,137,9,90,47,46,0,1,0,43,20,27
main,fashion_mnist,7.1,137,10,90,46,46,1,1,0,44,19,27
main,fashion_mnist,7.1,137,11,90,46,46,1,1,0,44,19,27
main,fashion_mnist,7.1,137,12,90,46,46,1,1,0,44,19,27
main,fashion_mnist,7.1,137,13,90,46,46,1,1,0,44,19,27
main,fashion_mnist,7.1,137,14,90,46,46,1,1,0,44,19,27
main,fashion_mnist,7.1,137,15,90,46,46,1,1,0,44,19,27
main,fashion_mnist,7.1,137,16,90,47,46,0,1,0,43,20,27
main,fashion_mnist,7.1,137,17,90,46,46,1,1,0,44,19,27
main,fashion_mnist,7.1,137,18,90,46,46,1,1,0,44,19,27
main,fashion_mnist,7.1,137,19,90,46,46,1,1,0,44,19,27
main,fashion_mnist,7.1,137,20,90,46,46,1,1,0,44,19,27
main,fashion_mnist,7.1,137,21,90,46,46,1,1,0,44,19,27
main,fashion_mnist,7.1,137,22,90,46,46,1,1,0,44,19,27
main,fashion_mnist,7.1,137,23,90,46,46,1,1,0,44,19,27
main,fashion_mnist,7.1,137,24,90,46,46,1,1,0,44,19,27
main,fashion_mnist,7.1,137,25,90,46,46,1,1,0,44,19,27
main,fashion_mnist,7.1,137,26,90,46,46,1,1,0,44,19,27
main,fashion_mnist,7.1,137,27,90,46,46,1,1,0,44,19,27
main,fashion_mnist,7.1,137,28,90,46,46,1,1,0,44,19,27
main,fashion_mnist,7.1,137,29,90,46,46,1,1,0,44,19,27
main,fashion_mnist,7.1,2024,0,90,65,46,0,1,0,25,38,27
main,fashion_mnist,7.1,2024,1,90,70,46,0,1,0,20,43,27
main,fashion_mnist,7.1,2024,2,90,64,46,0,1,0,26,37,27
main,fashion_mnist,7.1,2024,3,90,61,46,0,1,0,29,34,27
main,fashion_mnist,7.1,2024,4,90,46,46,1,1,0,44,19,27
main,fashion_mnist,7.1,2024,5,90,46,46,1,1,0,44,19,27
main,fashion_mnist,7.1,2024,6,90,47,46,0,1,0,43,20,27
main,fashion_mnist,7.1,2024,7,90,46,46,1,1,0,44,19,27
main,fashion_mnist,7.1,2024,8,90,46,46,1,1,0,44,19,27
main,fashion_mnist,7.1,2024,9,90,46,46,1,1,0,44,19,27
main,fashion_mnist,7.1,2024,10,90,46,46,1,1,0,44,19,27
main,fashion_mnist,7.1,2024,11,90,46,46,1,1,0,44,19,27
main,fashion_mnist,7.1,2024,12,90,46,46,1,1,0,44,19,27
main,fashion_mnist,7.1,2024,13,90,46,46,1,1,0,44,19,27
main,fashion_mnist,7.1,2024,14,90,46,46,1,1,0,44,19,27
main,fashion_mnist,7.1,2024,15,90,46,46,1,1,0,44,19,27
main,fashion_mnist,7.1,2024,16,90,46,46,1,1,0,44,19,27
main,fashion_mnist,7.1,2024,17,90,46,46,1,1,0,44,19,27
main,fashion_mnist,7.1,2024,18,90,46,46,1,1,0,44,19,27
main,fashion_mnist,7.1,2024,19,90,46,46,1,1,0,44,19,27
main,fashion_mnist,7.1,2024,20,90,46,46,1,1,0,44,19,27
main,fashion_mnist,7.1,2024,21,90,46,46,1,1,0,44,19,27
main,fashion_mnist,7.1,2024,22,90,46,46,1,1,0,44,19,27
main,fashion_mnist,7.1,2024,23,90,46,46,1,1,0,44,19,27
main,fashion_mnist,7.1,2024,24,90,46,46,1,1,0,44,19,27
main,fashion_mnist,7.1,2024,25,90,46,46,1,1,0,44,19,27
main,fashion_mnist,7.1,2024,26,90,46,46,1,1,0,44,19,27
main,fashion_mnist,7.1,2024,27,90,46,46,1,1,0,44,19,27
main,fashion_mnist,7.1,2024,28,90,46,46,1,1,0,44,19,27
main,fashion_mnist,7.1,2024,29,90,46,46,1,1,0,44,19,27
main,fashion_mnist,7.1,42,0,90,50,46,0,1,0,40,23,27
main,fashion_mnist,7.1,42,1,90,61,46,0,1,0,29,34,27
main,fashion_mnist,7.1,42,2,90,46,46,1,1,0,44,19,27
main,fashion_mnist,7.1,42,3,90,47,46,0,1,0,43,20,27
main,fashion_mnist,7.1,42,4,90,46,46,1,1,0,44,19,27
main,fashion_mnist,7.1,42,5,90,46,46,1,1,0,44,19,27
main,fashion_mnist,7.1,42,6,90,46,46,1,1,0,44,19,27
main,fashion_mnist,7.1,42,7,90,46,46,1,1,0,44,19,27
main,fashion_mnist,7.1,42,8,90,47,46,0,1,0,43,20,27
main,fashion_mnist,7.1,42,9,90,46,46,1,1,0,44,19,27
main,fashion_mnist,7.1,42,10,90,46,46,1,1,0,44,19,27
main,fashion_mnist,7.1,42,11,90,47,46,0,1,0,43,20,27
main,fashion_mnist,7.1,42,12,90,46,46,1,1,0,44,19,27
main,fashion_mnist,7.1,42,13,90,46,46,1,1,0,44,19,27
main,fashion_mnist,7.1,42,14,90,46,46,1,1,0,44,19,27
main,fashion_mnist,7.1,42,15,90,47,46,0,1,0,43,20,27
main,fashion_mnist,7.1,42,16,90,47,46,0,1,0,43,20,27
main,fashion_mnist,7.1,42,17,90,46,46,1,1,0,44,19,27
main,fashion_mnist,7.1,42,18,90,46,46,1,1,0,44,19,27
main,fashion_mnist,7.1,42,19,90,48,46,0,1,0,42,21,27
main,fashion_mnist,7.1,42,20,90,46,46,1,1,0,44,19,27
main,fashion_mnist,7.1,42,21,90,46,46,1,1,0,44,19,27
main,fashion_mnist,7.1,42,22,90,84,46,0,1,0,6,57,27
main,fashion_mnist,7.1,42,23,90,47,46,0,1,0,43,20,27
main,fashion_mnist,7.1,42,24,90,46,46,1,1,0,44,19,27
main,fashion_mnist,7.1,42,25,90,46,46,1,1,0,44,19,27
main,fashion_mnist,7.1,42,26,90,46,46,1,1,0,44,19,27
main,fashion_mnist,7.1,42,27,90,46,46,1,1,0,44,19,27
main,fashion_mnist,7.1,42,28,90,46,46,1,1,0,44,19,27
main,fashion_mnist,7.1,42,29,90,82,46,0,1,0,8,55,27
main,fashion_mnist,7.2,137,0,90,50,46,0,1,0,40,23,27
main,fashion_mnist,7.2,137,1,90,48,46,0,1,0,42,21,27
main,fashion_mnist,7.2,137,2,90,46,46,1,1,0,44,19,27
main,fashion_mnist,7.2,137,3,90,46,46,1,1,0,44,19,27
main,fashion_mnist,7.2,137,4,90,46,46,1,1,0,44,19,27
main,fashion_mnist,7.2,137,5,90,46,46,1,1,0,44,19,27
main,fashion_mnist,7.2,137,6,90,46,46,1,1,0,44,19,27
main,fashion_mnist,7.2,137,7,90,46,46,1,1,0,44,19,27
main,fashion_mnist,7.2,137,8,90,46,46,1,1,0,44,19,27
main,fashion_mnist,7.2,137,9,90,46,46,1,1,0,44,19,27
main,fashion_mnist,7.2,137,10,90,46,46,1,1,0,44,19,27
main,fashion_mnist,7.2,137,11,90,46,46,1,1,0,44,19,27
main,fashion_mnist,7.2,137,12,90,46,46,1,1,0,44,19,27
main,fashion_mnist,7.2,137,13,90,46,46,1,1,0,44,19,27
main,fashion_mnist,7.2,137,14,90,46,46,1,1,0,44,19,27
main,fashion_mnist,7.2,137,15,90,46,46,1,1,0,44,19,27
main,fashion_mnist,7.2,137,16,90,46,46,1,1,0,44,19,27
main,fashion_mnist,7.2,137,17,90,46,46,1,1,0,44,19,27
main,fashion_mnist,7.2,137,18,90,46,46,1,1,0,44,19,27
main,fashion_mnist,7.2,137,19,90,46,46,1,1,0,44,19,27
main,fashion_mnist,7.2,137,20,90,46,46,1,1,0,44,19,27
main,fashion_mnist,7.2,137,21,90,46,46,1,1,0,44,19,27
main,fashion_mnist,7.2,137,22,90,46,46,1,1,0,44,19,27
main,fashion_mnist,7.2,137,23,90,46,46,1,1,0,44,19,27
main,fashion_mnist,7.2,137,24,90,46,46,1,1,0,44,19,27
main,fashion_mnist,7.2,137,25,90,46,46,1,1,0,44,19,27
main,fashion_mnist,7.2,137,26,90,46,46,1,1,0,44,19,27
main,fashion_mnist,7.2,137,27,90,46,46,1,1,0,44,19,27
main,fashion_mnist,7.2,137,28,90,46,46,1,1,0,44,19,27
main,fashion_mnist,7.2,137,29,90,46,46,1,1,0,44,19,27
main,fashion_mnist,7.2,2024,0,90,50,46,0,1,0,40,23,27
main,fashion_mnist,7.2,2024,1,90,51,46,0,1,0,39,24,27
main,fashion_mnist,7.2,2024,2,90,50,46,0,1,0,40,23,27
main,fashion_mnist,7.2,2024,3,90,49,46,0,1,0,41,22,27
main,fashion_mnist,7.2,2024,4,90,51,46,0,1,0,39,24,27
main,fashion_mnist,7.2,2024,5,90,51,46,0,1,0,39,24,27
main,fashion_mnist,7.2,2024,6,90,47,46,0,1,0,43,20,27
main,fashion_mnist,7.2,2024,7,90,51,46,0,1,0,39,24,27
main,fashion_mnist,7.2,2024,8,90,50,46,0,1,0,40,23,27
main,fashion_mnist,7.2,2024,9,90,48,46,0,1,0,42,21,27
main,fashion_mnist,7.2,2024,10,90,48,46,0,1,0,42,21,27
main,fashion_mnist,7.2,2024,11,90,50,46,0,1,0,40,23,27
main,fashion_mnist,7.2,2024,12,90,49,46,0,1,0,41,22,27
main,fashion_mnist,7.2,2024,13,90,46,46,1,1,0,44,19,27
main,fashion_mnist,7.2,2024,14,90,46,46,1,1,0,44,19,27
main,fashion_mnist,7.2,2024,15,90,47,46,0,1,0,43,20,27
main,fashion_mnist,7.2,2024,16,90,46,46,1,1,0,44,19,27
main,fashion_mnist,7.2,2024,17,90,46,46,1,1,0,44,19,27
main,fashion_mnist,7.2,2024,18,90,46,46,1,1,0,44,19,27
main,fashion_mnist,7.2,2024,19,90,46,46,1,1,0,44,19,27
main,fashion_mnist,7.2,2024,20,90,46,46,1,1,0,44,19,27
main,fashion_mnist,7.2,2024,21,90,46,46,1,1,0,44,19,27
main,fashion_mnist,7.2,2024,22,90,46,46,1,1,0,44,19,27
main,fashion_mnist,7.2,2024,23,90,46,46,1,1,0,44,19,27
main,fashion_mnist,7.2,2024,24,90,46,46,1,1,0,44,19,27
main,fashion_mnist,7.2,2024,25,90,46,46,1,1,0,44,19,27
main,fashion_mnist,7.2,2024,26,90,46,46,1,1,0,44,19,27
main,fashion_mnist,7.2,2024,27,90,46,46,1,1,0,44,19,27
main,fashion_mnist,7.2,2024,28,90,46,46,1,1,0,44,19,27
main,fashion_mnist,7.2,2024,29,90,46,46,1,1,0,44,19,27
main,fashion_mnist,7.2,42,0,90,64,46,0,1,0,26,37,27
main,fashion_mnist,7.2,42,1,90,47,46,0,1,0,43,20,27
main,fashion_mnist,7.2,42,2,90,46,46,1,1,0,44,19,27
main,fashion_mnist,7.2,42,3,90,46,46,1,1,0,44,19,27
main,fashion_mnist,7.2,42,4,90,60,46,0,1,0,30,33,27
main,fashion_mnist,7.2,42,5,90,58,46,0,1,0,32,31,27
main,fashion_mnist,7.2,42,6,90,59,46,0,1,0,31,32,27
main,fashion_mnist,7.2,42,7,90,60,46,0,1,0,30,33,27
main,fashion_mnist,7.2,42,8,90,46,46,1,1,0,44,19,27
main,fashion_mnist,7.2,42,9,90,57,46,0,1,0,33,30,27
main,fashion_mnist,7.2,42,10,90,58,46,0,1,0,32,31,27
main,fashion_mnist,7.2,42,11,90,58,46,0,1,0,32,31,27
main,fashion_mnist,7.2,42,12,90,58,46,0,1,0,32,31,27
main,fashion_mnist,7.2,42,13,90,60,46,0,1,0,30,33,27
main,fashion_mnist,7.2,42,14,90,58,46,0,1,0,32,31,27
main,fashion_mnist,7.2,42,15,90,60,46,0,1,0,30,33,27
main,fashion_mnist,7.2,42,16,90,58,46,0,1,0,32,31,27
main,fashion_mnist,7.2,42,17,90,59,46,0,1,0,31,32,27
main,fashion_mnist,7.2,42,18,90,60,46,0,1,0,30,33,27
main,fashion_mnist,7.2,42,19,90,58,46,0,1,0,32,31,27
main,fashion_mnist,7.2,42,20,90,56,46,0,1,0,34,29,27
main,fashion_mnist,7.2,42,21,90,56,46,0,1,0,34,29,27
main,fashion_mnist,7.2,42,22,90,60,46,0,1,0,30,33,27
main,fashion_mnist,7.2,42,23,90,59,46,0,1,0,31,32,27
main,fashion_mnist,7.2,42,24,90,58,46,0,1,0,32,31,27
main,fashion_mnist,7.2,42,25,90,58,46,0,1,0,32,31,27
main,fashion_mnist,7.2,42,26,90,56,46,0,1,0,34,29,27
main,fashion_mnist,7.2,42,27,90,56,46,0,1,0,34,29,27
main,fashion_mnist,7.2,42,28,90,56,46,0,1,0,34,29,27
main,fashion_mnist,7.2,42,29,90,58,46,0,1,0,32,31,27
main,fashion_mnist,8.1,137,0,90,46,46,1,1,12,32,31,15
main,fashion_mnist,8.1,137,1,90,46,46,1,1,12,32,31,15
main,fashion_mnist,8.1,137,2,90,46,46,1,1,13,31,32,14
main,fashion_mnist,8.1,137,3,90,46,46,1,1,12,32,31,15
main,fashion_mnist,8.1,137,4,90,46,46,1,1,14,30,33,13
main,fashion_mnist,8.1,137,5,90,47,46,0,1,12,31,32,15
main,fashion_mnist,8.1,137,6,90,46,46,1,1,13,31,32,14
main,fashion_mnist,8.1,137,7,90,46,46,1,1,13,31,32,14
main,fashion_mnist,8.1,137,8,90,47,46,0,1,13,30,33,14
main,fashion_mnist,8.1,137,9,90,47,46,0,1,12,31,32,15
main,fashion_mnist,8.1,137,10,90,46,46,1,1,13,31,32,14
main,fashion_mnist,8.1,137,11,90,46,46,1,1,12,32,31,15
main,fashion_mnist,8.1,137,12,90,46,46,1,1,10,34,29,17
main,fashion_mnist,8.1,137,13,90,46,46,1,1,10,34,29,17
main,fashion_mnist,8.1,137,14,90,46,46,1,1,12,32,31,15
main,fashion_mnist,8.1,137,15,90,46,46,1,1,10,34,29,17
main,fashion_mnist,8.1,137,16,90,46,46,1,1,10,34,29,17
main,fashion_mnist,8.1,137,17,90,46,46,1,1,11,33,30,16
main,fashion_mnist,8.1,137,18,90,46,46,1,1,9,35,28,18
main,fashion_mnist,8.1,137,19,90,46,46,1,1,9,35,28,18
main,fashion_mnist,8.1,137,20,90,46,46,1,1,10,34,29,17
main,fashion_mnist,8.1,137,21,90,46,46,1,1,10,34,29,17
main,fashion_mnist,8.1,137,22,90,46,46,1,1,9,35,28,18
main,fashion_mnist,8.1,137,23,90,46,46,1,1,9,35,28,18
main,fashion_mnist,8.1,137,24,90,46,46,1,1,9,35,28,18
main,fashion_mnist,8.1,137,25,90,46,46,1,1,9,35,28,18
main,fashion_mnist,8.1,137,26,90,47,46,0,1,9,34,29,18
main,fashion_mnist,8.1,137,27,90,46,46,1,1,9,35,28,18
main,fashion_mnist,8.1,137,28,90,46,46,1,1,9,35,28,18
main,fashion_mnist,8.1,137,29,90,46,46,1,1,10,34,29,17
main,fashion_mnist,8.1,2024,0,90,46,46,1,1,16,28,35,11
main,fashion_mnist,8.1,2024,1,90,46,46,1,1,16,28,35,11
main,fashion_mnist,8.1,2024,2,90,46,46,1,1,16,28,35,11
main,fashion_mnist,8.1,2024,3,90,46,46,1,1,17,27,36,10
main,fashion_mnist,8.1,2024,4,90,46,46,1,1,18,26,37,9
main,fashion_mnist,8.1,2024,5,90,46,46,1,1,16,28,35,11
main,fashion_mnist,8.1,2024,6,90,49,46,0,1,15,26,37,12
main,fashion_mnist,8.1,2024,7,90,48,46,0,1,16,26,37,11
main,fashion_mnist,8.1,2024,8,90,46,46,1,1,16,28,35,11
main,fashion_mnist,8.1,2024,9,90,46,46,1,1,16,28,35,11
main,fashion_mnist,8.1,2024,10,90,46,46,1,1,14,30,33,13
main,fashion_mnist,8.1,2024,11,90,46,46,1,1,14,30,33,13
main,fashion_mnist,8.1,2024,12,90,46,46,1,1,16,28,35,11
main,fashion_mnist,8.1,2024,13,90,46,46,1,1,14,30,33,13
main,fashion_mnist,8.1,2024,14,90,46,46,1,1,15,29,34,12
main,fashion_mnist,8.1,2024,15,90,46,46,1,1,15,29,34,12
main,fashion_mnist,8.1,2024,16,90,46,46,1,1,14,30,33,13
main,fashion_mnist,8.1,2024,17,90,46,46,1,1,15,29,34,12
main,fashion_mnist,8.1,2024,18,90,46,46,1,1,15,29,34,12
main,fashion_mnist,8.1,2024,19,90,46,46,1,1,14,30,33,13
main,fashion_mnist,8.1,2024,20,90,46,46,1,1,12,32,31,15
main,fashion_mnist,8.1,2024,21,90,46,46,1,1,13,31,32,14
main,fashion_mnist,8.1,2024,22,90,46,46,1,1,14,30,33,13
main,fashion_mnist,8.1,2024,23,90,46,46,1,1,12,32,31,15
main,fashion_mnist,8.1,2024,24,90,46,46,1,1,13,31,32,14
main,fashion_mnist,8.1,2024,25,90,46,46,1,1,13,31,32,14
main,fashion_mnist,8.1,2024,26,90,46,46,1,1,13,31,32,14
main,fashion_mnist,8.1,2024,27,90,46,46,1,1,14,30,33,13
main,fashion_mnist,8.1,2024,28,90,46,46,1,1,13,31,32,14
main,fashion_mnist,8.1,2024,29,90,46,46,1,1,13,31,32,14
main,fashion_mnist,8.1,42,0,90,46,46,1,1,14,30,33,13
main,fashion_mnist,8.1,42,1,90,46,46,1,1,13,31,32,14
main,fashion_mnist,8.1,42,2,90,46,46,1,1,14,30,33,13
main,fashion_mnist,8.1,42,3,90,46,46,1,1,16,28,35,11
main,fashion_mnist,8.1,42,4,90,46,46,1,1,16,28,35,11
main,fashion_mnist,8.1,42,5,90,46,46,1,1,15,29,34,12
main,fashion_mnist,8.1,42,6,90,46,46,1,1,14,30,33,13
main,fashion_mnist,8.1,42,7,90,46,46,1,1,14,30,33,13
main,fashion_mnist,8.1,42,8,90,46,46,1,1,12,32,31,15
main,fashion_mnist,8.1,42,9,90,46,46,1,1,12,32,31,15
main,fashion_mnist,8.1,42,10,90,46,46,1,1,13,31,32,14
main,fashion_mnist,8.1,42,11,90,47,46,0,1,13,30,33,14
main,fashion_mnist,8.1,42,12,90,46,46,1,1,13,31,32,14
main,fashion_mnist,8.1,42,13,90,46,46,1,1,12,32,31,15
main,fashion_mnist,8.1,42,14,90,46,46,1,1,10,34,29,17
main,fashion_mnist,8.1,42,15,90,46,46,1,1,13,31,32,14
main,fashion_mnist,8.1,42,16,90,46,46,1,1,11,33,30,16
main,fashion_mnist,8.1,42,17,90,46,46,1,1,12,32,31,15
main,fashion_mnist,8.1,42,18,90,46,46,1,1,10,34,29,17
main,fashion_mnist,8.1,42,19,90,46,46,1,1,10,34,29,17
main,fashion_mnist,8.1,42,20,90,46,46,1,1,10,34,29,17
main,fashion_mnist,8.1,42,21,90,46,46,1,1,12,32,31,15
main,fashion_mnist,8.1,42,22,90,46,46,1,1,10,34,29,17
main,fashion_mnist,8.1,42,23,90,46,46,1,1,9,35,28,18
main,fashion_mnist,8.1,42,24,90,46,46,1,1,11,33,30,16
main,fashion_mnist,8.1,42,25,90,46,46,1,1,8,36,27,19
main,fashion_mnist,8.1,42,26,90,46,46,1,1,10,34,29,17
main,fashion_mnist,8.1,42,27,90,46,46,1,1,12,32,31,15
main,fashion_mnist,8.1,42,28,90,46,46,1,1,10,34,29,17
main,fashion_mnist,8.1,42,29,90,46,46,1,1,9,35,28,18
main,fashion_mnist,8.2,137,0,90,56,46,0,1,10,24,39,17
main,fashion_mnist,8.2,137,1,90,55,46,0,1,10,25,38,17
main,fashion_mnist,8.2,137,2,90,54,46,0,1,10,26,37,17
main,fashion_mnist,8.2,137,3,90,53,46,0,1,13,24,39,14
main,fashion_mnist,8.2,137,4,90,52,46,0,1,13,25,38,14
main,fashion_mnist,8.2,137,5,90,46,46,1,1,14,30,33,13
main,fashion_mnist,8.2,137,6,90,48,46,0,1,13,29,34,14
main,fashion_mnist,8.2,137,7,90,46,46,1,1,13,31,32,14
main,fashion_mnist,8.2,137,8,90,46,46,1,1,15,29,34,12
main,fashion_mnist,8.2,137,9,90,47,46,0,1,13,30,33,14
main,fashion_mnist,8.2,137,10,90,46,46,1,1,14,30,33,13
main,fashion_mnist,8.2,137,11,90,46,46,1,1,13,31,32,14
main,fashion_mnist,8.2,137,12,90,46,46,1,1,13,31,32,14
main,fashion_mnist,8.2,137,13,90,46,46,1,1,15,29,34,12
main,fashion_mnist,8.2,137,14,90,50,46,0,1,13,27,36,14
main,fashion_mnist,8.2,137,15,90,47,46,0,1,13,30,33,14
main,fashion_mnist,8.2,137,16,90,47,46,0,1,13,30,33,14
main,fashion_mnist,8.2,137,17,90,46,46,1,1,14,30,33,13
main,fashion_mnist,8.2,137,18,90,48,46,0,1,13,29,34,14
main,fashion_mnist,8.2,137,19,90,46,46,1,1,14,30,33,13
main,fashion_mnist,8.2,137,20,90,49,46,0,1,14,27,36,13
main,fashion_mnist,8.2,137,21,90,46,46,1,1,13,31,32,14
main,fashion_mnist,8.2,137,22,90,46,46,1,1,14,30,33,13
main,fashion_mnist,8.2,137,23,90,46,46,1,1,13,31,32,14
main,fashion_mnist,8.2,137,24,90,46,46,1,1,13,31,32,14
main,fashion_mnist,8.2,137,25,90,46,46,1,1,12,32,31,15
main,fashion_mnist,8.2,137,26,90,46,46,1,1,14,30,33,13
main,fashion_mnist,8.2,137,27,90,47,46,0,1,13,30,33,14
main,fashion_mnist,8.2,137,28,90,46,46,1,1,13,31,32,14
main,fashion_mnist,8.2,137,29,90,46,46,1,1,13,31,32,14
main,fashion_mnist,8.2,2024,0,90,52,46,0,1,10,28,35,17
main,fashion_mnist,8.2,2024,1,90,50,46,0,1,11,29,34,16
main,fashion_mnist,8.2,2024,2,90,51,46,0,1,12,27,36,15
main,fashion_mnist,8.2,2024,3,90,50,46,0,1,12,28,35,15
main,fashion_mnist,8.2,2024,4,90,51,46,0,1,11,28,35,16
main,fashion_mnist,8.2,2024,5,90,51,46,0,1,12,27,36,15
main,fashion_mnist,8.2,2024,6,90,46,46,1,1,13,31,32,14
main,fashion_mnist,8.2,2024,7,90,50,46,0,1,13,27,36,14
main,fashion_mnist,8.2,2024,8,90,48,46,0,1,14,28,35,13
main,fashion_mnist,8.2,2024,9,90,50,46,0,1,12,28,35,15
main,fashion_mnist,8.2,2024,10,90,48,46,0,1,13,29,34,14
main,fashion_mnist,8.2,2024,11,90,50,46,0,1,14,26,37,13
main,fashion_mnist,8.2,2024,12,90,46,46,1,1,16,28,35,11
main,fashion_mnist,8.2,2024,13,90,46,46,1,1,16,28,35,11
main,fashion_mnist,8.2,2024,14,90,48,46,0,1,15,27,36,12
main,fashion_mnist,8.2,2024,15,90,47,46,0,1,17,26,37,10
main,fashion_mnist,8.2,2024,16,90,46,46,1,1,16,28,35,11
main,fashion_mnist,8.2,2024,17,90,48,46,0,1,17,25,38,10
main,fashion_mnist,8.2,2024,18,90,46,46,1,1,16,28,35,11
main,fashion_mnist,8.2,2024,19,90,47,46,0,1,13,30,33,14
main,fashion_mnist,8.2,2024,20,90,46,46,1,1,16,28,35,11
main,fashion_mnist,8.2,2024,21,90,47,46,0,1,14,29,34,13
main,fashion_mnist,8.2,2024,22,90,46,46,1,1,16,28,35,11
main,fashion_mnist,8.2,2024,23,90,46,46,1,1,16,28,35,11
main,fashion_mnist,8.2,2024,24,90,46,46,1,1,15,29,34,12
main,fashion_mnist,8.2,2024,25,90,47,46,0,1,16,27,36,11
main,fashion_mnist,8.2,2024,26,90,46,46,1,1,16,28,35,11
main,fashion_mnist,8.2,2024,27,90,46,46,1,1,16,28,35,11
main,fashion_mnist,8.2,2024,28,90,48,46,0,1,17,25,38,10
main,fashion_mnist,8.2,2024,29,90,46,46,1,1,16,28,35,11
main,fashion_mnist,8.2,42,0,90,52,46,0,1,11,27,36,16
main,fashion_mnist,8.2,42,1,90,49,46,0,1,11,30,33,16
main,fashion_mnist,8.2,42,2,90,49,46,0,1,11,30,33,16
main,fashion_mnist,8.2,42,3,90,47,46,0,1,11,32,31,16
main,fashion_mnist,8.2,42,4,90,48,46,0,1,11,31,32,16
main,fashion_mnist,8.2,42,5,90,46,46,1,1,13,31,32,14
main,fashion_mnist,8.2,42,6,90,48,46,0,1,11,31,32,16
main,fashion_mnist,8.2,42,7,90,50,46,0,1,11,29,34,16
main,fashion_mnist,8.2,42,8,90,49,46,0,1,11,30,33,16
main,fashion_mnist,8.2,42,9,90,47,46,0,1,11,32,31,16
main,fashion_mnist,8.2,42,10,90,47,46,0,1,11,32,31,16
main,fashion_mnist,8.2,42,11,90,48,46,0,1,11,31,32,16
main,fashion_mnist,8.2,42,12,90,47,46,0,1,11,32,31,16
main,fashion_mnist,8.2,42,13,90,50,46,0,1,11,29,34,16
main,fashion_mnist,8.2,42,14,90,50,46,0,1,11,29,34,16
main,fashion_mnist,8.2,42,15,90,50,46,0,1,11,29,34,16
main,fashion_mnist,8.2,42,16,90,49,46,0,1,11,30,33,16
main,fashion_mnist,8.2,42,17,90,48,46,0,1,11,31,32,16
main,fashion_mnist,8.2,42,18,90,50,46,0,1,11,29,34,16
main,fashion_mnist,8.2,42,19,90,49,46,0,1,11,30,33,16
main,fashion_mnist,8.2,42,20,90,46,46,1,1,11,33,30,16
main,fashion_mnist,8.2,42,21,90,46,46,1,1,11,33,30,16
main,fashion_mnist,8.2,42,22,90,46,46,1,1,16,28,35,11
main,fashion_mnist,8.2,42,23,90,46,46,1,1,16,28,35,11
main,fashion_mnist,8.2,42,24,90,49,46,0,1,11,30,33,16
main,fashion_mnist,8.2,42,25,90,50,46,0,1,11,29,34,16
main,fashion_mnist,8.2,42,26,90,48,46,0,1,11,31,32,16
main,fashion_mnist,8.2,42,27,90,47,46,0,1,11,32,31,16
main,fashion_mnist,8.2,42,28,90,47,46,0,1,11,32,31,16
main,fashion_mnist,8.2,42,29,90,48,46,0,1,11,31,32,16
main,har,1.1,137,0,90,47,46,0,0,0,43,47,0
main,har,1.1,137,1,90,46,46,1,0,0,44,46,0
main,har,1.1,137,2,90,48,46,0,0,0,42,48,0
main,har,1.1,137,3,90,46,46,1,0,0,44,46,0
main,har,1.1,137,4,90,46,46,1,0,0,44,46,0
main,har,1.1,137,5,90,48,46,0,0,0,42,48,0
main,har,1.1,137,6,90,46,46,1,0,0,44,46,0
main,har,1.1,137,7,90,46,46,1,0,0,44,46,0
main,har,1.1,137,8,90,46,46,1,0,0,44,46,0
main,har,1.1,137,9,90,46,46,1,0,0,44,46,0
main,har,1.1,137,10,90,47,46,0,0,0,43,47,0
main,har,1.1,137,11,90,46,46,1,0,0,44,46,0
main,har,1.1,137,12,90,46,46,1,0,0,44,46,0
main,har,1.1,137,13,90,47,46,0,0,0,43,47,0
main,har,1.1,137,14,90,46,46,1,0,0,44,46,0
main,har,1.1,137,15,90,46,46,1,0,0,44,46,0
main,har,1.1,137,16,90,46,46,1,0,0,44,46,0
main,har,1.1,137,17,90,46,46,1,0,0,44,46,0
main,har,1.1,137,18,90,46,46,1,0,0,44,46,0
main,har,1.1,137,19,90,46,46,1,0,0,44,46,0
main,har,1.1,137,20,90,46,46,1,0,0,44,46,0
main,har,1.1,137,21,90,46,46,1,0,0,44,46,0
main,har,1.1,137,22,90,46,46,1,0,0,44,46,0
main,har,1.1,137,23,90,46,46,1,0,0,44,46,0
main,har,1.1,137,24,90,46,46,1,0,0,44,46,0
main,har,1.1,137,25,90,46,46,1,0,0,44,46,0
main,har,1.1,137,26,90,46,46,1,0,0,44,46,0
main,har,1.1,137,27,90,46,46,1,0,0,44,46,0
main,har,1.1,137,28,90,46,46,1,0,0,44,46,0
main,har,1.1,137,29,90,46,46,1,0,0,44,46,0
main,har,1.1,2024,0,90,46,46,1,0,0,44,46,0
main,har,1.1,2024,1,90,46,46,1,0,0,44,46,0
main,har,1.1,2024,2,90,46,46,1,0,0,44,46,0
main,har,1.1,2024,3,90,46,46,1,0,0,44,46,0
main,har,1.1,2024,4,90,46,46,1,0,0,44,46,0
main,har,1.1,2024,5,90,53,46,0,0,0,37,53,0
main,har,1.1,2024,6,90,46,46,1,0,0,44,46,0
main,har,1.1,2024,7,90,47,46,0,0,0,43,47,0
main,har,1.1,2024,8,90,48,46,0,0,0,42,48,0
main,har,1.1,2024,9,90,47,46,0,0,0,43,47,0
main,har,1.1,2024,10,90,46,46,1,0,0,44,46,0
main,har,1.1,2024,11,90,46,46,1,0,0,44,46,0
main,har,1.1,2024,12,90,46,46,1,0,0,44,46,0
main,har,1.1,2024,13,90,46,46,1,0,0,44,46,0
main,har,1.1,2024,14,90,46,46,1,0,0,44,46,0
main,har,1.1,2024,15,90,46,46,1,0,0,44,46,0
main,har,1.1,2024,16,90,46,46,1,0,0,44,46,0
main,har,1.1,2024,17,90,46,46,1,0,0,44,46,0
main,har,1.1,2024,18,90,46,46,1,0,0,44,46,0
main,har,1.1,2024,19,90,46,46,1,0,0,44,46,0
main,har,1.1,2024,20,90,46,46,1,0,0,44,46,0
main,har,1.1,2024,21,90,46,46,1,0,0,44,46,0
main,har,1.1,2024,22,90,46,46,1,0,0,44,46,0
main,har,1.1,2024,23,90,46,46,1,0,0,44,46,0
main,har,1.1,2024,24,90,46,46,1,0,0,44,46,0
main,har,1.1,2024,25,90,46,46,1,0,0,44,46,0
main,har,1.1,2024,26,90,47,46,0,0,0,43,47,0
main,har,1.1,2024,27,90,47,46,0,0,0,43,47,0
main,har,1.1,2024,28,90,46,46,1,0,0,44,46,0
main,har,1.1,2024,29,90,46,46,1,0,0,44,46,0
main,har,1.1,42,0,90,46,46,1,0,0,44,46,0
main,har,1.1,42,1,90,46,46,1,0,0,44,46,0
main,har,1.1,42,2,90,47,46,0,0,0,43,47,0
main,har,1.1,42,3,90,50,46,0,0,0,40,50,0
main,har,1.1,42,4,90,46,46,1,0,0,44,46,0
main,har,1.1,42,5,90,49,46,0,0,0,41,49,0
main,har,1.1,42,6,90,46,46,1,0,0,44,46,0
main,har,1.1,42,7,90,47,46,0,0,0,43,47,0
main,har,1.1,42,8,90,46,46,1,0,0,44,46,0
main,har,1.1,42,9,90,46,46,1,0,0,44,46,0
main,har,1.1,42,10,90,49,46,0,0,0,41,49,0
main,har,1.1,42,11,90,48,46,0,0,0,42,48,0
main,har,1.1,42,12,90,46,46,1,0,0,44,46,0
main,har,1.1,42,13,90,46,46,1,0,0,44,46,0
main,har,1.1,42,14,90,47,46,0,0,0,43,47,0
main,har,1.1,42,15,90,46,46,1,0,0,44,46,0
main,har,1.1,42,16,90,46,46,1,0,0,44,46,0
main,har,1.1,42,17,90,46,46,1,0,0,44,46,0
main,har,1.1,42,18,90,46,46,1,0,0,44,46,0
main,har,1.1,42,19,90,46,46,1,0,0,44,46,0
main,har,1.1,42,20,90,46,46,1,0,0,44,46,0
main,har,1.1,42,21,90,46,46,1,0,0,44,46,0
main,har,1.1,42,22,90,50,46,0,0,0,40,50,0
main,har,1.1,42,23,90,47,46,0,0,0,43,47,0
main,har,1.1,42,24,90,47,46,0,0,0,43,47,0
main,har,1.1,42,25,90,46,46,1,0,0,44,46,0
main,har,1.1,42,26,90,46,46,1,0,0,44,46,0
main,har,1.1,42,27,90,48,46,0,0,0,42,48,0
main,har,1.1,42,28,90,48,46,0,0,0,42,48,0
main,har,1.1,42,29,90,46,46,1,0,0,44,46,0
main,har,1.2,137,0,90,47,46,0,1,18,25,47,0
main,har,1.2,137,1,90,46,46,1,1,18,26,46,0
main,har,1.2,137,2,90,48,46,0,1,18,24,48,0
main,har,1.2,137,3,90,46,46,1,1,18,26,46,0
main,har,1.2,137,4,90,47,46,0,1,18,25,47,0
main,har,1.2,137,5,90,46,46,1,1,18,26,46,0
main,har,1.2,137,6,90,48,46,0,1,18,24,48,0
main,har,1.2,137,7,90,46,46,1,1,18,26,46,0
main,har,1.2,137,8,90,47,46,0,1,18,25,47,0
main,har,1.2,137,9,90,47,46,0,1,18,25,47,0
main,har,1.2,137,10,90,46,46,1,1,18,26,46,0
main,har,1.2,137,11,90,46,46,1,1,18,26,46,0
main,har,1.2,137,12,90,46,46,1,1,18,26,46,0
main,har,1.2,137,13,90,46,46,1,1,18,26,46,0
main,har,1.2,137,14,90,47,46,0,1,18,25,47,0
main,har,1.2,137,15,90,47,46,0,1,18,25,47,0
main,har,1.2,137,16,90,46,46,1,1,18,26,46,0
main,har,1.2,137,17,90,46,46,1,1,18,26,46,0
main,har,1.2,137,18,90,46,46,1,1,18,26,46,0
main,har,1.2,137,19,90,46,46,1,1,18,26,46,0
main,har,1.2,137,20,90,46,46,1,1,18,26,46,0
main,har,1.2,137,21,90,47,46,0,1,18,25,47,0
main,har,1.2,137,22,90,46,46,1,1,18,26,46,0
main,har,1.2,137,23,90,46,46,1,1,18,26,46,0
main,har,1.2,137,24,90,46,46,1,1,18,26,46,0
main,har,1.2,137,25,90,46,46,1,1,18,26,46,0
main,har,1.2,137,26,90,47,46,0,1,18,25,47,0
main,har,1.2,137,27,90,46,46,1,1,18,26,46,0
main,har,1.2,137,28,90,46,46,1,1,18,26,46,0
main,har,1.2,137,29,90,46,46,1,1,18,26,46,0
main,har,1.2,2024,0,90,46,46,1,1,18,26,46,0
main,har,1.2,2024,1,90,46,46,1,1,18,26,46,0
main,har,1.2,2024,2,90,46,46,1,1,18,26,46,0
main,har,1.2,2024,3,90,47,46,0,1,18,25,47,0
main,har,1.2,2024,4,90,46,46,1,1,18,26,46,0
main,har,1.2,2024,5,90,47,46,0,1,18,25,47,0
main,har,1.2,2024,6,90,46,46,1,1,18,26,46,0
main,har,1.2,2024,7,90,46,46,1,1,18,26,46,0
main,har,1.2,2024,8,90,47,46,0,1,18,25,47,0
main,har,1.2,2024,9,90,47,46,0,1,18,25,47,0
main,har,1.2,2024,10,90,46,46,1,1,18,26,46,0
main,har,1.2,2024,11,90,46,46,1,1,18,26,46,0
main,har,1.2,2024,12,90,49,46,0,1,18,23,49,0
main,har,1.2,2024,13,90,46,46,1,1,18,26,46,0
main,har,1.2,2024,14,90,46,46,1,1,18,26,46,0
main,har,1.2,2024,15,90,46,46,1,1,18,26,46,0
main,har,1.2,2024,16,90,47,46,0,1,18,25,47,0
main,har,1.2,2024,17,90,46,46,1,1,18,26,46,0
main,har,1.2,2024,18,90,46,46,1,1,18,26,46,0
main,har,1.2,2024,19,90,49,46,0,1,18,23,49,0
main,har,1.2,2024,20,90,46,46,1,1,18,26,46,0
main,har,1.2,2024,21,90,46,46,1,1,18,26,46,0
main,har,1.2,2024,22,90,46,46,1,1,18,26,46,0
main,har,1.2,2024,23,90,46,46,1,1,18,26,46,0
main,har,1.2,2024,24,90,46,46,1,1,18,26,46,0
main,har,1.2,2024,25,90,46,46,1,1,18,26,46,0
main,har,1.2,2024,26,90,46,46,1,1,18,26,46,0
main,har,1.2,2024,27,90,46,46,1,1,18,26,46,0
main,har,1.2,2024,28,90,47,46,0,1,18,25,47,0
main,har,1.2,2024,29,90,46,46,1,1,18,26,46,0
main,har,1.2,42,0,90,46,46,1,1,18,26,46,0
main,har,1.2,42,1,90,46,46,1,1,18,26,46,0
main,har,1.2,42,2,90,50,46,0,1,18,22,50,0
main,har,1.2,42,3,90,50,46,0,1,18,22,50,0
main,har,1.2,42,4,90,46,46,1,1,18,26,46,0
main,har,1.2,42,5,90,46,46,1,1,18,26,46,0
main,har,1.2,42,6,90,46,46,1,1,18,26,46,0
main,har,1.2,42,7,90,46,46,1,1,18,26,46,0
main,har,1.2,42,8,90,46,46,1,1,18,26,46,0
main,har,1.2,42,9,90,46,46,1,1,18,26,46,0
main,har,1.2,42,10,90,46,46,1,1,18,26,46,0
main,har,1.2,42,11,90,46,46,1,1,18,26,46,0
main,har,1.2,42,12,90,46,46,1,1,18,26,46,0
main,har,1.2,42,13,90,46,46,1,1,18,26,46,0
main,har,1.2,42,14,90,46,46,1,1,18,26,46,0
main,har,1.2,42,15,90,47,46,0,1,18,25,47,0
main,har,1.2,42,16,90,46,46,1,1,18,26,46,0
main,har,1.2,42,17,90,48,46,0,1,18,24,48,0
main,har,1.2,42,18,90,46,46,1,1,18,26,46,0
main,har,1.2,42,19,90,47,46,0,1,18,25,47,0
main,har,1.2,42,20,90,47,46,0,1,18,25,47,0
main,har,1.2,42,21,90,46,46,1,1,18,26,46,0
main,har,1.2,42,22,90,48,46,0,1,18,24,48,0
main,har,1.2,42,23,90,46,46,1,1,18,26,46,0
main,har,1.2,42,24,90,46,46,1,1,18,26,46,0
main,har,1.2,42,25,90,46,46,1,1,18,26,46,0
main,har,1.2,42,26,90,46,46,1,1,18,26,46,0
main,har,1.2,42,27,90,46,46,1,1,18,26,46,0
main,har,1.2,42,28,90,46,46,1,1,18,26,46,0
main,har,1.2,42,29,90,46,46,1,1,18,26,46,0
main,har,1.3,137,0,90,46,46,1,1,12,32,40,6
main,har,1.3,137,1,90,46,46,1,1,10,34,38,8
main,har,1.3,137,2,90,46,46,1,1,11,33,39,7
main,har,1.3,137,3,90,47,46,0,1,11,32,40,7
main,har,1.3,137,4,90,46,46,1,1,12,32,40,6
main,har,1.3,137,5,90,46,46,1,1,12,32,40,6
main,har,1.3,137,6,90,46,46,1,1,12,32,40,6
main,har,1.3,137,7,90,46,46,1,1,12,32,40,6
main,har,1.3,137,8,90,46,46,1,1,13,31,41,5
main,har,1.3,137,9,90,46,46,1,1,13,31,41,5
main,har,1.3,137,10,90,47,46,0,1,13,30,42,5
main,har,1.3,137,11,90,47,46,0,1,13,30,42,5
main,har,1.3,137,12,90,47,46,0,1,13,30,42,5
main,har,1.3,137,13,90,46,46,1,1,13,31,41,5
main,har,1.3,137,14,90,46,46,1,1,14,30,42,4
main,har,1.3,137,15,90,46,46,1,1,14,30,42,4
main,har,1.3,137,16,90,46,46,1,1,15,29,43,3
main,har,1.3,137,17,90,47,46,0,1,15,28,44,3
main,har,1.3,137,18,90,46,46,1,1,15,29,43,3
main,har,1.3,137,19,90,46,46,1,1,15,29,43,3
main,har,1.3,137,20,90,46,46,1,1,15,29,43,3
main,har,1.3,137,21,90,46,46,1,1,15,29,43,3
main,har,1.3,137,22,90,46,46,1,1,15,29,43,3
main,har,1.3,137,23,90,46,46,1,1,15,29,43,3
main,har,1.3,137,24,90,46,46,1,1,16,28,44,2
main,har,1.3,137,25,90,46,46,1,1,17,27,45,1
main,har,1.3,137,26,90,46,46,1,1,18,26,46,0
main,har,1.3,137,27,90,46,46,1,1,18,26,46,0
main,har,1.3,137,28,90,47,46,0,1,16,27,45,2
main,har,1.3,137,29,90,46,46,1,1,18,26,46,0
main,har,1.3,2024,0,90,46,46,1,1,12,32,40,6
main,har,1.3,2024,1,90,46,46,1,1,12,32,40,6
main,har,1.3,2024,2,90,46,46,1,1,12,32,40,6
main,har,1.3,2024,3,90,46,46,1,1,12,32,40,6
main,har,1.3,2024,4,90,48,46,0,1,12,30,42,6
main,har,1.3,2024,5,90,51,46,0,1,12,27,45,6
main,har,1.3,2024,6,90,46,46,1,1,12,32,40,6
main,har,1.3,2024,7,90,47,46,0,1,12,31,41,6
main,har,1.3,2024,8,90,47,46,0,1,14,29,43,4
main,har,1.3,2024,9,90,46,46,1,1,14,30,42,4
main,har,1.3,2024,10,90,46,46,1,1,14,30,42,4
main,har,1.3,2024,11,90,46,46,1,1,14,30,42,4
main,har,1.3,2024,12,90,46,46,1,1,14,30,42,4
main,har,1.3,2024,13,90,46,46,1,1,14,30,42,4
main,har,1.3,2024,14,90,46,46,1,1,18,26,46,0
main,har,1.3,2024,15,90,47,46,0,1,18,25,47,0
main,har,1.3,2024,16,90,47,46,0,1,18,25,47,0
main,har,1.3,2024,17,90,46,46,1,1,18,26,46,0
main,har,1.3,2024,18,90,46,46,1,1,18,26,46,0
main,har,1.3,2024,19,90,48,46,0,1,18,24,48,0
main,har,1.3,2024,20,90,46,46,1,1,18,26,46,0
main,har,1.3,2024,21,90,46,46,1,1,18,26,46,0
main,har,1.3,2024,22,90,46,46,1,1,18,26,46,0
main,har,1.3,2024,23,90,46,46,1,1,18,26,46,0
main,har,1.3,2024,24,90,46,46,1,1,18,26,46,0
main,har,1.3,2024,25,90,46,46,1,1,18,26,46,0
main,har,1.3,2024,26,90,46,46,1,1,18,26,46,0
main,har,1.3,2024,27,90,46,46,1,1,18,26,46,0
main,har,1.3,2024,28,90,46,46,1,1,18,26,46,0
main,har,1.3,2024,29,90,47,46,0,1,18,25,47,0
main,har,1.3,42,0,90,46,46,1,1,12,32,40,6
main,har,1.3,42,1,90,49,46,0,1,13,28,44,5
main,har,1.3,42,2,90,46,46,1,1,11,33,39,7
main,har,1.3,42,3,90,47,46,0,1,14,29,43,4
main,har,1.3,42,4,90,46,46,1,1,14,30,42,4
main,har,1.3,42,5,90,46,46,1,1,15,29,43,3
main,har,1.3,42,6,90,46,46,1,1,15,29,43,3
main,har,1.3,42,7,90,46,46,1,1,15,29,43,3
main,har,1.3,42,8,90,47,46,0,1,15,28,44,3
main,har,1.3,42,9,90,46,46,1,1,15,29,43,3
main,har,1.3,42,10,90,46,46,1,1,15,29,43,3
main,har,1.3,42,11,90,46,46,1,1,16,28,44,2
main,har,1.3,42,12,90,46,46,1,1,16,28,44,2
main,har,1.3,42,13,90,46,46,1,1,16,28,44,2
main,har,1.3,42,14,90,46,46,1,1,16,28,44,2
main,har,1.3,42,15,90,46,46,1,1,18,26,46,0
main,har,1.3,42,16,90,47,46,0,1,18,25,47,0
main,har,1.3,42,17,90,48,46,0,1,16,26,46,2
main,har,1.3,42,18,90,47,46,0,1,18,25,47,0
main,har,1.3,42,19,90,46,46,1,1,18,26,46,0
main,har,1.3,42,20,90,46,46,1,1,18,26,46,0
main,har,1.3,42,21,90,46,46,1,1,18,26,46,0
main,har,1.3,42,22,90,46,46,1,1,18,26,46,0
main,har,1.3,42,23,90,46,46,1,1,18,26,46,0
main,har,1.3,42,24,90,46,46,1,1,18,26,46,0
main,har,1.3,42,25,90,46,46,1,1,18,26,46,0
main,har,1.3,42,26,90,47,46,0,1,18,25,47,0
main,har,1.3,42,27,90,46,46,1,1,18,26,46,0
main,har,1.3,42,28,90,48,46,0,1,18,24,48,0
main,har,1.3,42,29,90,46,46,1,1,18,26,46,0
main,har,2.1,137,0,90,46,46,1,1,18,26,46,0
main,har,2.1,137,1,90,46,46,1,1,18,26,46,0
main,har,2.1,137,2,90,46,46,1,1,18,26,46,0
main,har,2.1,137,3,90,46,46,1,1,18,26,46,0
main,har,2.1,137,4,90,48,46,0,1,18,24,48,0
main,har,2.1,137,5,90,47,46,0,1,18,25,47,0
main,har,2.1,137,6,90,46,46,1,1,18,26,46,0
main,har,2.1,137,7,90,48,46,0,1,18,24,48,0
main,har,2.1,137,8,90,47,46,0,1,18,25,47,0
main,har,2.1,137,9,90,46,46,1,1,18,26,46,0
main,har,2.1,137,10,90,46,46,1,1,18,26,46,0
main,har,2.1,137,11,90,46,46,1,1,18,26,46,0
main,har,2.1,137,12,90,46,46,1,1,18,26,46,0
main,har,2.1,137,13,90,47,46,0,1,18,25,47,0
main,har,2.1,137,14,90,46,46,1,1,18,26,46,0
main,har,2.1,137,15,90,46,46,1,1,18,26,46,0
main,har,2.1,137,16,90,46,46,1,1,18,26,46,0
main,har,2.1,137,17,90,49,46,0,1,18,23,49,0
main,har,2.1,137,18,90,46,46,1,1,18,26,46,0
main,har,2.1,137,19,90,46,46,1,1,18,26,46,0
main,har,2.1,137,20,90,46,46,1,1,18,26,46,0
main,har,2.1,137,21,90,46,46,1,1,18,26,46,0
main,har,2.1,137,22,90,49,46,0,1,18,23,49,0
main,har,2.1,137,23,90,46,46,1,1,18,26,46,0
main,har,2.1,137,24,90,47,46,0,1,18,25,47,0
main,har,2.1,137,25,90,46,46,1,1,18,26,46,0
main,har,2.1,137,26,90,49,46,0,1,18,23,49,0
main,har,2.1,137,27,90,48,46,0,1,18,24,48,0
main,har,2.1,137,28,90,47,46,0,1,18,25,47,0
main,har,2.1,137,29,90,46,46,1,1,18,26,46,0
main,har,2.1,2024,0,90,46,46,1,1,18,26,46,0
main,har,2.1,2024,1,90,46,46,1,1,18,26,46,0
main,har,2.1,2024,2,90,46,46,1,1,18,26,46,0
main,har,2.1,2024,3,90,46,46,1,1,18,26,46,0
main,har,2.1,2024,4,90,46,46,1,1,18,26,46,0
main,har,2.1,2024,5,90,46,46,1,1,18,26,46,0
main,har,2.1,2024,6,90,46,46,1,1,18,26,46,0
main,har,2.1,2024,7,90,46,46,1,1,18,26,46,0
main,har,2.1,2024,8,90,46,46,1,1,18,26,46,0
main,har,2.1,2024,9,90,46,46,1,1,18,26,46,0
main,har,2.1,2024,10,90,46,46,1,1,18,26,46,0
main,har,2.1,2024,11,90,46,46,1,1,18,26,46,0
main,har,2.1,2024,12,90,47,46,0,1,18,25,47,0
main,har,2.1,2024,13,90,46,46,1,1,18,26,46,0
main,har,2.1,2024,14,90,46,46,1,1,18,26,46,0
main,har,2.1,2024,15,90,46,46,1,1,18,26,46,0
main,har,2.1,2024,16,90,46,46,1,1,18,26,46,0
main,har,2.1,2024,17,90,46,46,1,1,18,26,46,0
main,har,2.1,2024,18,90,46,46,1,1,18,26,46,0
main,har,2.1,2024,19,90,46,46,1,1,18,26,46,0
main,har,2.1,2024,20,90,46,46,1,1,18,26,46,0
main,har,2.1,2024,21,90,47,46,0,1,18,25,47,0
main,har,2.1,2024,22,90,48,46,0,1,18,24,48,0
main,har,2.1,2024,23,90,46,46,1,1,18,26,46,0
main,har,2.1,2024,24,90,47,46,0,1,18,25,47,0
main,har,2.1,2024,25,90,47,46,0,1,18,25,47,0
main,har,2.1,2024,26,90,46,46,1,1,18,26,46,0
main,har,2.1,2024,27,90,47,46,0,1,18,25,47,0
main,har,2.1,2024,28,90,46,46,1,1,18,26,46,0
main,har,2.1,2024,29,90,46,46,1,1,18,26,46,0
main,har,2.1,42,0,90,48,46,0,1,18,24,48,0
main,har,2.1,42,1,90,46,46,1,1,18,26,46,0
main,har,2.1,42,2,90,52,46,0,1,18,20,52,0
main,har,2.1,42,3,90,47,46,0,1,18,25,47,0
main,har,2.1,42,4,90,47,46,0,1,18,25,47,0
main,har,2.1,42,5,90,49,46,0,1,18,23,49,0
main,har,2.1,42,6,90,46,46,1,1,18,26,46,0
main,har,2.1,42,7,90,47,46,0,1,18,25,47,0
main,har,2.1,42,8,90,46,46,1,1,18,26,46,0
main,har,2.1,42,9,90,47,46,0,1,18,25,47,0
main,har,2.1,42,10,90,47,46,0,1,18,25,47,0
main,har,2.1,42,11,90,48,46,0,1,18,24,48,0
main,har,2.1,42,12,90,47,46,0,1,18,25,47,0
main,har,2.1,42,13,90,48,46,0,1,18,24,48,0
main,har,2.1,42,14,90,46,46,1,1,18,26,46,0
main,har,2.1,42,15,90,47,46,0,1,18,25,47,0
main,har,2.1,42,16,90,46,46,1,1,18,26,46,0
main,har,2.1,42,17,90,47,46,0,1,18,25,47,0
main,har,2.1,42,18,90,46,46,1,1,18,26,46,0
main,har,2.1,42,19,90,47,46,0,1,18,25,47,0
main,har,2.1,42,20,90,46,46,1,1,18,26,46,0
main,har,2.1,42,21,90,46,46,1,1,18,26,46,0
main,har,2.1,42,22,90,46,46,1,1,18,26,46,0
main,har,2.1,42,23,90,46,46,1,1,18,26,46,0
main,har,2.1,42,24,90,46,46,1,1,18,26,46,0
main,har,2.1,42,25,90,46,46,1,1,18,26,46,0
main,har,2.1,42,26,90,46,46,1,1,18,26,46,0
main,har,2.1,42,27,90,48,46,0,1,18,24,48,0
main,har,2.1,42,28,90,46,46,1,1,18,26,46,0
main,har,2.1,42,29,90,49,46,0,1,18,23,49,0
main,har,2.2,137,0,90,46,46,1,1,11,33,39,7
main,har,2.2,137,1,90,46,46,1,1,10,34,38,8
main,har,2.2,137,2,90,49,46,0,1,10,31,41,8
main,har,2.2,137,3,90,46,46,1,1,10,34,38,8
main,har,2.2,137,4,90,46,46,1,1,10,34,38,8
main,har,2.2,137,5,90,46,46,1,1,10,34,38,8
main,har,2.2,137,6,90,46,46,1,1,10,34,38,8
main,har,2.2,137,7,90,46,46,1,1,9,35,37,9
main,har,2.2,137,8,90,47,46,0,1,10,33,39,8
main,har,2.2,137,9,90,47,46,0,1,10,33,39,8
main,har,2.2,137,10,90,49,46,0,1,10,31,41,8
main,har,2.2,137,11,90,46,46,1,1,10,34,38,8
main,har,2.2,137,12,90,46,46,1,1,10,34,38,8
main,har,2.2,137,13,90,47,46,0,1,10,33,39,8
main,har,2.2,137,14,90,50,46,0,1,10,30,42,8
main,har,2.2,137,15,90,46,46,1,1,10,34,38,8
main,har,2.2,137,16,90,46,46,1,1,10,34,38,8
main,har,2.2,137,17,90,46,46,1,1,10,34,38,8
main,har,2.2,137,18,90,46,46,1,1,10,34,38,8
main,har,2.2,137,19,90,46,46,1,1,10,34,38,8
main,har,2.2,137,20,90,46,46,1,1,10,34,38,8
main,har,2.2,137,21,90,46,46,1,1,10,34,38,8
main,har,2.2,137,22,90,46,46,1,1,10,34,38,8
main,har,2.2,137,23,90,47,46,0,1,10,33,39,8
main,har,2.2,137,24,90,46,46,1,1,10,34,38,8
main,har,2.2,137,25,90,46,46,1,1,10,34,38,8
main,har,2.2,137,26,90,46,46,1,1,12,32,40,6
main,har,2.2,137,27,90,47,46,0,1,10,33,39,8
main,har,2.2,137,28,90,46,46,1,1,12,32,40,6
main,har,2.2,137,29,90,46,46,1,1,12,32,40,6
main,har,2.2,2024,0,90,47,46,0,1,10,33,39,8
main,har,2.2,2024,1,90,49,46,0,1,10,31,41,8
main,har,2.2,2024,2,90,47,46,0,1,10,33,39,8
main,har,2.2,2024,3,90,48,46,0,1,10,32,40,8
main,har,2.2,2024,4,90,48,46,0,1,10,32,40,8
main,har,2.2,2024,5,90,49,46,0,1,10,31,41,8
main,har,2.2,2024,6,90,49,46,0,1,10,31,41,8
main,har,2.2,2024,7,90,46,46,1,1,11,33,39,7
main,har,2.2,2024,8,90,46,46,1,1,10,34,38,8
main,har,2.2,2024,9,90,50,46,0,1,10,30,42,8
main,har,2.2,2024,10,90,46,46,1,1,11,33,39,7
main,har,2.2,2024,11,90,48,46,0,1,10,32,40,8
main,har,2.2,2024,12,90,46,46,1,1,11,33,39,7
main,har,2.2,2024,13,90,46,46,1,1,10,34,38,8
main,har,2.2,2024,14,90,46,46,1,1,10,34,38,8
main,har,2.2,2024,15,90,49,46,0,1,10,31,41,8
main,har,2.2,2024,16,90,49,46,0,1,10,31,41,8
main,har,2.2,2024,17,90,48,46,0,1,13,29,43,5
main,har,2.2,2024,18,90,46,46,1,1,13,31,41,5
main,har,2.2,2024,19,90,47,46,0,1,13,30,42,5
main,har,2.2,2024,20,90,46,46,1,1,13,31,41,5
main,har,2.2,2024,21,90,48,46,0,1,13,29,43,5
main,har,2.2,2024,22,90,49,46,0,1,13,28,44,5
main,har,2.2,2024,23,90,46,46,1,1,17,27,45,1
main,har,2.2,2024,24,90,46,46,1,1,13,31,41,5
main,har,2.2,2024,25,90,46,46,1,1,13,31,41,5
main,har,2.2,2024,26,90,49,46,0,1,13,28,44,5
main,har,2.2,2024,27,90,48,46,0,1,13,29,43,5
main,har,2.2,2024,28,90,49,46,0,1,13,28,44,5
main,har,2.2,2024,29,90,49,46,0,1,13,28,44,5
main,har,2.2,42,0,90,46,46,1,1,7,37,35,11
main,har,2.2,42,1,90,46,46,1,1,8,36,36,10
main,har,2.2,42,2,90,46,46,1,1,8,36,36,10
main,har,2.2,42,3,90,47,46,0,1,8,35,37,10
main,har,2.2,42,4,90,51,46,0,1,8,31,41,10
main,har,2.2,42,5,90,46,46,1,1,8,36,36,10
main,har,2.2,42,6,90,46,46,1,1,8,36,36,10
main,har,2.2,42,7,90,46,46,1,1,10,34,38,8
main,har,2.2,42,8,90,46,46,1,1,8,36,36,10
main,har,2.2,42,9,90,46,46,1,1,7,37,35,11
main,har,2.2,42,10,90,46,46,1,1,8,36,36,10
main,har,2.2,42,11,90,46,46,1,1,8,36,36,10
main,har,2.2,42,12,90,46,46,1,1,8,36,36,10
main,har,2.2,42,13,90,46,46,1,1,8,36,36,10
main,har,2.2,42,14,90,47,46,0,1,7,36,36,11
main,har,2.2,42,15,90,46,46,1,1,8,36,36,10
main,har,2.2,42,16,90,51,46,0,1,6,33,39,12
main,har,2.2,42,17,90,46,46,1,1,8,36,36,10
main,har,2.2,42,18,90,46,46,1,1,9,35,37,9
main,har,2.2,42,19,90,51,46,0,1,7,32,40,11
main,har,2.2,42,20,90,46,46,1,1,8,36,36,10
main,har,2.2,42,21,90,46,46,1,1,10,34,38,8
main,har,2.2,42,22,90,46,46,1,1,8,36,36,10
main,har,2.2,42,23,90,51,46,0,1,9,30,42,9
main,har,2.2,42,24,90,46,46,1,1,8,36,36,10
main,har,2.2,42,25,90,46,46,1,1,10,34,38,8
main,har,2.2,42,26,90,46,46,1,1,9,35,37,9
main,har,2.2,42,27,90,46,46,1,1,10,34,38,8
main,har,2.2,42,28,90,46,46,1,1,12,32,40,6
main,har,2.2,42,29,90,48,46,0,1,15,27,45,3
main,har,2.3,137,0,90,48,46,0,1,27,15,48,0
main,har,2.3,137,1,90,46,46,1,1,27,17,46,0
main,har,2.3,137,2,90,46,46,1,1,27,17,46,0
main,har,2.3,137,3,90,46,46,1,1,27,17,46,0
main,har,2.3,137,4,90,46,46,1,1,27,17,46,0
main,har,2.3,137,5,90,46,46,1,1,27,17,46,0
main,har,2.3,137,6,90,46,46,1,1,27,17,46,0
main,har,2.3,137,7,90,46,46,1,1,27,17,46,0
main,har,2.3,137,8,90,47,46,0,1,27,16,47,0
main,har,2.3,137,9,90,46,46,1,1,27,17,46,0
main,har,2.3,137,10,90,46,46,1,1,27,17,46,0
main,har,2.3,137,11,90,46,46,1,1,27,17,46,0
main,har,2.3,137,12,90,46,46,1,1,27,17,46,0
main,har,2.3,137,13,90,46,46,1,1,27,17,46,0
main,har,2.3,137,14,90,46,46,1,1,27,17,46,0
main,har,2.3,137,15,90,46,46,1,1,27,17,46,0
main,har,2.3,137,16,90,46,46,1,1,27,17,46,0
main,har,2.3,137,17,90,47,46,0,1,27,16,47,0
main,har,2.3,137,18,90,48,46,0,1,27,15,48,0
main,har,2.3,137,19,90,46,46,1,1,27,17,46,0
main,har,2.3,137,20,90,47,46,0,1,27,16,47,0
main,har,2.3,137,21,90,46,46,1,1,27,17,46,0
main,har,2.3,137,22,90,47,46,0,1,27,16,47,0
main,har,2.3,137,23,90,47,46,0,1,27,16,47,0
main,har,2.3,137,24,90,46,46,1,1,27,17,46,0
main,har,2.3,137,25,90,47,46,0,1,27,16,47,0
main,har,2.3,137,26,90,48,46,0,1,27,15,48,0
main,har,2.3,137,27,90,46,46,1,1,27,17,46,0
main,har,2.3,137,28,90,46,46,1,1,27,17,46,0
main,har,2.3,137,29,90,47,46,0,1,27,16,47,0
main,har,2.3,2024,0,90,46,46,1,1,27,17,46,0
main,har,2.3,2024,1,90,46,46,1,1,27,17,46,0
main,har,2.3,2024,2,90,46,46,1,1,27,17,46,0
main,har,2.3,2024,3,90,47,46,0,1,27,16,47,0
main,har,2.3,2024,4,90,46,46,1,1,27,17,46,0
main,har,2.3,2024,5,90,46,46,1,1,27,17,46,0
main,har,2.3,2024,6,90,46,46,1,1,27,17,46,0
main,har,2.3,2024,7,90,46,46,1,1,27,17,46,0
main,har,2.3,2024,8,90,47,46,0,1,27,16,47,0
main,har,2.3,2024,9,90,46,46,1,1,27,17,46,0
main,har,2.3,2024,10,90,46,46,1,1,27,17,46,0
main,har,2.3,2024,11,90,46,46,1,1,27,17,46,0
main,har,2.3,2024,12,90,46,46,1,1,27,17,46,0
main,har,2.3,2024,13,90,46,46,1,1,27,17,46,0
main,har,2.3,2024,14,90,46,46,1,1,27,17,46,0
main,har,2.3,2024,15,90,46,46,1,1,27,17,46,0
main,har,2.3,2024,16,90,46,46,1,1,27,17,46,0
main,har,2.3,2024,17,90,46,46,1,1,27,17,46,0
main,har,2.3,2024,18,90,46,46,1,1,27,17,46,0
main,har,2.3,2024,19,90,46,46,1,1,27,17,46,0
main,har,2.3,2024,20,90,46,46,1,1,27,17,46,0
main,har,2.3,2024,21,90,46,46,1,1,27,17,46,0
main,har,2.3,2024,22,90,46,46,1,1,27,17,46,0
main,har,2.3,2024,23,90,47,46,0,1,27,16,47,0
main,har,2.3,2024,24,90,46,46,1,1,27,17,46,0
main,har,2.3,2024,25,90,46,46,1,1,27,17,46,0
main,har,2.3,2024,26,90,46,46,1,1,27,17,46,0
main,har,2.3,2024,27,90,46,46,1,1,27,17,46,0
main,har,2.3,2024,28,90,46,46,1,1,27,17,46,0
main,har,2.3,2024,29,90,46,46,1,1,27,17,46,0
main,har,2.3,42,0,90,46,46,1,1,27,17,46,0
main,har,2.3,42,1,90,46,46,1,1,27,17,46,0
main,har,2.3,42,2,90,47,46,0,1,27,16,47,0
main,har,2.3,42,3,90,46,46,1,1,27,17,46,0
main,har,2.3,42,4,90,46,46,1,1,27,17,46,0
main,har,2.3,42,5,90,46,46,1,1,27,17,46,0
main,har,2.3,42,6,90,46,46,1,1,27,17,46,0
main,har,2.3,42,7,90,46,46,1,1,27,17,46,0
main,har,2.3,42,8,90,46,46,1,1,27,17,46,0
main,har,2.3,42,9,90,46,46,1,1,27,17,46,0
main,har,2.3,42,10,90,46,46,1,1,27,17,46,0
main,har,2.3,42,11,90,46,46,1,1,27,17,46,0
main,har,2.3,42,12,90,47,46,0,1,27,16,47,0
main,har,2.3,42,13,90,46,46,1,1,27,17,46,0
main,har,2.3,42,14,90,46,46,1,1,27,17,46,0
main,har,2.3,42,15,90,46,46,1,1,27,17,46,0
main,har,2.3,42,16,90,46,46,1,1,27,17,46,0
main,har,2.3,42,17,90,46,46,1,1,27,17,46,0
main,har,2.3,42,18,90,46,46,1,1,27,17,46,0
main,har,2.3,42,19,90,46,46,1,1,27,17,46,0
main,har,2.3,42,20,90,46,46,1,1,27,17,46,0
main,har,2.3,42,21,90,46,46,1,1,27,17,46,0
main,har,2.3,42,22,90,48,46,0,1,27,15,48,0
main,har,2.3,42,23,90,46,46,1,1,27,17,46,0
main,har,2.3,42,24,90,46,46,1,1,27,17,46,0
main,har,2.3,42,25,90,46,46,1,1,27,17,46,0
main,har,2.3,42,26,90,47,46,0,1,27,16,47,0
main,har,2.3,42,27,90,48,46,0,1,27,15,48,0
main,har,2.3,42,28,90,46,46,1,1,27,17,46,0
main,har,2.3,42,29,90,46,46,1,1,27,17,46,0
main,har,3.1,137,0,90,48,46,0,1,18,24,48,0
main,har,3.1,137,1,90,46,46,1,1,18,26,46,0
main,har,3.1,137,2,90,49,46,0,1,18,23,49,0
main,har,3.1,137,3,90,56,46,0,1,18,16,56,0
main,har,3.1,137,4,90,47,46,0,1,18,25,47,0
main,har,3.1,137,5,90,56,46,0,1,18,16,56,0
main,har,3.1,137,6,90,58,46,0,1,18,14,58,0
main,har,3.1,137,7,90,47,46,0,1,18,25,47,0
main,har,3.1,137,8,90,46,46,1,1,18,26,46,0
main,har,3.1,137,9,90,51,46,0,1,18,21,51,0
main,har,3.1,137,10,90,48,46,0,1,18,24,48,0
main,har,3.1,137,11,90,47,46,0,1,18,25,47,0
main,har,3.1,137,12,90,56,46,0,1,18,16,56,0
main,har,3.1,137,13,90,47,46,0,1,18,25,47,0
main,har,3.1,137,14,90,48,46,0,1,18,24,48,0
main,har,3.1,137,15,90,48,46,0,1,18,24,48,0
main,har,3.1,137,16,90,47,46,0,1,18,25,47,0
main,har,3.1,137,17,90,47,46,0,1,18,25,47,0
main,har,3.1,137,18,90,47,46,0,1,18,25,47,0
main,har,3.1,137,19,90,46,46,1,1,18,26,46,0
main,har,3.1,137,20,90,46,46,1,1,18,26,46,0
main,har,3.1,137,21,90,46,46,1,1,18,26,46,0
main,har,3.1,137,22,90,46,46,1,1,18,26,46,0
main,har,3.1,137,23,90,50,46,0,1,18,22,50,0
main,har,3.1,137,24,90,46,46,1,1,18,26,46,0
main,har,3.1,137,25,90,47,46,0,1,18,25,47,0
main,har,3.1,137,26,90,46,46,1,1,18,26,46,0
main,har,3.1,137,27,90,46,46,1,1,18,26,46,0
main,har,3.1,137,28,90,47,46,0,1,18,25,47,0
main,har,3.1,137,29,90,46,46,1,1,18,26,46,0
main,har,3.1,2024,0,90,54,46,0,1,18,18,54,0
main,har,3.1,2024,1,90,49,46,0,1,18,23,49,0
main,har,3.1,2024,2,90,49,46,0,1,18,23,49,0
main,har,3.1,2024,3,90,47,46,0,1,18,25,47,0
main,har,3.1,2024,4,90,57,46,0,1,18,15,57,0
main,har,3.1,2024,5,90,51,46,0,1,18,21,51,0
main,har,3.1,2024,6,90,48,46,0,1,18,24,48,0
main,har,3.1,2024,7,90,49,46,0,1,18,23,49,0
main,har,3.1,2024,8,90,47,46,0,1,18,25,47,0
main,har,3.1,2024,9,90,51,46,0,1,18,21,51,0
main,har,3.1,2024,10,90,48,46,0,1,18,24,48,0
main,har,3.1,2024,11,90,46,46,1,1,18,26,46,0
main,har,3.1,2024,12,90,48,46,0,1,18,24,48,0
main,har,3.1,2024,13,90,48,46,0,1,18,24,48,0
main,har,3.1,2024,14,90,50,46,0,1,18,22,50,0
main,har,3.1,2024,15,90,49,46,0,1,18,23,49,0
main,har,3.1,2024,16,90,47,46,0,1,18,25,47,0
main,har,3.1,2024,17,90,56,46,0,1,18,16,56,0
main,har,3.1,2024,18,90,46,46,1,1,18,26,46,0
main,har,3.1,2024,19,90,46,46,1,1,18,26,46,0
main,har,3.1,2024,20,90,49,46,0,1,18,23,49,0
main,har,3.1,2024,21,90,47,46,0,1,18,25,47,0
main,har,3.1,2024,22,90,50,46,0,1,18,22,50,0
main,har,3.1,2024,23,90,48,46,0,1,18,24,48,0
main,har,3.1,2024,24,90,48,46,0,1,18,24,48,0
main,har,3.1,2024,25,90,46,46,1,1,18,26,46,0
main,har,3.1,2024,26,90,47,46,0,1,18,25,47,0
main,har,3.1,2024,27,90,49,46,0,1,18,23,49,0
main,har,3.1,2024,28,90,46,46,1,1,18,26,46,0
main,har,3.1,2024,29,90,47,46,0,1,18,25,47,0
main,har,3.1,42,0,90,48,46,0,1,18,24,48,0
main,har,3.1,42,1,90,47,46,0,1,18,25,47,0
main,har,3.1,42,2,90,56,46,0,1,18,16,56,0
main,har,3.1,42,3,90,57,46,0,1,18,15,57,0
main,har,3.1,42,4,90,46,46,1,1,18,26,46,0
main,har,3.1,42,5,90,57,46,0,1,18,15,57,0
main,har,3.1,42,6,90,46,46,1,1,18,26,46,0
main,har,3.1,42,7,90,57,46,0,1,18,15,57,0
main,har,3.1,42,8,90,57,46,0,1,18,15,57,0
main,har,3.1,42,9,90,59,46,0,1,18,13,59,0
main,har,3.1,42,10,90,47,46,0,1,18,25,47,0
main,har,3.1,42,11,90,47,46,0,1,18,25,47,0
main,har,3.1,42,12,90,57,46,0,1,18,15,57,0
main,har,3.1,42,13,90,46,46,1,1,18,26,46,0
main,har,3.1,42,14,90,58,46,0,1,18,14,58,0
main,har,3.1,42,15,90,46,46,1,1,18,26,46,0
main,har,3.1,42,16,90,46,46,1,1,18,26,46,0
main,har,3.1,42,17,90,55,46,0,1,18,17,55,0
main,har,3.1,42,18,90,54,46,0,1,18,18,54,0
main,har,3.1,42,19,90,57,46,0,1,18,15,57,0
main,har,3.1,42,20,90,54,46,0,1,18,18,54,0
main,har,3.1,42,21,90,56,46,0,1,18,16,56,0
main,har,3.1,42,22,90,53,46,0,1,18,19,53,0
main,har,3.1,42,23,90,55,46,0,1,18,17,55,0
main,har,3.1,42,24,90,57,46,0,1,18,15,57,0
main,har,3.1,42,25,90,56,46,0,1,18,16,56,0
main,har,3.1,42,26,90,52,46,0,1,18,20,52,0
main,har,3.1,42,27,90,53,46,0,1,18,19,53,0
main,har,3.1,42,28,90,54,46,0,1,18,18,54,0
main,har,3.1,42,29,90,54,46,0,1,18,18,54,0
main,har,3.2,137,0,90,46,46,1,1,27,17,46,0
main,har,3.2,137,1,90,48,46,0,1,27,15,48,0
main,har,3.2,137,2,90,50,46,0,1,27,13,50,0
main,har,3.2,137,3,90,46,46,1,1,27,17,46,0
main,har,3.2,137,4,90,51,46,0,1,27,12,51,0
main,har,3.2,137,5,90,46,46,1,1,27,17,46,0
main,har,3.2,137,6,90,46,46,1,1,27,17,46,0
main,har,3.2,137,7,90,51,46,0,1,27,12,51,0
main,har,3.2,137,8,90,50,46,0,1,27,13,50,0
main,har,3.2,137,9,90,46,46,1,1,27,17,46,0
main,har,3.2,137,10,90,49,46,0,1,27,14,49,0
main,har,3.2,137,11,90,50,46,0,1,27,13,50,0
main,har,3.2,137,12,90,46,46,1,1,27,17,46,0
main,har,3.2,137,13,90,51,46,0,1,27,12,51,0
main,har,3.2,137,14,90,48,46,0,1,27,15,48,0
main,har,3.2,137,15,90,51,46,0,1,27,12,51,0
main,har,3.2,137,16,90,46,46,1,1,27,17,46,0
main,har,3.2,137,17,90,46,46,1,1,27,17,46,0
main,har,3.2,137,18,90,47,46,0,1,27,16,47,0
main,har,3.2,137,19,90,46,46,1,1,27,17,46,0
main,har,3.2,137,20,90,49,46,0,1,27,14,49,0
main,har,3.2,137,21,90,49,46,0,1,27,14,49,0
main,har,3.2,137,22,90,46,46,1,1,27,17,46,0
main,har,3.2,137,23,90,51,46,0,1,27,12,51,0
main,har,3.2,137,24,90,46,46,1,1,27,17,46,0
main,har,3.2,137,25,90,49,46,0,1,27,14,49,0
main,har,3.2,137,26,90,46,46,1,1,27,17,46,0
main,har,3.2,137,27,90,50,46,0,1,27,13,50,0
main,har,3.2,137,28,90,51,46,0,1,27,12,51,0
main,har,3.2,137,29,90,51,46,0,1,27,12,51,0
main,har,3.2,2024,0,90,49,46,0,1,27,14,49,0
main,har,3.2,2024,1,90,49,46,0,1,27,14,49,0
main,har,3.2,2024,2,90,51,46,0,1,27,12,51,0
main,har,3.2,2024,3,90,47,46,0,1,27,16,47,0
main,har,3.2,2024,4,90,49,46,0,1,27,14,49,0
main,har,3.2,2024,5,90,47,46,0,1,27,16,47,0
main,har,3.2,2024,6,90,49,46,0,1,27,14,49,0
main,har,3.2,2024,7,90,47,46,0,1,27,16,47,0
main,har,3.2,2024,8,90,48,46,0,1,27,15,48,0
main,har,3.2,2024,9,90,48,46,0,1,27,15,48,0
main,har,3.2,2024,10,90,50,46,0,1,27,13,50,0
main,har,3.2,2024,11,90,49,46,0,1,27,14,49,0
main,har,3.2,2024,12,90,48,46,0,1,27,15,48,0
main,har,3.2,2024,13,90,49,46,0,1,27,14,49,0
main,har,3.2,2024,14,90,48,46,0,1,27,15,48,0
main,har,3.2,2024,15,90,47,46,0,1,27,16,47,0
main,har,3.2,2024,16,90,49,46,0,1,27,14,49,0
main,har,3.2,2024,17,90,47,46,0,1,27,16,47,0
main,har,3.2,2024,18,90,48,46,0,1,27,15,48,0
main,har,3.2,2024,19,90,46,46,1,1,27,17,46,0
main,har,3.2,2024,20,90,48,46,0,1,27,15,48,0
main,har,3.2,2024,21,90,48,46,0,1,27,15,48,0
main,har,3.2,2024,22,90,49,46,0,1,27,14,49,0
main,har,3.2,2024,23,90,47,46,0,1,27,16,47,0
main,har,3.2,2024,24,90,48,46,0,1,27,15,48,0
main,har,3.2,2024,25,90,49,46,0,1,27,14,49,0
main,har,3.2,2024,26,90,48,46,0,1,27,15,48,0
main,har,3.2,2024,27,90,50,46,0,1,27,13,50,0
main,har,3.2,2024,28,90,48,46,0,1,27,15,48,0
main,har,3.2,2024,29,90,49,46,0,1,27,14,49,0
main,har,3.2,42,0,90,52,46,0,1,27,11,52,0
main,har,3.2,42,1,90,53,46,0,1,27,10,53,0
main,har,3.2,42,2,90,50,46,0,1,27,13,50,0
main,har,3.2,42,3,90,51,46,0,1,27,12,51,0
main,har,3.2,42,4,90,52,46,0,1,27,11,52,0
main,har,3.2,42,5,90,51,46,0,1,27,12,51,0
main,har,3.2,42,6,90,52,46,0,1,27,11,52,0
main,har,3.2,42,7,90,51,46,0,1,27,12,51,0
main,har,3.2,42,8,90,52,46,0,1,27,11,52,0
main,har,3.2,42,9,90,51,46,0,1,27,12,51,0
main,har,3.2,42,10,90,51,46,0,1,27,12,51,0
main,har,3.2,42,11,90,52,46,0,1,27,11,52,0
main,har,3.2,42,12,90,50,46,0,1,27,13,50,0
main,har,3.2,42,13,90,50,46,0,1,27,13,50,0
main,har,3.2,42,14,90,51,46,0,1,27,12,51,0
main,har,3.2,42,15,90,51,46,0,1,27,12,51,0
main,har,3.2,42,16,90,50,46,0,1,27,13,50,0
main,har,3.2,42,17,90,49,46,0,1,27,14,49,0
main,har,3.2,42,18,90,48,46,0,1,27,15,48,0
main,har,3.2,42,19,90,48,46,0,1,27,15,48,0
main,har,3.2,42,20,90,50,46,0,1,27,13,50,0
main,har,3.2,42,21,90,48,46,0,1,27,15,48,0
main,har,3.2,42,22,90,51,46,0,1,27,12,51,0
main,har,3.2,42,23,90,50,46,0,1,27,13,50,0
main,har,3.2,42,24,90,48,46,0,1,27,15,48,0
main,har,3.2,42,25,90,48,46,0,1,27,15,48,0
main,har,3.2,42,26,90,49,46,0,1,27,14,49,0
main,har,3.2,42,27,90,47,46,0,1,27,16,47,0
main,har,3.2,42,28,90,48,46,0,1,27,15,48,0
main,har,3.2,42,29,90,48,46,0,1,27,15,48,0
main,har,3.3,137,0,90,52,46,0,1,20,18,45,7
main,har,3.3,137,1,90,46,46,1,1,24,20,43,3
main,har,3.3,137,2,90,49,46,0,1,20,21,42,7
main,har,3.3,137,3,90,53,46,0,1,20,17,46,7
main,har,3.3,137,4,90,50,46,0,1,20,20,43,7
main,har,3.3,137,5,90,47,46,0,1,24,19,44,3
main,har,3.3,137,6,90,46,46,1,1,25,19,44,2
main,har,3.3,137,7,90,53,46,0,1,19,18,45,8
main,har,3.3,137,8,90,46,46,1,1,24,20,43,3
main,har,3.3,137,9,90,48,46,0,1,24,18,45,3
main,har,3.3,137,10,90,46,46,1,1,24,20,43,3
main,har,3.3,137,11,90,60,46,0,1,5,25,38,22
main,har,3.3,137,12,90,46,46,1,1,24,20,43,3
main,har,3.3,137,13,90,62,46,0,1,5,23,40,22
main,har,3.3,137,14,90,48,46,0,1,20,22,41,7
main,har,3.3,137,15,90,58,46,0,1,5,27,36,22
main,har,3.3,137,16,90,46,46,1,1,24,20,43,3
main,har,3.3,137,17,90,49,46,0,1,24,17,46,3
main,har,3.3,137,18,90,55,46,0,1,19,16,47,8
main,har,3.3,137,19,90,47,46,0,1,25,18,45,2
main,har,3.3,137,20,90,46,46,1,1,24,20,43,3
main,har,3.3,137,21,90,47,46,0,1,24,19,44,3
main,har,3.3,137,22,90,48,46,0,1,24,18,45,3
main,har,3.3,137,23,90,46,46,1,1,24,20,43,3
main,har,3.3,137,24,90,48,46,0,1,24,18,45,3
main,har,3.3,137,25,90,46,46,1,1,24,20,43,3
main,har,3.3,137,26,90,47,46,0,1,24,19,44,3
main,har,3.3,137,27,90,46,46,1,1,24,20,43,3
main,har,3.3,137,28,90,47,46,0,1,24,19,44,3
main,har,3.3,137,29,90,47,46,0,1,24,19,44,3
main,har,3.3,2024,0,90,49,46,0,1,12,29,34,15
main,har,3.3,2024,1,90,49,46,0,1,12,29,34,15
main,har,3.3,2024,2,90,72,46,0,1,7,11,52,20
main,har,3.3,2024,3,90,50,46,0,1,12,28,35,15
main,har,3.3,2024,4,90,49,46,0,1,12,29,34,15
main,har,3.3,2024,5,90,50,46,0,1,12,28,35,15
main,har,3.3,2024,6,90,70,46,0,1,7,13,50,20
main,har,3.3,2024,7,90,53,46,0,1,11,26,37,16
main,har,3.3,2024,8,90,53,46,0,1,11,26,37,16
main,har,3.3,2024,9,90,57,46,0,1,11,22,41,16
main,har,3.3,2024,10,90,56,46,0,1,11,23,40,16
main,har,3.3,2024,11,90,56,46,0,1,11,23,40,16
main,har,3.3,2024,12,90,53,46,0,1,11,26,37,16
main,har,3.3,2024,13,90,54,46,0,1,11,25,38,16
main,har,3.3,2024,14,90,54,46,0,1,11,25,38,16
main,har,3.3,2024,15,90,69,46,0,1,6,15,48,21
main,har,3.3,2024,16,90,52,46,0,1,11,27,36,16
main,har,3.3,2024,17,90,50,46,0,1,11,29,34,16
main,har,3.3,2024,18,90,50,46,0,1,11,29,34,16
main,har,3.3,2024,19,90,53,46,0,1,11,26,37,16
main,har,3.3,2024,20,90,50,46,0,1,11,29,34,16
main,har,3.3,2024,21,90,49,46,0,1,11,30,33,16
main,har,3.3,2024,22,90,56,46,0,1,10,24,39,17
main,har,3.3,2024,23,90,53,46,0,1,11,26,37,16
main,har,3.3,2024,24,90,50,46,0,1,11,29,34,16
main,har,3.3,2024,25,90,53,46,0,1,11,26,37,16
main,har,3.3,2024,26,90,52,46,0,1,11,27,36,16
main,har,3.3,2024,27,90,52,46,0,1,11,27,36,16
main,har,3.3,2024,28,90,49,46,0,1,12,29,34,15
main,har,3.3,2024,29,90,49,46,0,1,11,30,33,16
main,har,3.3,42,0,90,55,46,0,1,14,21,42,13
main,har,3.3,42,1,90,56,46,0,1,14,20,43,13
main,har,3.3,42,2,90,55,46,0,1,13,22,41,14
main,har,3.3,42,3,90,55,46,0,1,13,22,41,14
main,har,3.3,42,4,90,58,46,0,1,11,21,42,16
main,har,3.3,42,5,90,56,46,0,1,11,23,40,16
main,har,3.3,42,6,90,46,46,1,1,24,20,43,3
main,har,3.3,42,7,90,54,46,0,1,24,12,51,3
main,har,3.3,42,8,90,55,46,0,1,24,11,52,3
main,har,3.3,42,9,90,54,46,0,1,24,12,51,3
main,har,3.3,42,10,90,54,46,0,1,24,12,51,3
main,har,3.3,42,11,90,55,46,0,1,24,11,52,3
main,har,3.3,42,12,90,53,46,0,1,24,13,50,3
main,har,3.3,42,13,90,56,46,0,1,24,10,53,3
main,har,3.3,42,14,90,54,46,0,1,24,12,51,3
main,har,3.3,42,15,90,54,46,0,1,24,12,51,3
main,har,3.3,42,16,90,53,46,0,1,24,13,50,3
main,har,3.3,42,17,90,52,46,0,1,25,13,50,2
main,har,3.3,42,18,90,48,46,0,1,27,15,48,0
main,har,3.3,42,19,90,49,46,0,1,27,14,49,0
main,har,3.3,42,20,90,46,46,1,1,25,19,44,2
main,har,3.3,42,21,90,51,46,0,1,27,12,51,0
main,har,3.3,42,22,90,51,46,0,1,27,12,51,0
main,har,3.3,42,23,90,50,46,0,1,27,13,50,0
main,har,3.3,42,24,90,48,46,0,1,27,15,48,0
main,har,3.3,42,25,90,48,46,0,1,27,15,48,0
main,har,3.3,42,26,90,49,46,0,1,27,14,49,0
main,har,3.3,42,27,90,47,46,0,1,27,16,47,0
main,har,3.3,42,28,90,49,46,0,1,27,14,49,0
main,har,3.3,42,29,90,48,46,0,1,27,15,48,0
main,har,4.1,137,0,90,47,46,0,1,10,33,39,8
main,har,4.1,137,1,90,46,46,1,1,10,34,38,8
main,har,4.1,137,2,90,46,46,1,1,9,35,37,9
main,har,4.1,137,3,90,46,46,1,1,10,34,38,8
main,har,4.1,137,4,90,46,46,1,1,10,34,38,8
main,har,4.1,137,5,90,47,46,0,1,9,34,38,9
main,har,4.1,137,6,90,46,46,1,1,10,34,38,8
main,har,4.1,137,7,90,46,46,1,1,9,35,37,9
main,har,4.1,137,8,90,48,46,0,1,9,33,39,9
main,har,4.1,137,9,90,48,46,0,1,9,33,39,9
main,har,4.1,137,10,90,49,46,0,1,10,31,41,8
main,har,4.1,137,11,90,46,46,1,1,10,34,38,8
main,har,4.1,137,12,90,46,46,1,1,10,34,38,8
main,har,4.1,137,13,90,48,46,0,1,9,33,39,9
main,har,4.1,137,14,90,50,46,0,1,10,30,42,8
main,har,4.1,137,15,90,46,46,1,1,10,34,38,8
main,har,4.1,137,16,90,46,46,1,1,10,34,38,8
main,har,4.1,137,17,90,46,46,1,1,9,35,37,9
main,har,4.1,137,18,90,46,46,1,1,10,34,38,8
main,har,4.1,137,19,90,50,46,0,1,9,31,41,9
main,har,4.1,137,20,90,46,46,1,1,10,34,38,8
main,har,4.1,137,21,90,46,46,1,1,10,34,38,8
main,har,4.1,137,22,90,47,46,0,1,9,34,38,9
main,har,4.1,137,23,90,46,46,1,1,10,34,38,8
main,har,4.1,137,24,90,46,46,1,1,10,34,38,8
main,har,4.1,137,25,90,46,46,1,1,10,34,38,8
main,har,4.1,137,26,90,46,46,1,1,10,34,38,8
main,har,4.1,137,27,90,46,46,1,1,10,34,38,8
main,har,4.1,137,28,90,46,46,1,1,10,34,38,8
main,har,4.1,137,29,90,46,46,1,1,10,34,38,8
main,har,4.1,2024,0,90,48,46,0,1,9,33,39,9
main,har,4.1,2024,1,90,50,46,0,1,9,31,41,9
main,har,4.1,2024,2,90,48,46,0,1,9,33,39,9
main,har,4.1,2024,3,90,46,46,1,1,9,35,37,9
main,har,4.1,2024,4,90,49,46,0,1,9,32,40,9
main,har,4.1,2024,5,90,48,46,0,1,9,33,39,9
main,har,4.1,2024,6,90,48,46,0,1,9,33,39,9
main,har,4.1,2024,7,90,46,46,1,1,9,35,37,9
main,har,4.1,2024,8,90,47,46,0,1,9,34,38,9
main,har,4.1,2024,9,90,47,46,0,1,9,34,38,9
main,har,4.1,2024,10,90,48,46,0,1,9,33,39,9
main,har,4.1,2024,11,90,47,46,0,1,9,34,38,9
main,har,4.1,2024,12,90,46,46,1,1,9,35,37,9
main,har,4.1,2024,13,90,48,46,0,1,9,33,39,9
main,har,4.1,2024,14,90,50,46,0,1,9,31,41,9
main,har,4.1,2024,15,90,48,46,0,1,9,33,39,9
main,har,4.1,2024,16,90,48,46,0,1,9,33,39,9
main,har,4.1,2024,17,90,48,46,0,1,10,32,40,8
main,har,4.1,2024,18,90,46,46,1,1,9,35,37,9
main,har,4.1,2024,19,90,47,46,0,1,10,33,39,8
main,har,4.1,2024,20,90,49,46,0,1,9,32,40,9
main,har,4.1,2024,21,90,48,46,0,1,10,32,40,8
main,har,4.1,2024,22,90,47,46,0,1,10,33,39,8
main,har,4.1,2024,23,90,48,46,0,1,10,32,40,8
main,har,4.1,2024,24,90,46,46,1,1,10,34,38,8
main,har,4.1,2024,25,90,46,46,1,1,10,34,38,8
main,har,4.1,2024,26,90,46,46,1,1,10,34,38,8
main,har,4.1,2024,27,90,46,46,1,1,10,34,38,8
main,har,4.1,2024,28,90,46,46,1,1,10,34,38,8
main,har,4.1,2024,29,90,46,46,1,1,10,34,38,8
main,har,4.1,42,0,90,46,46,1,1,8,36,36,10
main,har,4.1,42,1,90,49,46,0,1,6,35,37,12
main,har,4.1,42,2,90,46,46,1,1,8,36,36,10
main,har,4.1,42,3,90,46,46,1,1,9,35,37,9
main,har,4.1,42,4,90,48,46,0,1,7,35,37,11
main,har,4.1,42,5,90,46,46,1,1,9,35,37,9
main,har,4.1,42,6,90,46,46,1,1,8,36,36,10
main,har,4.1,42,7,90,46,46,1,1,10,34,38,8
main,har,4.1,42,8,90,47,46,0,1,7,36,36,11
main,har,4.1,42,9,90,46,46,1,1,7,37,35,11
main,har,4.1,42,10,90,47,46,0,1,7,36,36,11
main,har,4.1,42,11,90,47,46,0,1,7,36,36,11
main,har,4.1,42,12,90,46,46,1,1,7,37,35,11
main,har,4.1,42,13,90,47,46,0,1,7,36,36,11
main,har,4.1,42,14,90,47,46,0,1,7,36,36,11
main,har,4.1,42,15,90,46,46,1,1,8,36,36,10
main,har,4.1,42,16,90,48,46,0,1,5,37,35,13
main,har,4.1,42,17,90,47,46,0,1,7,36,36,11
main,har,4.1,42,18,90,47,46,0,1,8,35,37,10
main,har,4.1,42,19,90,48,46,0,1,6,36,36,12
main,har,4.1,42,20,90,46,46,1,1,8,36,36,10
main,har,4.1,42,21,90,47,46,0,1,9,34,38,9
main,har,4.1,42,22,90,46,46,1,1,8,36,36,10
main,har,4.1,42,23,90,49,46,0,1,7,34,38,11
main,har,4.1,42,24,90,46,46,1,1,6,38,34,12
main,har,4.1,42,25,90,47,46,0,1,8,35,37,10
main,har,4.1,42,26,90,46,46,1,1,8,36,36,10
main,har,4.1,42,27,90,47,46,0,1,8,35,37,10
main,har,4.1,42,28,90,46,46,1,1,8,36,36,10
main,har,4.1,42,29,90,49,46,0,1,10,31,41,8
main,har,4.2,137,0,90,55,46,0,1,6,29,43,12
main,har,4.2,137,1,90,58,46,0,1,6,26,46,12
main,har,4.2,137,2,90,55,46,0,1,6,29,43,12
main,har,4.2,137,3,90,47,46,0,1,8,35,37,10
main,har,4.2,137,4,90,56,46,0,1,6,28,44,12
main,har,4.2,137,5,90,47,46,0,1,8,35,37,10
main,har,4.2,137,6,90,48,46,0,1,8,34,38,10
main,har,4.2,137,7,90,56,46,0,1,6,28,44,12
main,har,4.2,137,8,90,58,46,0,1,6,26,46,12
main,har,4.2,137,9,90,48,46,0,1,8,34,38,10
main,har,4.2,137,10,90,60,46,0,1,6,24,48,12
main,har,4.2,137,11,90,56,46,0,1,6,28,44,12
main,har,4.2,137,12,90,53,46,0,1,6,31,41,12
main,har,4.2,137,13,90,55,46,0,1,6,29,43,12
main,har,4.2,137,14,90,56,46,0,1,6,28,44,12
main,har,4.2,137,15,90,56,46,0,1,6,28,44,12
main,har,4.2,137,16,90,55,46,0,1,6,29,43,12
main,har,4.2,137,17,90,55,46,0,1,6,29,43,12
main,har,4.2,137,18,90,56,46,0,1,6,28,44,12
main,har,4.2,137,19,90,58,46,0,1,6,26,46,12
main,har,4.2,137,20,90,57,46,0,1,6,27,45,12
main,har,4.2,137,21,90,47,46,0,1,9,34,38,9
main,har,4.2,137,22,90,58,46,0,1,6,26,46,12
main,har,4.2,137,23,90,57,46,0,1,6,27,45,12
main,har,4.2,137,24,90,58,46,0,1,6,26,46,12
main,har,4.2,137,25,90,59,46,0,1,6,25,47,12
main,har,4.2,137,26,90,58,46,0,1,6,26,46,12
main,har,4.2,137,27,90,54,46,0,1,6,30,42,12
main,har,4.2,137,28,90,58,46,0,1,5,27,45,13
main,har,4.2,137,29,90,57,46,0,1,6,27,45,12
main,har,4.2,2024,0,90,51,46,0,1,10,29,43,8
main,har,4.2,2024,1,90,48,46,0,1,10,32,40,8
main,har,4.2,2024,2,90,50,46,0,1,10,30,42,8
main,har,4.2,2024,3,90,50,46,0,1,10,30,42,8
main,har,4.2,2024,4,90,69,46,0,1,6,15,57,12
main,har,4.2,2024,5,90,49,46,0,1,10,31,41,8
main,har,4.2,2024,6,90,48,46,0,1,10,32,40,8
main,har,4.2,2024,7,90,48,46,0,1,10,32,40,8
main,har,4.2,2024,8,90,48,46,0,1,10,32,40,8
main,har,4.2,2024,9,90,50,46,0,1,10,30,42,8
main,har,4.2,2024,10,90,50,46,0,1,10,30,42,8
main,har,4.2,2024,11,90,46,46,1,1,10,34,38,8
main,har,4.2,2024,12,90,48,46,0,1,10,32,40,8
main,har,4.2,2024,13,90,47,46,0,1,10,33,39,8
main,har,4.2,2024,14,90,56,46,0,1,8,26,46,10
main,har,4.2,2024,15,90,47,46,0,1,10,33,39,8
main,har,4.2,2024,16,90,56,46,0,1,7,27,45,11
main,har,4.2,2024,17,90,56,46,0,1,8,26,46,10
main,har,4.2,2024,18,90,46,46,1,1,10,34,38,8
main,har,4.2,2024,19,90,48,46,0,1,10,32,40,8
main,har,4.2,2024,20,90,46,46,1,1,10,34,38,8
main,har,4.2,2024,21,90,48,46,0,1,10,32,40,8
main,har,4.2,2024,22,90,49,46,0,1,10,31,41,8
main,har,4.2,2024,23,90,49,46,0,1,10,31,41,8
main,har,4.2,2024,24,90,47,46,0,1,10,33,39,8
main,har,4.2,2024,25,90,49,46,0,1,10,31,41,8
main,har,4.2,2024,26,90,48,46,0,1,10,32,40,8
main,har,4.2,2024,27,90,48,46,0,1,10,32,40,8
main,har,4.2,2024,28,90,49,46,0,1,10,31,41,8
main,har,4.2,2024,29,90,47,46,0,1,10,33,39,8
main,har,4.2,42,0,90,53,46,0,1,8,29,43,10
main,har,4.2,42,1,90,52,46,0,1,8,30,42,10
main,har,4.2,42,2,90,55,46,0,1,7,28,44,11
main,har,4.2,42,3,90,49,46,0,1,8,33,39,10
main,har,4.2,42,4,90,51,46,0,1,8,31,41,10
main,har,4.2,42,5,90,49,46,0,1,8,33,39,10
main,har,4.2,42,6,90,50,46,0,1,8,32,40,10
main,har,4.2,42,7,90,49,46,0,1,8,33,39,10
main,har,4.2,42,8,90,47,46,0,1,8,35,37,10
main,har,4.2,42,9,90,49,46,0,1,8,33,39,10
main,har,4.2,42,10,90,52,46,0,1,8,30,42,10
main,har,4.2,42,11,90,53,46,0,1,8,29,43,10
main,har,4.2,42,12,90,49,46,0,1,8,33,39,10
main,har,4.2,42,13,90,50,46,0,1,8,32,40,10
main,har,4.2,42,14,90,48,46,0,1,8,34,38,10
main,har,4.2,42,15,90,50,46,0,1,8,32,40,10
main,har,4.2,42,16,90,52,46,0,1,8,30,42,10
main,har,4.2,42,17,90,46,46,1,1,9,35,37,9
main,har,4.2,42,18,90,46,46,1,1,9,35,37,9
main,har,4.2,42,19,90,47,46,0,1,9,34,38,9
main,har,4.2,42,20,90,47,46,0,1,8,35,37,10
main,har,4.2,42,21,90,47,46,0,1,9,34,38,9
main,har,4.2,42,22,90,47,46,0,1,8,35,37,10
main,har,4.2,42,23,90,47,46,0,1,9,34,38,9
main,har,4.2,42,24,90,46,46,1,1,9,35,37,9
main,har,4.2,42,25,90,46,46,1,1,9,35,37,9
main,har,4.2,42,26,90,47,46,0,1,8,35,37,10
main,har,4.2,42,27,90,46,46,1,1,8,36,36,10
main,har,4.2,42,28,90,46,46,1,1,9,35,37,9
main,har,4.2,42,29,90,46,46,1,1,9,35,37,9
main,har,4.3,137,0,90,59,46,0,1,9,22,41,18
main,har,4.3,137,1,90,60,46,0,1,9,21,42,18
main,har,4.3,137,2,90,55,46,0,1,9,26,37,18
main,har,4.3,137,3,90,58,46,0,1,9,23,40,18
main,har,4.3,137,4,90,59,46,0,1,9,22,41,18
main,har,4.3,137,5,90,57,46,0,1,9,24,39,18
main,har,4.3,137,6,90,58,46,0,1,9,23,40,18
main,har,4.3,137,7,90,56,46,0,1,9,25,38,18
main,har,4.3,137,8,90,56,46,0,1,9,25,38,18
main,har,4.3,137,9,90,58,46,0,1,9,23,40,18
main,har,4.3,137,10,90,56,46,0,1,9,25,38,18
main,har,4.3,137,11,90,57,46,0,1,9,24,39,18
main,har,4.3,137,12,90,56,46,0,1,9,25,38,18
main,har,4.3,137,13,90,57,46,0,1,9,24,39,18
main,har,4.3,137,14,90,54,46,0,1,9,27,36,18
main,har,4.3,137,15,90,60,46,0,1,9,21,42,18
main,har,4.3,137,16,90,57,46,0,1,9,24,39,18
main,har,4.3,137,17,90,59,46,0,1,9,22,41,18
main,har,4.3,137,18,90,47,46,0,1,13,30,33,14
main,har,4.3,137,19,90,59,46,0,1,9,22,41,18
main,har,4.3,137,20,90,58,46,0,1,9,23,40,18
main,har,4.3,137,21,90,57,46,0,1,9,24,39,18
main,har,4.3,137,22,90,57,46,0,1,9,24,39,18
main,har,4.3,137,23,90,56,46,0,1,9,25,38,18
main,har,4.3,137,24,90,58,46,0,1,9,23,40,18
main,har,4.3,137,25,90,55,46,0,1,9,26,37,18
main,har,4.3,137,26,90,58,46,0,1,9,23,40,18
main,har,4.3,137,27,90,57,46,0,1,9,24,39,18
main,har,4.3,137,28,90,56,46,0,1,9,25,38,18
main,har,4.3,137,29,90,57,46,0,1,9,24,39,18
main,har,4.3,2024,0,90,49,46,0,1,12,29,34,15
main,har,4.3,2024,1,90,49,46,0,1,12,29,34,15
main,har,4.3,2024,2,90,71,46,0,1,7,12,51,20
main,har,4.3,2024,3,90,50,46,0,1,12,28,35,15
main,har,4.3,2024,4,90,49,46,0,1,12,29,34,15
main,har,4.3,2024,5,90,50,46,0,1,12,28,35,15
main,har,4.3,2024,6,90,54,46,0,1,11,25,38,16
main,har,4.3,2024,7,90,48,46,0,1,12,30,33,15
main,har,4.3,2024,8,90,47,46,0,1,12,31,32,15
main,har,4.3,2024,9,90,51,46,0,1,12,27,36,15
main,har,4.3,2024,10,90,56,46,0,1,11,23,40,16
main,har,4.3,2024,11,90,49,46,0,1,12,29,34,15
main,har,4.3,2024,12,90,49,46,0,1,12,29,34,15
main,har,4.3,2024,13,90,55,46,0,1,11,24,39,16
main,har,4.3,2024,14,90,55,46,0,1,11,24,39,16
main,har,4.3,2024,15,90,52,46,0,1,11,27,36,16
main,har,4.3,2024,16,90,49,46,0,1,12,29,34,15
main,har,4.3,2024,17,90,47,46,0,1,12,31,32,15
main,har,4.3,2024,18,90,47,46,0,1,12,31,32,15
main,har,4.3,2024,19,90,51,46,0,1,12,27,36,15
main,har,4.3,2024,20,90,47,46,0,1,12,31,32,15
main,har,4.3,2024,21,90,46,46,1,1,12,32,31,15
main,har,4.3,2024,22,90,50,46,0,1,11,29,34,16
main,har,4.3,2024,23,90,51,46,0,1,12,27,36,15
main,har,4.3,2024,24,90,50,46,0,1,12,28,35,15
main,har,4.3,2024,25,90,46,46,1,1,12,32,31,15
main,har,4.3,2024,26,90,50,46,0,1,12,28,35,15
main,har,4.3,2024,27,90,50,46,0,1,12,28,35,15
main,har,4.3,2024,28,90,48,46,0,1,12,30,33,15
main,har,4.3,2024,29,90,46,46,1,1,12,32,31,15
main,har,4.3,42,0,90,51,46,0,1,13,26,37,14
main,har,4.3,42,1,90,52,46,0,1,13,25,38,14
main,har,4.3,42,2,90,50,46,0,1,13,27,36,14
main,har,4.3,42,3,90,51,46,0,1,13,26,37,14
main,har,4.3,42,4,90,51,46,0,1,13,26,37,14
main,har,4.3,42,5,90,50,46,0,1,13,27,36,14
main,har,4.3,42,6,90,52,46,0,1,14,24,39,13
main,har,4.3,42,7,90,50,46,0,1,14,26,37,13
main,har,4.3,42,8,90,50,46,0,1,14,26,37,13
main,har,4.3,42,9,90,47,46,0,1,14,29,34,13
main,har,4.3,42,10,90,49,46,0,1,14,27,36,13
main,har,4.3,42,11,90,50,46,0,1,14,26,37,13
main,har,4.3,42,12,90,51,46,0,1,13,26,37,14
main,har,4.3,42,13,90,50,46,0,1,14,26,37,13
main,har,4.3,42,14,90,49,46,0,1,14,27,36,13
main,har,4.3,42,15,90,49,46,0,1,14,27,36,13
main,har,4.3,42,16,90,50,46,0,1,14,26,37,13
main,har,4.3,42,17,90,47,46,0,1,14,29,34,13
main,har,4.3,42,18,90,46,46,1,1,14,30,33,13
main,har,4.3,42,19,90,46,46,1,1,14,30,33,13
main,har,4.3,42,20,90,53,46,0,1,14,23,40,13
main,har,4.3,42,21,90,46,46,1,1,14,30,33,13
main,har,4.3,42,22,90,53,46,0,1,14,23,40,13
main,har,4.3,42,23,90,46,46,1,1,14,30,33,13
main,har,4.3,42,24,90,47,46,0,1,14,29,34,13
main,har,4.3,42,25,90,46,46,1,1,14,30,33,13
main,har,4.3,42,26,90,47,46,0,1,14,29,34,13
main,har,4.3,42,27,90,46,46,1,1,14,30,33,13
main,har,4.3,42,28,90,47,46,0,1,14,29,34,13
main,har,4.3,42,29,90,46,46,1,1,14,30,33,13
main,har,5.1,137,0,90,47,46,0,1,10,33,39,8
main,har,5.1,137,1,90,46,46,1,1,10,34,38,8
main,har,5.1,137,2,90,46,46,1,1,9,35,37,9
main,har,5.1,137,3,90,46,46,1,1,10,34,38,8
main,har,5.1,137,4,90,46,46,1,1,10,34,38,8
main,har,5.1,137,5,90,47,46,0,1,9,34,38,9
main,har,5.1,137,6,90,46,46,1,1,10,34,38,8
main,har,5.1,137,7,90,46,46,1,1,9,35,37,9
main,har,5.1,137,8,90,48,46,0,1,9,33,39,9
main,har,5.1,137,9,90,48,46,0,1,9,33,39,9
main,har,5.1,137,10,90,49,46,0,1,10,31,41,8
main,har,5.1,137,11,90,46,46,1,1,10,34,38,8
main,har,5.1,137,12,90,46,46,1,1,10,34,38,8
main,har,5.1,137,13,90,48,46,0,1,9,33,39,9
main,har,5.1,137,14,90,50,46,0,1,10,30,42,8
main,har,5.1,137,15,90,46,46,1,1,10,34,38,8
main,har,5.1,137,16,90,46,46,1,1,10,34,38,8
main,har,5.1,137,17,90,46,46,1,1,9,35,37,9
main,har,5.1,137,18,90,46,46,1,1,10,34,38,8
main,har,5.1,137,19,90,48,46,0,1,9,33,39,9
main,har,5.1,137,20,90,46,46,1,1,10,34,38,8
main,har,5.1,137,21,90,46,46,1,1,10,34,38,8
main,har,5.1,137,22,90,47,46,0,1,9,34,38,9
main,har,5.1,137,23,90,46,46,1,1,10,34,38,8
main,har,5.1,137,24,90,46,46,1,1,10,34,38,8
main,har,5.1,137,25,90,46,46,1,1,10,34,38,8
main,har,5.1,137,26,90,46,46,1,1,10,34,38,8
main,har,5.1,137,27,90,46,46,1,1,10,34,38,8
main,har,5.1,137,28,90,46,46,1,1,10,34,38,8
main,har,5.1,137,29,90,46,46,1,1,10,34,38,8
main,har,5.1,2024,0,90,47,46,0,1,10,33,39,8
main,har,5.1,2024,1,90,49,46,0,1,10,31,41,8
main,har,5.1,2024,2,90,47,46,0,1,10,33,39,8
main,har,5.1,2024,3,90,48,46,0,1,10,32,40,8
main,har,5.1,2024,4,90,48,46,0,1,10,32,40,8
main,har,5.1,2024,5,90,47,46,0,1,10,33,39,8
main,har,5.1,2024,6,90,47,46,0,1,10,33,39,8
main,har,5.1,2024,7,90,47,46,0,1,10,33,39,8
main,har,5.1,2024,8,90,46,46,1,1,10,34,38,8
main,har,5.1,2024,9,90,48,46,0,1,10,32,40,8
main,har,5.1,2024,10,90,47,46,0,1,10,33,39,8
main,har,5.1,2024,11,90,46,46,1,1,10,34,38,8
main,har,5.1,2024,12,90,46,46,1,1,9,35,37,9
main,har,5.1,2024,13,90,50,46,0,1,10,30,42,8
main,har,5.1,2024,14,90,46,46,1,1,10,34,38,8
main,har,5.1,2024,15,90,50,46,0,1,9,31,41,9
main,har,5.1,2024,16,90,47,46,0,1,10,33,39,8
main,har,5.1,2024,17,90,48,46,0,1,10,32,40,8
main,har,5.1,2024,18,90,47,46,0,1,10,33,39,8
main,har,5.1,2024,19,90,47,46,0,1,10,33,39,8
main,har,5.1,2024,20,90,51,46,0,1,9,30,42,9
main,har,5.1,2024,21,90,51,46,0,1,10,29,43,8
main,har,5.1,2024,22,90,46,46,1,1,10,34,38,8
main,har,5.1,2024,23,90,48,46,0,1,10,32,40,8
main,har,5.1,2024,24,90,46,46,1,1,10,34,38,8
main,har,5.1,2024,25,90,46,46,1,1,10,34,38,8
main,har,5.1,2024,26,90,46,46,1,1,10,34,38,8
main,har,5.1,2024,27,90,46,46,1,1,10,34,38,8
main,har,5.1,2024,28,90,46,46,1,1,10,34,38,8
main,har,5.1,2024,29,90,46,46,1,1,10,34,38,8
main,har,5.1,42,0,90,47,46,0,1,7,36,36,11
main,har,5.1,42,1,90,49,46,0,1,7,34,38,11
main,har,5.1,42,2,90,46,46,1,1,9,35,37,9
main,har,5.1,42,3,90,46,46,1,1,9,35,37,9
main,har,5.1,42,4,90,50,46,0,1,9,31,41,9
main,har,5.1,42,5,90,46,46,1,1,9,35,37,9
main,har,5.1,42,6,90,46,46,1,1,9,35,37,9
main,har,5.1,42,7,90,46,46,1,1,10,34,38,8
main,har,5.1,42,8,90,46,46,1,1,8,36,36,10
main,har,5.1,42,9,90,46,46,1,1,8,36,36,10
main,har,5.1,42,10,90,46,46,1,1,8,36,36,10
main,har,5.1,42,11,90,46,46,1,1,8,36,36,10
main,har,5.1,42,12,90,46,46,1,1,7,37,35,11
main,har,5.1,42,13,90,46,46,1,1,8,36,36,10
main,har,5.1,42,14,90,46,46,1,1,8,36,36,10
main,har,5.1,42,15,90,46,46,1,1,8,36,36,10
main,har,5.1,42,16,90,49,46,0,1,5,36,36,13
main,har,5.1,42,17,90,46,46,1,1,8,36,36,10
main,har,5.1,42,18,90,46,46,1,1,9,35,37,9
main,har,5.1,42,19,90,50,46,0,1,5,35,37,13
main,har,5.1,42,20,90,46,46,1,1,8,36,36,10
main,har,5.1,42,21,90,47,46,0,1,9,34,38,9
main,har,5.1,42,22,90,46,46,1,1,8,36,36,10
main,har,5.1,42,23,90,50,46,0,1,6,34,38,12
main,har,5.1,42,24,90,49,46,0,1,6,35,37,12
main,har,5.1,42,25,90,48,46,0,1,8,34,38,10
main,har,5.1,42,26,90,47,46,0,1,6,37,35,12
main,har,5.1,42,27,90,48,46,0,1,8,34,38,10
main,har,5.1,42,28,90,46,46,1,1,8,36,36,10
main,har,5.1,42,29,90,46,46,1,1,11,33,39,7
main,har,5.2,137,0,90,56,46,0,1,6,28,44,12
main,har,5.2,137,1,90,58,46,0,1,6,26,46,12
main,har,5.2,137,2,90,55,46,0,1,6,29,43,12
main,har,5.2,137,3,90,47,46,0,1,8,35,37,10
main,har,5.2,137,4,90,56,46,0,1,6,28,44,12
main,har,5.2,137,5,90,47,46,0,1,8,35,37,10
main,har,5.2,137,6,90,48,46,0,1,8,34,38,10
main,har,5.2,137,7,90,56,46,0,1,6,28,44,12
main,har,5.2,137,8,90,58,46,0,1,6,26,46,12
main,har,5.2,137,9,90,48,46,0,1,8,34,38,10
main,har,5.2,137,10,90,60,46,0,1,6,24,48,12
main,har,5.2,137,11,90,56,46,0,1,6,28,44,12
main,har,5.2,137,12,90,53,46,0,1,6,31,41,12
main,har,5.2,137,13,90,55,46,0,1,6,29,43,12
main,har,5.2,137,14,90,56,46,0,1,6,28,44,12
main,har,5.2,137,15,90,56,46,0,1,6,28,44,12
main,har,5.2,137,16,90,55,46,0,1,6,29,43,12
main,har,5.2,137,17,90,55,46,0,1,6,29,43,12
main,har,5.2,137,18,90,56,46,0,1,6,28,44,12
main,har,5.2,137,19,90,58,46,0,1,6,26,46,12
main,har,5.2,137,20,90,57,46,0,1,6,27,45,12
main,har,5.2,137,21,90,47,46,0,1,9,34,38,9
main,har,5.2,137,22,90,58,46,0,1,6,26,46,12
main,har,5.2,137,23,90,57,46,0,1,6,27,45,12
main,har,5.2,137,24,90,58,46,0,1,6,26,46,12
main,har,5.2,137,25,90,59,46,0,1,6,25,47,12
main,har,5.2,137,26,90,58,46,0,1,6,26,46,12
main,har,5.2,137,27,90,54,46,0,1,6,30,42,12
main,har,5.2,137,28,90,58,46,0,1,5,27,45,13
main,har,5.2,137,29,90,57,46,0,1,6,27,45,12
main,har,5.2,2024,0,90,51,46,0,1,10,29,43,8
main,har,5.2,2024,1,90,48,46,0,1,10,32,40,8
main,har,5.2,2024,2,90,50,46,0,1,10,30,42,8
main,har,5.2,2024,3,90,50,46,0,1,10,30,42,8
main,har,5.2,2024,4,90,69,46,0,1,6,15,57,12
main,har,5.2,2024,5,90,49,46,0,1,10,31,41,8
main,har,5.2,2024,6,90,48,46,0,1,10,32,40,8
main,har,5.2,2024,7,90,48,46,0,1,10,32,40,8
main,har,5.2,2024,8,90,48,46,0,1,10,32,40,8
main,har,5.2,2024,9,90,50,46,0,1,10,30,42,8
main,har,5.2,2024,10,90,50,46,0,1,10,30,42,8
main,har,5.2,2024,11,90,46,46,1,1,10,34,38,8
main,har,5.2,2024,12,90,48,46,0,1,10,32,40,8
main,har,5.2,2024,13,90,47,46,0,1,10,33,39,8
main,har,5.2,2024,14,90,56,46,0,1,8,26,46,10
main,har,5.2,2024,15,90,47,46,0,1,10,33,39,8
main,har,5.2,2024,16,90,55,46,0,1,8,27,45,10
main,har,5.2,2024,17,90,56,46,0,1,8,26,46,10
main,har,5.2,2024,18,90,46,46,1,1,10,34,38,8
main,har,5.2,2024,19,90,48,46,0,1,10,32,40,8
main,har,5.2,2024,20,90,46,46,1,1,10,34,38,8
main,har,5.2,2024,21,90,48,46,0,1,10,32,40,8
main,har,5.2,2024,22,90,49,46,0,1,10,31,41,8
main,har,5.2,2024,23,90,49,46,0,1,10,31,41,8
main,har,5.2,2024,24,90,47,46,0,1,10,33,39,8
main,har,5.2,2024,25,90,49,46,0,1,10,31,41,8
main,har,5.2,2024,26,90,48,46,0,1,10,32,40,8
main,har,5.2,2024,27,90,48,46,0,1,10,32,40,8
main,har,5.2,2024,28,90,49,46,0,1,10,31,41,8
main,har,5.2,2024,29,90,47,46,0,1,10,33,39,8
main,har,5.2,42,0,90,53,46,0,1,8,29,43,10
main,har,5.2,42,1,90,52,46,0,1,8,30,42,10
main,har,5.2,42,2,90,55,46,0,1,7,28,44,11
main,har,5.2,42,3,90,49,46,0,1,8,33,39,10
main,har,5.2,42,4,90,51,46,0,1,8,31,41,10
main,har,5.2,42,5,90,49,46,0,1,8,33,39,10
main,har,5.2,42,6,90,50,46,0,1,8,32,40,10
main,har,5.2,42,7,90,49,46,0,1,8,33,39,10
main,har,5.2,42,8,90,47,46,0,1,8,35,37,10
main,har,5.2,42,9,90,49,46,0,1,8,33,39,10
main,har,5.2,42,10,90,52,46,0,1,8,30,42,10
main,har,5.2,42,11,90,53,46,0,1,8,29,43,10
main,har,5.2,42,12,90,49,46,0,1,8,33,39,10
main,har,5.2,42,13,90,50,46,0,1,8,32,40,10
main,har,5.2,42,14,90,48,46,0,1,8,34,38,10
main,har,5.2,42,15,90,50,46,0,1,8,32,40,10
main,har,5.2,42,16,90,52,46,0,1,8,30,42,10
main,har,5.2,42,17,90,46,46,1,1,9,35,37,9
main,har,5.2,42,18,90,46,46,1,1,9,35,37,9
main,har,5.2,42,19,90,47,46,0,1,9,34,38,9
main,har,5.2,42,20,90,47,46,0,1,8,35,37,10
main,har,5.2,42,21,90,47,46,0,1,9,34,38,9
main,har,5.2,42,22,90,47,46,0,1,8,35,37,10
main,har,5.2,42,23,90,47,46,0,1,9,34,38,9
main,har,5.2,42,24,90,46,46,1,1,9,35,37,9
main,har,5.2,42,25,90,46,46,1,1,9,35,37,9
main,har,5.2,42,26,90,47,46,0,1,8,35,37,10
main,har,5.2,42,27,90,46,46,1,1,8,36,36,10
main,har,5.2,42,28,90,46,46,1,1,9,35,37,9
main,har,5.2,42,29,90,46,46,1,1,9,35,37,9
main,har,5.3,137,0,90,59,46,0,1,9,22,41,18
main,har,5.3,137,1,90,60,46,0,1,9,21,42,18
main,har,5.3,137,2,90,55,46,0,1,9,26,37,18
main,har,5.3,137,3,90,58,46,0,1,9,23,40,18
main,har,5.3,137,4,90,59,46,0,1,9,22,41,18
main,har,5.3,137,5,90,57,46,0,1,9,24,39,18
main,har,5.3,137,6,90,58,46,0,1,9,23,40,18
main,har,5.3,137,7,90,56,46,0,1,9,25,38,18
main,har,5.3,137,8,90,56,46,0,1,9,25,38,18
main,har,5.3,137,9,90,58,46,0,1,9,23,40,18
main,har,5.3,137,10,90,56,46,0,1,9,25,38,18
main,har,5.3,137,11,90,57,46,0,1,9,24,39,18
main,har,5.3,137,12,90,56,46,0,1,9,25,38,18
main,har,5.3,137,13,90,57,46,0,1,9,24,39,18
main,har,5.3,137,14,90,54,46,0,1,9,27,36,18
main,har,5.3,137,15,90,46,46,1,1,12,32,31,15
main,har,5.3,137,16,90,54,46,0,1,12,24,39,15
main,har,5.3,137,17,90,59,46,0,1,9,22,41,18
main,har,5.3,137,18,90,47,46,0,1,13,30,33,14
main,har,5.3,137,19,90,56,46,0,1,12,22,41,15
main,har,5.3,137,20,90,58,46,0,1,9,23,40,18
main,har,5.3,137,21,90,57,46,0,1,9,24,39,18
main,har,5.3,137,22,90,57,46,0,1,9,24,39,18
main,har,5.3,137,23,90,56,46,0,1,9,25,38,18
main,har,5.3,137,24,90,58,46,0,1,9,23,40,18
main,har,5.3,137,25,90,55,46,0,1,9,26,37,18
main,har,5.3,137,26,90,47,46,0,1,13,30,33,14
main,har,5.3,137,27,90,55,46,0,1,11,24,39,16
main,har,5.3,137,28,90,56,46,0,1,9,25,38,18
main,har,5.3,137,29,90,57,46,0,1,9,24,39,18
main,har,5.3,2024,0,90,49,46,0,1,12,29,34,15
main,har,5.3,2024,1,90,49,46,0,1,12,29,34,15
main,har,5.3,2024,2,90,71,46,0,1,7,12,51,20
main,har,5.3,2024,3,90,50,46,0,1,12,28,35,15
main,har,5.3,2024,4,90,49,46,0,1,12,29,34,15
main,har,5.3,2024,5,90,50,46,0,1,12,28,35,15
main,har,5.3,2024,6,90,54,46,0,1,11,25,38,16
main,har,5.3,2024,7,90,48,46,0,1,12,30,33,15
main,har,5.3,2024,8,90,47,46,0,1,12,31,32,15
main,har,5.3,2024,9,90,51,46,0,1,12,27,36,15
main,har,5.3,2024,10,90,56,46,0,1,11,23,40,16
main,har,5.3,2024,11,90,49,46,0,1,12,29,34,15
main,har,5.3,2024,12,90,49,46,0,1,12,29,34,15
main,har,5.3,2024,13,90,55,46,0,1,11,24,39,16
main,har,5.3,2024,14,90,55,46,0,1,11,24,39,16
main,har,5.3,2024,15,90,52,46,0,1,11,27,36,16
main,har,5.3,2024,16,90,49,46,0,1,12,29,34,15
main,har,5.3,2024,17,90,47,46,0,1,12,31,32,15
main,har,5.3,2024,18,90,47,46,0,1,12,31,32,15
main,har,5.3,2024,19,90,51,46,0,1,12,27,36,15
main,har,5.3,2024,20,90,47,46,0,1,12,31,32,15
main,har,5.3,2024,21,90,46,46,1,1,12,32,31,15
main,har,5.3,2024,22,90,50,46,0,1,11,29,34,16
main,har,5.3,2024,23,90,51,46,0,1,12,27,36,15
main,har,5.3,2024,24,90,49,46,0,1,12,29,34,15
main,har,5.3,2024,25,90,46,46,1,1,12,32,31,15
main,har,5.3,2024,26,90,50,46,0,1,12,28,35,15
main,har,5.3,2024,27,90,50,46,0,1,12,28,35,15
main,har,5.3,2024,28,90,48,46,0,1,12,30,33,15
main,har,5.3,2024,29,90,46,46,1,1,12,32,31,15
main,har,5.3,42,0,90,51,46,0,1,13,26,37,14
main,har,5.3,42,1,90,52,46,0,1,13,25,38,14
main,har,5.3,42,2,90,50,46,0,1,13,27,36,14
main,har,5.3,42,3,90,51,46,0,1,13,26,37,14
main,har,5.3,42,4,90,51,46,0,1,13,26,37,14
main,har,5.3,42,5,90,50,46,0,1,13,27,36,14
main,har,5.3,42,6,90,52,46,0,1,14,24,39,13
main,har,5.3,42,7,90,50,46,0,1,14,26,37,13
main,har,5.3,42,8,90,50,46,0,1,14,26,37,13
main,har,5.3,42,9,90,47,46,0,1,14,29,34,13
main,har,5.3,42,10,90,49,46,0,1,14,27,36,13
main,har,5.3,42,11,90,50,46,0,1,14,26,37,13
main,har,5.3,42,12,90,51,46,0,1,13,26,37,14
main,har,5.3,42,13,90,50,46,0,1,14,26,37,13
main,har,5.3,42,14,90,49,46,0,1,14,27,36,13
main,har,5.3,42,15,90,49,46,0,1,14,27,36,13
main,har,5.3,42,16,90,50,46,0,1,14,26,37,13
main,har,5.3,42,17,90,47,46,0,1,14,29,34,13
main,har,5.3,42,18,90,46,46,1,1,14,30,33,13
main,har,5.3,42,19,90,46,46,1,1,14,30,33,13
main,har,5.3,42,20,90,53,46,0,1,14,23,40,13
main,har,5.3,42,21,90,46,46,1,1,14,30,33,13
main,har,5.3,42,22,90,53,46,0,1,14,23,40,13
main,har,5.3,42,23,90,46,46,1,1,14,30,33,13
main,har,5.3,42,24,90,46,46,1,1,15,29,34,12
main,har,5.3,42,25,90,46,46,1,1,14,30,33,13
main,har,5.3,42,26,90,47,46,0,1,14,29,34,13
main,har,5.3,42,27,90,46,46,1,1,14,30,33,13
main,har,5.3,42,28,90,47,46,0,1,14,29,34,13
main,har,5.3,42,29,90,46,46,1,1,14,30,33,13
main,har,6.1,137,0,90,46,46,1,0,0,44,46,0
main,har,6.1,137,1,90,47,46,0,0,0,43,47,0
main,har,6.1,137,2,90,46,46,1,0,0,44,46,0
main,har,6.1,137,3,90,46,46,1,0,0,44,46,0
main,har,6.1,137,4,90,46,46,1,0,0,44,46,0
main,har,6.1,137,5,90,46,46,1,0,0,44,46,0
main,har,6.1,137,6,90,49,46,0,0,0,41,49,0
main,har,6.1,137,7,90,46,46,1,0,0,44,46,0
main,har,6.1,137,8,90,50,46,0,0,0,40,50,0
main,har,6.1,137,9,90,46,46,1,0,0,44,46,0
main,har,6.1,137,10,90,46,46,1,0,0,44,46,0
main,har,6.1,137,11,90,48,46,0,0,0,42,48,0
main,har,6.1,137,12,90,46,46,1,0,0,44,46,0
main,har,6.1,137,13,90,46,46,1,0,0,44,46,0
main,har,6.1,137,14,90,46,46,1,0,0,44,46,0
main,har,6.1,137,15,90,48,46,0,0,0,42,48,0
main,har,6.1,137,16,90,46,46,1,0,0,44,46,0
main,har,6.1,137,17,90,46,46,1,0,0,44,46,0
main,har,6.1,137,18,90,48,46,0,0,0,42,48,0
main,har,6.1,137,19,90,46,46,1,0,0,44,46,0
main,har,6.1,137,20,90,48,46,0,0,0,42,48,0
main,har,6.1,137,21,90,47,46,0,0,0,43,47,0
main,har,6.1,137,22,90,46,46,1,0,0,44,46,0
main,har,6.1,137,23,90,47,46,0,0,0,43,47,0
main,har,6.1,137,24,90,46,46,1,0,0,44,46,0
main,har,6.1,137,25,90,46,46,1,0,0,44,46,0
main,har,6.1,137,26,90,46,46,1,0,0,44,46,0
main,har,6.1,137,27,90,46,46,1,0,0,44,46,0
main,har,6.1,137,28,90,46,46,1,0,0,44,46,0
main,har,6.1,137,29,90,46,46,1,0,0,44,46,0
main,har,6.1,2024,0,90,51,46,0,0,0,39,51,0
main,har,6.1,2024,1,90,50,46,0,0,0,40,50,0
main,har,6.1,2024,2,90,50,46,0,0,0,40,50,0
main,har,6.1,2024,3,90,47,46,0,0,0,43,47,0
main,har,6.1,2024,4,90,50,46,0,0,0,40,50,0
main,har,6.1,2024,5,90,49,46,0,0,0,41,49,0
main,har,6.1,2024,6,90,46,46,1,0,0,44,46,0
main,har,6.1,2024,7,90,49,46,0,0,0,41,49,0
main,har,6.1,2024,8,90,47,46,0,0,0,43,47,0
main,har,6.1,2024,9,90,48,46,0,0,0,42,48,0
main,har,6.1,2024,10,90,47,46,0,0,0,43,47,0
main,har,6.1,2024,11,90,47,46,0,0,0,43,47,0
main,har,6.1,2024,12,90,48,46,0,0,0,42,48,0
main,har,6.1,2024,13,90,47,46,0,0,0,43,47,0
main,har,6.1,2024,14,90,48,46,0,0,0,42,48,0
main,har,6.1,2024,15,90,49,46,0,0,0,41,49,0
main,har,6.1,2024,16,90,47,46,0,0,0,43,47,0
main,har,6.1,2024,17,90,48,46,0,0,0,42,48,0
main,har,6.1,2024,18,90,48,46,0,0,0,42,48,0
main,har,6.1,2024,19,90,47,46,0,0,0,43,47,0
main,har,6.1,2024,20,90,46,46,1,0,0,44,46,0
main,har,6.1,2024,21,90,49,46,0,0,0,41,49,0
main,har,6.1,2024,22,90,46,46,1,0,0,44,46,0
main,har,6.1,2024,23,90,46,46,1,0,0,44,46,0
main,har,6.1,2024,24,90,47,46,0,0,0,43,47,0
main,har,6.1,2024,25,90,48,46,0,0,0,42,48,0
main,har,6.1,2024,26,90,49,46,0,0,0,41,49,0
main,har,6.1,2024,27,90,47,46,0,0,0,43,47,0
main,har,6.1,2024,28,90,49,46,0,0,0,41,49,0
main,har,6.1,2024,29,90,48,46,0,0,0,42,48,0
main,har,6.1,42,0,90,46,46,1,0,0,44,46,0
main,har,6.1,42,1,90,46,46,1,0,0,44,46,0
main,har,6.1,42,2,90,46,46,1,0,0,44,46,0
main,har,6.1,42,3,90,46,46,1,0,0,44,46,0
main,har,6.1,42,4,90,46,46,1,0,0,44,46,0
main,har,6.1,42,5,90,49,46,0,0,0,41,49,0
main,har,6.1,42,6,90,48,46,0,0,0,42,48,0
main,har,6.1,42,7,90,49,46,0,0,0,41,49,0
main,har,6.1,42,8,90,47,46,0,0,0,43,47,0
main,har,6.1,42,9,90,46,46,1,0,0,44,46,0
main,har,6.1,42,10,90,46,46,1,0,0,44,46,0
main,har,6.1,42,11,90,47,46,0,0,0,43,47,0
main,har,6.1,42,12,90,48,46,0,0,0,42,48,0
main,har,6.1,42,13,90,49,46,0,0,0,41,49,0
main,har,6.1,42,14,90,46,46,1,0,0,44,46,0
main,har,6.1,42,15,90,46,46,1,0,0,44,46,0
main,har,6.1,42,16,90,46,46,1,0,0,44,46,0
main,har,6.1,42,17,90,50,46,0,0,0,40,50,0
main,har,6.1,42,18,90,46,46,1,0,0,44,46,0
main,har,6.1,42,19,90,46,46,1,0,0,44,46,0
main,har,6.1,42,20,90,49,46,0,0,0,41,49,0
main,har,6.1,42,21,90,50,46,0,0,0,40,50,0
main,har,6.1,42,22,90,49,46,0,0,0,41,49,0
main,har,6.1,42,23,90,48,46,0,0,0,42,48,0
main,har,6.1,42,24,90,48,46,0,0,0,42,48,0
main,har,6.1,42,25,90,50,46,0,0,0,40,50,0
main,har,6.1,42,26,90,48,46,0,0,0,42,48,0
main,har,6.1,42,27,90,47,46,0,0,0,43,47,0
main,har,6.1,42,28,90,47,46,0,0,0,43,47,0
main,har,6.1,42,29,90,46,46,1,0,0,44,46,0
main,har,6.2,137,0,90,58,46,0,0,0,32,58,0
main,har,6.2,137,1,90,57,46,0,0,0,33,57,0
main,har,6.2,137,2,90,55,46,0,0,0,35,55,0
main,har,6.2,137,3,90,58,46,0,0,0,32,58,0
main,har,6.2,137,4,90,58,46,0,0,0,32,58,0
main,har,6.2,137,5,90,46,46,1,0,0,44,46,0
main,har,6.2,137,6,90,54,46,0,0,0,36,54,0
main,har,6.2,137,7,90,55,46,0,0,0,35,55,0
main,har,6.2,137,8,90,57,46,0,0,0,33,57,0
main,har,6.2,137,9,90,56,46,0,0,0,34,56,0
main,har,6.2,137,10,90,58,46,0,0,0,32,58,0
main,har,6.2,137,11,90,57,46,0,0,0,33,57,0
main,har,6.2,137,12,90,56,46,0,0,0,34,56,0
main,har,6.2,137,13,90,55,46,0,0,0,35,55,0
main,har,6.2,137,14,90,62,46,0,0,0,28,62,0
main,har,6.2,137,15,90,56,46,0,0,0,34,56,0
main,har,6.2,137,16,90,57,46,0,0,0,33,57,0
main,har,6.2,137,17,90,57,46,0,0,0,33,57,0
main,har,6.2,137,18,90,58,46,0,0,0,32,58,0
main,har,6.2,137,19,90,57,46,0,0,0,33,57,0
main,har,6.2,137,20,90,58,46,0,0,0,32,58,0
main,har,6.2,137,21,90,59,46,0,0,0,31,59,0
main,har,6.2,137,22,90,56,46,0,0,0,34,56,0
main,har,6.2,137,23,90,58,46,0,0,0,32,58,0
main,har,6.2,137,24,90,57,46,0,0,0,33,57,0
main,har,6.2,137,25,90,57,46,0,0,0,33,57,0
main,har,6.2,137,26,90,55,46,0,0,0,35,55,0
main,har,6.2,137,27,90,56,46,0,0,0,34,56,0
main,har,6.2,137,28,90,57,46,0,0,0,33,57,0
main,har,6.2,137,29,90,56,46,0,0,0,34,56,0
main,har,6.2,2024,0,90,50,46,0,0,0,40,50,0
main,har,6.2,2024,1,90,47,46,0,0,0,43,47,0
main,har,6.2,2024,2,90,49,46,0,0,0,41,49,0
main,har,6.2,2024,3,90,51,46,0,0,0,39,51,0
main,har,6.2,2024,4,90,48,46,0,0,0,42,48,0
main,har,6.2,2024,5,90,50,46,0,0,0,40,50,0
main,har,6.2,2024,6,90,51,46,0,0,0,39,51,0
main,har,6.2,2024,7,90,50,46,0,0,0,40,50,0
main,har,6.2,2024,8,90,49,46,0,0,0,41,49,0
main,har,6.2,2024,9,90,50,46,0,0,0,40,50,0
main,har,6.2,2024,10,90,51,46,0,0,0,39,51,0
main,har,6.2,2024,11,90,48,46,0,0,0,42,48,0
main,har,6.2,2024,12,90,47,46,0,0,0,43,47,0
main,har,6.2,2024,13,90,49,46,0,0,0,41,49,0
main,har,6.2,2024,14,90,54,46,0,0,0,36,54,0
main,har,6.2,2024,15,90,47,46,0,0,0,43,47,0
main,har,6.2,2024,16,90,49,46,0,0,0,41,49,0
main,har,6.2,2024,17,90,48,46,0,0,0,42,48,0
main,har,6.2,2024,18,90,48,46,0,0,0,42,48,0
main,har,6.2,2024,19,90,49,46,0,0,0,41,49,0
main,har,6.2,2024,20,90,47,46,0,0,0,43,47,0
main,har,6.2,2024,21,90,52,46,0,0,0,38,52,0
main,har,6.2,2024,22,90,49,46,0,0,0,41,49,0
main,har,6.2,2024,23,90,47,46,0,0,0,43,47,0
main,har,6.2,2024,24,90,52,46,0,0,0,38,52,0
main,har,6.2,2024,25,90,49,46,0,0,0,41,49,0
main,har,6.2,2024,26,90,54,46,0,0,0,36,54,0
main,har,6.2,2024,27,90,49,46,0,0,0,41,49,0
main,har,6.2,2024,28,90,46,46,1,0,0,44,46,0
main,har,6.2,2024,29,90,48,46,0,0,0,42,48,0
main,har,6.2,42,0,90,54,46,0,0,0,36,54,0
main,har,6.2,42,1,90,55,46,0,0,0,35,55,0
main,har,6.2,42,2,90,51,46,0,0,0,39,51,0
main,har,6.2,42,3,90,51,46,0,0,0,39,51,0
main,har,6.2,42,4,90,51,46,0,0,0,39,51,0
main,har,6.2,42,5,90,49,46,0,0,0,41,49,0
main,har,6.2,42,6,90,52,46,0,0,0,38,52,0
main,har,6.2,42,7,90,51,46,0,0,0,39,51,0
main,har,6.2,42,8,90,52,46,0,0,0,38,52,0
main,har,6.2,42,9,90,50,46,0,0,0,40,50,0
main,har,6.2,42,10,90,52,46,0,0,0,38,52,0
main,har,6.2,42,11,90,52,46,0,0,0,38,52,0
main,har,6.2,42,12,90,53,46,0,0,0,37,53,0
main,har,6.2,42,13,90,53,46,0,0,0,37,53,0
main,har,6.2,42,14,90,50,46,0,0,0,40,50,0
main,har,6.2,42,15,90,54,46,0,0,0,36,54,0
main,har,6.2,42,16,90,52,46,0,0,0,38,52,0
main,har,6.2,42,17,90,46,46,1,0,0,44,46,0
main,har,6.2,42,18,90,51,46,0,0,0,39,51,0
main,har,6.2,42,19,90,47,46,0,0,0,43,47,0
main,har,6.2,42,20,90,47,46,0,0,0,43,47,0
main,har,6.2,42,21,90,47,46,0,0,0,43,47,0
main,har,6.2,42,22,90,46,46,1,0,0,44,46,0
main,har,6.2,42,23,90,48,46,0,0,0,42,48,0
main,har,6.2,42,24,90,46,46,1,0,0,44,46,0
main,har,6.2,42,25,90,46,46,1,0,0,44,46,0
main,har,6.2,42,26,90,46,46,1,0,0,44,46,0
main,har,6.2,42,27,90,46,46,1,0,0,44,46,0
main,har,6.2,42,28,90,47,46,0,0,0,43,47,0
main,har,6.2,42,29,90,46,46,1,0,0,44,46,0
main,har,7.1,137,0,90,48,46,0,1,27,15,48,0
main,har,7.1,137,1,90,46,46,1,1,27,17,46,0
main,har,7.1,137,2,90,46,46,1,1,27,17,46,0
main,har,7.1,137,3,90,46,46,1,1,27,17,46,0
main,har,7.1,137,4,90,46,46,1,1,27,17,46,0
main,har,7.1,137,5,90,46,46,1,1,27,17,46,0
main,har,7.1,137,6,90,46,46,1,1,27,17,46,0
main,har,7.1,137,7,90,46,46,1,1,27,17,46,0
main,har,7.1,137,8,90,47,46,0,1,27,16,47,0
main,har,7.1,137,9,90,46,46,1,1,27,17,46,0
main,har,7.1,137,10,90,46,46,1,1,27,17,46,0
main,har,7.1,137,11,90,46,46,1,1,27,17,46,0
main,har,7.1,137,12,90,46,46,1,1,27,17,46,0
main,har,7.1,137,13,90,46,46,1,1,27,17,46,0
main,har,7.1,137,14,90,46,46,1,1,27,17,46,0
main,har,7.1,137,15,90,46,46,1,1,27,17,46,0
main,har,7.1,137,16,90,46,46,1,1,27,17,46,0
main,har,7.1,137,17,90,47,46,0,1,27,16,47,0
main,har,7.1,137,18,90,48,46,0,1,27,15,48,0
main,har,7.1,137,19,90,46,46,1,1,27,17,46,0
main,har,7.1,137,20,90,47,46,0,1,27,16,47,0
main,har,7.1,137,21,90,46,46,1,1,27,17,46,0
main,har,7.1,137,22,90,47,46,0,1,27,16,47,0
main,har,7.1,137,23,90,47,46,0,1,27,16,47,0
main,har,7.1,137,24,90,46,46,1,1,27,17,46,0
main,har,7.1,137,25,90,47,46,0,1,27,16,47,0
main,har,7.1,137,26,90,48,46,0,1,27,15,48,0
main,har,7.1,137,27,90,46,46,1,1,27,17,46,0
main,har,7.1,137,28,90,46,46,1,1,27,17,46,0
main,har,7.1,137,29,90,47,46,0,1,27,16,47,0
main,har,7.1,2024,0,90,46,46,1,1,27,17,46,0
main,har,7.1,2024,1,90,46,46,1,1,27,17,46,0
main,har,7.1,2024,2,90,46,46,1,1,27,17,46,0
main,har,7.1,2024,3,90,47,46,0,1,27,16,47,0
main,har,7.1,2024,4,90,46,46,1,1,27,17,46,0
main,har,7.1,2024,5,90,46,46,1,1,27,17,46,0
main,har,7.1,2024,6,90,46,46,1,1,27,17,46,0
main,har,7.1,2024,7,90,46,46,1,1,27,17,46,0
main,har,7.1,2024,8,90,47,46,0,1,27,16,47,0
main,har,7.1,2024,9,90,46,46,1,1,27,17,46,0
main,har,7.1,2024,10,90,46,46,1,1,27,17,46,0
main,har,7.1,2024,11,90,46,46,1,1,27,17,46,0
main,har,7.1,2024,12,90,46,46,1,1,27,17,46,0
main,har,7.1,2024,13,90,46,46,1,1,27,17,46,0
main,har,7.1,2024,14,90,46,46,1,1,27,17,46,0
main,har,7.1,2024,15,90,46,46,1,1,27,17,46,0
main,har,7.1,2024,16,90,46,46,1,1,27,17,46,0
main,har,7.1,2024,17,90,46,46,1,1,27,17,46,0
main,har,7.1,2024,18,90,46,46,1,1,27,17,46,0
main,har,7.1,2024,19,90,46,46,1,1,27,17,46,0
main,har,7.1,2024,20,90,46,46,1,1,27,17,46,0
main,har,7.1,2024,21,90,46,46,1,1,27,17,46,0
main,har,7.1,2024,22,90,46,46,1,1,27,17,46,0
main,har,7.1,2024,23,90,47,46,0,1,27,16,47,0
main,har,7.1,2024,24,90,46,46,1,1,27,17,46,0
main,har,7.1,2024,25,90,46,46,1,1,27,17,46,0
main,har,7.1,2024,26,90,46,46,1,1,27,17,46,0
main,har,7.1,2024,27,90,46,46,1,1,27,17,46,0
main,har,7.1,2024,28,90,46,46,1,1,27,17,46,0
main,har,7.1,2024,29,90,46,46,1,1,27,17,46,0
main,har,7.1,42,0,90,46,46,1,1,27,17,46,0
main,har,7.1,42,1,90,46,46,1,1,27,17,46,0
main,har,7.1,42,2,90,47,46,0,1,27,16,47,0
main,har,7.1,42,3,90,46,46,1,1,27,17,46,0
main,har,7.1,42,4,90,46,46,1,1,27,17,46,0
main,har,7.1,42,5,90,46,46,1,1,27,17,46,0
main,har,7.1,42,6,90,46,46,1,1,27,17,46,0
main,har,7.1,42,7,90,46,46,1,1,27,17,46,0
main,har,7.1,42,8,90,46,46,1,1,27,17,46,0
main,har,7.1,42,9,90,46,46,1,1,27,17,46,0
main,har,7.1,42,10,90,46,46,1,1,27,17,46,0
main,har,7.1,42,11,90,46,46,1,1,27,17,46,0
main,har,7.1,42,12,90,47,46,0,1,27,16,47,0
main,har,7.1,42,13,90,46,46,1,1,27,17,46,0
main,har,7.1,42,14,90,46,46,1,1,27,17,46,0
main,har,7.1,42,15,90,46,46,1,1,27,17,46,0
main,har,7.1,42,16,90,46,46,1,1,27,17,46,0
main,har,7.1,42,17,90,46,46,1,1,27,17,46,0
main,har,7.1,42,18,90,46,46,1,1,27,17,46,0
main,har,7.1,42,19,90,46,46,1,1,27,17,46,0
main,har,7.1,42,20,90,46,46,1,1,27,17,46,0
main,har,7.1,42,21,90,46,46,1,1,27,17,46,0
main,har,7.1,42,22,90,48,46,0,1,27,15,48,0
main,har,7.1,42,23,90,46,46,1,1,27,17,46,0
main,har,7.1,42,24,90,46,46,1,1,27,17,46,0
main,har,7.1,42,25,90,46,46,1,1,27,17,46,0
main,har,7.1,42,26,90,47,46,0,1,27,16,47,0
main,har,7.1,42,27,90,71,46,0,1,0,19,44,27
main,har,7.1,42,28,90,60,46,0,1,0,30,33,27
main,har,7.1,42,29,90,52,46,0,1,0,38,25,27
main,har,7.2,137,0,90,72,46,0,1,0,18,45,27
main,har,7.2,137,1,90,74,46,0,1,0,16,47,27
main,har,7.2,137,2,90,68,46,0,1,0,22,41,27
main,har,7.2,137,3,90,59,46,0,1,0,31,32,27
main,har,7.2,137,4,90,54,46,0,1,0,36,27,27
main,har,7.2,137,5,90,55,46,0,1,0,35,28,27
main,har,7.2,137,6,90,55,46,0,1,0,35,28,27
main,har,7.2,137,7,90,53,46,0,1,0,37,26,27
main,har,7.2,137,8,90,51,46,0,1,0,39,24,27
main,har,7.2,137,9,90,53,46,0,1,0,37,26,27
main,har,7.2,137,10,90,53,46,0,1,0,37,26,27
main,har,7.2,137,11,90,53,46,0,1,0,37,26,27
main,har,7.2,137,12,90,52,46,0,1,0,38,25,27
main,har,7.2,137,13,90,54,46,0,1,0,36,27,27
main,har,7.2,137,14,90,50,46,0,1,0,40,23,27
main,har,7.2,137,15,90,52,46,0,1,0,38,25,27
main,har,7.2,137,16,90,51,46,0,1,0,39,24,27
main,har,7.2,137,17,90,53,46,0,1,0,37,26,27
main,har,7.2,137,18,90,56,46,0,1,0,34,29,27
main,har,7.2,137,19,90,54,46,0,1,0,36,27,27
main,har,7.2,137,20,90,53,46,0,1,0,37,26,27
main,har,7.2,137,21,90,53,46,0,1,0,37,26,27
main,har,7.2,137,22,90,53,46,0,1,0,37,26,27
main,har,7.2,137,23,90,51,46,0,1,0,39,24,27
main,har,7.2,137,24,90,53,46,0,1,0,37,26,27
main,har,7.2,137,25,90,52,46,0,1,0,38,25,27
main,har,7.2,137,26,90,55,46,0,1,0,35,28,27
main,har,7.2,137,27,90,52,46,0,1,0,38,25,27
main,har,7.2,137,28,90,52,46,0,1,0,38,25,27
main,har,7.2,137,29,90,52,46,0,1,0,38,25,27
main,har,7.2,2024,0,90,48,46,0,1,0,42,21,27
main,har,7.2,2024,1,90,54,46,0,1,0,36,27,27
main,har,7.2,2024,2,90,47,46,0,1,0,43,20,27
main,har,7.2,2024,3,90,46,46,1,1,0,44,19,27
main,har,7.2,2024,4,90,56,46,0,1,0,34,29,27
main,har,7.2,2024,5,90,47,46,0,1,0,43,20,27
main,har,7.2,2024,6,90,48,46,0,1,0,42,21,27
main,har,7.2,2024,7,90,53,46,0,1,0,37,26,27
main,har,7.2,2024,8,90,52,46,0,1,0,38,25,27
main,har,7.2,2024,9,90,46,46,1,1,0,44,19,27
main,har,7.2,2024,10,90,48,46,0,1,0,42,21,27
main,har,7.2,2024,11,90,46,46,1,1,0,44,19,27
main,har,7.2,2024,12,90,46,46,1,1,0,44,19,27
main,har,7.2,2024,13,90,46,46,1,1,0,44,19,27
main,har,7.2,2024,14,90,46,46,1,1,0,44,19,27
main,har,7.2,2024,15,90,46,46,1,1,0,44,19,27
main,har,7.2,2024,16,90,46,46,1,1,0,44,19,27
main,har,7.2,2024,17,90,46,46,1,1,0,44,19,27
main,har,7.2,2024,18,90,55,46,0,1,0,35,28,27
main,har,7.2,2024,19,90,46,46,1,1,0,44,19,27
main,har,7.2,2024,20,90,54,46,0,1,0,36,27,27
main,har,7.2,2024,21,90,46,46,1,1,0,44,19,27
main,har,7.2,2024,22,90,46,46,1,1,0,44,19,27
main,har,7.2,2024,23,90,46,46,1,1,0,44,19,27
main,har,7.2,2024,24,90,46,46,1,1,0,44,19,27
main,har,7.2,2024,25,90,52,46,0,1,0,38,25,27
main,har,7.2,2024,26,90,46,46,1,1,0,44,19,27
main,har,7.2,2024,27,90,47,46,0,1,0,43,20,27
main,har,7.2,2024,28,90,46,46,1,1,0,44,19,27
main,har,7.2,2024,29,90,54,46,0,1,0,36,27,27
main,har,7.2,42,0,90,66,46,0,1,0,24,39,27
main,har,7.2,42,1,90,67,46,0,1,0,23,40,27
main,har,7.2,42,2,90,65,46,0,1,0,25,38,27
main,har,7.2,42,3,90,65,46,0,1,0,25,38,27
main,har,7.2,42,4,90,65,46,0,1,0,25,38,27
main,har,7.2,42,5,90,64,46,0,1,0,26,37,27
main,har,7.2,42,6,90,66,46,0,1,0,24,39,27
main,har,7.2,42,7,90,54,46,0,1,0,36,27,27
main,har,7.2,42,8,90,51,46,0,1,0,39,24,27
main,har,7.2,42,9,90,52,46,0,1,0,38,25,27
main,har,7.2,42,10,90,50,46,0,1,0,40,23,27
main,har,7.2,42,11,90,53,46,0,1,0,37,26,27
main,har,7.2,42,12,90,50,46,0,1,0,40,23,27
main,har,7.2,42,13,90,53,46,0,1,0,37,26,27
main,har,7.2,42,14,90,49,46,0,1,0,41,22,27
main,har,7.2,42,15,90,50,46,0,1,0,40,23,27
main,har,7.2,42,16,90,49,46,0,1,0,41,22,27
main,har,7.2,42,17,90,51,46,0,1,0,39,24,27
main,har,7.2,42,18,90,50,46,0,1,0,40,23,27
main,har,7.2,42,19,90,49,46,0,1,0,41,22,27
main,har,7.2,42,20,90,53,46,0,1,0,37,26,27
main,har,7.2,42,21,90,51,46,0,1,0,39,24,27
main,har,7.2,42,22,90,52,46,0,1,0,38,25,27
main,har,7.2,42,23,90,49,46,0,1,0,41,22,27
main,har,7.2,42,24,90,53,46,0,1,0,37,26,27
main,har,7.2,42,25,90,49,46,0,1,0,41,22,27
main,har,7.2,42,26,90,50,46,0,1,0,40,23,27
main,har,7.2,42,27,90,52,46,0,1,0,38,25,27
main,har,7.2,42,28,90,49,46,0,1,0,41,22,27
main,har,7.2,42,29,90,52,46,0,1,0,38,25,27
main,mnist,1.1,137,0,90,46,46,1,0,0,44,46,0
main,mnist,1.1,137,1,90,46,46,1,0,0,44,46,0
main,mnist,1.1,137,2,90,46,46,1,0,0,44,46,0
main,mnist,1.1,137,3,90,46,46,1,0,0,44,46,0
main,mnist,1.1,137,4,90,46,46,1,0,0,44,46,0
main,mnist,1.1,137,5,90,46,46,1,0,0,44,46,0
main,mnist,1.1,137,6,90,46,46,1,0,0,44,46,0
main,mnist,1.1,137,7,90,46,46,1,0,0,44,46,0
main,mnist,1.1,137,8,90,46,46,1,0,0,44,46,0
main,mnist,1.1,137,9,90,46,46,1,0,0,44,46,0
main,mnist,1.1,137,10,90,46,46,1,0,0,44,46,0
main,mnist,1.1,137,11,90,46,46,1,0,0,44,46,0
main,mnist,1.1,137,12,90,46,46,1,0,0,44,46,0
main,mnist,1.1,137,13,90,46,46,1,0,0,44,46,0
main,mnist,1.1,137,14,90,46,46,1,0,0,44,46,0
main,mnist,1.1,137,15,90,46,46,1,0,0,44,46,0
main,mnist,1.1,137,16,90,46,46,1,0,0,44,46,0
main,mnist,1.1,137,17,90,46,46,1,0,0,44,46,0
main,mnist,1.1,137,18,90,46,46,1,0,0,44,46,0
main,mnist,1.1,137,19,90,46,46,1,0,0,44,46,0
main,mnist,1.1,137,20,90,46,46,1,0,0,44,46,0
main,mnist,1.1,137,21,90,46,46,1,0,0,44,46,0
main,mnist,1.1,137,22,90,46,46,1,0,0,44,46,0
main,mnist,1.1,137,23,90,46,46,1,0,0,44,46,0
main,mnist,1.1,137,24,90,46,46,1,0,0,44,46,0
main,mnist,1.1,137,25,90,46,46,1,0,0,44,46,0
main,mnist,1.1,137,26,90,46,46,1,0,0,44,46,0
main,mnist,1.1,137,27,90,46,46,1,0,0,44,46,0
main,mnist,1.1,137,28,90,46,46,1,0,0,44,46,0
main,mnist,1.1,137,29,90,46,46,1,0,0,44,46,0
main,mnist,1.1,2024,0,90,47,46,0,0,0,43,47,0
main,mnist,1.1,2024,1,90,46,46,1,0,0,44,46,0
main,mnist,1.1,2024,2,90,46,46,1,0,0,44,46,0
main,mnist,1.1,2024,3,90,46,46,1,0,0,44,46,0
main,mnist,1.1,2024,4,90,46,46,1,0,0,44,46,0
main,mnist,1.1,2024,5,90,46,46,1,0,0,44,46,0
main,mnist,1.1,2024,6,90,46,46,1,0,0,44,46,0
main,mnist,1.1,2024,7,90,46,46,1,0,0,44,46,0
main,mnist,1.1,2024,8,90,46,46,1,0,0,44,46,0
main,mnist,1.1,2024,9,90,46,46,1,0,0,44,46,0
main,mnist,1.1,2024,10,90,46,46,1,0,0,44,46,0
main,mnist,1.1,2024,11,90,46,46,1,0,0,44,46,0
main,mnist,1.1,2024,12,90,46,46,1,0,0,44,46,0
main,mnist,1.1,2024,13,90,46,46,1,0,0,44,46,0
main,mnist,1.1,2024,14,90,46,46,1,0,0,44,46,0
main,mnist,1.1,2024,15,90,46,46,1,0,0,44,46,0
main,mnist,1.1,2024,16,90,46,46,1,0,0,44,46,0
main,mnist,1.1,2024,17,90,46,46,1,0,0,44,46,0
main,mnist,1.1,2024,18,90,46,46,1,0,0,44,46,0
main,mnist,1.1,2024,19,90,46,46,1,0,0,44,46,0
main,mnist,1.1,2024,20,90,46,46,1,0,0,44,46,0
main,mnist,1.1,2024,21,90,46,46,1,0,0,44,46,0
main,mnist,1.1,2024,22,90,46,46,1,0,0,44,46,0
main,mnist,1.1,2024,23,90,46,46,1,0,0,44,46,0
main,mnist,1.1,2024,24,90,46,46,1,0,0,44,46,0
main,mnist,1.1,2024,25,90,46,46,1,0,0,44,46,0
main,mnist,1.1,2024,26,90,46,46,1,0,0,44,46,0
main,mnist,1.1,2024,27,90,46,46,1,0,0,44,46,0
main,mnist,1.1,2024,28,90,46,46,1,0,0,44,46,0
main,mnist,1.1,2024,29,90,46,46,1,0,0,44,46,0
main,mnist,1.1,42,0,90,46,46,1,0,0,44,46,0
main,mnist,1.1,42,1,90,46,46,1,0,0,44,46,0
main,mnist,1.1,42,2,90,46,46,1,0,0,44,46,0
main,mnist,1.1,42,3,90,46,46,1,0,0,44,46,0
main,mnist,1.1,42,4,90,46,46,1,0,0,44,46,0
main,mnist,1.1,42,5,90,46,46,1,0,0,44,46,0
main,mnist,1.1,42,6,90,46,46,1,0,0,44,46,0
main,mnist,1.1,42,7,90,46,46,1,0,0,44,46,0
main,mnist,1.1,42,8,90,46,46,1,0,0,44,46,0
main,mnist,1.1,42,9,90,46,46,1,0,0,44,46,0
main,mnist,1.1,42,10,90,46,46,1,0,0,44,46,0
main,mnist,1.1,42,11,90,46,46,1,0,0,44,46,0
main,mnist,1.1,42,12,90,46,46,1,0,0,44,46,0
main,mnist,1.1,42,13,90,46,46,1,0,0,44,46,0
main,mnist,1.1,42,14,90,46,46,1,0,0,44,46,0
main,mnist,1.1,42,15,90,46,46,1,0,0,44,46,0
main,mnist,1.1,42,16,90,46,46,1,0,0,44,46,0
main,mnist,1.1,42,17,90,46,46,1,0,0,44,46,0
main,mnist,1.1,42,18,90,46,46,1,0,0,44,46,0
main,mnist,1.1,42,19,90,46,46,1,0,0,44,46,0
main,mnist,1.1,42,20,90,46,46,1,0,0,44,46,0
main,mnist,1.1,42,21,90,46,46,1,0,0,44,46,0
main,mnist,1.1,42,22,90,46,46,1,0,0,44,46,0
main,mnist,1.1,42,23,90,46,46,1,0,0,44,46,0
main,mnist,1.1,42,24,90,46,46,1,0,0,44,46,0
main,mnist,1.1,42,25,90,46,46,1,0,0,44,46,0
main,mnist,1.1,42,26,90,46,46,1,0,0,44,46,0
main,mnist,1.1,42,27,90,46,46,1,0,0,44,46,0
main,mnist,1.1,42,28,90,46,46,1,0,0,44,46,0
main,mnist,1.1,42,29,90,46,46,1,0,0,44,46,0
main,mnist,1.2,137,0,90,46,46,1,1,18,26,46,0
main,mnist,1.2,137,1,90,46,46,1,1,18,26,46,0
main,mnist,1.2,137,2,90,46,46,1,1,18,26,46,0
main,mnist,1.2,137,3,90,46,46,1,1,18,26,46,0
main,mnist,1.2,137,4,90,46,46,1,1,18,26,46,0
main,mnist,1.2,137,5,90,46,46,1,1,18,26,46,0
main,mnist,1.2,137,6,90,46,46,1,1,18,26,46,0
main,mnist,1.2,137,7,90,46,46,1,1,18,26,46,0
main,mnist,1.2,137,8,90,46,46,1,1,18,26,46,0
main,mnist,1.2,137,9,90,46,46,1,1,18,26,46,0
main,mnist,1.2,137,10,90,46,46,1,1,18,26,46,0
main,mnist,1.2,137,11,90,46,46,1,1,18,26,46,0
main,mnist,1.2,137,12,90,46,46,1,1,18,26,46,0
main,mnist,1.2,137,13,90,46,46,1,1,18,26,46,0
main,mnist,1.2,137,14,90,46,46,1,1,18,26,46,0
main,mnist,1.2,137,15,90,46,46,1,1,18,26,46,0
main,mnist,1.2,137,16,90,46,46,1,1,18,26,46,0
main,mnist,1.2,137,17,90,46,46,1,1,18,26,46,0
main,mnist,1.2,137,18,90,46,46,1,1,18,26,46,0
main,mnist,1.2,137,19,90,46,46,1,1,18,26,46,0
main,mnist,1.2,137,20,90,46,46,1,1,18,26,46,0
main,mnist,1.2,137,21,90,46,46,1,1,18,26,46,0
main,mnist,1.2,137,22,90,46,46,1,1,18,26,46,0
main,mnist,1.2,137,23,90,46,46,1,1,18,26,46,0
main,mnist,1.2,137,24,90,46,46,1,1,18,26,46,0
main,mnist,1.2,137,25,90,46,46,1,1,18,26,46,0
main,mnist,1.2,137,26,90,46,46,1,1,18,26,46,0
main,mnist,1.2,137,27,90,46,46,1,1,18,26,46,0
main,mnist,1.2,137,28,90,46,46,1,1,18,26,46,0
main,mnist,1.2,137,29,90,46,46,1,1,18,26,46,0
main,mnist,1.2,2024,0,90,46,46,1,1,18,26,46,0
main,mnist,1.2,2024,1,90,46,46,1,1,18,26,46,0
main,mnist,1.2,2024,2,90,46,46,1,1,18,26,46,0
main,mnist,1.2,2024,3,90,46,46,1,1,18,26,46,0
main,mnist,1.2,2024,4,90,46,46,1,1,18,26,46,0
main,mnist,1.2,2024,5,90,46,46,1,1,18,26,46,0
main,mnist,1.2,2024,6,90,46,46,1,1,18,26,46,0
main,mnist,1.2,2024,7,90,46,46,1,1,18,26,46,0
main,mnist,1.2,2024,8,90,46,46,1,1,18,26,46,0
main,mnist,1.2,2024,9,90,46,46,1,1,18,26,46,0
main,mnist,1.2,2024,10,90,46,46,1,1,18,26,46,0
main,mnist,1.2,2024,11,90,46,46,1,1,18,26,46,0
main,mnist,1.2,2024,12,90,46,46,1,1,18,26,46,0
main,mnist,1.2,2024,13,90,46,46,1,1,18,26,46,0
main,mnist,1.2,2024,14,90,46,46,1,1,18,26,46,0
main,mnist,1.2,2024,15,90,46,46,1,1,18,26,46,0
main,mnist,1.2,2024,16,90,46,46,1,1,18,26,46,0
main,mnist,1.2,2024,17,90,46,46,1,1,18,26,46,0
main,mnist,1.2,2024,18,90,46,46,1,1,18,26,46,0
main,mnist,1.2,2024,19,90,46,46,1,1,18,26,46,0
main,mnist,1.2,2024,20,90,46,46,1,1,18,26,46,0
main,mnist,1.2,2024,21,90,46,46,1,1,18,26,46,0
main,mnist,1.2,2024,22,90,46,46,1,1,18,26,46,0
main,mnist,1.2,2024,23,90,46,46,1,1,18,26,46,0
main,mnist,1.2,2024,24,90,46,46,1,1,18,26,46,0
main,mnist,1.2,2024,25,90,46,46,1,1,18,26,46,0
main,mnist,1.2,2024,26,90,46,46,1,1,18,26,46,0
main,mnist,1.2,2024,27,90,46,46,1,1,18,26,46,0
main,mnist,1.2,2024,28,90,46,46,1,1,18,26,46,0
main,mnist,1.2,2024,29,90,46,46,1,1,18,26,46,0
main,mnist,1.2,42,0,90,49,46,0,1,18,23,49,0
main,mnist,1.2,42,1,90,46,46,1,1,18,26,46,0
main,mnist,1.2,42,2,90,46,46,1,1,18,26,46,0
main,mnist,1.2,42,3,90,46,46,1,1,18,26,46,0
main,mnist,1.2,42,4,90,46,46,1,1,18,26,46,0
main,mnist,1.2,42,5,90,46,46,1,1,18,26,46,0
main,mnist,1.2,42,6,90,46,46,1,1,18,26,46,0
main,mnist,1.2,42,7,90,46,46,1,1,18,26,46,0
main,mnist,1.2,42,8,90,46,46,1,1,18,26,46,0
main,mnist,1.2,42,9,90,46,46,1,1,18,26,46,0
main,mnist,1.2,42,10,90,46,46,1,1,18,26,46,0
main,mnist,1.2,42,11,90,46,46,1,1,18,26,46,0
main,mnist,1.2,42,12,90,46,46,1,1,18,26,46,0
main,mnist,1.2,42,13,90,46,46,1,1,18,26,46,0
main,mnist,1.2,42,14,90,46,46,1,1,18,26,46,0
main,mnist,1.2,42,15,90,46,46,1,1,18,26,46,0
main,mnist,1.2,42,16,90,46,46,1,1,18,26,46,0
main,mnist,1.2,42,17,90,46,46,1,1,18,26,46,0
main,mnist,1.2,42,18,90,46,46,1,1,18,26,46,0
main,mnist,1.2,42,19,90,46,46,1,1,18,26,46,0
main,mnist,1.2,42,20,90,46,46,1,1,18,26,46,0
main,mnist,1.2,42,21,90,46,46,1,1,18,26,46,0
main,mnist,1.2,42,22,90,46,46,1,1,18,26,46,0
main,mnist,1.2,42,23,90,46,46,1,1,18,26,46,0
main,mnist,1.2,42,24,90,46,46,1,1,18,26,46,0
main,mnist,1.2,42,25,90,46,46,1,1,18,26,46,0
main,mnist,1.2,42,26,90,46,46,1,1,18,26,46,0
main,mnist,1.2,42,27,90,46,46,1,1,18,26,46,0
main,mnist,1.2,42,28,90,46,46,1,1,18,26,46,0
main,mnist,1.2,42,29,90,46,46,1,1,18,26,46,0
main,mnist,1.3,137,0,90,47,46,0,1,11,32,40,7
main,mnist,1.3,137,1,90,46,46,1,1,18,26,46,0
main,mnist,1.3,137,2,90,46,46,1,1,18,26,46,0
main,mnist,1.3,137,3,90,46,46,1,1,18,26,46,0
main,mnist,1.3,137,4,90,46,46,1,1,18,26,46,0
main,mnist,1.3,137,5,90,46,46,1,1,18,26,46,0
main,mnist,1.3,137,6,90,46,46,1,1,18,26,46,0
main,mnist,1.3,137,7,90,46,46,1,1,18,26,46,0
main,mnist,1.3,137,8,90,46,46,1,1,18,26,46,0
main,mnist,1.3,137,9,90,46,46,1,1,18,26,46,0
main,mnist,1.3,137,10,90,46,46,1,1,18,26,46,0
main,mnist,1.3,137,11,90,46,46,1,1,18,26,46,0
main,mnist,1.3,137,12,90,46,46,1,1,18,26,46,0
main,mnist,1.3,137,13,90,46,46,1,1,18,26,46,0
main,mnist,1.3,137,14,90,46,46,1,1,18,26,46,0
main,mnist,1.3,137,15,90,46,46,1,1,18,26,46,0
main,mnist,1.3,137,16,90,46,46,1,1,18,26,46,0
main,mnist,1.3,137,17,90,46,46,1,1,18,26,46,0
main,mnist,1.3,137,18,90,46,46,1,1,18,26,46,0
main,mnist,1.3,137,19,90,46,46,1,1,18,26,46,0
main,mnist,1.3,137,20,90,46,46,1,1,18,26,46,0
main,mnist,1.3,137,21,90,46,46,1,1,18,26,46,0
main,mnist,1.3,137,22,90,46,46,1,1,18,26,46,0
main,mnist,1.3,137,23,90,46,46,1,1,18,26,46,0
main,mnist,1.3,137,24,90,46,46,1,1,18,26,46,0
main,mnist,1.3,137,25,90,46,46,1,1,18,26,46,0
main,mnist,1.3,137,26,90,46,46,1,1,18,26,46,0
main,mnist,1.3,137,27,90,46,46,1,1,18,26,46,0
main,mnist,1.3,137,28,90,46,46,1,1,18,26,46,0
main,mnist,1.3,137,29,90,46,46,1,1,18,26,46,0
main,mnist,1.3,2024,0,90,46,46,1,1,12,32,40,6
main,mnist,1.3,2024,1,90,46,46,1,1,18,26,46,0
main,mnist,1.3,2024,2,90,46,46,1,1,18,26,46,0
main,mnist,1.3,2024,3,90,46,46,1,1,18,26,46,0
main,mnist,1.3,2024,4,90,46,46,1,1,18,26,46,0
main,mnist,1.3,2024,5,90,46,46,1,1,18,26,46,0
main,mnist,1.3,2024,6,90,46,46,1,1,18,26,46,0
main,mnist,1.3,2024,7,90,46,46,1,1,18,26,46,0
main,mnist,1.3,2024,8,90,46,46,1,1,18,26,46,0
main,mnist,1.3,2024,9,90,46,46,1,1,18,26,46,0
main,mnist,1.3,2024,10,90,46,46,1,1,18,26,46,0
main,mnist,1.3,2024,11,90,46,46,1,1,18,26,46,0
main,mnist,1.3,2024,12,90,46,46,1,1,18,26,46,0
main,mnist,1.3,2024,13,90,46,46,1,1,18,26,46,0
main,mnist,1.3,2024,14,90,46,46,1,1,18,26,46,0
main,mnist,1.3,2024,15,90,46,46,1,1,18,26,46,0
main,mnist,1.3,2024,16,90,46,46,1,1,18,26,46,0
main,mnist,1.3,2024,17,90,46,46,1,1,18,26,46,0
main,mnist,1.3,2024,18,90,46,46,1,1,18,26,46,0
main,mnist,1.3,2024,19,90,46,46,1,1,18,26,46,0
main,mnist,1.3,2024,20,90,46,46,1,1,18,26,46,0
main,mnist,1.3,2024,21,90,46,46,1,1,18,26,46,0
main,mnist,1.3,2024,22,90,46,46,1,1,18,26,46,0
main,mnist,1.3,2024,23,90,46,46,1,1,18,26,46,0
main,mnist,1.3,2024,24,90,46,46,1,1,18,26,46,0
main,mnist,1.3,2024,25,90,46,46,1,1,18,26,46,0
main,mnist,1.3,2024,26,90,46,46,1,1,18,26,46,0
main,mnist,1.3,2024,27,90,46,46,1,1,18,26,46,0
main,mnist,1.3,2024,28,90,46,46,1,1,18,26,46,0
main,mnist,1.3,2024,29,90,46,46,1,1,18,26,46,0
main,mnist,1.3,42,0,90,49,46,0,1,18,23,49,0
main,mnist,1.3,42,1,90,46,46,1,1,18,26,46,0
main,mnist,1.3,42,2,90,46,46,1,1,18,26,46,0
main,mnist,1.3,42,3,90,46,46,1,1,18,26,46,0
main,mnist,1.3,42,4,90,46,46,1,1,18,26,46,0
main,mnist,1.3,42,5,90,46,46,1,1,18,26,46,0
main,mnist,1.3,42,6,90,46,46,1,1,18,26,46,0
main,mnist,1.3,42,7,90,46,46,1,1,18,26,46,0
main,mnist,1.3,42,8,90,46,46,1,1,18,26,46,0
main,mnist,1.3,42,9,90,46,46,1,1,18,26,46,0
main,mnist,1.3,42,10,90,46,46,1,1,18,26,46,0
main,mnist,1.3,42,11,90,46,46,1,1,18,26,46,0
main,mnist,1.3,42,12,90,46,46,1,1,18,26,46,0
main,mnist,1.3,42,13,90,46,46,1,1,18,26,46,0
main,mnist,1.3,42,14,90,46,46,1,1,18,26,46,0
main,mnist,1.3,42,15,90,46,46,1,1,18,26,46,0
main,mnist,1.3,42,16,90,46,46,1,1,18,26,46,0
main,mnist,1.3,42,17,90,46,46,1,1,18,26,46,0
main,mnist,1.3,42,18,90,46,46,1,1,18,26,46,0
main,mnist,1.3,42,19,90,46,46,1,1,18,26,46,0
main,mnist,1.3,42,20,90,46,46,1,1,18,26,46,0
main,mnist,1.3,42,21,90,46,46,1,1,18,26,46,0
main,mnist,1.3,42,22,90,46,46,1,1,18,26,46,0
main,mnist,1.3,42,23,90,46,46,1,1,18,26,46,0
main,mnist,1.3,42,24,90,46,46,1,1,18,26,46,0
main,mnist,1.3,42,25,90,46,46,1,1,18,26,46,0
main,mnist,1.3,42,26,90,46,46,1,1,18,26,46,0
main,mnist,1.3,42,27,90,46,46,1,1,18,26,46,0
main,mnist,1.3,42,28,90,46,46,1,1,18,26,46,0
main,mnist,1.3,42,29,90,46,46,1,1,18,26,46,0
main,mnist,2.1,137,0,90,46,46,1,1,18,26,46,0
main,mnist,2.1,137,1,90,47,46,0,1,18,25,47,0
main,mnist,2.1,137,2,90,46,46,1,1,18,26,46,0
main,mnist,2.1,137,3,90,46,46,1,1,18,26,46,0
main,mnist,2.1,137,4,90,46,46,1,1,18,26,46,0
main,mnist,2.1,137,5,90,46,46,1,1,18,26,46,0
main,mnist,2.1,137,6,90,46,46,1,1,18,26,46,0
main,mnist,2.1,137,7,90,46,46,1,1,18,26,46,0
main,mnist,2.1,137,8,90,46,46,1,1,18,26,46,0
main,mnist,2.1,137,9,90,46,46,1,1,18,26,46,0
main,mnist,2.1,137,10,90,46,46,1,1,18,26,46,0
main,mnist,2.1,137,11,90,46,46,1,1,18,26,46,0
main,mnist,2.1,137,12,90,46,46,1,1,18,26,46,0
main,mnist,2.1,137,13,90,46,46,1,1,18,26,46,0
main,mnist,2.1,137,14,90,46,46,1,1,18,26,46,0
main,mnist,2.1,137,15,90,46,46,1,1,18,26,46,0
main,mnist,2.1,137,16,90,46,46,1,1,18,26,46,0
main,mnist,2.1,137,17,90,46,46,1,1,18,26,46,0
main,mnist,2.1,137,18,90,46,46,1,1,18,26,46,0
main,mnist,2.1,137,19,90,46,46,1,1,18,26,46,0
main,mnist,2.1,137,20,90,46,46,1,1,18,26,46,0
main,mnist,2.1,137,21,90,46,46,1,1,18,26,46,0
main,mnist,2.1,137,22,90,46,46,1,1,18,26,46,0
main,mnist,2.1,137,23,90,46,46,1,1,18,26,46,0
main,mnist,2.1,137,24,90,46,46,1,1,18,26,46,0
main,mnist,2.1,137,25,90,46,46,1,1,18,26,46,0
main,mnist,2.1,137,26,90,46,46,1,1,18,26,46,0
main,mnist,2.1,137,27,90,46,46,1,1,18,26,46,0
main,mnist,2.1,137,28,90,46,46,1,1,18,26,46,0
main,mnist,2.1,137,29,90,46,46,1,1,18,26,46,0
main,mnist,2.1,2024,0,90,46,46,1,1,18,26,46,0
main,mnist,2.1,2024,1,90,46,46,1,1,18,26,46,0
main,mnist,2.1,2024,2,90,46,46,1,1,18,26,46,0
main,mnist,2.1,2024,3,90,46,46,1,1,18,26,46,0
main,mnist,2.1,2024,4,90,46,46,1,1,18,26,46,0
main,mnist,2.1,2024,5,90,46,46,1,1,18,26,46,0
main,mnist,2.1,2024,6,90,46,46,1,1,18,26,46,0
main,mnist,2.1,2024,7,90,46,46,1,1,18,26,46,0
main,mnist,2.1,2024,8,90,46,46,1,1,18,26,46,0
main,mnist,2.1,2024,9,90,46,46,1,1,18,26,46,0
main,mnist,2.1,2024,10,90,46,46,1,1,18,26,46,0
main,mnist,2.1,2024,11,90,46,46,1,1,18,26,46,0
main,mnist,2.1,2024,12,90,46,46,1,1,18,26,46,0
main,mnist,2.1,2024,13,90,46,46,1,1,18,26,46,0
main,mnist,2.1,2024,14,90,46,46,1,1,18,26,46,0
main,mnist,2.1,2024,15,90,46,46,1,1,18,26,46,0
main,mnist,2.1,2024,16,90,46,46,1,1,18,26,46,0
main,mnist,2.1,2024,17,90,46,46,1,1,18,26,46,0
main,mnist,2.1,2024,18,90,46,46,1,1,18,26,46,0
main,mnist,2.1,2024,19,90,46,46,1,1,18,26,46,0
main,mnist,2.1,2024,20,90,46,46,1,1,18,26,46,0
main,mnist,2.1,2024,21,90,46,46,1,1,18,26,46,0
main,mnist,2.1,2024,22,90,46,46,1,1,18,26,46,0
main,mnist,2.1,2024,23,90,46,46,1,1,18,26,46,0
main,mnist,2.1,2024,24,90,46,46,1,1,18,26,46,0
main,mnist,2.1,2024,25,90,46,46,1,1,18,26,46,0
main,mnist,2.1,2024,26,90,46,46,1,1,18,26,46,0
main,mnist,2.1,2024,27,90,46,46,1,1,18,26,46,0
main,mnist,2.1,2024,28,90,46,46,1,1,18,26,46,0
main,mnist,2.1,2024,29,90,46,46,1,1,18,26,46,0
main,mnist,2.1,42,0,90,46,46,1,1,18,26,46,0
main,mnist,2.1,42,1,90,47,46,0,1,18,25,47,0
main,mnist,2.1,42,2,90,46,46,1,1,18,26,46,0
main,mnist,2.1,42,3,90,46,46,1,1,18,26,46,0
main,mnist,2.1,42,4,90,47,46,0,1,18,25,47,0
main,mnist,2.1,42,5,90,46,46,1,1,18,26,46,0
main,mnist,2.1,42,6,90,46,46,1,1,18,26,46,0
main,mnist,2.1,42,7,90,46,46,1,1,18,26,46,0
main,mnist,2.1,42,8,90,46,46,1,1,18,26,46,0
main,mnist,2.1,42,9,90,46,46,1,1,18,26,46,0
main,mnist,2.1,42,10,90,46,46,1,1,18,26,46,0
main,mnist,2.1,42,11,90,46,46,1,1,18,26,46,0
main,mnist,2.1,42,12,90,46,46,1,1,18,26,46,0
main,mnist,2.1,42,13,90,46,46,1,1,18,26,46,0
main,mnist,2.1,42,14,90,47,46,0,1,18,25,47,0
main,mnist,2.1,42,15,90,46,46,1,1,18,26,46,0
main,mnist,2.1,42,16,90,46,46,1,1,18,26,46,0
main,mnist,2.1,42,17,90,46,46,1,1,18,26,46,0
main,mnist,2.1,42,18,90,46,46,1,1,18,26,46,0
main,mnist,2.1,42,19,90,46,46,1,1,18,26,46,0
main,mnist,2.1,42,20,90,46,46,1,1,18,26,46,0
main,mnist,2.1,42,21,90,46,46,1,1,18,26,46,0
main,mnist,2.1,42,22,90,46,46,1,1,18,26,46,0
main,mnist,2.1,42,23,90,46,46,1,1,18,26,46,0
main,mnist,2.1,42,24,90,46,46,1,1,18,26,46,0
main,mnist,2.1,42,25,90,46,46,1,1,18,26,46,0
main,mnist,2.1,42,26,90,46,46,1,1,18,26,46,0
main,mnist,2.1,42,27,90,46,46,1,1,18,26,46,0
main,mnist,2.1,42,28,90,46,46,1,1,18,26,46,0
main,mnist,2.1,42,29,90,46,46,1,1,18,26,46,0
main,mnist,2.2,137,0,90,46,46,1,1,12,32,40,6
main,mnist,2.2,137,1,90,46,46,1,1,13,31,41,5
main,mnist,2.2,137,2,90,46,46,1,1,13,31,41,5
main,mnist,2.2,137,3,90,46,46,1,1,14,30,42,4
main,mnist,2.2,137,4,90,47,46,0,1,14,29,43,4
main,mnist,2.2,137,5,90,47,46,0,1,14,29,43,4
main,mnist,2.2,137,6,90,46,46,1,1,14,30,42,4
main,mnist,2.2,137,7,90,46,46,1,1,14,30,42,4
main,mnist,2.2,137,8,90,46,46,1,1,14,30,42,4
main,mnist,2.2,137,9,90,46,46,1,1,14,30,42,4
main,mnist,2.2,137,10,90,46,46,1,1,14,30,42,4
main,mnist,2.2,137,11,90,46,46,1,1,14,30,42,4
main,mnist,2.2,137,12,90,46,46,1,1,14,30,42,4
main,mnist,2.2,137,13,90,46,46,1,1,14,30,42,4
main,mnist,2.2,137,14,90,46,46,1,1,14,30,42,4
main,mnist,2.2,137,15,90,46,46,1,1,14,30,42,4
main,mnist,2.2,137,16,90,46,46,1,1,14,30,42,4
main,mnist,2.2,137,17,90,46,46,1,1,14,30,42,4
main,mnist,2.2,137,18,90,46,46,1,1,14,30,42,4
main,mnist,2.2,137,19,90,46,46,1,1,14,30,42,4
main,mnist,2.2,137,20,90,46,46,1,1,14,30,42,4
main,mnist,2.2,137,21,90,46,46,1,1,14,30,42,4
main,mnist,2.2,137,22,90,46,46,1,1,14,30,42,4
main,mnist,2.2,137,23,90,46,46,1,1,14,30,42,4
main,mnist,2.2,137,24,90,46,46,1,1,14,30,42,4
main,mnist,2.2,137,25,90,46,46,1,1,14,30,42,4
main,mnist,2.2,137,26,90,46,46,1,1,14,30,42,4
main,mnist,2.2,137,27,90,46,46,1,1,14,30,42,4
main,mnist,2.2,137,28,90,46,46,1,1,14,30,42,4
main,mnist,2.2,137,29,90,46,46,1,1,14,30,42,4
main,mnist,2.2,2024,0,90,47,46,0,1,10,33,39,8
main,mnist,2.2,2024,1,90,46,46,1,1,11,33,39,7
main,mnist,2.2,2024,2,90,46,46,1,1,14,30,42,4
main,mnist,2.2,2024,3,90,46,46,1,1,14,30,42,4
main,mnist,2.2,2024,4,90,46,46,1,1,16,28,44,2
main,mnist,2.2,2024,5,90,46,46,1,1,17,27,45,1
main,mnist,2.2,2024,6,90,46,46,1,1,17,27,45,1
main,mnist,2.2,2024,7,90,46,46,1,1,17,27,45,1
main,mnist,2.2,2024,8,90,46,46,1,1,17,27,45,1
main,mnist,2.2,2024,9,90,46,46,1,1,17,27,45,1
main,mnist,2.2,2024,10,90,46,46,1,1,17,27,45,1
main,mnist,2.2,2024,11,90,46,46,1,1,17,27,45,1
main,mnist,2.2,2024,12,90,46,46,1,1,17,27,45,1
main,mnist,2.2,2024,13,90,46,46,1,1,17,27,45,1
main,mnist,2.2,2024,14,90,46,46,1,1,17,27,45,1
main,mnist,2.2,2024,15,90,46,46,1,1,17,27,45,1
main,mnist,2.2,2024,16,90,46,46,1,1,17,27,45,1
main,mnist,2.2,2024,17,90,46,46,1,1,17,27,45,1
main,mnist,2.2,2024,18,90,46,46,1,1,17,27,45,1
main,mnist,2.2,2024,19,90,46,46,1,1,17,27,45,1
main,mnist,2.2,2024,20,90,46,46,1,1,17,27,45,1
main,mnist,2.2,2024,21,90,46,46,1,1,17,27,45,1
main,mnist,2.2,2024,22,90,46,46,1,1,17,27,45,1
main,mnist,2.2,2024,23,90,46,46,1,1,17,27,45,1
main,mnist,2.2,2024,24,90,46,46,1,1,17,27,45,1
main,mnist,2.2,2024,25,90,46,46,1,1,17,27,45,1
main,mnist,2.2,2024,26,90,46,46,1,1,17,27,45,1
main,mnist,2.2,2024,27,90,46,46,1,1,17,27,45,1
main,mnist,2.2,2024,28,90,46,46,1,1,17,27,45,1
main,mnist,2.2,2024,29,90,46,46,1,1,17,27,45,1
main,mnist,2.2,42,0,90,46,46,1,1,11,33,39,7
main,mnist,2.2,42,1,90,46,46,1,1,11,33,39,7
main,mnist,2.2,42,2,90,46,46,1,1,13,31,41,5
main,mnist,2.2,42,3,90,46,46,1,1,14,30,42,4
main,mnist,2.2,42,4,90,46,46,1,1,15,29,43,3
main,mnist,2.2,42,5,90,46,46,1,1,17,27,45,1
main,mnist,2.2,42,6,90,46,46,1,1,17,27,45,1
main,mnist,2.2,42,7,90,46,46,1,1,17,27,45,1
main,mnist,2.2,42,8,90,47,46,0,1,17,26,46,1
main,mnist,2.2,42,9,90,46,46,1,1,17,27,45,1
main,mnist,2.2,42,10,90,46,46,1,1,17,27,45,1
main,mnist,2.2,42,11,90,46,46,1,1,17,27,45,1
main,mnist,2.2,42,12,90,46,46,1,1,17,27,45,1
main,mnist,2.2,42,13,90,46,46,1,1,17,27,45,1
main,mnist,2.2,42,14,90,46,46,1,1,17,27,45,1
main,mnist,2.2,42,15,90,47,46,0,1,17,26,46,1
main,mnist,2.2,42,16,90,46,46,1,1,17,27,45,1
main,mnist,2.2,42,17,90,46,46,1,1,17,27,45,1
main,mnist,2.2,42,18,90,47,46,0,1,17,26,46,1
main,mnist,2.2,42,19,90,46,46,1,1,17,27,45,1
main,mnist,2.2,42,20,90,46,46,1,1,17,27,45,1
main,mnist,2.2,42,21,90,46,46,1,1,17,27,45,1
main,mnist,2.2,42,22,90,46,46,1,1,17,27,45,1
main,mnist,2.2,42,23,90,46,46,1,1,17,27,45,1
main,mnist,2.2,42,24,90,46,46,1,1,17,27,45,1
main,mnist,2.2,42,25,90,46,46,1,1,17,27,45,1
main,mnist,2.2,42,26,90,46,46,1,1,17,27,45,1
main,mnist,2.2,42,27,90,46,46,1,1,18,26,46,0
main,mnist,2.2,42,28,90,46,46,1,1,18,26,46,0
main,mnist,2.2,42,29,90,46,46,1,1,17,27,45,1
main,mnist,2.3,137,0,90,46,46,1,1,27,17,46,0
main,mnist,2.3,137,1,90,46,46,1,1,27,17,46,0
main,mnist,2.3,137,2,90,46,46,1,1,27,17,46,0
main,mnist,2.3,137,3,90,46,46,1,1,27,17,46,0
main,mnist,2.3,137,4,90,46,46,1,1,27,17,46,0
main,mnist,2.3,137,5,90,46,46,1,1,27,17,46,0
main,mnist,2.3,137,6,90,46,46,1,1,27,17,46,0
main,mnist,2.3,137,7,90,46,46,1,1,27,17,46,0
main,mnist,2.3,137,8,90,46,46,1,1,27,17,46,0
main,mnist,2.3,137,9,90,46,46,1,1,27,17,46,0
main,mnist,2.3,137,10,90,46,46,1,1,27,17,46,0
main,mnist,2.3,137,11,90,46,46,1,1,27,17,46,0
main,mnist,2.3,137,12,90,46,46,1,1,27,17,46,0
main,mnist,2.3,137,13,90,46,46,1,1,27,17,46,0
main,mnist,2.3,137,14,90,46,46,1,1,27,17,46,0
main,mnist,2.3,137,15,90,46,46,1,1,27,17,46,0
main,mnist,2.3,137,16,90,46,46,1,1,27,17,46,0
main,mnist,2.3,137,17,90,46,46,1,1,27,17,46,0
main,mnist,2.3,137,18,90,46,46,1,1,27,17,46,0
main,mnist,2.3,137,19,90,46,46,1,1,27,17,46,0
main,mnist,2.3,137,20,90,46,46,1,1,27,17,46,0
main,mnist,2.3,137,21,90,46,46,1,1,27,17,46,0
main,mnist,2.3,137,22,90,46,46,1,1,27,17,46,0
main,mnist,2.3,137,23,90,46,46,1,1,27,17,46,0
main,mnist,2.3,137,24,90,46,46,1,1,27,17,46,0
main,mnist,2.3,137,25,90,46,46,1,1,27,17,46,0
main,mnist,2.3,137,26,90,46,46,1,1,27,17,46,0
main,mnist,2.3,137,27,90,46,46,1,1,27,17,46,0
main,mnist,2.3,137,28,90,46,46,1,1,27,17,46,0
main,mnist,2.3,137,29,90,46,46,1,1,27,17,46,0
main,mnist,2.3,2024,0,90,46,46,1,1,27,17,46,0
main,mnist,2.3,2024,1,90,46,46,1,1,27,17,46,0
main,mnist,2.3,2024,2,90,46,46,1,1,27,17,46,0
main,mnist,2.3,2024,3,90,46,46,1,1,27,17,46,0
main,mnist,2.3,2024,4,90,46,46,1,1,27,17,46,0
main,mnist,2.3,2024,5,90,46,46,1,1,27,17,46,0
main,mnist,2.3,2024,6,90,46,46,1,1,27,17,46,0
main,mnist,2.3,2024,7,90,46,46,1,1,27,17,46,0
main,mnist,2.3,2024,8,90,46,46,1,1,27,17,46,0
main,mnist,2.3,2024,9,90,46,46,1,1,27,17,46,0
main,mnist,2.3,2024,10,90,46,46,1,1,27,17,46,0
main,mnist,2.3,2024,11,90,46,46,1,1,27,17,46,0
main,mnist,2.3,2024,12,90,46,46,1,1,27,17,46,0
main,mnist,2.3,2024,13,90,46,46,1,1,27,17,46,0
main,mnist,2.3,2024,14,90,46,46,1,1,27,17,46,0
main,mnist,2.3,2024,15,90,46,46,1,1,27,17,46,0
main,mnist,2.3,2024,16,90,46,46,1,1,27,17,46,0
main,mnist,2.3,2024,17,90,46,46,1,1,27,17,46,0
main,mnist,2.3,2024,18,90,46,46,1,1,27,17,46,0
main,mnist,2.3,2024,19,90,46,46,1,1,27,17,46,0
main,mnist,2.3,2024,20,90,46,46,1,1,27,17,46,0
main,mnist,2.3,2024,21,90,46,46,1,1,27,17,46,0
main,mnist,2.3,2024,22,90,46,46,1,1,27,17,46,0
main,mnist,2.3,2024,23,90,46,46,1,1,27,17,46,0
main,mnist,2.3,2024,24,90,46,46,1,1,27,17,46,0
main,mnist,2.3,2024,25,90,46,46,1,1,27,17,46,0
main,mnist,2.3,2024,26,90,46,46,1,1,27,17,46,0
main,mnist,2.3,2024,27,90,46,46,1,1,27,17,46,0
main,mnist,2.3,2024,28,90,46,46,1,1,27,17,46,0
main,mnist,2.3,2024,29,90,46,46,1,1,27,17,46,0
main,mnist,2.3,42,0,90,46,46,1,1,27,17,46,0
main,mnist,2.3,42,1,90,46,46,1,1,27,17,46,0
main,mnist,2.3,42,2,90,46,46,1,1,27,17,46,0
main,mnist,2.3,42,3,90,47,46,0,1,27,16,47,0
main,mnist,2.3,42,4,90,46,46,1,1,27,17,46,0
main,mnist,2.3,42,5,90,46,46,1,1,27,17,46,0
main,mnist,2.3,42,6,90,46,46,1,1,27,17,46,0
main,mnist,2.3,42,7,90,46,46,1,1,27,17,46,0
main,mnist,2.3,42,8,90,46,46,1,1,27,17,46,0
main,mnist,2.3,42,9,90,46,46,1,1,27,17,46,0
main,mnist,2.3,42,10,90,46,46,1,1,27,17,46,0
main,mnist,2.3,42,11,90,46,46,1,1,27,17,46,0
main,mnist,2.3,42,12,90,46,46,1,1,27,17,46,0
main,mnist,2.3,42,13,90,46,46,1,1,27,17,46,0
main,mnist,2.3,42,14,90,46,46,1,1,27,17,46,0
main,mnist,2.3,42,15,90,46,46,1,1,27,17,46,0
main,mnist,2.3,42,16,90,46,46,1,1,27,17,46,0
main,mnist,2.3,42,17,90,46,46,1,1,27,17,46,0
main,mnist,2.3,42,18,90,46,46,1,1,27,17,46,0
main,mnist,2.3,42,19,90,46,46,1,1,27,17,46,0
main,mnist,2.3,42,20,90,46,46,1,1,27,17,46,0
main,mnist,2.3,42,21,90,46,46,1,1,27,17,46,0
main,mnist,2.3,42,22,90,46,46,1,1,27,17,46,0
main,mnist,2.3,42,23,90,46,46,1,1,27,17,46,0
main,mnist,2.3,42,24,90,46,46,1,1,27,17,46,0
main,mnist,2.3,42,25,90,46,46,1,1,27,17,46,0
main,mnist,2.3,42,26,90,46,46,1,1,27,17,46,0
main,mnist,2.3,42,27,90,46,46,1,1,27,17,46,0
main,mnist,2.3,42,28,90,46,46,1,1,27,17,46,0
main,mnist,2.3,42,29,90,46,46,1,1,27,17,46,0
main,mnist,3.1,137,0,90,46,46,1,1,18,26,46,0
main,mnist,3.1,137,1,90,49,46,0,1,18,23,49,0
main,mnist,3.1,137,2,90,47,46,0,1,18,25,47,0
main,mnist,3.1,137,3,90,46,46,1,1,18,26,46,0
main,mnist,3.1,137,4,90,47,46,0,1,18,25,47,0
main,mnist,3.1,137,5,90,46,46,1,1,18,26,46,0
main,mnist,3.1,137,6,90,46,46,1,1,18,26,46,0
main,mnist,3.1,137,7,90,46,46,1,1,18,26,46,0
main,mnist,3.1,137,8,90,46,46,1,1,18,26,46,0
main,mnist,3.1,137,9,90,46,46,1,1,18,26,46,0
main,mnist,3.1,137,10,90,46,46,1,1,18,26,46,0
main,mnist,3.1,137,11,90,46,46,1,1,18,26,46,0
main,mnist,3.1,137,12,90,46,46,1,1,18,26,46,0
main,mnist,3.1,137,13,90,46,46,1,1,18,26,46,0
main,mnist,3.1,137,14,90,46,46,1,1,18,26,46,0
main,mnist,3.1,137,15,90,46,46,1,1,18,26,46,0
main,mnist,3.1,137,16,90,46,46,1,1,18,26,46,0
main,mnist,3.1,137,17,90,46,46,1,1,18,26,46,0
main,mnist,3.1,137,18,90,46,46,1,1,18,26,46,0
main,mnist,3.1,137,19,90,46,46,1,1,18,26,46,0
main,mnist,3.1,137,20,90,46,46,1,1,18,26,46,0
main,mnist,3.1,137,21,90,46,46,1,1,18,26,46,0
main,mnist,3.1,137,22,90,46,46,1,1,18,26,46,0
main,mnist,3.1,137,23,90,46,46,1,1,18,26,46,0
main,mnist,3.1,137,24,90,46,46,1,1,18,26,46,0
main,mnist,3.1,137,25,90,46,46,1,1,18,26,46,0
main,mnist,3.1,137,26,90,46,46,1,1,18,26,46,0
main,mnist,3.1,137,27,90,47,46,0,1,18,25,47,0
main,mnist,3.1,137,28,90,46,46,1,1,18,26,46,0
main,mnist,3.1,137,29,90,46,46,1,1,18,26,46,0
main,mnist,3.1,2024,0,90,46,46,1,1,18,26,46,0
main,mnist,3.1,2024,1,90,46,46,1,1,18,26,46,0
main,mnist,3.1,2024,2,90,46,46,1,1,18,26,46,0
main,mnist,3.1,2024,3,90,47,46,0,1,18,25,47,0
main,mnist,3.1,2024,4,90,49,46,0,1,18,23,49,0
main,mnist,3.1,2024,5,90,49,46,0,1,18,23,49,0
main,mnist,3.1,2024,6,90,48,46,0,1,18,24,48,0
main,mnist,3.1,2024,7,90,48,46,0,1,18,24,48,0
main,mnist,3.1,2024,8,90,47,46,0,1,18,25,47,0
main,mnist,3.1,2024,9,90,46,46,1,1,18,26,46,0
main,mnist,3.1,2024,10,90,46,46,1,1,18,26,46,0
main,mnist,3.1,2024,11,90,48,46,0,1,18,24,48,0
main,mnist,3.1,2024,12,90,47,46,0,1,18,25,47,0
main,mnist,3.1,2024,13,90,46,46,1,1,18,26,46,0
main,mnist,3.1,2024,14,90,46,46,1,1,18,26,46,0
main,mnist,3.1,2024,15,90,46,46,1,1,18,26,46,0
main,mnist,3.1,2024,16,90,46,46,1,1,18,26,46,0
main,mnist,3.1,2024,17,90,46,46,1,1,18,26,46,0
main,mnist,3.1,2024,18,90,46,46,1,1,18,26,46,0
main,mnist,3.1,2024,19,90,46,46,1,1,18,26,46,0
main,mnist,3.1,2024,20,90,46,46,1,1,18,26,46,0
main,mnist,3.1,2024,21,90,46,46,1,1,18,26,46,0
main,mnist,3.1,2024,22,90,46,46,1,1,18,26,46,0
main,mnist,3.1,2024,23,90,46,46,1,1,18,26,46,0
main,mnist,3.1,2024,24,90,46,46,1,1,18,26,46,0
main,mnist,3.1,2024,25,90,46,46,1,1,18,26,46,0
main,mnist,3.1,2024,26,90,48,46,0,1,18,24,48,0
main,mnist,3.1,2024,27,90,46,46,1,1,18,26,46,0
main,mnist,3.1,2024,28,90,47,46,0,1,18,25,47,0
main,mnist,3.1,2024,29,90,47,46,0,1,18,25,47,0
main,mnist,3.1,42,0,90,46,46,1,1,18,26,46,0
main,mnist,3.1,42,1,90,47,46,0,1,18,25,47,0
main,mnist,3.1,42,2,90,46,46,1,1,18,26,46,0
main,mnist,3.1,42,3,90,48,46,0,1,18,24,48,0
main,mnist,3.1,42,4,90,48,46,0,1,18,24,48,0
main,mnist,3.1,42,5,90,46,46,1,1,18,26,46,0
main,mnist,3.1,42,6,90,46,46,1,1,18,26,46,0
main,mnist,3.1,42,7,90,46,46,1,1,18,26,46,0
main,mnist,3.1,42,8,90,46,46,1,1,18,26,46,0
main,mnist,3.1,42,9,90,46,46,1,1,18,26,46,0
main,mnist,3.1,42,10,90,46,46,1,1,18,26,46,0
main,mnist,3.1,42,11,90,46,46,1,1,18,26,46,0
main,mnist,3.1,42,12,90,46,46,1,1,18,26,46,0
main,mnist,3.1,42,13,90,46,46,1,1,18,26,46,0
main,mnist,3.1,42,14,90,46,46,1,1,18,26,46,0
main,mnist,3.1,42,15,90,46,46,1,1,18,26,46,0
main,mnist,3.1,42,16,90,46,46,1,1,18,26,46,0
main,mnist,3.1,42,17,90,46,46,1,1,18,26,46,0
main,mnist,3.1,42,18,90,46,46,1,1,18,26,46,0
main,mnist,3.1,42,19,90,46,46,1,1,18,26,46,0
main,mnist,3.1,42,20,90,46,46,1,1,18,26,46,0
main,mnist,3.1,42,21,90,46,46,1,1,18,26,46,0
main,mnist,3.1,42,22,90,46,46,1,1,18,26,46,0
main,mnist,3.1,42,23,90,46,46,1,1,18,26,46,0
main,mnist,3.1,42,24,90,46,46,1,1,18,26,46,0
main,mnist,3.1,42,25,90,46,46,1,1,18,26,46,0
main,mnist,3.1,42,26,90,46,46,1,1,18,26,46,0
main,mnist,3.1,42,27,90,46,46,1,1,18,26,46,0
main,mnist,3.1,42,28,90,46,46,1,1,18,26,46,0
main,mnist,3.1,42,29,90,46,46,1,1,18,26,46,0
main,mnist,3.2,137,0,90,46,46,1,1,27,17,46,0
main,mnist,3.2,137,1,90,47,46,0,1,27,16,47,0
main,mnist,3.2,137,2,90,46,46,1,1,27,17,46,0
main,mnist,3.2,137,3,90,46,46,1,1,27,17,46,0
main,mnist,3.2,137,4,90,47,46,0,1,27,16,47,0
main,mnist,3.2,137,5,90,46,46,1,1,27,17,46,0
main,mnist,3.2,137,6,90,46,46,1,1,27,17,46,0
main,mnist,3.2,137,7,90,46,46,1,1,27,17,46,0
main,mnist,3.2,137,8,90,46,46,1,1,27,17,46,0
main,mnist,3.2,137,9,90,46,46,1,1,27,17,46,0
main,mnist,3.2,137,10,90,46,46,1,1,27,17,46,0
main,mnist,3.2,137,11,90,46,46,1,1,27,17,46,0
main,mnist,3.2,137,12,90,46,46,1,1,27,17,46,0
main,mnist,3.2,137,13,90,47,46,0,1,27,16,47,0
main,mnist,3.2,137,14,90,46,46,1,1,27,17,46,0
main,mnist,3.2,137,15,90,47,46,0,1,27,16,47,0
main,mnist,3.2,137,16,90,47,46,0,1,27,16,47,0
main,mnist,3.2,137,17,90,46,46,1,1,27,17,46,0
main,mnist,3.2,137,18,90,46,46,1,1,27,17,46,0
main,mnist,3.2,137,19,90,46,46,1,1,27,17,46,0
main,mnist,3.2,137,20,90,47,46,0,1,27,16,47,0
main,mnist,3.2,137,21,90,46,46,1,1,27,17,46,0
main,mnist,3.2,137,22,90,46,46,1,1,27,17,46,0
main,mnist,3.2,137,23,90,46,46,1,1,27,17,46,0
main,mnist,3.2,137,24,90,46,46,1,1,27,17,46,0
main,mnist,3.2,137,25,90,46,46,1,1,27,17,46,0
main,mnist,3.2,137,26,90,46,46,1,1,27,17,46,0
main,mnist,3.2,137,27,90,47,46,0,1,27,16,47,0
main,mnist,3.2,137,28,90,46,46,1,1,27,17,46,0
main,mnist,3.2,137,29,90,46,46,1,1,27,17,46,0
main,mnist,3.2,2024,0,90,47,46,0,1,27,16,47,0
main,mnist,3.2,2024,1,90,48,46,0,1,27,15,48,0
main,mnist,3.2,2024,2,90,47,46,0,1,27,16,47,0
main,mnist,3.2,2024,3,90,46,46,1,1,27,17,46,0
main,mnist,3.2,2024,4,90,47,46,0,1,27,16,47,0
main,mnist,3.2,2024,5,90,49,46,0,1,27,14,49,0
main,mnist,3.2,2024,6,90,48,46,0,1,27,15,48,0
main,mnist,3.2,2024,7,90,46,46,1,1,27,17,46,0
main,mnist,3.2,2024,8,90,48,46,0,1,27,15,48,0
main,mnist,3.2,2024,9,90,47,46,0,1,27,16,47,0
main,mnist,3.2,2024,10,90,47,46,0,1,27,16,47,0
main,mnist,3.2,2024,11,90,48,46,0,1,27,15,48,0
main,mnist,3.2,2024,12,90,47,46,0,1,27,16,47,0
main,mnist,3.2,2024,13,90,47,46,0,1,27,16,47,0
main,mnist,3.2,2024,14,90,47,46,0,1,27,16,47,0
main,mnist,3.2,2024,15,90,47,46,0,1,27,16,47,0
main,mnist,3.2,2024,16,90,46,46,1,1,27,17,46,0
main,mnist,3.2,2024,17,90,46,46,1,1,27,17,46,0
main,mnist,3.2,2024,18,90,46,46,1,1,27,17,46,0
main,mnist,3.2,2024,19,90,47,46,0,1,27,16,47,0
main,mnist,3.2,2024,20,90,46,46,1,1,27,17,46,0
main,mnist,3.2,2024,21,90,46,46,1,1,27,17,46,0
main,mnist,3.2,2024,22,90,46,46,1,1,27,17,46,0
main,mnist,3.2,2024,23,90,49,46,0,1,27,14,49,0
main,mnist,3.2,2024,24,90,48,46,0,1,27,15,48,0
main,mnist,3.2,2024,25,90,46,46,1,1,27,17,46,0
main,mnist,3.2,2024,26,90,48,46,0,1,27,15,48,0
main,mnist,3.2,2024,27,90,47,46,0,1,27,16,47,0
main,mnist,3.2,2024,28,90,47,46,0,1,27,16,47,0
main,mnist,3.2,2024,29,90,46,46,1,1,27,17,46,0
main,mnist,3.2,42,0,90,46,46,1,1,27,17,46,0
main,mnist,3.2,42,1,90,47,46,0,1,27,16,47,0
main,mnist,3.2,42,2,90,47,46,0,1,27,16,47,0
main,mnist,3.2,42,3,90,47,46,0,1,27,16,47,0
main,mnist,3.2,42,4,90,46,46,1,1,27,17,46,0
main,mnist,3.2,42,5,90,46,46,1,1,27,17,46,0
main,mnist,3.2,42,6,90,47,46,0,1,27,16,47,0
main,mnist,3.2,42,7,90,48,46,0,1,27,15,48,0
main,mnist,3.2,42,8,90,47,46,0,1,27,16,47,0
main,mnist,3.2,42,9,90,47,46,0,1,27,16,47,0
main,mnist,3.2,42,10,90,46,46,1,1,27,17,46,0
main,mnist,3.2,42,11,90,46,46,1,1,27,17,46,0
main,mnist,3.2,42,12,90,46,46,1,1,27,17,46,0
main,mnist,3.2,42,13,90,46,46,1,1,27,17,46,0
main,mnist,3.2,42,14,90,47,46,0,1,27,16,47,0
main,mnist,3.2,42,15,90,46,46,1,1,27,17,46,0
main,mnist,3.2,42,16,90,46,46,1,1,27,17,46,0
main,mnist,3.2,42,17,90,46,46,1,1,27,17,46,0
main,mnist,3.2,42,18,90,46,46,1,1,27,17,46,0
main,mnist,3.2,42,19,90,46,46,1,1,27,17,46,0
main,mnist,3.2,42,20,90,47,46,0,1,27,16,47,0
main,mnist,3.2,42,21,90,47,46,0,1,27,16,47,0
main,mnist,3.2,42,22,90,47,46,0,1,27,16,47,0
main,mnist,3.2,42,23,90,46,46,1,1,27,17,46,0
main,mnist,3.2,42,24,90,46,46,1,1,27,17,46,0
main,mnist,3.2,42,25,90,46,46,1,1,27,17,46,0
main,mnist,3.2,42,26,90,47,46,0,1,27,16,47,0
main,mnist,3.2,42,27,90,47,46,0,1,27,16,47,0
main,mnist,3.2,42,28,90,47,46,0,1,27,16,47,0
main,mnist,3.2,42,29,90,46,46,1,1,27,17,46,0
main,mnist,3.3,137,0,90,53,46,0,1,11,26,37,16
main,mnist,3.3,137,1,90,53,46,0,1,11,26,37,16
main,mnist,3.3,137,2,90,52,46,0,1,11,27,36,16
main,mnist,3.3,137,3,90,54,46,0,1,11,25,38,16
main,mnist,3.3,137,4,90,55,46,0,1,11,24,39,16
main,mnist,3.3,137,5,90,51,46,0,1,14,25,38,13
main,mnist,3.3,137,6,90,55,46,0,1,11,24,39,16
main,mnist,3.3,137,7,90,50,46,0,1,11,29,34,16
main,mnist,3.3,137,8,90,50,46,0,1,14,26,37,13
main,mnist,3.3,137,9,90,48,46,0,1,14,28,35,13
main,mnist,3.3,137,10,90,50,46,0,1,14,26,37,13
main,mnist,3.3,137,11,90,47,46,0,1,14,29,34,13
main,mnist,3.3,137,12,90,50,46,0,1,14,26,37,13
main,mnist,3.3,137,13,90,49,46,0,1,14,27,36,13
main,mnist,3.3,137,14,90,50,46,0,1,11,29,34,16
main,mnist,3.3,137,15,90,47,46,0,1,14,29,34,13
main,mnist,3.3,137,16,90,50,46,0,1,14,26,37,13
main,mnist,3.3,137,17,90,50,46,0,1,14,26,37,13
main,mnist,3.3,137,18,90,50,46,0,1,14,26,37,13
main,mnist,3.3,137,19,90,49,46,0,1,14,27,36,13
main,mnist,3.3,137,20,90,53,46,0,1,14,23,40,13
main,mnist,3.3,137,21,90,48,46,0,1,14,28,35,13
main,mnist,3.3,137,22,90,49,46,0,1,14,27,36,13
main,mnist,3.3,137,23,90,52,46,0,1,14,24,39,13
main,mnist,3.3,137,24,90,49,46,0,1,14,27,36,13
main,mnist,3.3,137,25,90,51,46,0,1,14,25,38,13
main,mnist,3.3,137,26,90,50,46,0,1,14,26,37,13
main,mnist,3.3,137,27,90,49,46,0,1,14,27,36,13
main,mnist,3.3,137,28,90,50,46,0,1,14,26,37,13
main,mnist,3.3,137,29,90,52,46,0,1,11,27,36,16
main,mnist,3.3,2024,0,90,46,46,1,1,12,32,31,15
main,mnist,3.3,2024,1,90,46,46,1,1,12,32,31,15
main,mnist,3.3,2024,2,90,46,46,1,1,12,32,31,15
main,mnist,3.3,2024,3,90,50,46,0,1,12,28,35,15
main,mnist,3.3,2024,4,90,47,46,0,1,12,31,32,15
main,mnist,3.3,2024,5,90,47,46,0,1,12,31,32,15
main,mnist,3.3,2024,6,90,49,46,0,1,12,29,34,15
main,mnist,3.3,2024,7,90,46,46,1,1,12,32,31,15
main,mnist,3.3,2024,8,90,46,46,1,1,14,30,33,13
main,mnist,3.3,2024,9,90,50,46,0,1,12,28,35,15
main,mnist,3.3,2024,10,90,48,46,0,1,12,30,33,15
main,mnist,3.3,2024,11,90,46,46,1,1,12,32,31,15
main,mnist,3.3,2024,12,90,47,46,0,1,12,31,32,15
main,mnist,3.3,2024,13,90,47,46,0,1,14,29,34,13
main,mnist,3.3,2024,14,90,46,46,1,1,12,32,31,15
main,mnist,3.3,2024,15,90,46,46,1,1,14,30,33,13
main,mnist,3.3,2024,16,90,46,46,1,1,12,32,31,15
main,mnist,3.3,2024,17,90,46,46,1,1,12,32,31,15
main,mnist,3.3,2024,18,90,49,46,0,1,14,27,36,13
main,mnist,3.3,2024,19,90,46,46,1,1,14,30,33,13
main,mnist,3.3,2024,20,90,46,46,1,1,12,32,31,15
main,mnist,3.3,2024,21,90,46,46,1,1,12,32,31,15
main,mnist,3.3,2024,22,90,48,46,0,1,14,28,35,13
main,mnist,3.3,2024,23,90,47,46,0,1,14,29,34,13
main,mnist,3.3,2024,24,90,47,46,0,1,14,29,34,13
main,mnist,3.3,2024,25,90,47,46,0,1,12,31,32,15
main,mnist,3.3,2024,26,90,49,46,0,1,14,27,36,13
main,mnist,3.3,2024,27,90,47,46,0,1,12,31,32,15
main,mnist,3.3,2024,28,90,46,46,1,1,14,30,33,13
main,mnist,3.3,2024,29,90,47,46,0,1,12,31,32,15
main,mnist,3.3,42,0,90,46,46,1,1,16,28,35,11
main,mnist,3.3,42,1,90,47,46,0,1,16,27,36,11
main,mnist,3.3,42,2,90,51,46,0,1,16,23,40,11
main,mnist,3.3,42,3,90,47,46,0,1,16,27,36,11
main,mnist,3.3,42,4,90,49,46,0,1,16,25,38,11
main,mnist,3.3,42,5,90,47,46,0,1,16,27,36,11
main,mnist,3.3,42,6,90,49,46,0,1,16,25,38,11
main,mnist,3.3,42,7,90,48,46,0,1,16,26,37,11
main,mnist,3.3,42,8,90,51,46,0,1,16,23,40,11
main,mnist,3.3,42,9,90,48,46,0,1,16,26,37,11
main,mnist,3.3,42,10,90,47,46,0,1,16,27,36,11
main,mnist,3.3,42,11,90,49,46,0,1,16,25,38,11
main,mnist,3.3,42,12,90,47,46,0,1,16,27,36,11
main,mnist,3.3,42,13,90,47,46,0,1,16,27,36,11
main,mnist,3.3,42,14,90,52,46,0,1,16,22,41,11
main,mnist,3.3,42,15,90,49,46,0,1,16,25,38,11
main,mnist,3.3,42,16,90,49,46,0,1,16,25,38,11
main,mnist,3.3,42,17,90,47,46,0,1,16,27,36,11
main,mnist,3.3,42,18,90,49,46,0,1,16,25,38,11
main,mnist,3.3,42,19,90,48,46,0,1,16,26,37,11
main,mnist,3.3,42,20,90,47,46,0,1,16,27,36,11
main,mnist,3.3,42,21,90,50,46,0,1,16,24,39,11
main,mnist,3.3,42,22,90,49,46,0,1,16,25,38,11
main,mnist,3.3,42,23,90,51,46,0,1,16,23,40,11
main,mnist,3.3,42,24,90,48,46,0,1,16,26,37,11
main,mnist,3.3,42,25,90,49,46,0,1,16,25,38,11
main,mnist,3.3,42,26,90,50,46,0,1,16,24,39,11
main,mnist,3.3,42,27,90,50,46,0,1,16,24,39,11
main,mnist,3.3,42,28,90,51,46,0,1,16,23,40,11
main,mnist,3.3,42,29,90,49,46,0,1,16,25,38,11
main,mnist,4.1,137,0,90,46,46,1,1,11,33,39,7
main,mnist,4.1,137,1,90,46,46,1,1,11,33,39,7
main,mnist,4.1,137,2,90,47,46,0,1,10,33,39,8
main,mnist,4.1,137,3,90,46,46,1,1,10,34,38,8
main,mnist,4.1,137,4,90,46,46,1,1,10,34,38,8
main,mnist,4.1,137,5,90,46,46,1,1,9,35,37,9
main,mnist,4.1,137,6,90,46,46,1,1,9,35,37,9
main,mnist,4.1,137,7,90,46,46,1,1,8,36,36,10
main,mnist,4.1,137,8,90,46,46,1,1,9,35,37,9
main,mnist,4.1,137,9,90,46,46,1,1,8,36,36,10
main,mnist,4.1,137,10,90,46,46,1,1,8,36,36,10
main,mnist,4.1,137,11,90,46,46,1,1,8,36,36,10
main,mnist,4.1,137,12,90,46,46,1,1,8,36,36,10
main,mnist,4.1,137,13,90,46,46,1,1,8,36,36,10
main,mnist,4.1,137,14,90,46,46,1,1,7,37,35,11
main,mnist,4.1,137,15,90,46,46,1,1,8,36,36,10
main,mnist,4.1,137,16,90,46,46,1,1,7,37,35,11
main,mnist,4.1,137,17,90,46,46,1,1,9,35,37,9
main,mnist,4.1,137,18,90,46,46,1,1,9,35,37,9
main,mnist,4.1,137,19,90,46,46,1,1,8,36,36,10
main,mnist,4.1,137,20,90,46,46,1,1,9,35,37,9
main,mnist,4.1,137,21,90,46,46,1,1,8,36,36,10
main,mnist,4.1,137,22,90,46,46,1,1,8,36,36,10
main,mnist,4.1,137,23,90,46,46,1,1,8,36,36,10
main,mnist,4.1,137,24,90,46,46,1,1,9,35,37,9
main,mnist,4.1,137,25,90,46,46,1,1,7,37,35,11
main,mnist,4.1,137,26,90,46,46,1,1,7,37,35,11
main,mnist,4.1,137,27,90,46,46,1,1,8,36,36,10
main,mnist,4.1,137,28,90,46,46,1,1,8,36,36,10
main,mnist,4.1,137,29,90,46,46,1,1,9,35,37,9
main,mnist,4.1,2024,0,90,46,46,1,1,6,38,34,12
main,mnist,4.1,2024,1,90,46,46,1,1,7,37,35,11
main,mnist,4.1,2024,2,90,46,46,1,1,7,37,35,11
main,mnist,4.1,2024,3,90,46,46,1,1,7,37,35,11
main,mnist,4.1,2024,4,90,47,46,0,1,7,36,36,11
main,mnist,4.1,2024,5,90,46,46,1,1,7,37,35,11
main,mnist,4.1,2024,6,90,46,46,1,1,7,37,35,11
main,mnist,4.1,2024,7,90,46,46,1,1,7,37,35,11
main,mnist,4.1,2024,8,90,46,46,1,1,8,36,36,10
main,mnist,4.1,2024,9,90,46,46,1,1,7,37,35,11
main,mnist,4.1,2024,10,90,46,46,1,1,7,37,35,11
main,mnist,4.1,2024,11,90,46,46,1,1,7,37,35,11
main,mnist,4.1,2024,12,90,46,46,1,1,8,36,36,10
main,mnist,4.1,2024,13,90,46,46,1,1,7,37,35,11
main,mnist,4.1,2024,14,90,46,46,1,1,8,36,36,10
main,mnist,4.1,2024,15,90,46,46,1,1,7,37,35,11
main,mnist,4.1,2024,16,90,46,46,1,1,7,37,35,11
main,mnist,4.1,2024,17,90,46,46,1,1,7,37,35,11
main,mnist,4.1,2024,18,90,46,46,1,1,8,36,36,10
main,mnist,4.1,2024,19,90,46,46,1,1,8,36,36,10
main,mnist,4.1,2024,20,90,46,46,1,1,7,37,35,11
main,mnist,4.1,2024,21,90,46,46,1,1,8,36,36,10
main,mnist,4.1,2024,22,90,46,46,1,1,7,37,35,11
main,mnist,4.1,2024,23,90,46,46,1,1,7,37,35,11
main,mnist,4.1,2024,24,90,46,46,1,1,8,36,36,10
main,mnist,4.1,2024,25,90,46,46,1,1,7,37,35,11
main,mnist,4.1,2024,26,90,46,46,1,1,7,37,35,11
main,mnist,4.1,2024,27,90,46,46,1,1,7,37,35,11
main,mnist,4.1,2024,28,90,46,46,1,1,7,37,35,11
main,mnist,4.1,2024,29,90,46,46,1,1,7,37,35,11
main,mnist,4.1,42,0,90,47,46,0,1,10,33,39,8
main,mnist,4.1,42,1,90,46,46,1,1,10,34,38,8
main,mnist,4.1,42,2,90,47,46,0,1,9,34,38,9
main,mnist,4.1,42,3,90,46,46,1,1,9,35,37,9
main,mnist,4.1,42,4,90,46,46,1,1,9,35,37,9
main,mnist,4.1,42,5,90,46,46,1,1,10,34,38,8
main,mnist,4.1,42,6,90,46,46,1,1,10,34,38,8
main,mnist,4.1,42,7,90,46,46,1,1,10,34,38,8
main,mnist,4.1,42,8,90,46,46,1,1,10,34,38,8
main,mnist,4.1,42,9,90,46,46,1,1,9,35,37,9
main,mnist,4.1,42,10,90,46,46,1,1,9,35,37,9
main,mnist,4.1,42,11,90,46,46,1,1,9,35,37,9
main,mnist,4.1,42,12,90,46,46,1,1,9,35,37,9
main,mnist,4.1,42,13,90,47,46,0,1,9,34,38,9
main,mnist,4.1,42,14,90,46,46,1,1,10,34,38,8
main,mnist,4.1,42,15,90,46,46,1,1,10,34,38,8
main,mnist,4.1,42,16,90,46,46,1,1,10,34,38,8
main,mnist,4.1,42,17,90,47,46,0,1,10,33,39,8
main,mnist,4.1,42,18,90,47,46,0,1,9,34,38,9
main,mnist,4.1,42,19,90,46,46,1,1,9,35,37,9
main,mnist,4.1,42,20,90,46,46,1,1,9,35,37,9
main,mnist,4.1,42,21,90,46,46,1,1,10,34,38,8
main,mnist,4.1,42,22,90,46,46,1,1,9,35,37,9
main,mnist,4.1,42,23,90,46,46,1,1,9,35,37,9
main,mnist,4.1,42,24,90,46,46,1,1,9,35,37,9
main,mnist,4.1,42,25,90,46,46,1,1,9,35,37,9
main,mnist,4.1,42,26,90,46,46,1,1,9,35,37,9
main,mnist,4.1,42,27,90,46,46,1,1,9,35,37,9
main,mnist,4.1,42,28,90,46,46,1,1,10,34,38,8
main,mnist,4.1,42,29,90,46,46,1,1,9,35,37,9
main,mnist,4.2,137,0,90,48,46,0,1,7,35,37,11
main,mnist,4.2,137,1,90,48,46,0,1,7,35,37,11
main,mnist,4.2,137,2,90,48,46,0,1,7,35,37,11
main,mnist,4.2,137,3,90,46,46,1,1,8,36,36,10
main,mnist,4.2,137,4,90,46,46,1,1,9,35,37,9
main,mnist,4.2,137,5,90,46,46,1,1,9,35,37,9
main,mnist,4.2,137,6,90,47,46,0,1,8,35,37,10
main,mnist,4.2,137,7,90,46,46,1,1,9,35,37,9
main,mnist,4.2,137,8,90,46,46,1,1,9,35,37,9
main,mnist,4.2,137,9,90,46,46,1,1,9,35,37,9
main,mnist,4.2,137,10,90,46,46,1,1,9,35,37,9
main,mnist,4.2,137,11,90,46,46,1,1,9,35,37,9
main,mnist,4.2,137,12,90,46,46,1,1,9,35,37,9
main,mnist,4.2,137,13,90,46,46,1,1,9,35,37,9
main,mnist,4.2,137,14,90,46,46,1,1,9,35,37,9
main,mnist,4.2,137,15,90,46,46,1,1,9,35,37,9
main,mnist,4.2,137,16,90,46,46,1,1,9,35,37,9
main,mnist,4.2,137,17,90,46,46,1,1,9,35,37,9
main,mnist,4.2,137,18,90,46,46,1,1,9,35,37,9
main,mnist,4.2,137,19,90,46,46,1,1,9,35,37,9
main,mnist,4.2,137,20,90,46,46,1,1,9,35,37,9
main,mnist,4.2,137,21,90,46,46,1,1,9,35,37,9
main,mnist,4.2,137,22,90,46,46,1,1,9,35,37,9
main,mnist,4.2,137,23,90,46,46,1,1,9,35,37,9
main,mnist,4.2,137,24,90,46,46,1,1,9,35,37,9
main,mnist,4.2,137,25,90,46,46,1,1,9,35,37,9
main,mnist,4.2,137,26,90,46,46,1,1,9,35,37,9
main,mnist,4.2,137,27,90,47,46,0,1,9,34,38,9
main,mnist,4.2,137,28,90,46,46,1,1,9,35,37,9
main,mnist,4.2,137,29,90,46,46,1,1,9,35,37,9
main,mnist,4.2,2024,0,90,47,46,0,1,5,38,34,13
main,mnist,4.2,2024,1,90,46,46,1,1,5,39,33,13
main,mnist,4.2,2024,2,90,47,46,0,1,5,38,34,13
main,mnist,4.2,2024,3,90,46,46,1,1,5,39,33,13
main,mnist,4.2,2024,4,90,47,46,0,1,5,38,34,13
main,mnist,4.2,2024,5,90,46,46,1,1,5,39,33,13
main,mnist,4.2,2024,6,90,47,46,0,1,5,38,34,13
main,mnist,4.2,2024,7,90,46,46,1,1,5,39,33,13
main,mnist,4.2,2024,8,90,46,46,1,1,5,39,33,13
main,mnist,4.2,2024,9,90,46,46,1,1,5,39,33,13
main,mnist,4.2,2024,10,90,46,46,1,1,5,39,33,13
main,mnist,4.2,2024,11,90,46,46,1,1,5,39,33,13
main,mnist,4.2,2024,12,90,46,46,1,1,5,39,33,13
main,mnist,4.2,2024,13,90,46,46,1,1,5,39,33,13
main,mnist,4.2,2024,14,90,46,46,1,1,5,39,33,13
main,mnist,4.2,2024,15,90,47,46,0,1,5,38,34,13
main,mnist,4.2,2024,16,90,47,46,0,1,5,38,34,13
main,mnist,4.2,2024,17,90,49,46,0,1,5,36,36,13
main,mnist,4.2,2024,18,90,46,46,1,1,5,39,33,13
main,mnist,4.2,2024,19,90,46,46,1,1,5,39,33,13
main,mnist,4.2,2024,20,90,49,46,0,1,5,36,36,13
main,mnist,4.2,2024,21,90,46,46,1,1,5,39,33,13
main,mnist,4.2,2024,22,90,46,46,1,1,5,39,33,13
main,mnist,4.2,2024,23,90,46,46,1,1,5,39,33,13
main,mnist,4.2,2024,24,90,46,46,1,1,5,39,33,13
main,mnist,4.2,2024,25,90,46,46,1,1,5,39,33,13
main,mnist,4.2,2024,26,90,47,46,0,1,5,38,34,13
main,mnist,4.2,2024,27,90,46,46,1,1,5,39,33,13
main,mnist,4.2,2024,28,90,46,46,1,1,5,39,33,13
main,mnist,4.2,2024,29,90,46,46,1,1,5,39,33,13
main,mnist,4.2,42,0,90,46,46,1,1,6,38,34,12
main,mnist,4.2,42,1,90,46,46,1,1,6,38,34,12
main,mnist,4.2,42,2,90,46,46,1,1,6,38,34,12
main,mnist,4.2,42,3,90,46,46,1,1,7,37,35,11
main,mnist,4.2,42,4,90,47,46,0,1,4,39,33,14
main,mnist,4.2,42,5,90,46,46,1,1,6,38,34,12
main,mnist,4.2,42,6,90,46,46,1,1,7,37,35,11
main,mnist,4.2,42,7,90,46,46,1,1,6,38,34,12
main,mnist,4.2,42,8,90,46,46,1,1,7,37,35,11
main,mnist,4.2,42,9,90,46,46,1,1,6,38,34,12
main,mnist,4.2,42,10,90,46,46,1,1,7,37,35,11
main,mnist,4.2,42,11,90,46,46,1,1,7,37,35,11
main,mnist,4.2,42,12,90,46,46,1,1,7,37,35,11
main,mnist,4.2,42,13,90,46,46,1,1,7,37,35,11
main,mnist,4.2,42,14,90,46,46,1,1,6,38,34,12
main,mnist,4.2,42,15,90,46,46,1,1,7,37,35,11
main,mnist,4.2,42,16,90,46,46,1,1,7,37,35,11
main,mnist,4.2,42,17,90,46,46,1,1,7,37,35,11
main,mnist,4.2,42,18,90,46,46,1,1,6,38,34,12
main,mnist,4.2,42,19,90,46,46,1,1,7,37,35,11
main,mnist,4.2,42,20,90,46,46,1,1,6,38,34,12
main,mnist,4.2,42,21,90,46,46,1,1,7,37,35,11
main,mnist,4.2,42,22,90,46,46,1,1,6,38,34,12
main,mnist,4.2,42,23,90,47,46,0,1,6,37,35,12
main,mnist,4.2,42,24,90,46,46,1,1,7,37,35,11
main,mnist,4.2,42,25,90,46,46,1,1,6,38,34,12
main,mnist,4.2,42,26,90,46,46,1,1,6,38,34,12
main,mnist,4.2,42,27,90,46,46,1,1,7,37,35,11
main,mnist,4.2,42,28,90,47,46,0,1,6,37,35,12
main,mnist,4.2,42,29,90,46,46,1,1,7,37,35,11
main,mnist,4.3,137,0,90,46,46,1,1,14,30,33,13
main,mnist,4.3,137,1,90,46,46,1,1,15,29,34,12
main,mnist,4.3,137,2,90,48,46,0,1,11,31,32,16
main,mnist,4.3,137,3,90,46,46,1,1,14,30,33,13
main,mnist,4.3,137,4,90,46,46,1,1,16,28,35,11
main,mnist,4.3,137,5,90,46,46,1,1,15,29,34,12
main,mnist,4.3,137,6,90,46,46,1,1,15,29,34,12
main,mnist,4.3,137,7,90,47,46,0,1,13,30,33,14
main,mnist,4.3,137,8,90,46,46,1,1,16,28,35,11
main,mnist,4.3,137,9,90,46,46,1,1,14,30,33,13
main,mnist,4.3,137,10,90,46,46,1,1,16,28,35,11
main,mnist,4.3,137,11,90,46,46,1,1,14,30,33,13
main,mnist,4.3,137,12,90,46,46,1,1,16,28,35,11
main,mnist,4.3,137,13,90,46,46,1,1,15,29,34,12
main,mnist,4.3,137,14,90,46,46,1,1,15,29,34,12
main,mnist,4.3,137,15,90,47,46,0,1,13,30,33,14
main,mnist,4.3,137,16,90,46,46,1,1,16,28,35,11
main,mnist,4.3,137,17,90,46,46,1,1,15,29,34,12
main,mnist,4.3,137,18,90,46,46,1,1,15,29,34,12
main,mnist,4.3,137,19,90,46,46,1,1,14,30,33,13
main,mnist,4.3,137,20,90,46,46,1,1,16,28,35,11
main,mnist,4.3,137,21,90,46,46,1,1,15,29,34,12
main,mnist,4.3,137,22,90,46,46,1,1,14,30,33,13
main,mnist,4.3,137,23,90,46,46,1,1,16,28,35,11
main,mnist,4.3,137,24,90,46,46,1,1,15,29,34,12
main,mnist,4.3,137,25,90,46,46,1,1,15,29,34,12
main,mnist,4.3,137,26,90,46,46,1,1,15,29,34,12
main,mnist,4.3,137,27,90,46,46,1,1,15,29,34,12
main,mnist,4.3,137,28,90,47,46,0,1,15,28,35,12
main,mnist,4.3,137,29,90,46,46,1,1,15,29,34,12
main,mnist,4.3,2024,0,90,46,46,1,1,12,32,31,15
main,mnist,4.3,2024,1,90,46,46,1,1,12,32,31,15
main,mnist,4.3,2024,2,90,46,46,1,1,12,32,31,15
main,mnist,4.3,2024,3,90,46,46,1,1,15,29,34,12
main,mnist,4.3,2024,4,90,46,46,1,1,12,32,31,15
main,mnist,4.3,2024,5,90,47,46,0,1,12,31,32,15
main,mnist,4.3,2024,6,90,46,46,1,1,14,30,33,13
main,mnist,4.3,2024,7,90,46,46,1,1,12,32,31,15
main,mnist,4.3,2024,8,90,47,46,0,1,12,31,32,15
main,mnist,4.3,2024,9,90,46,46,1,1,15,29,34,12
main,mnist,4.3,2024,10,90,47,46,0,1,12,31,32,15
main,mnist,4.3,2024,11,90,46,46,1,1,12,32,31,15
main,mnist,4.3,2024,12,90,46,46,1,1,12,32,31,15
main,mnist,4.3,2024,13,90,46,46,1,1,14,30,33,13
main,mnist,4.3,2024,14,90,46,46,1,1,12,32,31,15
main,mnist,4.3,2024,15,90,47,46,0,1,12,31,32,15
main,mnist,4.3,2024,16,90,46,46,1,1,12,32,31,15
main,mnist,4.3,2024,17,90,49,46,0,1,11,30,33,16
main,mnist,4.3,2024,18,90,46,46,1,1,15,29,34,12
main,mnist,4.3,2024,19,90,47,46,0,1,12,31,32,15
main,mnist,4.3,2024,20,90,46,46,1,1,12,32,31,15
main,mnist,4.3,2024,21,90,46,46,1,1,12,32,31,15
main,mnist,4.3,2024,22,90,46,46,1,1,15,29,34,12
main,mnist,4.3,2024,23,90,47,46,0,1,13,30,33,14
main,mnist,4.3,2024,24,90,47,46,0,1,13,30,33,14
main,mnist,4.3,2024,25,90,46,46,1,1,13,31,32,14
main,mnist,4.3,2024,26,90,46,46,1,1,15,29,34,12
main,mnist,4.3,2024,27,90,46,46,1,1,13,31,32,14
main,mnist,4.3,2024,28,90,46,46,1,1,13,31,32,14
main,mnist,4.3,2024,29,90,46,46,1,1,13,31,32,14
main,mnist,4.3,42,0,90,46,46,1,1,16,28,35,11
main,mnist,4.3,42,1,90,46,46,1,1,16,28,35,11
main,mnist,4.3,42,2,90,46,46,1,1,16,28,35,11
main,mnist,4.3,42,3,90,46,46,1,1,16,28,35,11
main,mnist,4.3,42,4,90,46,46,1,1,16,28,35,11
main,mnist,4.3,42,5,90,46,46,1,1,16,28,35,11
main,mnist,4.3,42,6,90,46,46,1,1,16,28,35,11
main,mnist,4.3,42,7,90,46,46,1,1,16,28,35,11
main,mnist,4.3,42,8,90,46,46,1,1,16,28,35,11
main,mnist,4.3,42,9,90,46,46,1,1,16,28,35,11
main,mnist,4.3,42,10,90,46,46,1,1,15,29,34,12
main,mnist,4.3,42,11,90,46,46,1,1,16,28,35,11
main,mnist,4.3,42,12,90,46,46,1,1,16,28,35,11
main,mnist,4.3,42,13,90,46,46,1,1,15,29,34,12
main,mnist,4.3,42,14,90,46,46,1,1,16,28,35,11
main,mnist,4.3,42,15,90,46,46,1,1,16,28,35,11
main,mnist,4.3,42,16,90,46,46,1,1,16,28,35,11
main,mnist,4.3,42,17,90,46,46,1,1,16,28,35,11
main,mnist,4.3,42,18,90,46,46,1,1,16,28,35,11
main,mnist,4.3,42,19,90,46,46,1,1,15,29,34,12
main,mnist,4.3,42,20,90,46,46,1,1,15,29,34,12
main,mnist,4.3,42,21,90,46,46,1,1,16,28,35,11
main,mnist,4.3,42,22,90,46,46,1,1,16,28,35,11
main,mnist,4.3,42,23,90,46,46,1,1,16,28,35,11
main,mnist,4.3,42,24,90,46,46,1,1,16,28,35,11
main,mnist,4.3,42,25,90,46,46,1,1,16,28,35,11
main,mnist,4.3,42,26,90,46,46,1,1,16,28,35,11
main,mnist,4.3,42,27,90,46,46,1,1,16,28,35,11
main,mnist,4.3,42,28,90,46,46,1,1,16,28,35,11
main,mnist,4.3,42,29,90,46,46,1,1,16,28,35,11
main,mnist,5.1,137,0,90,46,46,1,1,11,33,39,7
main,mnist,5.1,137,1,90,46,46,1,1,11,33,39,7
main,mnist,5.1,137,2,90,46,46,1,1,11,33,39,7
main,mnist,5.1,137,3,90,46,46,1,1,10,34,38,8
main,mnist,5.1,137,4,90,46,46,1,1,12,32,40,6
main,mnist,5.1,137,5,90,47,46,0,1,9,34,38,9
main,mnist,5.1,137,6,90,46,46,1,1,9,35,37,9
main,mnist,5.1,137,7,90,46,46,1,1,9,35,37,9
main,mnist,5.1,137,8,90,46,46,1,1,9,35,37,9
main,mnist,5.1,137,9,90,46,46,1,1,9,35,37,9
main,mnist,5.1,137,10,90,46,46,1,1,9,35,37,9
main,mnist,5.1,137,11,90,46,46,1,1,8,36,36,10
main,mnist,5.1,137,12,90,46,46,1,1,9,35,37,9
main,mnist,5.1,137,13,90,46,46,1,1,8,36,36,10
main,mnist,5.1,137,14,90,46,46,1,1,7,37,35,11
main,mnist,5.1,137,15,90,46,46,1,1,8,36,36,10
main,mnist,5.1,137,16,90,46,46,1,1,8,36,36,10
main,mnist,5.1,137,17,90,46,46,1,1,9,35,37,9
main,mnist,5.1,137,18,90,46,46,1,1,9,35,37,9
main,mnist,5.1,137,19,90,46,46,1,1,8,36,36,10
main,mnist,5.1,137,20,90,46,46,1,1,9,35,37,9
main,mnist,5.1,137,21,90,46,46,1,1,9,35,37,9
main,mnist,5.1,137,22,90,46,46,1,1,8,36,36,10
main,mnist,5.1,137,23,90,46,46,1,1,9,35,37,9
main,mnist,5.1,137,24,90,46,46,1,1,9,35,37,9
main,mnist,5.1,137,25,90,46,46,1,1,8,36,36,10
main,mnist,5.1,137,26,90,46,46,1,1,8,36,36,10
main,mnist,5.1,137,27,90,46,46,1,1,9,35,37,9
main,mnist,5.1,137,28,90,46,46,1,1,9,35,37,9
main,mnist,5.1,137,29,90,46,46,1,1,9,35,37,9
main,mnist,5.1,2024,0,90,47,46,0,1,8,35,37,10
main,mnist,5.1,2024,1,90,46,46,1,1,7,37,35,11
main,mnist,5.1,2024,2,90,46,46,1,1,8,36,36,10
main,mnist,5.1,2024,3,90,46,46,1,1,8,36,36,10
main,mnist,5.1,2024,4,90,46,46,1,1,8,36,36,10
main,mnist,5.1,2024,5,90,46,46,1,1,8,36,36,10
main,mnist,5.1,2024,6,90,46,46,1,1,7,37,35,11
main,mnist,5.1,2024,7,90,46,46,1,1,7,37,35,11
main,mnist,5.1,2024,8,90,46,46,1,1,8,36,36,10
main,mnist,5.1,2024,9,90,46,46,1,1,8,36,36,10
main,mnist,5.1,2024,10,90,46,46,1,1,7,37,35,11
main,mnist,5.1,2024,11,90,46,46,1,1,7,37,35,11
main,mnist,5.1,2024,12,90,46,46,1,1,8,36,36,10
main,mnist,5.1,2024,13,90,46,46,1,1,7,37,35,11
main,mnist,5.1,2024,14,90,46,46,1,1,8,36,36,10
main,mnist,5.1,2024,15,90,46,46,1,1,7,37,35,11
main,mnist,5.1,2024,16,90,46,46,1,1,7,37,35,11
main,mnist,5.1,2024,17,90,46,46,1,1,8,36,36,10
main,mnist,5.1,2024,18,90,46,46,1,1,8,36,36,10
main,mnist,5.1,2024,19,90,46,46,1,1,8,36,36,10
main,mnist,5.1,2024,20,90,46,46,1,1,7,37,35,11
main,mnist,5.1,2024,21,90,46,46,1,1,8,36,36,10
main,mnist,5.1,2024,22,90,46,46,1,1,7,37,35,11
main,mnist,5.1,2024,23,90,46,46,1,1,8,36,36,10
main,mnist,5.1,2024,24,90,46,46,1,1,8,36,36,10
main,mnist,5.1,2024,25,90,46,46,1,1,7,37,35,11
main,mnist,5.1,2024,26,90,46,46,1,1,8,36,36,10
main,mnist,5.1,2024,27,90,46,46,1,1,7,37,35,11
main,mnist,5.1,2024,28,90,46,46,1,1,7,37,35,11
main,mnist,5.1,2024,29,90,46,46,1,1,7,37,35,11
main,mnist,5.1,42,0,90,46,46,1,1,11,33,39,7
main,mnist,5.1,42,1,90,46,46,1,1,11,33,39,7
main,mnist,5.1,42,2,90,46,46,1,1,12,32,40,6
main,mnist,5.1,42,3,90,46,46,1,1,10,34,38,8
main,mnist,5.1,42,4,90,47,46,0,1,9,34,38,9
main,mnist,5.1,42,5,90,46,46,1,1,10,34,38,8
main,mnist,5.1,42,6,90,46,46,1,1,10,34,38,8
main,mnist,5.1,42,7,90,46,46,1,1,10,34,38,8
main,mnist,5.1,42,8,90,47,46,0,1,10,33,39,8
main,mnist,5.1,42,9,90,46,46,1,1,10,34,38,8
main,mnist,5.1,42,10,90,46,46,1,1,10,34,38,8
main,mnist,5.1,42,11,90,46,46,1,1,10,34,38,8
main,mnist,5.1,42,12,90,46,46,1,1,10,34,38,8
main,mnist,5.1,42,13,90,46,46,1,1,10,34,38,8
main,mnist,5.1,42,14,90,46,46,1,1,10,34,38,8
main,mnist,5.1,42,15,90,46,46,1,1,10,34,38,8
main,mnist,5.1,42,16,90,46,46,1,1,10,34,38,8
main,mnist,5.1,42,17,90,46,46,1,1,11,33,39,7
main,mnist,5.1,42,18,90,46,46,1,1,10,34,38,8
main,mnist,5.1,42,19,90,46,46,1,1,10,34,38,8
main,mnist,5.1,42,20,90,46,46,1,1,10,34,38,8
main,mnist,5.1,42,21,90,46,46,1,1,11,33,39,7
main,mnist,5.1,42,22,90,46,46,1,1,11,33,39,7
main,mnist,5.1,42,23,90,46,46,1,1,10,34,38,8
main,mnist,5.1,42,24,90,46,46,1,1,10,34,38,8
main,mnist,5.1,42,25,90,46,46,1,1,10,34,38,8
main,mnist,5.1,42,26,90,46,46,1,1,10,34,38,8
main,mnist,5.1,42,27,90,46,46,1,1,10,34,38,8
main,mnist,5.1,42,28,90,46,46,1,1,10,34,38,8
main,mnist,5.1,42,29,90,46,46,1,1,10,34,38,8
main,mnist,5.2,137,0,90,48,46,0,1,7,35,37,11
main,mnist,5.2,137,1,90,48,46,0,1,7,35,37,11
main,mnist,5.2,137,2,90,48,46,0,1,7,35,37,11
main,mnist,5.2,137,3,90,46,46,1,1,8,36,36,10
main,mnist,5.2,137,4,90,46,46,1,1,9,35,37,9
main,mnist,5.2,137,5,90,46,46,1,1,9,35,37,9
main,mnist,5.2,137,6,90,46,46,1,1,9,35,37,9
main,mnist,5.2,137,7,90,46,46,1,1,9,35,37,9
main,mnist,5.2,137,8,90,46,46,1,1,9,35,37,9
main,mnist,5.2,137,9,90,46,46,1,1,9,35,37,9
main,mnist,5.2,137,10,90,46,46,1,1,9,35,37,9
main,mnist,5.2,137,11,90,46,46,1,1,9,35,37,9
main,mnist,5.2,137,12,90,46,46,1,1,9,35,37,9
main,mnist,5.2,137,13,90,46,46,1,1,9,35,37,9
main,mnist,5.2,137,14,90,46,46,1,1,9,35,37,9
main,mnist,5.2,137,15,90,46,46,1,1,9,35,37,9
main,mnist,5.2,137,16,90,46,46,1,1,9,35,37,9
main,mnist,5.2,137,17,90,46,46,1,1,9,35,37,9
main,mnist,5.2,137,18,90,46,46,1,1,9,35,37,9
main,mnist,5.2,137,19,90,46,46,1,1,9,35,37,9
main,mnist,5.2,137,20,90,46,46,1,1,9,35,37,9
main,mnist,5.2,137,21,90,46,46,1,1,9,35,37,9
main,mnist,5.2,137,22,90,46,46,1,1,9,35,37,9
main,mnist,5.2,137,23,90,46,46,1,1,9,35,37,9
main,mnist,5.2,137,24,90,46,46,1,1,9,35,37,9
main,mnist,5.2,137,25,90,46,46,1,1,9,35,37,9
main,mnist,5.2,137,26,90,46,46,1,1,9,35,37,9
main,mnist,5.2,137,27,90,47,46,0,1,9,34,38,9
main,mnist,5.2,137,28,90,46,46,1,1,9,35,37,9
main,mnist,5.2,137,29,90,46,46,1,1,9,35,37,9
main,mnist,5.2,2024,0,90,47,46,0,1,5,38,34,13
main,mnist,5.2,2024,1,90,46,46,1,1,5,39,33,13
main,mnist,5.2,2024,2,90,46,46,1,1,5,39,33,13
main,mnist,5.2,2024,3,90,46,46,1,1,5,39,33,13
main,mnist,5.2,2024,4,90,47,46,0,1,5,38,34,13
main,mnist,5.2,2024,5,90,46,46,1,1,5,39,33,13
main,mnist,5.2,2024,6,90,47,46,0,1,5,38,34,13
main,mnist,5.2,2024,7,90,46,46,1,1,5,39,33,13
main,mnist,5.2,2024,8,90,46,46,1,1,5,39,33,13
main,mnist,5.2,2024,9,90,46,46,1,1,5,39,33,13
main,mnist,5.2,2024,10,90,46,46,1,1,5,39,33,13
main,mnist,5.2,2024,11,90,46,46,1,1,5,39,33,13
main,mnist,5.2,2024,12,90,46,46,1,1,5,39,33,13
main,mnist,5.2,2024,13,90,46,46,1,1,5,39,33,13
main,mnist,5.2,2024,14,90,46,46,1,1,5,39,33,13
main,mnist,5.2,2024,15,90,47,46,0,1,5,38,34,13
main,mnist,5.2,2024,16,90,47,46,0,1,5,38,34,13
main,mnist,5.2,2024,17,90,49,46,0,1,5,36,36,13
main,mnist,5.2,2024,18,90,46,46,1,1,5,39,33,13
main,mnist,5.2,2024,19,90,46,46,1,1,5,39,33,13
main,mnist,5.2,2024,20,90,49,46,0,1,5,36,36,13
main,mnist,5.2,2024,21,90,46,46,1,1,5,39,33,13
main,mnist,5.2,2024,22,90,46,46,1,1,5,39,33,13
main,mnist,5.2,2024,23,90,46,46,1,1,5,39,33,13
main,mnist,5.2,2024,24,90,46,46,1,1,5,39,33,13
main,mnist,5.2,2024,25,90,46,46,1,1,5,39,33,13
main,mnist,5.2,2024,26,90,47,46,0,1,5,38,34,13
main,mnist,5.2,2024,27,90,46,46,1,1,5,39,33,13
main,mnist,5.2,2024,28,90,46,46,1,1,5,39,33,13
main,mnist,5.2,2024,29,90,46,46,1,1,5,39,33,13
main,mnist,5.2,42,0,90,46,46,1,1,6,38,34,12
main,mnist,5.2,42,1,90,46,46,1,1,6,38,34,12
main,mnist,5.2,42,2,90,46,46,1,1,6,38,34,12
main,mnist,5.2,42,3,90,46,46,1,1,7,37,35,11
main,mnist,5.2,42,4,90,47,46,0,1,4,39,33,14
main,mnist,5.2,42,5,90,46,46,1,1,6,38,34,12
main,mnist,5.2,42,6,90,46,46,1,1,7,37,35,11
main,mnist,5.2,42,7,90,46,46,1,1,6,38,34,12
main,mnist,5.2,42,8,90,46,46,1,1,7,37,35,11
main,mnist,5.2,42,9,90,46,46,1,1,6,38,34,12
main,mnist,5.2,42,10,90,46,46,1,1,7,37,35,11
main,mnist,5.2,42,11,90,46,46,1,1,7,37,35,11
main,mnist,5.2,42,12,90,46,46,1,1,7,37,35,11
main,mnist,5.2,42,13,90,46,46,1,1,7,37,35,11
main,mnist,5.2,42,14,90,46,46,1,1,6,38,34,12
main,mnist,5.2,42,15,90,46,46,1,1,7,37,35,11
main,mnist,5.2,42,16,90,46,46,1,1,7,37,35,11
main,mnist,5.2,42,17,90,46,46,1,1,7,37,35,11
main,mnist,5.2,42,18,90,46,46,1,1,6,38,34,12
main,mnist,5.2,42,19,90,46,46,1,1,7,37,35,11
main,mnist,5.2,42,20,90,46,46,1,1,6,38,34,12
main,mnist,5.2,42,21,90,46,46,1,1,7,37,35,11
main,mnist,5.2,42,22,90,46,46,1,1,6,38,34,12
main,mnist,5.2,42,23,90,47,46,0,1,6,37,35,12
main,mnist,5.2,42,24,90,46,46,1,1,7,37,35,11
main,mnist,5.2,42,25,90,46,46,1,1,6,38,34,12
main,mnist,5.2,42,26,90,46,46,1,1,6,38,34,12
main,mnist,5.2,42,27,90,46,46,1,1,7,37,35,11
main,mnist,5.2,42,28,90,46,46,1,1,6,38,34,12
main,mnist,5.2,42,29,90,46,46,1,1,7,37,35,11
main,mnist,5.3,137,0,90,46,46,1,1,15,29,34,12
main,mnist,5.3,137,1,90,46,46,1,1,15,29,34,12
main,mnist,5.3,137,2,90,48,46,0,1,11,31,32,16
main,mnist,5.3,137,3,90,46,46,1,1,14,30,33,13
main,mnist,5.3,137,4,90,46,46,1,1,16,28,35,11
main,mnist,5.3,137,5,90,46,46,1,1,15,29,34,12
main,mnist,5.3,137,6,90,46,46,1,1,15,29,34,12
main,mnist,5.3,137,7,90,47,46,0,1,13,30,33,14
main,mnist,5.3,137,8,90,46,46,1,1,16,28,35,11
main,mnist,5.3,137,9,90,46,46,1,1,14,30,33,13
main,mnist,5.3,137,10,90,46,46,1,1,16,28,35,11
main,mnist,5.3,137,11,90,46,46,1,1,14,30,33,13
main,mnist,5.3,137,12,90,46,46,1,1,16,28,35,11
main,mnist,5.3,137,13,90,46,46,1,1,15,29,34,12
main,mnist,5.3,137,14,90,46,46,1,1,15,29,34,12
main,mnist,5.3,137,15,90,46,46,1,1,14,30,33,13
main,mnist,5.3,137,16,90,46,46,1,1,16,28,35,11
main,mnist,5.3,137,17,90,46,46,1,1,16,28,35,11
main,mnist,5.3,137,18,90,46,46,1,1,16,28,35,11
main,mnist,5.3,137,19,90,47,46,0,1,14,29,34,13
main,mnist,5.3,137,20,90,46,46,1,1,16,28,35,11
main,mnist,5.3,137,21,90,46,46,1,1,15,29,34,12
main,mnist,5.3,137,22,90,46,46,1,1,15,29,34,12
main,mnist,5.3,137,23,90,46,46,1,1,16,28,35,11
main,mnist,5.3,137,24,90,46,46,1,1,15,29,34,12
main,mnist,5.3,137,25,90,46,46,1,1,15,29,34,12
main,mnist,5.3,137,26,90,46,46,1,1,15,29,34,12
main,mnist,5.3,137,27,90,46,46,1,1,15,29,34,12
main,mnist,5.3,137,28,90,47,46,0,1,15,28,35,12
main,mnist,5.3,137,29,90,46,46,1,1,15,29,34,12
main,mnist,5.3,2024,0,90,46,46,1,1,12,32,31,15
main,mnist,5.3,2024,1,90,46,46,1,1,12,32,31,15
main,mnist,5.3,2024,2,90,46,46,1,1,12,32,31,15
main,mnist,5.3,2024,3,90,46,46,1,1,15,29,34,12
main,mnist,5.3,2024,4,90,46,46,1,1,12,32,31,15
main,mnist,5.3,2024,5,90,47,46,0,1,12,31,32,15
main,mnist,5.3,2024,6,90,46,46,1,1,14,30,33,13
main,mnist,5.3,2024,7,90,46,46,1,1,12,32,31,15
main,mnist,5.3,2024,8,90,46,46,1,1,14,30,33,13
main,mnist,5.3,2024,9,90,46,46,1,1,15,29,34,12
main,mnist,5.3,2024,10,90,46,46,1,1,14,30,33,13
main,mnist,5.3,2024,11,90,46,46,1,1,12,32,31,15
main,mnist,5.3,2024,12,90,47,46,0,1,12,31,32,15
main,mnist,5.3,2024,13,90,46,46,1,1,15,29,34,12
main,mnist,5.3,2024,14,90,46,46,1,1,12,32,31,15
main,mnist,5.3,2024,15,90,46,46,1,1,14,30,33,13
main,mnist,5.3,2024,16,90,46,46,1,1,12,32,31,15
main,mnist,5.3,2024,17,90,49,46,0,1,11,30,33,16
main,mnist,5.3,2024,18,90,46,46,1,1,15,29,34,12
main,mnist,5.3,2024,19,90,46,46,1,1,14,30,33,13
main,mnist,5.3,2024,20,90,46,46,1,1,12,32,31,15
main,mnist,5.3,2024,21,90,46,46,1,1,12,32,31,15
main,mnist,5.3,2024,22,90,46,46,1,1,15,29,34,12
main,mnist,5.3,2024,23,90,46,46,1,1,15,29,34,12
main,mnist,5.3,2024,24,90,46,46,1,1,15,29,34,12
main,mnist,5.3,2024,25,90,47,46,0,1,12,31,32,15
main,mnist,5.3,2024,26,90,46,46,1,1,15,29,34,12
main,mnist,5.3,2024,27,90,46,46,1,1,14,30,33,13
main,mnist,5.3,2024,28,90,46,46,1,1,14,30,33,13
main,mnist,5.3,2024,29,90,47,46,0,1,12,31,32,15
main,mnist,5.3,42,0,90,46,46,1,1,16,28,35,11
main,mnist,5.3,42,1,90,46,46,1,1,16,28,35,11
main,mnist,5.3,42,2,90,46,46,1,1,16,28,35,11
main,mnist,5.3,42,3,90,46,46,1,1,16,28,35,11
main,mnist,5.3,42,4,90,46,46,1,1,16,28,35,11
main,mnist,5.3,42,5,90,46,46,1,1,16,28,35,11
main,mnist,5.3,42,6,90,46,46,1,1,16,28,35,11
main,mnist,5.3,42,7,90,46,46,1,1,16,28,35,11
main,mnist,5.3,42,8,90,46,46,1,1,16,28,35,11
main,mnist,5.3,42,9,90,46,46,1,1,16,28,35,11
main,mnist,5.3,42,10,90,46,46,1,1,15,29,34,12
main,mnist,5.3,42,11,90,46,46,1,1,16,28,35,11
main,mnist,5.3,42,12,90,46,46,1,1,16,28,35,11
main,mnist,5.3,42,13,90,46,46,1,1,16,28,35,11
main,mnist,5.3,42,14,90,46,46,1,1,16,28,35,11
main,mnist,5.3,42,15,90,46,46,1,1,16,28,35,11
main,mnist,5.3,42,16,90,46,46,1,1,16,28,35,11
main,mnist,5.3,42,17,90,46,46,1,1,16,28,35,11
main,mnist,5.3,42,18,90,46,46,1,1,16,28,35,11
main,mnist,5.3,42,19,90,46,46,1,1,15,29,34,12
main,mnist,5.3,42,20,90,46,46,1,1,15,29,34,12
main,mnist,5.3,42,21,90,46,46,1,1,16,28,35,11
main,mnist,5.3,42,22,90,46,46,1,1,16,28,35,11
main,mnist,5.3,42,23,90,46,46,1,1,16,28,35,11
main,mnist,5.3,42,24,90,46,46,1,1,16,28,35,11
main,mnist,5.3,42,25,90,46,46,1,1,16,28,35,11
main,mnist,5.3,42,26,90,46,46,1,1,16,28,35,11
main,mnist,5.3,42,27,90,46,46,1,1,16,28,35,11
main,mnist,5.3,42,28,90,46,46,1,1,16,28,35,11
main,mnist,5.3,42,29,90,46,46,1,1,16,28,35,11
main,mnist,6.1,137,0,90,46,46,1,0,0,44,46,0
main,mnist,6.1,137,1,90,46,46,1,0,0,44,46,0
main,mnist,6.1,137,2,90,47,46,0,0,0,43,47,0
main,mnist,6.1,137,3,90,46,46,1,0,0,44,46,0
main,mnist,6.1,137,4,90,46,46,1,0,0,44,46,0
main,mnist,6.1,137,5,90,46,46,1,0,0,44,46,0
main,mnist,6.1,137,6,90,46,46,1,0,0,44,46,0
main,mnist,6.1,137,7,90,46,46,1,0,0,44,46,0
main,mnist,6.1,137,8,90,46,46,1,0,0,44,46,0
main,mnist,6.1,137,9,90,46,46,1,0,0,44,46,0
main,mnist,6.1,137,10,90,46,46,1,0,0,44,46,0
main,mnist,6.1,137,11,90,46,46,1,0,0,44,46,0
main,mnist,6.1,137,12,90,46,46,1,0,0,44,46,0
main,mnist,6.1,137,13,90,46,46,1,0,0,44,46,0
main,mnist,6.1,137,14,90,46,46,1,0,0,44,46,0
main,mnist,6.1,137,15,90,46,46,1,0,0,44,46,0
main,mnist,6.1,137,16,90,46,46,1,0,0,44,46,0
main,mnist,6.1,137,17,90,46,46,1,0,0,44,46,0
main,mnist,6.1,137,18,90,46,46,1,0,0,44,46,0
main,mnist,6.1,137,19,90,46,46,1,0,0,44,46,0
main,mnist,6.1,137,20,90,46,46,1,0,0,44,46,0
main,mnist,6.1,137,21,90,46,46,1,0,0,44,46,0
main,mnist,6.1,137,22,90,46,46,1,0,0,44,46,0
main,mnist,6.1,137,23,90,46,46,1,0,0,44,46,0
main,mnist,6.1,137,24,90,46,46,1,0,0,44,46,0
main,mnist,6.1,137,25,90,46,46,1,0,0,44,46,0
main,mnist,6.1,137,26,90,46,46,1,0,0,44,46,0
main,mnist,6.1,137,27,90,46,46,1,0,0,44,46,0
main,mnist,6.1,137,28,90,46,46,1,0,0,44,46,0
main,mnist,6.1,137,29,90,46,46,1,0,0,44,46,0
main,mnist,6.1,2024,0,90,46,46,1,0,0,44,46,0
main,mnist,6.1,2024,1,90,46,46,1,0,0,44,46,0
main,mnist,6.1,2024,2,90,46,46,1,0,0,44,46,0
main,mnist,6.1,2024,3,90,46,46,1,0,0,44,46,0
main,mnist,6.1,2024,4,90,46,46,1,0,0,44,46,0
main,mnist,6.1,2024,5,90,46,46,1,0,0,44,46,0
main,mnist,6.1,2024,6,90,46,46,1,0,0,44,46,0
main,mnist,6.1,2024,7,90,46,46,1,0,0,44,46,0
main,mnist,6.1,2024,8,90,46,46,1,0,0,44,46,0
main,mnist,6.1,2024,9,90,46,46,1,0,0,44,46,0
main,mnist,6.1,2024,10,90,46,46,1,0,0,44,46,0
main,mnist,6.1,2024,11,90,46,46,1,0,0,44,46,0
main,mnist,6.1,2024,12,90,46,46,1,0,0,44,46,0
main,mnist,6.1,2024,13,90,46,46,1,0,0,44,46,0
main,mnist,6.1,2024,14,90,46,46,1,0,0,44,46,0
main,mnist,6.1,2024,15,90,46,46,1,0,0,44,46,0
main,mnist,6.1,2024,16,90,46,46,1,0,0,44,46,0
main,mnist,6.1,2024,17,90,46,46,1,0,0,44,46,0
main,mnist,6.1,2024,18,90,46,46,1,0,0,44,46,0
main,mnist,6.1,2024,19,90,46,46,1,0,0,44,46,0
main,mnist,6.1,2024,20,90,46,46,1,0,0,44,46,0
main,mnist,6.1,2024,21,90,46,46,1,0,0,44,46,0
main,mnist,6.1,2024,22,90,46,46,1,0,0,44,46,0
main,mnist,6.1,2024,23,90,46,46,1,0,0,44,46,0
main,mnist,6.1,2024,24,90,46,46,1,0,0,44,46,0
main,mnist,6.1,2024,25,90,46,46,1,0,0,44,46,0
main,mnist,6.1,2024,26,90,46,46,1,0,0,44,46,0
main,mnist,6.1,2024,27,90,46,46,1,0,0,44,46,0
main,mnist,6.1,2024,28,90,46,46,1,0,0,44,46,0
main,mnist,6.1,2024,29,90,46,46,1,0,0,44,46,0
main,mnist,6.1,42,0,90,47,46,0,0,0,43,47,0
main,mnist,6.1,42,1,90,46,46,1,0,0,44,46,0
main,mnist,6.1,42,2,90,46,46,1,0,0,44,46,0
main,mnist,6.1,42,3,90,46,46,1,0,0,44,46,0
main,mnist,6.1,42,4,90,46,46,1,0,0,44,46,0
main,mnist,6.1,42,5,90,46,46,1,0,0,44,46,0
main,mnist,6.1,42,6,90,47,46,0,0,0,43,47,0
main,mnist,6.1,42,7,90,46,46,1,0,0,44,46,0
main,mnist,6.1,42,8,90,46,46,1,0,0,44,46,0
main,mnist,6.1,42,9,90,46,46,1,0,0,44,46,0
main,mnist,6.1,42,10,90,46,46,1,0,0,44,46,0
main,mnist,6.1,42,11,90,46,46,1,0,0,44,46,0
main,mnist,6.1,42,12,90,46,46,1,0,0,44,46,0
main,mnist,6.1,42,13,90,46,46,1,0,0,44,46,0
main,mnist,6.1,42,14,90,46,46,1,0,0,44,46,0
main,mnist,6.1,42,15,90,46,46,1,0,0,44,46,0
main,mnist,6.1,42,16,90,46,46,1,0,0,44,46,0
main,mnist,6.1,42,17,90,46,46,1,0,0,44,46,0
main,mnist,6.1,42,18,90,46,46,1,0,0,44,46,0
main,mnist,6.1,42,19,90,46,46,1,0,0,44,46,0
main,mnist,6.1,42,20,90,46,46,1,0,0,44,46,0
main,mnist,6.1,42,21,90,46,46,1,0,0,44,46,0
main,mnist,6.1,42,22,90,46,46,1,0,0,44,46,0
main,mnist,6.1,42,23,90,46,46,1,0,0,44,46,0
main,mnist,6.1,42,24,90,46,46,1,0,0,44,46,0
main,mnist,6.1,42,25,90,46,46,1,0,0,44,46,0
main,mnist,6.1,42,26,90,46,46,1,0,0,44,46,0
main,mnist,6.1,42,27,90,46,46,1,0,0,44,46,0
main,mnist,6.1,42,28,90,46,46,1,0,0,44,46,0
main,mnist,6.1,42,29,90,46,46,1,0,0,44,46,0
main,mnist,6.2,137,0,90,47,46,0,0,0,43,47,0
main,mnist,6.2,137,1,90,46,46,1,0,0,44,46,0
main,mnist,6.2,137,2,90,47,46,0,0,0,43,47,0
main,mnist,6.2,137,3,90,46,46,1,0,0,44,46,0
main,mnist,6.2,137,4,90,46,46,1,0,0,44,46,0
main,mnist,6.2,137,5,90,46,46,1,0,0,44,46,0
main,mnist,6.2,137,6,90,47,46,0,0,0,43,47,0
main,mnist,6.2,137,7,90,46,46,1,0,0,44,46,0
main,mnist,6.2,137,8,90,46,46,1,0,0,44,46,0
main,mnist,6.2,137,9,90,47,46,0,0,0,43,47,0
main,mnist,6.2,137,10,90,46,46,1,0,0,44,46,0
main,mnist,6.2,137,11,90,46,46,1,0,0,44,46,0
main,mnist,6.2,137,12,90,46,46,1,0,0,44,46,0
main,mnist,6.2,137,13,90,46,46,1,0,0,44,46,0
main,mnist,6.2,137,14,90,46,46,1,0,0,44,46,0
main,mnist,6.2,137,15,90,46,46,1,0,0,44,46,0
main,mnist,6.2,137,16,90,46,46,1,0,0,44,46,0
main,mnist,6.2,137,17,90,46,46,1,0,0,44,46,0
main,mnist,6.2,137,18,90,46,46,1,0,0,44,46,0
main,mnist,6.2,137,19,90,46,46,1,0,0,44,46,0
main,mnist,6.2,137,20,90,46,46,1,0,0,44,46,0
main,mnist,6.2,137,21,90,46,46,1,0,0,44,46,0
main,mnist,6.2,137,22,90,46,46,1,0,0,44,46,0
main,mnist,6.2,137,23,90,46,46,1,0,0,44,46,0
main,mnist,6.2,137,24,90,46,46,1,0,0,44,46,0
main,mnist,6.2,137,25,90,46,46,1,0,0,44,46,0
main,mnist,6.2,137,26,90,46,46,1,0,0,44,46,0
main,mnist,6.2,137,27,90,46,46,1,0,0,44,46,0
main,mnist,6.2,137,28,90,47,46,0,0,0,43,47,0
main,mnist,6.2,137,29,90,46,46,1,0,0,44,46,0
main,mnist,6.2,2024,0,90,46,46,1,0,0,44,46,0
main,mnist,6.2,2024,1,90,46,46,1,0,0,44,46,0
main,mnist,6.2,2024,2,90,46,46,1,0,0,44,46,0
main,mnist,6.2,2024,3,90,49,46,0,0,0,41,49,0
main,mnist,6.2,2024,4,90,46,46,1,0,0,44,46,0
main,mnist,6.2,2024,5,90,47,46,0,0,0,43,47,0
main,mnist,6.2,2024,6,90,46,46,1,0,0,44,46,0
main,mnist,6.2,2024,7,90,46,46,1,0,0,44,46,0
main,mnist,6.2,2024,8,90,47,46,0,0,0,43,47,0
main,mnist,6.2,2024,9,90,46,46,1,0,0,44,46,0
main,mnist,6.2,2024,10,90,46,46,1,0,0,44,46,0
main,mnist,6.2,2024,11,90,46,46,1,0,0,44,46,0
main,mnist,6.2,2024,12,90,47,46,0,0,0,43,47,0
main,mnist,6.2,2024,13,90,46,46,1,0,0,44,46,0
main,mnist,6.2,2024,14,90,46,46,1,0,0,44,46,0
main,mnist,6.2,2024,15,90,46,46,1,0,0,44,46,0
main,mnist,6.2,2024,16,90,46,46,1,0,0,44,46,0
main,mnist,6.2,2024,17,90,46,46,1,0,0,44,46,0
main,mnist,6.2,2024,18,90,46,46,1,0,0,44,46,0
main,mnist,6.2,2024,19,90,47,46,0,0,0,43,47,0
main,mnist,6.2,2024,20,90,46,46,1,0,0,44,46,0
main,mnist,6.2,2024,21,90,46,46,1,0,0,44,46,0
main,mnist,6.2,2024,22,90,46,46,1,0,0,44,46,0
main,mnist,6.2,2024,23,90,46,46,1,0,0,44,46,0
main,mnist,6.2,2024,24,90,46,46,1,0,0,44,46,0
main,mnist,6.2,2024,25,90,46,46,1,0,0,44,46,0
main,mnist,6.2,2024,26,90,46,46,1,0,0,44,46,0
main,mnist,6.2,2024,27,90,47,46,0,0,0,43,47,0
main,mnist,6.2,2024,28,90,46,46,1,0,0,44,46,0
main,mnist,6.2,2024,29,90,46,46,1,0,0,44,46,0
main,mnist,6.2,42,0,90,46,46,1,0,0,44,46,0
main,mnist,6.2,42,1,90,46,46,1,0,0,44,46,0
main,mnist,6.2,42,2,90,46,46,1,0,0,44,46,0
main,mnist,6.2,42,3,90,47,46,0,0,0,43,47,0
main,mnist,6.2,42,4,90,46,46,1,0,0,44,46,0
main,mnist,6.2,42,5,90,46,46,1,0,0,44,46,0
main,mnist,6.2,42,6,90,46,46,1,0,0,44,46,0
main,mnist,6.2,42,7,90,46,46,1,0,0,44,46,0
main,mnist,6.2,42,8,90,46,46,1,0,0,44,46,0
main,mnist,6.2,42,9,90,46,46,1,0,0,44,46,0
main,mnist,6.2,42,10,90,46,46,1,0,0,44,46,0
main,mnist,6.2,42,11,90,46,46,1,0,0,44,46,0
main,mnist,6.2,42,12,90,46,46,1,0,0,44,46,0
main,mnist,6.2,42,13,90,46,46,1,0,0,44,46,0
main,mnist,6.2,42,14,90,46,46,1,0,0,44,46,0
main,mnist,6.2,42,15,90,46,46,1,0,0,44,46,0
main,mnist,6.2,42,16,90,46,46,1,0,0,44,46,0
main,mnist,6.2,42,17,90,46,46,1,0,0,44,46,0
main,mnist,6.2,42,18,90,46,46,1,0,0,44,46,0
main,mnist,6.2,42,19,90,46,46,1,0,0,44,46,0
main,mnist,6.2,42,20,90,46,46,1,0,0,44,46,0
main,mnist,6.2,42,21,90,46,46,1,0,0,44,46,0
main,mnist,6.2,42,22,90,46,46,1,0,0,44,46,0
main,mnist,6.2,42,23,90,46,46,1,0,0,44,46,0
main,mnist,6.2,42,24,90,46,46,1,0,0,44,46,0
main,mnist,6.2,42,25,90,46,46,1,0,0,44,46,0
main,mnist,6.2,42,26,90,47,46,0,0,0,43,47,0
main,mnist,6.2,42,27,90,46,46,1,0,0,44,46,0
main,mnist,6.2,42,28,90,46,46,1,0,0,44,46,0
main,mnist,6.2,42,29,90,46,46,1,0,0,44,46,0
main,mnist,7.1,137,0,90,52,46,0,1,0,38,25,27
main,mnist,7.1,137,1,90,55,46,0,1,0,35,28,27
main,mnist,7.1,137,2,90,46,46,1,1,0,44,19,27
main,mnist,7.1,137,3,90,47,46,0,1,0,43,20,27
main,mnist,7.1,137,4,90,48,46,0,1,0,42,21,27
main,mnist,7.1,137,5,90,46,46,1,1,0,44,19,27
main,mnist,7.1,137,6,90,46,46,1,1,0,44,19,27
main,mnist,7.1,137,7,90,47,46,0,1,0,43,20,27
main,mnist,7.1,137,8,90,46,46,1,1,0,44,19,27
main,mnist,7.1,137,9,90,46,46,1,1,0,44,19,27
main,mnist,7.1,137,10,90,47,46,0,1,0,43,20,27
main,mnist,7.1,137,11,90,46,46,1,1,0,44,19,27
main,mnist,7.1,137,12,90,46,46,1,1,0,44,19,27
main,mnist,7.1,137,13,90,46,46,1,1,0,44,19,27
main,mnist,7.1,137,14,90,46,46,1,1,0,44,19,27
main,mnist,7.1,137,15,90,46,46,1,1,0,44,19,27
main,mnist,7.1,137,16,90,47,46,0,1,0,43,20,27
main,mnist,7.1,137,17,90,46,46,1,1,0,44,19,27
main,mnist,7.1,137,18,90,46,46,1,1,0,44,19,27
main,mnist,7.1,137,19,90,46,46,1,1,0,44,19,27
main,mnist,7.1,137,20,90,46,46,1,1,0,44,19,27
main,mnist,7.1,137,21,90,46,46,1,1,0,44,19,27
main,mnist,7.1,137,22,90,46,46,1,1,0,44,19,27
main,mnist,7.1,137,23,90,46,46,1,1,0,44,19,27
main,mnist,7.1,137,24,90,46,46,1,1,0,44,19,27
main,mnist,7.1,137,25,90,46,46,1,1,0,44,19,27
main,mnist,7.1,137,26,90,46,46,1,1,0,44,19,27
main,mnist,7.1,137,27,90,46,46,1,1,0,44,19,27
main,mnist,7.1,137,28,90,46,46,1,1,0,44,19,27
main,mnist,7.1,137,29,90,46,46,1,1,0,44,19,27
main,mnist,7.1,2024,0,90,52,46,0,1,0,38,25,27
main,mnist,7.1,2024,1,90,56,46,0,1,0,34,29,27
main,mnist,7.1,2024,2,90,47,46,0,1,0,43,20,27
main,mnist,7.1,2024,3,90,47,46,0,1,0,43,20,27
main,mnist,7.1,2024,4,90,47,46,0,1,0,43,20,27
main,mnist,7.1,2024,5,90,48,46,0,1,0,42,21,27
main,mnist,7.1,2024,6,90,46,46,1,1,0,44,19,27
main,mnist,7.1,2024,7,90,46,46,1,1,0,44,19,27
main,mnist,7.1,2024,8,90,46,46,1,1,0,44,19,27
main,mnist,7.1,2024,9,90,46,46,1,1,0,44,19,27
main,mnist,7.1,2024,10,90,46,46,1,1,0,44,19,27
main,mnist,7.1,2024,11,90,46,46,1,1,0,44,19,27
main,mnist,7.1,2024,12,90,46,46,1,1,0,44,19,27
main,mnist,7.1,2024,13,90,46,46,1,1,0,44,19,27
main,mnist,7.1,2024,14,90,46,46,1,1,0,44,19,27
main,mnist,7.1,2024,15,90,46,46,1,1,0,44,19,27
main,mnist,7.1,2024,16,90,46,46,1,1,0,44,19,27
main,mnist,7.1,2024,17,90,46,46,1,1,0,44,19,27
main,mnist,7.1,2024,18,90,46,46,1,1,0,44,19,27
main,mnist,7.1,2024,19,90,46,46,1,1,0,44,19,27
main,mnist,7.1,2024,20,90,46,46,1,1,0,44,19,27
main,mnist,7.1,2024,21,90,46,46,1,1,0,44,19,27
main,mnist,7.1,2024,22,90,46,46,1,1,0,44,19,27
main,mnist,7.1,2024,23,90,46,46,1,1,0,44,19,27
main,mnist,7.1,2024,24,90,46,46,1,1,0,44,19,27
main,mnist,7.1,2024,25,90,46,46,1,1,0,44,19,27
main,mnist,7.1,2024,26,90,46,46,1,1,0,44,19,27
main,mnist,7.1,2024,27,90,48,46,0,1,0,42,21,27
main,mnist,7.1,2024,28,90,46,46,1,1,0,44,19,27
main,mnist,7.1,2024,29,90,46,46,1,1,0,44,19,27
main,mnist,7.1,42,0,90,46,46,1,1,0,44,19,27
main,mnist,7.1,42,1,90,57,46,0,1,0,33,30,27
main,mnist,7.1,42,2,90,65,46,0,1,0,25,38,27
main,mnist,7.1,42,3,90,59,46,0,1,0,31,32,27
main,mnist,7.1,42,4,90,46,46,1,1,0,44,19,27
main,mnist,7.1,42,5,90,48,46,0,1,0,42,21,27
main,mnist,7.1,42,6,90,46,46,1,1,0,44,19,27
main,mnist,7.1,42,7,90,48,46,0,1,0,42,21,27
main,mnist,7.1,42,8,90,47,46,0,1,0,43,20,27
main,mnist,7.1,42,9,90,46,46,1,1,0,44,19,27
main,mnist,7.1,42,10,90,46,46,1,1,0,44,19,27
main,mnist,7.1,42,11,90,47,46,0,1,0,43,20,27
main,mnist,7.1,42,12,90,46,46,1,1,0,44,19,27
main,mnist,7.1,42,13,90,46,46,1,1,0,44,19,27
main,mnist,7.1,42,14,90,46,46,1,1,0,44,19,27
main,mnist,7.1,42,15,90,47,46,0,1,0,43,20,27
main,mnist,7.1,42,16,90,47,46,0,1,0,43,20,27
main,mnist,7.1,42,17,90,47,46,0,1,0,43,20,27
main,mnist,7.1,42,18,90,47,46,0,1,0,43,20,27
main,mnist,7.1,42,19,90,46,46,1,1,0,44,19,27
main,mnist,7.1,42,20,90,46,46,1,1,0,44,19,27
main,mnist,7.1,42,21,90,47,46,0,1,0,43,20,27
main,mnist,7.1,42,22,90,46,46,1,1,0,44,19,27
main,mnist,7.1,42,23,90,46,46,1,1,0,44,19,27
main,mnist,7.1,42,24,90,46,46,1,1,0,44,19,27
main,mnist,7.1,42,25,90,46,46,1,1,0,44,19,27
main,mnist,7.1,42,26,90,46,46,1,1,0,44,19,27
main,mnist,7.1,42,27,90,46,46,1,1,0,44,19,27
main,mnist,7.1,42,28,90,46,46,1,1,0,44,19,27
main,mnist,7.1,42,29,90,46,46,1,1,0,44,19,27
main,mnist,7.2,137,0,90,61,46,0,1,0,29,34,27
main,mnist,7.2,137,1,90,61,46,0,1,0,29,34,27
main,mnist,7.2,137,2,90,59,46,0,1,0,31,32,27
main,mnist,7.2,137,3,90,60,46,0,1,0,30,33,27
main,mnist,7.2,137,4,90,62,46,0,1,0,28,35,27
main,mnist,7.2,137,5,90,61,46,0,1,0,29,34,27
main,mnist,7.2,137,6,90,60,46,0,1,0,30,33,27
main,mnist,7.2,137,7,90,57,46,0,1,0,33,30,27
main,mnist,7.2,137,8,90,59,46,0,1,0,31,32,27
main,mnist,7.2,137,9,90,59,46,0,1,0,31,32,27
main,mnist,7.2,137,10,90,59,46,0,1,0,31,32,27
main,mnist,7.2,137,11,90,58,46,0,1,0,32,31,27
main,mnist,7.2,137,12,90,58,46,0,1,0,32,31,27
main,mnist,7.2,137,13,90,58,46,0,1,0,32,31,27
main,mnist,7.2,137,14,90,56,46,0,1,0,34,29,27
main,mnist,7.2,137,15,90,56,46,0,1,0,34,29,27
main,mnist,7.2,137,16,90,54,46,0,1,0,36,27,27
main,mnist,7.2,137,17,90,59,46,0,1,0,31,32,27
main,mnist,7.2,137,18,90,54,46,0,1,0,36,27,27
main,mnist,7.2,137,19,90,58,46,0,1,0,32,31,27
main,mnist,7.2,137,20,90,61,46,0,1,0,29,34,27
main,mnist,7.2,137,21,90,58,46,0,1,0,32,31,27
main,mnist,7.2,137,22,90,55,46,0,1,0,35,28,27
main,mnist,7.2,137,23,90,60,46,0,1,0,30,33,27
main,mnist,7.2,137,24,90,53,46,0,1,0,37,26,27
main,mnist,7.2,137,25,90,56,46,0,1,0,34,29,27
main,mnist,7.2,137,26,90,53,46,0,1,0,37,26,27
main,mnist,7.2,137,27,90,58,46,0,1,0,32,31,27
main,mnist,7.2,137,28,90,58,46,0,1,0,32,31,27
main,mnist,7.2,137,29,90,54,46,0,1,0,36,27,27
main,mnist,7.2,2024,0,90,57,46,0,1,0,33,30,27
main,mnist,7.2,2024,1,90,56,46,0,1,0,34,29,27
main,mnist,7.2,2024,2,90,56,46,0,1,0,34,29,27
main,mnist,7.2,2024,3,90,55,46,0,1,0,35,28,27
main,mnist,7.2,2024,4,90,54,46,0,1,0,36,27,27
main,mnist,7.2,2024,5,90,51,46,0,1,0,39,24,27
main,mnist,7.2,2024,6,90,53,46,0,1,0,37,26,27
main,mnist,7.2,2024,7,90,53,46,0,1,0,37,26,27
main,mnist,7.2,2024,8,90,48,46,0,1,0,42,21,27
main,mnist,7.2,2024,9,90,55,46,0,1,0,35,28,27
main,mnist,7.2,2024,10,90,52,46,0,1,0,38,25,27
main,mnist,7.2,2024,11,90,51,46,0,1,0,39,24,27
main,mnist,7.2,2024,12,90,51,46,0,1,0,39,24,27
main,mnist,7.2,2024,13,90,54,46,0,1,0,36,27,27
main,mnist,7.2,2024,14,90,53,46,0,1,0,37,26,27
main,mnist,7.2,2024,15,90,53,46,0,1,0,37,26,27
main,mnist,7.2,2024,16,90,50,46,0,1,0,40,23,27
main,mnist,7.2,2024,17,90,50,46,0,1,0,40,23,27
main,mnist,7.2,2024,18,90,46,46,1,1,0,44,19,27
main,mnist,7.2,2024,19,90,51,46,0,1,0,39,24,27
main,mnist,7.2,2024,20,90,52,46,0,1,0,38,25,27
main,mnist,7.2,2024,21,90,51,46,0,1,0,39,24,27
main,mnist,7.2,2024,22,90,54,46,0,1,0,36,27,27
main,mnist,7.2,2024,23,90,53,46,0,1,0,37,26,27
main,mnist,7.2,2024,24,90,50,46,0,1,0,40,23,27
main,mnist,7.2,2024,25,90,46,46,1,1,0,44,19,27
main,mnist,7.2,2024,26,90,46,46,1,1,0,44,19,27
main,mnist,7.2,2024,27,90,47,46,0,1,0,43,20,27
main,mnist,7.2,2024,28,90,49,46,0,1,0,41,22,27
main,mnist,7.2,2024,29,90,46,46,1,1,0,44,19,27
main,mnist,7.2,42,0,90,57,46,0,1,0,33,30,27
main,mnist,7.2,42,1,90,58,46,0,1,0,32,31,27
main,mnist,7.2,42,2,90,58,46,0,1,0,32,31,27
main,mnist,7.2,42,3,90,53,46,0,1,0,37,26,27
main,mnist,7.2,42,4,90,49,46,0,1,0,41,22,27
main,mnist,7.2,42,5,90,47,46,0,1,0,43,20,27
main,mnist,7.2,42,6,90,49,46,0,1,0,41,22,27
main,mnist,7.2,42,7,90,46,46,1,1,0,44,19,27
main,mnist,7.2,42,8,90,53,46,0,1,0,37,26,27
main,mnist,7.2,42,9,90,52,46,0,1,0,38,25,27
main,mnist,7.2,42,10,90,46,46,1,1,0,44,19,27
main,mnist,7.2,42,11,90,53,46,0,1,0,37,26,27
main,mnist,7.2,42,12,90,49,46,0,1,0,41,22,27
main,mnist,7.2,42,13,90,48,46,0,1,0,42,21,27
main,mnist,7.2,42,14,90,48,46,0,1,0,42,21,27
main,mnist,7.2,42,15,90,52,46,0,1,0,38,25,27
main,mnist,7.2,42,16,90,47,46,0,1,0,43,20,27
main,mnist,7.2,42,17,90,49,46,0,1,0,41,22,27
main,mnist,7.2,42,18,90,46,46,1,1,0,44,19,27
main,mnist,7.2,42,19,90,49,46,0,1,0,41,22,27
main,mnist,7.2,42,20,90,50,46,0,1,0,40,23,27
main,mnist,7.2,42,21,90,50,46,0,1,0,40,23,27
main,mnist,7.2,42,22,90,48,46,0,1,0,42,21,27
main,mnist,7.2,42,23,90,48,46,0,1,0,42,21,27
main,mnist,7.2,42,24,90,47,46,0,1,0,43,20,27
main,mnist,7.2,42,25,90,50,46,0,1,0,40,23,27
main,mnist,7.2,42,26,90,46,46,1,1,0,44,19,27
main,mnist,7.2,42,27,90,47,46,0,1,0,43,20,27
main,mnist,7.2,42,28,90,46,46,1,1,0,44,19,27
main,mnist,7.2,42,29,90,46,46,1,1,0,44,19,27
main,mnist,8.1,137,0,90,49,46,0,1,14,27,36,13
main,mnist,8.1,137,1,90,46,46,1,1,14,30,33,13
main,mnist,8.1,137,2,90,47,46,0,1,14,29,34,13
main,mnist,8.1,137,3,90,46,46,1,1,16,28,35,11
main,mnist,8.1,137,4,90,46,46,1,1,16,28,35,11
main,mnist,8.1,137,5,90,46,46,1,1,14,30,33,13
main,mnist,8.1,137,6,90,46,46,1,1,15,29,34,12
main,mnist,8.1,137,7,90,46,46,1,1,15,29,34,12
main,mnist,8.1,137,8,90,46,46,1,1,15,29,34,12
main,mnist,8.1,137,9,90,46,46,1,1,14,30,33,13
main,mnist,8.1,137,10,90,46,46,1,1,14,30,33,13
main,mnist,8.1,137,11,90,46,46,1,1,15,29,34,12
main,mnist,8.1,137,12,90,46,46,1,1,14,30,33,13
main,mnist,8.1,137,13,90,46,46,1,1,15,29,34,12
main,mnist,8.1,137,14,90,46,46,1,1,14,30,33,13
main,mnist,8.1,137,15,90,46,46,1,1,14,30,33,13
main,mnist,8.1,137,16,90,46,46,1,1,14,30,33,13
main,mnist,8.1,137,17,90,46,46,1,1,14,30,33,13
main,mnist,8.1,137,18,90,46,46,1,1,14,30,33,13
main,mnist,8.1,137,19,90,46,46,1,1,14,30,33,13
main,mnist,8.1,137,20,90,46,46,1,1,14,30,33,13
main,mnist,8.1,137,21,90,46,46,1,1,14,30,33,13
main,mnist,8.1,137,22,90,46,46,1,1,14,30,33,13
main,mnist,8.1,137,23,90,46,46,1,1,14,30,33,13
main,mnist,8.1,137,24,90,46,46,1,1,14,30,33,13
main,mnist,8.1,137,25,90,46,46,1,1,14,30,33,13
main,mnist,8.1,137,26,90,46,46,1,1,15,29,34,12
main,mnist,8.1,137,27,90,46,46,1,1,14,30,33,13
main,mnist,8.1,137,28,90,46,46,1,1,14,30,33,13
main,mnist,8.1,137,29,90,46,46,1,1,14,30,33,13
main,mnist,8.1,2024,0,90,46,46,1,1,11,33,30,16
main,mnist,8.1,2024,1,90,46,46,1,1,11,33,30,16
main,mnist,8.1,2024,2,90,46,46,1,1,12,32,31,15
main,mnist,8.1,2024,3,90,46,46,1,1,13,31,32,14
main,mnist,8.1,2024,4,90,46,46,1,1,12,32,31,15
main,mnist,8.1,2024,5,90,46,46,1,1,12,32,31,15
main,mnist,8.1,2024,6,90,46,46,1,1,14,30,33,13
main,mnist,8.1,2024,7,90,46,46,1,1,12,32,31,15
main,mnist,8.1,2024,8,90,46,46,1,1,12,32,31,15
main,mnist,8.1,2024,9,90,46,46,1,1,12,32,31,15
main,mnist,8.1,2024,10,90,46,46,1,1,12,32,31,15
main,mnist,8.1,2024,11,90,46,46,1,1,10,34,29,17
main,mnist,8.1,2024,12,90,46,46,1,1,13,31,32,14
main,mnist,8.1,2024,13,90,46,46,1,1,12,32,31,15
main,mnist,8.1,2024,14,90,46,46,1,1,10,34,29,17
main,mnist,8.1,2024,15,90,46,46,1,1,10,34,29,17
main,mnist,8.1,2024,16,90,46,46,1,1,11,33,30,16
main,mnist,8.1,2024,17,90,46,46,1,1,11,33,30,16
main,mnist,8.1,2024,18,90,46,46,1,1,12,32,31,15
main,mnist,8.1,2024,19,90,46,46,1,1,10,34,29,17
main,mnist,8.1,2024,20,90,46,46,1,1,10,34,29,17
main,mnist,8.1,2024,21,90,46,46,1,1,10,34,29,17
main,mnist,8.1,2024,22,90,46,46,1,1,10,34,29,17
main,mnist,8.1,2024,23,90,46,46,1,1,10,34,29,17
main,mnist,8.1,2024,24,90,46,46,1,1,11,33,30,16
main,mnist,8.1,2024,25,90,46,46,1,1,10,34,29,17
main,mnist,8.1,2024,26,90,46,46,1,1,10,34,29,17
main,mnist,8.1,2024,27,90,46,46,1,1,10,34,29,17
main,mnist,8.1,2024,28,90,46,46,1,1,10,34,29,17
main,mnist,8.1,2024,29,90,46,46,1,1,10,34,29,17
main,mnist,8.1,42,0,90,47,46,0,1,18,25,38,9
main,mnist,8.1,42,1,90,46,46,1,1,17,27,36,10
main,mnist,8.1,42,2,90,46,46,1,1,18,26,37,9
main,mnist,8.1,42,3,90,47,46,0,1,17,26,37,10
main,mnist,8.1,42,4,90,46,46,1,1,18,26,37,9
main,mnist,8.1,42,5,90,47,46,0,1,20,23,40,7
main,mnist,8.1,42,6,90,46,46,1,1,19,25,38,8
main,mnist,8.1,42,7,90,46,46,1,1,18,26,37,9
main,mnist,8.1,42,8,90,47,46,0,1,16,27,36,11
main,mnist,8.1,42,9,90,46,46,1,1,16,28,35,11
main,mnist,8.1,42,10,90,46,46,1,1,16,28,35,11
main,mnist,8.1,42,11,90,46,46,1,1,15,29,34,12
main,mnist,8.1,42,12,90,46,46,1,1,13,31,32,14
main,mnist,8.1,42,13,90,46,46,1,1,14,30,33,13
main,mnist,8.1,42,14,90,46,46,1,1,14,30,33,13
main,mnist,8.1,42,15,90,46,46,1,1,14,30,33,13
main,mnist,8.1,42,16,90,46,46,1,1,13,31,32,14
main,mnist,8.1,42,17,90,46,46,1,1,12,32,31,15
main,mnist,8.1,42,18,90,46,46,1,1,11,33,30,16
main,mnist,8.1,42,19,90,46,46,1,1,12,32,31,15
main,mnist,8.1,42,20,90,46,46,1,1,11,33,30,16
main,mnist,8.1,42,21,90,46,46,1,1,12,32,31,15
main,mnist,8.1,42,22,90,46,46,1,1,11,33,30,16
main,mnist,8.1,42,23,90,46,46,1,1,12,32,31,15
main,mnist,8.1,42,24,90,46,46,1,1,12,32,31,15
main,mnist,8.1,42,25,90,46,46,1,1,11,33,30,16
main,mnist,8.1,42,26,90,46,46,1,1,11,33,30,16
main,mnist,8.1,42,27,90,46,46,1,1,11,33,30,16
main,mnist,8.1,42,28,90,46,46,1,1,12,32,31,15
main,mnist,8.1,42,29,90,46,46,1,1,11,33,30,16
main,mnist,8.2,137,0,90,46,46,1,1,14,30,33,13
main,mnist,8.2,137,1,90,47,46,0,1,14,29,34,13
main,mnist,8.2,137,2,90,48,46,0,1,11,31,32,16
main,mnist,8.2,137,3,90,46,46,1,1,14,30,33,13
main,mnist,8.2,137,4,90,46,46,1,1,16,28,35,11
main,mnist,8.2,137,5,90,46,46,1,1,15,29,34,12
main,mnist,8.2,137,6,90,46,46,1,1,15,29,34,12
main,mnist,8.2,137,7,90,48,46,0,1,11,31,32,16
main,mnist,8.2,137,8,90,46,46,1,1,16,28,35,11
main,mnist,8.2,137,9,90,46,46,1,1,14,30,33,13
main,mnist,8.2,137,10,90,46,46,1,1,16,28,35,11
main,mnist,8.2,137,11,90,46,46,1,1,14,30,33,13
main,mnist,8.2,137,12,90,48,46,0,1,15,27,36,12
main,mnist,8.2,137,13,90,46,46,1,1,15,29,34,12
main,mnist,8.2,137,14,90,46,46,1,1,15,29,34,12
main,mnist,8.2,137,15,90,46,46,1,1,14,30,33,13
main,mnist,8.2,137,16,90,46,46,1,1,16,28,35,11
main,mnist,8.2,137,17,90,46,46,1,1,16,28,35,11
main,mnist,8.2,137,18,90,46,46,1,1,16,28,35,11
main,mnist,8.2,137,19,90,46,46,1,1,14,30,33,13
main,mnist,8.2,137,20,90,46,46,1,1,16,28,35,11
main,mnist,8.2,137,21,90,46,46,1,1,14,30,33,13
main,mnist,8.2,137,22,90,46,46,1,1,14,30,33,13
main,mnist,8.2,137,23,90,46,46,1,1,16,28,35,11
main,mnist,8.2,137,24,90,46,46,1,1,14,30,33,13
main,mnist,8.2,137,25,90,46,46,1,1,16,28,35,11
main,mnist,8.2,137,26,90,46,46,1,1,15,29,34,12
main,mnist,8.2,137,27,90,46,46,1,1,14,30,33,13
main,mnist,8.2,137,28,90,46,46,1,1,15,29,34,12
main,mnist,8.2,137,29,90,46,46,1,1,16,28,35,11
main,mnist,8.2,2024,0,90,46,46,1,1,12,32,31,15
main,mnist,8.2,2024,1,90,46,46,1,1,12,32,31,15
main,mnist,8.2,2024,2,90,46,46,1,1,12,32,31,15
main,mnist,8.2,2024,3,90,46,46,1,1,14,30,33,13
main,mnist,8.2,2024,4,90,46,46,1,1,12,32,31,15
main,mnist,8.2,2024,5,90,46,46,1,1,12,32,31,15
main,mnist,8.2,2024,6,90,46,46,1,1,14,30,33,13
main,mnist,8.2,2024,7,90,46,46,1,1,12,32,31,15
main,mnist,8.2,2024,8,90,47,46,0,1,12,31,32,15
main,mnist,8.2,2024,9,90,46,46,1,1,14,30,33,13
main,mnist,8.2,2024,10,90,46,46,1,1,14,30,33,13
main,mnist,8.2,2024,11,90,46,46,1,1,12,32,31,15
main,mnist,8.2,2024,12,90,46,46,1,1,13,31,32,14
main,mnist,8.2,2024,13,90,46,46,1,1,14,30,33,13
main,mnist,8.2,2024,14,90,49,46,0,1,11,30,33,16
main,mnist,8.2,2024,15,90,47,46,0,1,12,31,32,15
main,mnist,8.2,2024,16,90,49,46,0,1,11,30,33,16
main,mnist,8.2,2024,17,90,49,46,0,1,11,30,33,16
main,mnist,8.2,2024,18,90,46,46,1,1,15,29,34,12
main,mnist,8.2,2024,19,90,46,46,1,1,13,31,32,14
main,mnist,8.2,2024,20,90,49,46,0,1,11,30,33,16
main,mnist,8.2,2024,21,90,47,46,0,1,11,32,31,16
main,mnist,8.2,2024,22,90,46,46,1,1,15,29,34,12
main,mnist,8.2,2024,23,90,47,46,0,1,13,30,33,14
main,mnist,8.2,2024,24,90,46,46,1,1,14,30,33,13
main,mnist,8.2,2024,25,90,46,46,1,1,13,31,32,14
main,mnist,8.2,2024,26,90,46,46,1,1,15,29,34,12
main,mnist,8.2,2024,27,90,46,46,1,1,12,32,31,15
main,mnist,8.2,2024,28,90,46,46,1,1,13,31,32,14
main,mnist,8.2,2024,29,90,47,46,0,1,12,31,32,15
main,mnist,8.2,42,0,90,46,46,1,1,16,28,35,11
main,mnist,8.2,42,1,90,46,46,1,1,16,28,35,11
main,mnist,8.2,42,2,90,46,46,1,1,16,28,35,11
main,mnist,8.2,42,3,90,47,46,0,1,16,27,36,11
main,mnist,8.2,42,4,90,46,46,1,1,16,28,35,11
main,mnist,8.2,42,5,90,46,46,1,1,16,28,35,11
main,mnist,8.2,42,6,90,46,46,1,1,16,28,35,11
main,mnist,8.2,42,7,90,46,46,1,1,16,28,35,11
main,mnist,8.2,42,8,90,46,46,1,1,16,28,35,11
main,mnist,8.2,42,9,90,46,46,1,1,16,28,35,11
main,mnist,8.2,42,10,90,47,46,0,1,15,28,35,12
main,mnist,8.2,42,11,90,46,46,1,1,16,28,35,11
main,mnist,8.2,42,12,90,46,46,1,1,16,28,35,11
main,mnist,8.2,42,13,90,46,46,1,1,15,29,34,12
main,mnist,8.2,42,14,90,46,46,1,1,16,28,35,11
main,mnist,8.2,42,15,90,46,46,1,1,16,28,35,11
main,mnist,8.2,42,16,90,46,46,1,1,16,28,35,11
main,mnist,8.2,42,17,90,46,46,1,1,16,28,35,11
main,mnist,8.2,42,18,90,46,46,1,1,16,28,35,11
main,mnist,8.2,42,19,90,46,46,1,1,15,29,34,12
main,mnist,8.2,42,20,90,46,46,1,1,16,28,35,11
main,mnist,8.2,42,21,90,46,46,1,1,16,28,35,11
main,mnist,8.2,42,22,90,46,46,1,1,16,28,35,11
main,mnist,8.2,42,23,90,46,46,1,1,16,28,35,11
main,mnist,8.2,42,24,90,46,46,1,1,16,28,35,11
main,mnist,8.2,42,25,90,46,46,1,1,16,28,35,11
main,mnist,8.2,42,26,90,46,46,1,1,16,28,35,11
main,mnist,8.2,42,27,90,46,46,1,1,16,28,35,11
main,mnist,8.2,42,28,90,46,46,1,1,16,28,35,11
main,mnist,8.2,42,29,90,46,46,1,1,16,28,35,11
