phase,dataset,scenario,method,seed,contrast,reference_job,reference_method,accuracy_delta,balanced_accuracy_delta,fpr_delta,f1_delta,backdoor_asr_delta,server_seconds_mean_delta
main,har,6.2,fedavg,42,method_minus_full,main/har/6.2,fed_mdbscan_g,-0.0013573125212080206,-0.001845111717723169,-0.2437037037037037,,,-1.1343972269717293
main,har,6.2,fedavg,137,method_minus_full,main/har/6.2,fed_mdbscan_g,0.22361723786901938,0.2535457302463616,-0.2903703703703704,,,-1.2506577683379874
main,har,6.2,fedavg,2024,method_minus_full,main/har/6.2,fed_mdbscan_g,0.0909399389209366,0.08308919543499144,-0.19703703703703704,,,-0.699529506964609
main,har,6.2,sample_weighted_mean,42,method_minus_full,main/har/6.2,fed_mdbscan_g,0.22836783169324737,0.22156621563840423,-0.2437037037037037,,,-1.1186677885008975
main,har,6.2,sample_weighted_mean,137,method_minus_full,main/har/6.2,fed_mdbscan_g,0.4767560230743129,0.4726358679675138,-0.2903703703703704,,,-1.2352448564372027
main,har,6.2,sample_weighted_mean,2024,method_minus_full,main/har/6.2,fed_mdbscan_g,-0.046487953851374275,-0.02944165744702798,-0.19703703703703704,,,-0.6844526354572735
main,har,6.2,norm_clip,42,method_minus_full,main/har/6.2,fed_mdbscan_g,-0.011197828299966073,-0.013524921645940768,-0.2437037037037037,,,-1.1306179170807202
main,har,6.2,norm_clip,137,method_minus_full,main/har/6.2,fed_mdbscan_g,0.20902612826603328,0.22674148215549483,-0.2903703703703704,,,-1.2468070832857243
main,har,6.2,norm_clip,2024,method_minus_full,main/har/6.2,fed_mdbscan_g,0.1143535799117747,0.12308265570096055,-0.19703703703703704,,,-0.6953183110260094
main,har,6.2,coord_median,42,method_minus_full,main/har/6.2,fed_mdbscan_g,-0.19748897183576516,-0.21118693762005866,-0.2437037037037037,,,-1.0952597136143594
main,har,6.2,coord_median,137,method_minus_full,main/har/6.2,fed_mdbscan_g,-0.04207668815744825,-0.049206349206349226,-0.2903703703703704,,,-1.2154030948023624
main,har,6.2,coord_median,2024,method_minus_full,main/har/6.2,fed_mdbscan_g,-0.16152019002375295,-0.16142511846872845,-0.19703703703703704,,,-0.6602852423170892
main,har,6.2,krum_bound30,42,method_minus_full,main/har/6.2,fed_mdbscan_g,-0.02443162538174415,-0.018688706905267416,0.07851851851851854,0.0,,-0.9429828818615835
main,har,6.2,krum_bound30,137,method_minus_full,main/har/6.2,fed_mdbscan_g,0.06379368849677641,0.06119704782125163,0.03185185185185185,0.0,,-1.0667963496642188
main,har,6.2,krum_bound30,2024,method_minus_full,main/har/6.2,fed_mdbscan_g,-0.05497115710892431,-0.04779271478470165,0.1251851851851852,0.0,,-0.5208451980918956
main,har,6.2,fltrust_normalized,42,method_minus_full,main/har/6.2,fed_mdbscan_g,-0.07702748557855443,-0.08994680283243783,0.0851851851851852,0.0,,-1.1328684368985704
main,har,6.2,fltrust_normalized,137,method_minus_full,main/har/6.2,fed_mdbscan_g,0.1289446895147608,0.14694016099311413,0.054814814814814816,0.0,,-1.2492558075037474
main,har,6.2,fltrust_normalized,2024,method_minus_full,main/har/6.2,fed_mdbscan_g,-0.05632846963013233,-0.05796936609038522,0.06037037037037038,0.0,,-0.696812761904827
main,har,6.2,flame_hdbscan,42,method_minus_full,main/har/6.2,fed_mdbscan_g,-0.09195792331184255,-0.08777423920736027,0.20407407407407407,0.0,,-1.0661273783499685
main,har,6.2,flame_hdbscan,137,method_minus_full,main/har/6.2,fed_mdbscan_g,-0.04207668815744825,-0.049206349206349226,0.08148148148148149,0.0,,-1.176905329832031
main,har,6.2,flame_hdbscan,2024,method_minus_full,main/har/6.2,fed_mdbscan_g,-0.008143875127248013,-0.0014395825791448935,0.25555555555555554,0.0,,-0.6297418002931712
main,har,3.3,fed_mdbscan_g,42,attack_minus_clean,clean/har/3.3,fed_mdbscan_g,0.014251781472684077,0.020576786978060868,-0.12931216931216932,0.2428219852337982,,-2.5511606815697934
main,har,3.3,fed_mdbscan_g,137,attack_minus_clean,clean/har/3.3,fed_mdbscan_g,0.21343739395995928,0.2300382059181925,-0.14015873015873015,0.23677979479084452,,-2.2704419955805255
main,har,3.3,fed_mdbscan_g,2024,attack_minus_clean,clean/har/3.3,fed_mdbscan_g,-0.2677298948082796,-0.2560948549658312,-0.005661375661375673,0.2037037037037037,,-1.0615594048130637
main,har,3.3,fedavg,42,attack_minus_clean,clean/har/3.3,fedavg,-0.015609093993892098,-0.01616786276869492,0.0,,,-0.02441153444427376
main,har,3.3,fedavg,42,method_minus_full,main/har/3.3,fed_mdbscan_g,-0.0322361723786902,-0.039755104836263655,-0.1380952380952381,-0.2428219852337982,,-0.6928088074550032
main,har,3.3,fedavg,137,attack_minus_clean,clean/har/3.3,fedavg,-0.10519172039362062,-0.10262071006332202,0.0,,,-0.029790305516993007
main,har,3.3,fedavg,137,method_minus_full,main/har/3.3,fed_mdbscan_g,0.015609093993892098,0.03756092089811752,-0.16243386243386243,-0.23677979479084452,,-1.007480284420308
main,har,3.3,fedavg,2024,attack_minus_clean,clean/har/3.3,fedavg,-0.01051917203936209,-0.01192143665615647,0.0,,,-0.02903687288829436
main,har,3.3,fedavg,2024,method_minus_full,main/har/3.3,fed_mdbscan_g,0.14794706481167288,0.1460938340818144,-0.1873015873015873,-0.2037037037037037,,-1.1824764691758902
main,har,3.3,sample_weighted_mean,42,method_minus_full,main/har/3.3,fed_mdbscan_g,-0.03698676620291824,-0.06686189547534516,-0.1380952380952381,-0.2428219852337982,,-0.6809904155476639
main,har,3.3,sample_weighted_mean,137,method_minus_full,main/har/3.3,fed_mdbscan_g,0.05157787580590428,0.05199144927277982,-0.16243386243386243,-0.23677979479084452,,-0.9925905395609638
main,har,3.3,sample_weighted_mean,2024,method_minus_full,main/har/3.3,fed_mdbscan_g,0.14862572107227687,0.14753186734683807,-0.1873015873015873,-0.2037037037037037,,-1.167083065083716
main,har,3.3,norm_clip,42,method_minus_full,main/har/3.3,fed_mdbscan_g,-0.04207668815744825,-0.050890301699389184,-0.1380952380952381,-0.2428219852337982,,-0.6929327528031232
main,har,3.3,norm_clip,137,method_minus_full,main/har/3.3,fed_mdbscan_g,-0.002714625042416041,0.019501023206764445,-0.16243386243386243,-0.23677979479084452,,-1.0039613205900728
main,har,3.3,norm_clip,2024,method_minus_full,main/har/3.3,fed_mdbscan_g,0.12317611129962672,0.12156426418934127,-0.1873015873015873,-0.2037037037037037,,-1.1793105303348663
main,har,3.3,coord_median,42,method_minus_full,main/har/3.3,fed_mdbscan_g,-0.24126230064472345,-0.2662015974117885,-0.1380952380952381,-0.2428219852337982,,-0.6592924601631238
main,har,3.3,coord_median,137,method_minus_full,main/har/3.3,fed_mdbscan_g,-0.2599253478113336,-0.23995884083882743,-0.16243386243386243,-0.23677979479084452,,-0.9730118947220036
main,har,3.3,coord_median,2024,method_minus_full,main/har/3.3,fed_mdbscan_g,0.005429250084832027,0.0031402870542165395,-0.1873015873015873,-0.2037037037037037,,-1.144180291867815
main,har,3.3,krum_bound30,42,method_minus_full,main/har/3.3,fed_mdbscan_g,0.006107906345436009,0.004521787483570905,0.03544973544973545,0.4024161100042971,,-0.5138726770334566
main,har,3.3,krum_bound30,137,method_minus_full,main/har/3.3,fed_mdbscan_g,-0.07125890736342044,-0.0817508207887021,0.15449735449735452,0.08583925282820312,,-0.8270797159872019
main,har,3.3,krum_bound30,2024,method_minus_full,main/har/3.3,fed_mdbscan_g,0.046148625721072284,0.04517197984345153,0.04656084656084655,0.30582010582010577,,-0.9972229416753786
main,har,3.3,fltrust_normalized,42,method_minus_full,main/har/3.3,fed_mdbscan_g,-0.09026128266033256,-0.10950655440389634,0.18253968253968256,0.28447910680988353,,-0.6967571917416838
main,har,3.3,fltrust_normalized,137,method_minus_full,main/har/3.3,fed_mdbscan_g,-0.05123854767560232,-0.04420915603618947,0.17248677248677247,0.31223981305229276,,-1.00823522892703
main,har,3.3,fltrust_normalized,2024,method_minus_full,main/har/3.3,fed_mdbscan_g,0.15710892432982695,0.15319070933446208,0.05925925925925926,0.43522962962962963,,-1.1826356505742297
main,har,3.3,flame_hdbscan,42,method_minus_full,main/har/3.3,fed_mdbscan_g,0.0006786562606039825,-0.00015165301789499264,0.1021164021164021,0.46143224336691946,,-0.6262500210199504
main,har,3.3,flame_hdbscan,137,method_minus_full,main/har/3.3,fed_mdbscan_g,-0.22192059721750934,-0.23995884083882743,0.14973544973544972,0.3872988292877796,,-0.939651323540602
main,har,3.3,flame_hdbscan,2024,method_minus_full,main/har/3.3,fed_mdbscan_g,0.2490668476416695,0.2529130017187342,0.217989417989418,0.13560082738164933,,-1.1113447776607548
main,har,4.2,fed_mdbscan_g,42,attack_minus_clean,clean/har/4.2,fed_mdbscan_g,0.0,0.0,0.0032407407407407385,0.1973568281938326,,-2.0076544360412907
main,har,4.2,fed_mdbscan_g,137,attack_minus_clean,clean/har/4.2,fed_mdbscan_g,0.0,0.0,0.021759259259259256,0.1728937728937729,,-2.4876480248756705
main,har,4.2,fed_mdbscan_g,2024,attack_minus_clean,clean/har/4.2,fed_mdbscan_g,0.0,0.0,-0.01731481481481481,0.2671683913452493,,-1.208345542642443
main,har,4.2,fedavg,42,attack_minus_clean,clean/har/4.2,fedavg,0.0,0.0,0.0,,,-0.02900612803641707
main,har,4.2,fedavg,42,method_minus_full,main/har/4.2,fed_mdbscan_g,0.015609093993892098,0.017425729929920364,-0.22361111111111112,-0.1973568281938326,,-1.086651576733372
main,har,4.2,fedavg,137,attack_minus_clean,clean/har/4.2,fedavg,0.0,0.0,0.0,,,-0.04093196608979876
main,har,4.2,fedavg,137,method_minus_full,main/har/4.2,fed_mdbscan_g,0.31455717678995593,0.33382229201522395,-0.32731481481481484,-0.1728937728937729,,-1.3154675946260492
main,har,4.2,fedavg,2024,attack_minus_clean,clean/har/4.2,fedavg,0.0,0.0,0.0,,,-0.028931475104764102
main,har,4.2,fedavg,2024,method_minus_full,main/har/4.2,fed_mdbscan_g,-0.11197828299966067,-0.10482697738112834,-0.1763888888888889,-0.2671683913452493,,-0.7406648068261954
main,har,4.2,sample_weighted_mean,42,method_minus_full,main/har/4.2,fed_mdbscan_g,0.15100101798439086,0.13570235280173587,-0.22361111111111112,-0.1973568281938326,,-1.0712054232911519
main,har,4.2,sample_weighted_mean,137,method_minus_full,main/har/4.2,fed_mdbscan_g,0.5453003053953172,0.552948420674157,-0.32731481481481484,-0.1728937728937729,,-1.2999605174719666
main,har,4.2,sample_weighted_mean,2024,method_minus_full,main/har/4.2,fed_mdbscan_g,-0.06073973532405835,-0.02952853218408208,-0.1763888888888889,-0.2671683913452493,,-0.7257964240309471
main,har,4.2,norm_clip,42,method_minus_full,main/har/4.2,fed_mdbscan_g,0.0010179843909060016,0.0009756344151248819,-0.22361111111111112,-0.1973568281938326,,-1.0834090388302382
main,har,4.2,norm_clip,137,method_minus_full,main/har/4.2,fed_mdbscan_g,0.23956565999321344,0.26288545142048325,-0.32731481481481484,-0.1728937728937729,,-1.312579177839992
main,har,4.2,norm_clip,2024,method_minus_full,main/har/4.2,fed_mdbscan_g,0.12860536138445877,0.12537730124487373,-0.1763888888888889,-0.2671683913452493,,-0.7377498068963178
main,har,4.2,coord_median,42,method_minus_full,main/har/4.2,fed_mdbscan_g,-0.23956565999321344,-0.2606081286017592,-0.22361111111111112,-0.1973568281938326,,-1.043778446262392
main,har,4.2,coord_median,137,method_minus_full,main/har/4.2,fed_mdbscan_g,-0.011537156430268092,-0.0134920634920635,-0.32731481481481484,-0.1728937728937729,,-1.2742475718065787
main,har,4.2,coord_median,2024,method_minus_full,main/har/4.2,fed_mdbscan_g,-0.18527315914489312,-0.18579851879544762,-0.1763888888888889,-0.2671683913452493,,-0.6969679969983796
main,har,4.2,krum_bound30,42,method_minus_full,main/har/4.2,fed_mdbscan_g,-0.07329487614523245,-0.07041755130927102,0.09768518518518518,0.052288561877089385,,-0.4626260395666275
main,har,4.2,krum_bound30,137,method_minus_full,main/har/4.2,fed_mdbscan_g,0.10044112656939258,0.10328076028712971,0.01759259259259255,0.004411191645234208,,-0.7280606626183727
main,har,4.2,krum_bound30,2024,method_minus_full,main/har/4.2,fed_mdbscan_g,-0.1479470648116729,-0.14719448890186565,0.12777777777777774,0.0349592682292188,,-0.19427699941831333
main,har,4.2,fltrust_normalized,42,method_minus_full,main/har/4.2,fed_mdbscan_g,-0.08890397013912454,-0.10422345182602094,0.15277777777777776,0.060209173093997426,,-1.0321128562209196
main,har,4.2,fltrust_normalized,137,method_minus_full,main/har/4.2,fed_mdbscan_g,0.17577197149643703,0.20087569493396015,0.01759259259259255,0.07761677850173426,,-1.2613708292483352
main,har,4.2,fltrust_normalized,2024,method_minus_full,main/har/4.2,fed_mdbscan_g,-0.08992195453003055,-0.1016113916365663,0.10324074074074072,-0.06167819526681789,,-0.6802192201139405
main,har,4.2,flame_hdbscan,42,method_minus_full,main/har/4.2,fed_mdbscan_g,-0.10451306413301664,-0.10267162066525126,0.2347222222222222,0.08160830116499757,,-0.8673053176879574
main,har,4.2,flame_hdbscan,137,method_minus_full,main/har/4.2,fed_mdbscan_g,-0.011537156430268092,-0.0134920634920635,0.07037037037037036,0.06625034290232529,,-1.0899261345349562
main,har,4.2,flame_hdbscan,2024,method_minus_full,main/har/4.2,fed_mdbscan_g,-0.14387512724804885,-0.14316223083734958,0.24953703703703703,0.06330616554440194,,-0.5157344515280177
main,har,5.2,fed_mdbscan_g,42,attack_minus_clean,clean/har/5.2,fed_mdbscan_g,0.005089921954530008,0.0061242543726620635,-0.021296296296296313,0.13282001924927817,,-0.47978937590960413
main,har,5.2,fed_mdbscan_g,137,attack_minus_clean,clean/har/5.2,fed_mdbscan_g,0.028842891075670146,0.03373015873015872,0.027314814814814792,0.07197549770290965,,-0.41285234874036814
main,har,5.2,fed_mdbscan_g,2024,attack_minus_clean,clean/har/5.2,fed_mdbscan_g,-0.020359687818120142,-0.02255574085202733,-0.015925925925925927,0.2920517560073937,,-0.05351114248624089
main,har,5.2,fedavg,42,attack_minus_clean,clean/har/5.2,fedavg,0.0003393281303019635,0.0003968253968253954,0.0,,,-4.923640905568627e-05
main,har,5.2,fedavg,42,method_minus_full,main/har/5.2,fed_mdbscan_g,0.010858500169664054,0.011698300954083696,-0.19907407407407407,-0.13282001924927817,,-3.017903528215053
main,har,5.2,fedavg,137,attack_minus_clean,clean/har/5.2,fedavg,0.0,0.0,0.0,,,-0.009433704808664817
main,har,5.2,fedavg,137,method_minus_full,main/har/5.2,fed_mdbscan_g,0.2857142857142858,0.30009213328506523,-0.33287037037037037,-0.07197549770290965,,-3.3526284008015255
main,har,5.2,fedavg,2024,attack_minus_clean,clean/har/5.2,fedavg,0.0,0.0,0.0,,,-0.006433449685573578
main,har,5.2,fedavg,2024,method_minus_full,main/har/5.2,fed_mdbscan_g,-0.09161859518154053,-0.08227123652910101,-0.17777777777777778,-0.2920517560073937,,-2.2645970568332507
main,har,5.2,sample_weighted_mean,42,method_minus_full,main/har/5.2,fed_mdbscan_g,0.1486257210722769,0.13184114852743795,-0.19907407407407407,-0.13282001924927817,,-2.985961275474013
main,har,5.2,sample_weighted_mean,137,method_minus_full,main/har/5.2,fed_mdbscan_g,0.5154394299287411,0.5181137224636627,-0.33287037037037037,-0.07197549770290965,,-3.3160141566380235
main,har,5.2,sample_weighted_mean,2024,method_minus_full,main/har/5.2,fed_mdbscan_g,-0.04241601628775021,-0.008489152066292582,-0.17777777777777778,-0.2920517560073937,,-2.2299836585259376
main,har,5.2,norm_clip,42,method_minus_full,main/har/5.2,fed_mdbscan_g,-0.0037326094333219872,-0.004751794560711786,-0.19907407407407407,-0.13282001924927817,,-3.014069642949228
main,har,5.2,norm_clip,137,method_minus_full,main/har/5.2,fed_mdbscan_g,0.21038344078724128,0.2288873723587099,-0.33287037037037037,-0.07197549770290965,,-3.34880667970671
main,har,5.2,norm_clip,2024,method_minus_full,main/har/5.2,fed_mdbscan_g,0.14048184594502888,0.13944896227368708,-0.17777777777777778,-0.2920517560073937,,-2.2563846641802225
main,har,5.2,coord_median,42,method_minus_full,main/har/5.2,fed_mdbscan_g,-0.2361723786901934,-0.2568117480537863,-0.19907407407407407,-0.13282001924927817,,-2.89736824168358
main,har,5.2,coord_median,137,method_minus_full,main/har/5.2,fed_mdbscan_g,-0.04038004750593824,-0.04722222222222222,-0.33287037037037037,-0.07197549770290965,,-3.2323217701050453
main,har,5.2,coord_median,2024,method_minus_full,main/har/5.2,fed_mdbscan_g,-0.15405497115710892,-0.15162992771463624,-0.17777777777777778,-0.2920517560073937,,-2.122312842491859
main,har,5.2,krum_bound30,42,method_minus_full,main/har/5.2,fed_mdbscan_g,-0.07838479809976245,-0.07654180568193308,0.10416666666666669,0.17214451975781403,,-2.5038171299461585
main,har,5.2,krum_bound30,137,method_minus_full,main/har/5.2,fed_mdbscan_g,0.07159823549372243,0.06955060155697099,0.0004629629629629428,0.14079045974389887,,-2.8533396153516755
main,har,5.2,krum_bound30,2024,method_minus_full,main/har/5.2,fed_mdbscan_g,-0.12860536138445877,-0.12564681256596738,0.11481481481481479,0.0455368964748758,,-1.7189208688912911
main,har,5.2,fltrust_normalized,42,method_minus_full,main/har/5.2,fed_mdbscan_g,-0.09399389209365455,-0.110347706198683,0.17222222222222222,0.12432283789357895,,-3.0026118532094794
main,har,5.2,fltrust_normalized,137,method_minus_full,main/har/5.2,fed_mdbscan_g,0.13912453342382083,0.15845843393276124,0.00694444444444442,0.1768217531561969,,-3.33478230756009
main,har,5.2,fltrust_normalized,2024,method_minus_full,main/har/5.2,fed_mdbscan_g,-0.08381404818459448,-0.09221354552138106,0.09768518518518518,-0.09078392716428751,,-2.2358299526502377
main,har,5.2,flame_hdbscan,42,method_minus_full,main/har/5.2,fed_mdbscan_g,-0.10960298608754665,-0.10879587503791333,0.25925925925925924,0.146145110109552,,-2.8001196940623534
main,har,5.2,flame_hdbscan,137,method_minus_full,main/har/5.2,fed_mdbscan_g,-0.04038004750593824,-0.04722222222222222,0.06435185185185183,0.16731921262454627,,-3.128819964783421
main,har,5.2,flame_hdbscan,2024,method_minus_full,main/har/5.2,fed_mdbscan_g,-0.12385476756023073,-0.12094251149069857,0.24814814814814815,0.03937681542117771,,-2.0572326142496116
main,har,6.1,fedavg,42,method_minus_full,main/har/6.1,fed_mdbscan_g,0.17000339328130298,0.16979858488831984,-0.1262962962962963,,,-1.9451205987328042
main,har,6.1,fedavg,137,method_minus_full,main/har/6.1,fed_mdbscan_g,0.14896504920257891,0.15862267830232524,-0.25962962962962965,,,-1.8226204806550717
main,har,6.1,fedavg,2024,method_minus_full,main/har/6.1,fed_mdbscan_g,0.4842212419409569,0.4650687324329425,-0.3359259259259259,,,-1.4993520442784454
main,har,6.1,sample_weighted_mean,42,method_minus_full,main/har/6.1,fed_mdbscan_g,0.03868340685442828,0.032016871665989544,-0.1262962962962963,,,-1.9170265997565972
main,har,6.1,sample_weighted_mean,137,method_minus_full,main/har/6.1,fed_mdbscan_g,0.1272480488632508,0.14113332736268458,-0.25962962962962965,,,-1.780188573792111
main,har,6.1,sample_weighted_mean,2024,method_minus_full,main/har/6.1,fed_mdbscan_g,0.46725483542585683,0.4509273890988558,-0.3359259259259259,,,-1.4682920121743033
main,har,6.1,norm_clip,42,method_minus_full,main/har/6.1,fed_mdbscan_g,0.17543264336613507,0.17560756061252242,-0.1262962962962963,,,-1.9437274479229625
main,har,6.1,norm_clip,137,method_minus_full,main/har/6.1,fed_mdbscan_g,0.13267729894808278,0.14015747456094252,-0.25962962962962965,,,-1.8149323134838293
main,har,6.1,norm_clip,2024,method_minus_full,main/har/6.1,fed_mdbscan_g,0.43026806922293853,0.40485442460094195,-0.3359259259259259,,,-1.4964647209349398
main,har,6.1,coord_median,42,method_minus_full,main/har/6.1,fed_mdbscan_g,-0.11910417373600268,-0.11907784970030921,-0.1262962962962963,,,-1.8442903338116594
main,har,6.1,coord_median,137,method_minus_full,main/har/6.1,fed_mdbscan_g,-0.12589073634204273,-0.1370697811269892,-0.25962962962962965,,,-1.7124955784529448
main,har,6.1,coord_median,2024,method_minus_full,main/har/6.1,fed_mdbscan_g,0.04852392263318628,0.032926001357773294,-0.3359259259259259,,,-1.3893676971628641
main,har,6.1,krum_bound30,42,method_minus_full,main/har/6.1,fed_mdbscan_g,-0.04241601628775027,-0.04409538890835818,0.19592592592592595,0.0,,-1.44739612879542
main,har,6.1,krum_bound30,137,method_minus_full,main/har/6.1,fed_mdbscan_g,-0.02986087546657623,-0.030518354014425042,0.06259259259259259,0.0,,-1.3393069720671822
main,har,6.1,krum_bound30,2024,method_minus_full,main/har/6.1,fed_mdbscan_g,-0.000678656260604038,-0.0006788866259334614,-0.013703703703703662,0.0,,-1.0036674936534835
main,har,6.1,fltrust_normalized,42,method_minus_full,main/har/6.1,fed_mdbscan_g,-0.07397353240583643,-0.05424355293689531,0.07370370370370372,0.0,,-1.9301555122559269
main,har,6.1,fltrust_normalized,137,method_minus_full,main/har/6.1,fed_mdbscan_g,-0.14896504920257891,-0.11174413039822145,-0.05925925925925929,0.0,,-1.7927129079587758
main,har,6.1,fltrust_normalized,2024,method_minus_full,main/har/6.1,fed_mdbscan_g,0.15134034611469288,0.15441994393069597,-0.1485185185185185,0.0,,-1.4770513860508798
main,har,6.1,flame_hdbscan,42,method_minus_full,main/har/6.1,fed_mdbscan_g,-0.15405497115710892,-0.12997454708894207,0.3474074074074074,0.0,,-1.74366222867975
main,har,6.1,flame_hdbscan,137,method_minus_full,main/har/6.1,fed_mdbscan_g,-0.18425517475398712,-0.1730698504945572,0.22259259259259256,0.0,,-1.653799291087004
main,har,6.1,flame_hdbscan,2024,method_minus_full,main/har/6.1,fed_mdbscan_g,-0.0010179843909060016,-0.0010183299389001643,0.13148148148148148,0.0,,-1.2976988329435697
main,har,3.1,fed_mdbscan_g,42,attack_minus_clean,clean/har/3.1,fed_mdbscan_g,-0.012894468951476112,-0.015509048630067745,-0.022222222222222227,0.7161803713527851,,0.16659707888029507
main,har,3.1,fed_mdbscan_g,137,attack_minus_clean,clean/har/3.1,fed_mdbscan_g,0.1299626739056668,0.15198412698412697,-0.0851851851851852,0.6940874035989717,,-0.6999859716044736
main,har,3.1,fed_mdbscan_g,2024,attack_minus_clean,clean/har/3.1,fed_mdbscan_g,-0.12758737699355277,-0.12855374752629056,-0.038611111111111124,0.7632508833922261,,0.6930775929708033
main,har,3.1,fedavg,42,attack_minus_clean,clean/har/3.1,fedavg,-0.01187648456057011,-0.01806436557690888,0.0,,,0.006416569425103567
main,har,3.1,fedavg,42,method_minus_full,main/har/3.1,fed_mdbscan_g,0.0166270783847981,0.014870412983079229,-0.19814814814814816,-0.7161803713527851,,-3.106375410303008
main,har,3.1,fedavg,137,attack_minus_clean,clean/har/3.1,fedavg,-0.3383101459110961,-0.3377835705094705,0.0,,,-0.0032767398399300846
main,har,3.1,fedavg,137,method_minus_full,main/har/3.1,fed_mdbscan_g,-0.15371564302680696,-0.1559454054783735,-0.22037037037037038,-0.6940874035989717,,-3.010327146376949
main,har,3.1,fedavg,2024,attack_minus_clean,clean/har/3.1,fedavg,0.035968781812012185,0.04918526403962031,0.0,,,-0.0017050712369382423
main,har,3.1,fedavg,2024,method_minus_full,main/har/3.1,fed_mdbscan_g,0.05157787580590428,0.07291203418478254,-0.1550925925925926,-0.7632508833922261,,-2.6849225204399163
main,har,3.1,sample_weighted_mean,137,method_minus_full,main/har/3.1,fed_mdbscan_g,-0.15167967424499493,-0.16153673835125446,-0.22037037037037038,-0.6940874035989717,,-2.9735748370604904
main,har,3.1,norm_clip,42,method_minus_full,main/har/3.1,fed_mdbscan_g,-0.013233797081778076,-0.01573400060661201,-0.19814814814814816,-0.7161803713527851,,-3.101931766377917
main,har,3.1,norm_clip,137,method_minus_full,main/har/3.1,fed_mdbscan_g,0.07431286053613845,0.07603376807198464,-0.22037037037037038,-0.6940874035989717,,-3.006768179025191
main,har,3.1,norm_clip,2024,method_minus_full,main/har/3.1,fed_mdbscan_g,0.06616898540889038,0.0611737677527151,-0.1550925925925926,-0.7632508833922261,,-2.680014237303597
main,har,3.1,coord_median,42,method_minus_full,main/har/3.1,fed_mdbscan_g,-0.23379708177807937,-0.25343241330502475,-0.19814814814814816,-0.7161803713527851,,-2.9838554727728477
main,har,3.1,coord_median,137,method_minus_full,main/har/3.1,fed_mdbscan_g,-0.14048184594502885,-0.16428571428571428,-0.22037037037037038,-0.6940874035989717,,-2.881653479676849
main,har,3.1,coord_median,2024,method_minus_full,main/har/3.1,fed_mdbscan_g,-0.0997624703087886,-0.09954915518284857,-0.1550925925925926,-0.7632508833922261,,-2.5506331982983586
main,har,3.1,krum_bound30,42,method_minus_full,main/har/3.1,fed_mdbscan_g,-0.054292500848320324,-0.06374987362248508,-0.045370370370370366,0.04977707545572552,,-2.6183529430107835
main,har,3.1,krum_bound30,137,method_minus_full,main/har/3.1,fed_mdbscan_g,0.0010179843909060016,0.0011904761904761862,-0.06759259259259259,0.07187004320953894,,-2.4926345818210396
main,har,3.1,krum_bound30,2024,method_minus_full,main/har/3.1,fed_mdbscan_g,0.01696640651510012,0.01566416040100249,-0.0023148148148147973,0.002706563416284502,,-2.122610862335811
main,har,3.1,fltrust_normalized,42,method_minus_full,main/har/3.1,fed_mdbscan_g,-0.07600950118764843,-0.0887144031959532,0.14027777777777775,-0.35406696929092946,,-3.0898660999916805
main,har,3.1,fltrust_normalized,137,method_minus_full,main/har/3.1,fed_mdbscan_g,0.13030200203596876,0.1420106587818375,0.12685185185185183,-0.3311432411624235,,-2.994370156165678
main,har,3.1,fltrust_normalized,2024,method_minus_full,main/har/3.1,fed_mdbscan_g,0.13878520529351884,0.12030366885556532,0.0912037037037037,-0.38136409093939594,,-2.660720221806938
main,har,3.1,flame_hdbscan,42,method_minus_full,main/har/3.1,fed_mdbscan_g,-0.03902273498473019,-0.04589273076534223,0.06712962962962962,-0.06282283959234958,,-2.9255472137282292
main,har,3.1,flame_hdbscan,137,method_minus_full,main/har/3.1,fed_mdbscan_g,-0.14149983033593488,-0.16547619047619047,0.10787037037037034,-0.09039819174877606,,-2.8017487989195313
main,har,3.1,flame_hdbscan,2024,method_minus_full,main/har/3.1,fed_mdbscan_g,0.15609093993892093,0.14411319266508915,0.1675925925925926,-0.15548498581203485,,-2.50588128012605
main,har,1.1,fedavg,42,method_minus_full,main/har/1.1,fed_mdbscan_g,0.0,-8.251490255017924e-05,-0.003703703703703704,,,-0.6787169686363389
main,har,1.1,fedavg,137,method_minus_full,main/har/1.1,fed_mdbscan_g,-0.012215812690872019,-0.012596846938517592,-0.011851851851851851,,,-0.7566590836698499
main,har,1.1,fedavg,2024,method_minus_full,main/har/1.1,fed_mdbscan_g,0.06515100101798432,0.06599730964679462,-0.04666666666666667,,,-0.809102245781105
main,har,1.1,sample_weighted_mean,42,method_minus_full,main/har/1.1,fed_mdbscan_g,0.012894468951476168,0.012310328961095629,-0.003703703703703704,,,-0.6416807117677915
main,har,1.1,sample_weighted_mean,137,method_minus_full,main/har/1.1,fed_mdbscan_g,0.040719375636240285,0.043193257589731804,-0.011851851851851851,,,-0.7207970344810747
main,har,1.1,sample_weighted_mean,2024,method_minus_full,main/har/1.1,fed_mdbscan_g,0.08924329826942656,0.09220971192636507,-0.04666666666666667,,,-0.7608118207931208
main,har,1.1,norm_clip,42,method_minus_full,main/har/1.1,fed_mdbscan_g,0.000339328130302019,0.00031431049427510516,-0.003703703703703704,,,-0.6657591118166845
main,har,1.1,norm_clip,137,method_minus_full,main/har/1.1,fed_mdbscan_g,-0.011537156430268092,-0.011851226373902235,-0.011851851851851851,,,-0.7464043714028472
main,har,1.1,norm_clip,2024,method_minus_full,main/har/1.1,fed_mdbscan_g,0.05734645402103833,0.05769139959050873,-0.04666666666666667,,,-0.8055634362584291
main,har,1.1,coord_median,42,method_minus_full,main/har/1.1,fed_mdbscan_g,-0.19070240922972514,-0.19008091698913065,-0.003703703703703704,,,-0.5658841884268138
main,har,1.1,coord_median,137,method_minus_full,main/har/1.1,fed_mdbscan_g,-0.08720732948761445,-0.08320715335364515,-0.011851851851851851,,,-0.6408653408056124
main,har,1.1,coord_median,2024,method_minus_full,main/har/1.1,fed_mdbscan_g,0.03562945368171022,0.02813822794323162,-0.04666666666666667,,,-0.6895832152067063
main,har,1.1,krum_bound30,42,method_minus_full,main/har/1.1,fed_mdbscan_g,-0.10281642348150655,-0.1110767413745486,0.31851851851851853,0.0,,-0.16522506394733993
main,har,1.1,krum_bound30,137,method_minus_full,main/har/1.1,fed_mdbscan_g,0.014930437733288171,0.015271830482489257,0.3103703703703704,0.0,,-0.28201012144175663
main,har,1.1,krum_bound30,2024,method_minus_full,main/har/1.1,fed_mdbscan_g,0.05700712589073631,0.06062753742346638,0.27555555555555555,0.0,,-0.34172729897933696
main,har,1.1,fltrust_normalized,42,method_minus_full,main/har/1.1,fed_mdbscan_g,-0.16559212758737696,-0.17440255430295493,0.10592592592592592,0.0,,-0.6474705701655088
main,har,1.1,fltrust_normalized,137,method_minus_full,main/har/1.1,fed_mdbscan_g,-0.15507295554801492,-0.13384796570707802,0.1088888888888889,0.0,,-0.7219652482308447
main,har,1.1,fltrust_normalized,2024,method_minus_full,main/har/1.1,fed_mdbscan_g,-0.021717000339328107,-0.034728738635621315,0.08000000000000002,0.0,,-0.783434523762359
main,har,1.1,flame_hdbscan,42,method_minus_full,main/har/1.1,fed_mdbscan_g,-0.14387512724804885,-0.1498807425683948,0.4759259259259259,0.0,,-0.46918579821164413
main,har,1.1,flame_hdbscan,137,method_minus_full,main/har/1.1,fed_mdbscan_g,-0.38072616219884625,-0.3642366149661897,0.47444444444444445,0.0,,-0.5637837000113601
main,har,1.1,flame_hdbscan,2024,method_minus_full,main/har/1.1,fed_mdbscan_g,-0.01187648456057011,-0.004562868462180347,0.4374074074074074,0.0,,-0.6289194998331368
main,har,1.2,fedavg,42,method_minus_full,main/har/1.2,fed_mdbscan_g,-0.42653545978961654,-0.42340839643886435,-0.000462962962962963,-0.9990749306197965,,-1.2933492064398402
main,har,1.2,fedavg,137,method_minus_full,main/har/1.2,fed_mdbscan_g,-0.5439429928741092,-0.5267586265969386,-0.000462962962962963,-0.9990749306197965,,-1.207827094317569
main,har,1.2,fedavg,2024,method_minus_full,main/har/1.2,fed_mdbscan_g,-0.5062775704105871,-0.48910779958679024,-0.03148148148148148,-0.9407665505226481,,-1.2354660275780287
main,har,1.2,sample_weighted_mean,42,method_minus_full,main/har/1.2,fed_mdbscan_g,-0.4153376314896505,-0.41479317731506055,-0.000462962962962963,-0.9990749306197965,,-1.25285754717576
main,har,1.2,sample_weighted_mean,137,method_minus_full,main/har/1.2,fed_mdbscan_g,-0.5442823210044112,-0.5272413887039046,-0.000462962962962963,-0.9990749306197965,,-1.1642125510804666
main,har,1.2,sample_weighted_mean,2024,method_minus_full,main/har/1.2,fed_mdbscan_g,-0.3746182558534103,-0.35286392888764684,-0.03148148148148148,-0.9407665505226481,,-1.1933364991331474
main,har,1.2,norm_clip,42,method_minus_full,main/har/1.2,fed_mdbscan_g,-0.02069901594842216,-0.02114263333342359,-0.000462962962962963,-0.9990749306197965,,-1.2877800641697832
main,har,1.2,norm_clip,137,method_minus_full,main/har/1.2,fed_mdbscan_g,-0.052256532066508266,-0.053728222413487625,-0.000462962962962963,-0.9990749306197965,,-1.194959415239282
main,har,1.2,norm_clip,2024,method_minus_full,main/har/1.2,fed_mdbscan_g,-0.0390227349847303,-0.03890199038016695,-0.03148148148148148,-0.9407665505226481,,-1.2254175236681477
main,har,1.2,coord_median,42,method_minus_full,main/har/1.2,fed_mdbscan_g,-0.08313539192399055,-0.09009392117850656,-0.000462962962962963,-0.9990749306197965,,-1.1548465385024125
main,har,1.2,coord_median,137,method_minus_full,main/har/1.2,fed_mdbscan_g,-0.09263657957244653,-0.08930403049200608,-0.000462962962962963,-0.9990749306197965,,-1.0590296119102276
main,har,1.2,coord_median,2024,method_minus_full,main/har/1.2,fed_mdbscan_g,-0.1017984390906006,-0.10486059951638127,-0.03148148148148148,-0.9407665505226481,,-1.0938505068421365
main,har,1.2,krum_bound30,42,method_minus_full,main/har/1.2,fed_mdbscan_g,0.04716661011197831,0.034067529156800114,0.15231481481481482,-0.23311748381128583,,-0.7902550233411602
main,har,1.2,krum_bound30,137,method_minus_full,main/har/1.2,fed_mdbscan_g,0.013573125212080095,0.01565087732163939,0.15231481481481482,-0.23311748381128583,,-0.6560747271442475
main,har,1.2,krum_bound30,2024,method_minus_full,main/har/1.2,fed_mdbscan_g,0.015948422124194006,0.015911169348291287,0.12129629629629632,-0.1748091037141375,,-0.7025010326333966
main,har,1.2,fltrust_normalized,42,method_minus_full,main/har/1.2,fed_mdbscan_g,-0.09060061079063453,-0.1073129538180666,0.10601851851851853,-0.5029811806197965,,-1.267920442604615
main,har,1.2,fltrust_normalized,137,method_minus_full,main/har/1.2,fed_mdbscan_g,-0.08177807940278248,-0.06103756426308127,0.12175925925925926,-0.4893436979969976,,-1.1885359112056904
main,har,1.2,fltrust_normalized,2024,method_minus_full,main/har/1.2,fed_mdbscan_g,-0.09738717339667458,-0.09926167354076898,0.10601851851851854,-0.4475172255901549,,-1.2103119689777184
main,har,1.2,flame_hdbscan,42,method_minus_full,main/har/1.2,fed_mdbscan_g,-0.0722768917543265,-0.09074760833460338,0.35370370370370374,-0.4137090769612599,,-1.1216520754038355
main,har,1.2,flame_hdbscan,137,method_minus_full,main/har/1.2,fed_mdbscan_g,0.005429250084832082,-0.008847508748167088,0.3550925925925926,-0.4146593462042121,,-0.9998644342646003
main,har,1.2,flame_hdbscan,2024,method_minus_full,main/har/1.2,fed_mdbscan_g,0.027485578554462098,0.029070839302065332,0.32407407407407407,-0.35635096610706374,,-1.0890269146068023
main,har,1.3,fedavg,42,method_minus_full,main/har/1.3,fed_mdbscan_g,0.04004071937563625,0.03394452941296222,-0.001851851851851852,-0.5608465608465608,,-1.0993417340059144
main,har,1.3,fedavg,137,method_minus_full,main/har/1.3,fed_mdbscan_g,0.049541907024092335,0.05426547061552611,-0.00787037037037037,-0.3878437047756874,,-1.0049308586671637
main,har,1.3,fedavg,2024,method_minus_full,main/har/1.3,fed_mdbscan_g,0.04004071937563625,0.0434462879078672,-0.046296296296296294,-0.36942675159235666,,-1.2754346137905184
main,har,1.3,sample_weighted_mean,42,method_minus_full,main/har/1.3,fed_mdbscan_g,0.06345436036647434,0.058462686422113386,-0.001851851851851852,-0.5608465608465608,,-1.0544510895425143
main,har,1.3,sample_weighted_mean,137,method_minus_full,main/har/1.3,fed_mdbscan_g,0.09806582965727861,0.10345633742317184,-0.00787037037037037,-0.3878437047756874,,-0.9692278541702155
main,har,1.3,sample_weighted_mean,2024,method_minus_full,main/har/1.3,fed_mdbscan_g,0.05768578215134035,0.06218380102932697,-0.046296296296296294,-0.36942675159235666,,-1.2289903250251275
main,har,1.3,norm_clip,42,method_minus_full,main/har/1.3,fed_mdbscan_g,0.0471666101119782,0.040826847470009864,-0.001851851851851852,-0.5608465608465608,,-1.0871826296827447
main,har,1.3,norm_clip,137,method_minus_full,main/har/1.3,fed_mdbscan_g,0.049541907024092335,0.05401099029723688,-0.00787037037037037,-0.3878437047756874,,-1.0048741995667416
main,har,1.3,norm_clip,2024,method_minus_full,main/har/1.3,fed_mdbscan_g,0.025788937902952114,0.028700760427168404,-0.046296296296296294,-0.36942675159235666,,-1.2664098019556453
main,har,1.3,coord_median,42,method_minus_full,main/har/1.3,fed_mdbscan_g,-0.13403461146929085,-0.14092463396381294,-0.001851851851851852,-0.5608465608465608,,-0.9800900838066203
main,har,1.3,coord_median,137,method_minus_full,main/har/1.3,fed_mdbscan_g,-0.15032236172378688,-0.1469331299237131,-0.00787037037037037,-0.3878437047756874,,-0.885745031107217
main,har,1.3,coord_median,2024,method_minus_full,main/har/1.3,fed_mdbscan_g,-0.11129962673905669,-0.11377125116915432,-0.046296296296296294,-0.36942675159235666,,-1.1484758669044823
main,har,1.3,krum_bound30,42,method_minus_full,main/har/1.3,fed_mdbscan_g,-0.037326094333220206,-0.042686491163062,0.20694444444444443,0.03347968028819093,,-0.6220665451876509
main,har,1.3,krum_bound30,137,method_minus_full,main/har/1.3,fed_mdbscan_g,0.019681031557516104,0.022819318946274425,0.24166666666666667,0.08165984132360338,,-0.4870172599175323
main,har,1.3,krum_bound30,2024,method_minus_full,main/har/1.3,fed_mdbscan_g,-0.025788937902952225,-0.02533384523290838,0.17083333333333334,0.19936757464877813,,-0.766382578026969
main,har,1.3,fltrust_normalized,42,method_minus_full,main/har/1.3,fed_mdbscan_g,-0.09093993892093655,-0.10605700577508548,0.10555555555555556,0.1777155306567072,,-1.0720749818719923
main,har,1.3,fltrust_normalized,137,method_minus_full,main/har/1.3,fed_mdbscan_g,-0.07295554801493043,-0.05337724650005993,0.11388888888888889,0.39364339689350836,,-0.9958592180977575
main,har,1.3,fltrust_normalized,2024,method_minus_full,main/har/1.3,fed_mdbscan_g,-0.10010179843909062,-0.10243618471991411,0.08842592592592592,0.3491545899650836,,-1.2517340647988022
main,har,1.3,flame_hdbscan,42,method_minus_full,main/har/1.3,fed_mdbscan_g,-0.08313539192399055,-0.08949916755436071,0.3787037037037037,-0.03487253487253483,,-0.886965880120018
main,har,1.3,flame_hdbscan,137,method_minus_full,main/har/1.3,fed_mdbscan_g,-0.019681031557516104,-0.03544832655175634,0.40555555555555556,0.06630947753283473,,-0.8210703621075177
main,har,1.3,flame_hdbscan,2024,method_minus_full,main/har/1.3,fed_mdbscan_g,0.02443162538174415,0.025306025779335495,0.3416666666666667,0.1376155019287701,,-1.1130121312686243
main,har,2.1,fedavg,42,method_minus_full,main/har/2.1,fed_mdbscan_g,-0.24601289446895153,-0.23920821785181,-0.03518518518518519,-0.9342560553633218,,-1.6098639818141238
main,har,2.1,fedavg,137,method_minus_full,main/har/2.1,fed_mdbscan_g,-0.2704445198506956,-0.2611118652995066,-0.049074074074074076,-0.9106239460370995,,-1.4144616066982658
main,har,2.1,fedavg,2024,method_minus_full,main/har/2.1,fed_mdbscan_g,-0.26060400407193757,-0.2517283290206061,-0.07916666666666666,-0.8633093525179856,,-1.4544893702220483
main,har,2.1,sample_weighted_mean,42,method_minus_full,main/har/2.1,fed_mdbscan_g,-0.490668476416695,-0.48680364438771306,-0.03518518518518519,-0.9342560553633218,,-1.581305263315638
main,har,2.1,sample_weighted_mean,137,method_minus_full,main/har/2.1,fed_mdbscan_g,-0.2704445198506956,-0.2611548336545768,-0.049074074074074076,-0.9106239460370995,,-1.3772837901914803
main,har,2.1,sample_weighted_mean,2024,method_minus_full,main/har/2.1,fed_mdbscan_g,-0.44248388191381066,-0.42334931348892435,-0.07916666666666666,-0.8633093525179856,,-1.4153518856813512
main,har,2.1,norm_clip,42,method_minus_full,main/har/2.1,fed_mdbscan_g,0.07668815744825241,0.065823994991287,-0.03518518518518519,-0.9342560553633218,,-1.5999589211967153
main,har,2.1,norm_clip,137,method_minus_full,main/har/2.1,fed_mdbscan_g,0.22836783169324731,0.2170443150898042,-0.049074074074074076,-0.9106239460370995,,-1.401140587082288
main,har,2.1,norm_clip,2024,method_minus_full,main/har/2.1,fed_mdbscan_g,0.028842891075670174,0.02570165053754847,-0.07916666666666666,-0.8633093525179856,,-1.4458923636431187
main,har,2.1,coord_median,42,method_minus_full,main/har/2.1,fed_mdbscan_g,-0.30607397353240584,-0.3228931004036341,-0.03518518518518519,-0.9342560553633218,,-1.4720752647612245
main,har,2.1,coord_median,137,method_minus_full,main/har/2.1,fed_mdbscan_g,-0.08449270444519852,-0.09764188461531198,-0.049074074074074076,-0.9106239460370995,,-1.2730839649564587
main,har,2.1,coord_median,2024,method_minus_full,main/har/2.1,fed_mdbscan_g,-0.3586698337292162,-0.36191398917386,-0.07916666666666666,-0.8633093525179856,,-1.3481866700380731
main,har,2.1,krum_bound30,42,method_minus_full,main/har/2.1,fed_mdbscan_g,-0.13640990838140488,-0.16633503858241444,0.11759259259259261,-0.16829860855481116,,-1.1299852723178145
main,har,2.1,krum_bound30,137,method_minus_full,main/har/2.1,fed_mdbscan_g,0.1418391584662368,0.12305984323558222,0.10370370370370371,-0.14466649922858887,,-0.9571889616859456
main,har,2.1,krum_bound30,2024,method_minus_full,main/har/2.1,fed_mdbscan_g,-0.158466236851035,-0.17360203197741964,0.07361111111111113,-0.09735190570947494,,-0.9630867464196248
main,har,2.1,fltrust_normalized,42,method_minus_full,main/har/2.1,fed_mdbscan_g,-0.23922633186291148,-0.23828019044055432,0.18333333333333335,-0.5229530726317677,,-1.589971253500941
main,har,2.1,fltrust_normalized,137,method_minus_full,main/har/2.1,fed_mdbscan_g,0.07906345436036649,0.10294253446475549,0.1625,-0.4770025791871388,,-1.3816678775552038
main,har,2.1,fltrust_normalized,2024,method_minus_full,main/har/2.1,fed_mdbscan_g,-0.2833389888021717,-0.2753676205880499,0.1375,-0.4346265777712981,,-1.4291968406216864
main,har,2.1,flame_hdbscan,42,method_minus_full,main/har/2.1,fed_mdbscan_g,-0.15032236172378688,-0.16711692475494883,0.3125,-0.3444144387603726,,-1.4549418238069243
main,har,2.1,flame_hdbscan,137,method_minus_full,main/har/2.1,fed_mdbscan_g,0.09399389209365455,0.06557866676313406,0.3027777777777778,-0.323667424297969,,-1.1880039099991941
main,har,2.1,flame_hdbscan,2024,method_minus_full,main/har/2.1,fed_mdbscan_g,-0.3763148965049203,-0.3639535660275265,0.27870370370370373,-0.28047071247481237,,-1.2745796693062101
main,har,2.2,fedavg,42,method_minus_full,main/har/2.2,fed_mdbscan_g,0.04173736002714623,0.047486801489233454,-0.10092592592592593,-0.22065727699530516,,-1.4203349624139565
main,har,2.2,fedavg,137,method_minus_full,main/har/2.2,fed_mdbscan_g,0.07431286053613839,0.07477709055156379,-0.16712962962962963,-0.39536954585930545,,-1.5962604529806412
main,har,2.2,fedavg,2024,method_minus_full,main/har/2.2,fed_mdbscan_g,0.30234136409908374,0.307477918998576,-0.28703703703703703,-0.34992887624466573,,-1.4989267029372666
main,har,2.2,sample_weighted_mean,42,method_minus_full,main/har/2.2,fed_mdbscan_g,-0.1907024092297252,-0.16697215026340279,-0.10092592592592593,-0.22065727699530516,,-1.3910817277035674
main,har,2.2,sample_weighted_mean,137,method_minus_full,main/har/2.2,fed_mdbscan_g,-0.11163895486935871,-0.11940217307699375,-0.16712962962962963,-0.39536954585930545,,-1.5611866752539452
main,har,2.2,sample_weighted_mean,2024,method_minus_full,main/har/2.2,fed_mdbscan_g,-0.2497455039022735,-0.23254093430200765,-0.28703703703703703,-0.34992887624466573,,-1.4630554675435028
main,har,2.2,norm_clip,42,method_minus_full,main/har/2.2,fed_mdbscan_g,0.029182219205972193,0.03273508359082067,-0.10092592592592593,-0.22065727699530516,,-1.4050828450165378
main,har,2.2,norm_clip,137,method_minus_full,main/har/2.2,fed_mdbscan_g,0.05123854767560221,0.04903529501743098,-0.16712962962962963,-0.39536954585930545,,-1.589543738712867
main,har,2.2,norm_clip,2024,method_minus_full,main/har/2.2,fed_mdbscan_g,0.24567356633864945,0.2498623539046585,-0.28703703703703703,-0.34992887624466573,,-1.490131270136529
main,har,2.2,coord_median,42,method_minus_full,main/har/2.2,fed_mdbscan_g,-0.28639294197488974,-0.28413883075499385,-0.10092592592592593,-0.22065727699530516,,-1.305363287462387
main,har,2.2,coord_median,137,method_minus_full,main/har/2.2,fed_mdbscan_g,-0.29962673905666787,-0.30017546583158833,-0.16712962962962963,-0.39536954585930545,,-1.4846877925563604
main,har,2.2,coord_median,2024,method_minus_full,main/har/2.2,fed_mdbscan_g,-0.1418391584662369,-0.14013782151335746,-0.28703703703703703,-0.34992887624466573,,-1.41525031181518
main,har,2.2,krum_bound30,42,method_minus_full,main/har/2.2,fed_mdbscan_g,-0.18934509670851718,-0.19776494201118683,0.20324074074074072,0.08147038257916292,,-0.907939467493755
main,har,2.2,krum_bound30,137,method_minus_full,main/har/2.2,fed_mdbscan_g,-0.1191041737360028,-0.13507229822915578,0.10972222222222222,-0.009553943022426015,,-1.147708946481968
main,har,2.2,krum_bound30,2024,method_minus_full,main/har/2.2,fed_mdbscan_g,-0.09229725144214457,-0.08218855278768172,-0.0018518518518518268,0.0103548116985967,,-1.0212007236278926
main,har,2.2,fltrust_normalized,42,method_minus_full,main/har/2.2,fed_mdbscan_g,-0.23820834747200548,-0.21830031943323652,0.11388888888888889,0.4316917162932855,,-1.401867682354835
main,har,2.2,fltrust_normalized,137,method_minus_full,main/har/2.2,fed_mdbscan_g,-0.16559212758737707,-0.12766284894806146,0.0425925925925926,0.24714583349817915,,-1.5633557061897592
main,har,2.2,fltrust_normalized,2024,method_minus_full,main/har/2.2,fed_mdbscan_g,-0.14726840855106893,-0.1283202908510339,-0.07870370370370369,0.3058756044070654,,-1.478529115995237
main,har,2.2,flame_hdbscan,42,method_minus_full,main/har/2.2,fed_mdbscan_g,-0.2925008483203258,-0.2668121718118431,0.38055555555555554,0.05820982540120903,,-1.217823923685743
main,har,2.2,flame_hdbscan,137,method_minus_full,main/har/2.2,fed_mdbscan_g,-0.30234136409908385,-0.3028567942594183,0.2953703703703704,-0.0636622287861347,,-1.3771572419442237
main,har,2.2,flame_hdbscan,2024,method_minus_full,main/har/2.2,fed_mdbscan_g,-0.15778758059043096,-0.1406342254560043,0.1425925925925926,0.03154852177076978,,-1.3149261132037888
main,har,2.3,fedavg,42,method_minus_full,main/har/2.3,fed_mdbscan_g,-0.35900916185951814,-0.3544704626710492,-0.0031746031746031746,-0.996309963099631,,-1.7266921240176694
main,har,2.3,fedavg,137,method_minus_full,main/har/2.3,fed_mdbscan_g,-0.5656599932134374,-0.5524181961557038,-0.009523809523809525,-0.989010989010989,,-1.4580187905269364
main,har,2.3,fedavg,2024,method_minus_full,main/har/2.3,fed_mdbscan_g,-0.675602307431286,-0.6397169564803442,-0.021693121693121695,-0.975316074653823,,-1.568209587309199
main,har,2.3,sample_weighted_mean,42,method_minus_full,main/har/2.3,fed_mdbscan_g,-0.46487953851374275,-0.4636801627270528,-0.0031746031746031746,-0.996309963099631,,-1.6816153923360009
main,har,2.3,sample_weighted_mean,137,method_minus_full,main/har/2.3,fed_mdbscan_g,-0.5612487275195114,-0.5551959739334815,-0.009523809523809525,-0.989010989010989,,-1.4121990782596792
main,har,2.3,sample_weighted_mean,2024,method_minus_full,main/har/2.3,fed_mdbscan_g,-0.6491347132677299,-0.6368175709196684,-0.021693121693121695,-0.975316074653823,,-1.5232290605548768
main,har,2.3,norm_clip,42,method_minus_full,main/har/2.3,fed_mdbscan_g,-0.07193756362402448,-0.0814135239834648,-0.0031746031746031746,-0.996309963099631,,-1.7118995614000596
main,har,2.3,norm_clip,137,method_minus_full,main/har/2.3,fed_mdbscan_g,-0.09093993892093655,-0.09131773113746444,-0.009523809523809525,-0.989010989010989,,-1.4432729872254033
main,har,2.3,norm_clip,2024,method_minus_full,main/har/2.3,fed_mdbscan_g,-0.037665422463522225,-0.03946863879147733,-0.021693121693121695,-0.975316074653823,,-1.5546886010793968
main,har,2.3,coord_median,42,method_minus_full,main/har/2.3,fed_mdbscan_g,-0.34781133355955207,-0.35855765593063454,-0.0031746031746031746,-0.996309963099631,,-1.6252662592412284
main,har,2.3,coord_median,137,method_minus_full,main/har/2.3,fed_mdbscan_g,-0.38004750593824227,-0.389719783457291,-0.009523809523809525,-0.989010989010989,,-1.3006186115865905
main,har,2.3,coord_median,2024,method_minus_full,main/har/2.3,fed_mdbscan_g,-0.44044791313199866,-0.43688545958226166,-0.021693121693121695,-0.975316074653823,,-1.426884783435768
main,har,2.3,krum_bound30,42,method_minus_full,main/har/2.3,fed_mdbscan_g,-0.055649813369528345,-0.07346367417225041,0.02857142857142857,-0.032024248813916745,,-1.2919148818783772
main,har,2.3,krum_bound30,137,method_minus_full,main/har/2.3,fed_mdbscan_g,-0.05904309467254831,-0.0610028213426812,0.02222222222222222,-0.02472527472527475,,-0.9384944978247707
main,har,2.3,krum_bound30,2024,method_minus_full,main/har/2.3,fed_mdbscan_g,-0.020359687818120142,-0.01728901512242398,0.01005291005291005,-0.011030360368108671,,-1.0727914943864258
main,har,2.3,fltrust_normalized,42,method_minus_full,main/har/2.3,fed_mdbscan_g,-0.27994570749915165,-0.2726089131058306,0.2142857142857143,-0.49171718906411355,,-1.6959361252995828
main,har,2.3,fltrust_normalized,137,method_minus_full,main/har/2.3,fed_mdbscan_g,-0.2500848320325755,-0.22067628404167183,0.20105820105820107,-0.4766957180750284,,-1.425694665312767
main,har,2.3,fltrust_normalized,2024,method_minus_full,main/har/2.3,fed_mdbscan_g,-0.2619613165931456,-0.23869172510417802,0.17142857142857143,-0.45237452845646287,,-1.5381600938582172
main,har,2.3,flame_hdbscan,42,method_minus_full,main/har/2.3,fed_mdbscan_g,-0.29487614523243977,-0.3056044991078239,0.26296296296296295,-0.2332388373342048,,-1.530997475500529
main,har,2.3,flame_hdbscan,137,method_minus_full,main/har/2.3,fed_mdbscan_g,-0.22633186291143537,-0.2246297271908967,0.2534391534391534,-0.22377716756554744,,-1.2530872035111922
main,har,2.3,flame_hdbscan,2024,method_minus_full,main/har/2.3,fed_mdbscan_g,-0.16593145571767898,-0.1747508351019733,0.24656084656084654,-0.21367996746059303,,-1.3720181953627617
main,har,3.2,fedavg,42,method_minus_full,main/har/3.2,fed_mdbscan_g,-0.07465218866644041,-0.08080367067770428,-0.14867724867724869,-0.8521830615465544,,-2.480521676976544
main,har,3.2,fedavg,137,method_minus_full,main/har/3.2,fed_mdbscan_g,-0.16559212758737699,-0.16782948248815313,-0.1544973544973545,-0.8472803347280334,,-3.3502944563205044
main,har,3.2,fedavg,2024,method_minus_full,main/har/3.2,fed_mdbscan_g,-0.12080081438751272,-0.10450556092279117,-0.1693121693121693,-0.8350515463917526,,-2.424750964071912
main,har,3.2,sample_weighted_mean,42,method_minus_full,main/har/3.2,fed_mdbscan_g,-0.27383780115371564,-0.283295223010972,-0.14867724867724869,-0.8521830615465544,,-2.4300586151191963
main,har,3.2,norm_clip,42,method_minus_full,main/har/3.2,fed_mdbscan_g,-0.030878859857482177,-0.030396319886765777,-0.14867724867724869,-0.8521830615465544,,-2.465701412471632
main,har,3.2,norm_clip,137,method_minus_full,main/har/3.2,fed_mdbscan_g,0.004071937563624006,0.004217457043484751,-0.1544973544973545,-0.8472803347280334,,-3.344618283394569
main,har,3.2,norm_clip,2024,method_minus_full,main/har/3.2,fed_mdbscan_g,0.0071258907363420665,-0.003926748931777413,-0.1693121693121693,-0.8350515463917526,,-2.4097550006156476
main,har,3.2,coord_median,42,method_minus_full,main/har/3.2,fed_mdbscan_g,-0.2348150661689854,-0.2565994338287332,-0.14867724867724869,-0.8521830615465544,,-2.3250479560849877
main,har,3.2,coord_median,137,method_minus_full,main/har/3.2,fed_mdbscan_g,-0.0352901255514082,-0.023367202507329876,-0.1544973544973545,-0.8472803347280334,,-3.222463929373771
main,har,3.2,coord_median,2024,method_minus_full,main/har/3.2,fed_mdbscan_g,-0.1543942992874109,-0.15817992840981984,-0.1693121693121693,-0.8350515463917526,,-2.2710138234736705
main,har,3.2,krum_bound30,42,method_minus_full,main/har/3.2,fed_mdbscan_g,0.04275534441805229,0.035489822941024984,-0.11693121693121694,0.11210265273915987,,-1.948292117344681
main,har,3.2,krum_bound30,137,method_minus_full,main/har/3.2,fed_mdbscan_g,0.05055989141499828,0.05130674350419567,-0.12275132275132275,0.11700537955768087,,-2.86698271096684
main,har,3.2,krum_bound30,2024,method_minus_full,main/har/3.2,fed_mdbscan_g,-0.034611469290804164,-0.043734335839599014,-0.13756613756613756,0.1292341678939617,,-1.9032737044190675
main,har,3.2,fltrust_normalized,42,method_minus_full,main/har/3.2,fed_mdbscan_g,-0.09806582965727856,-0.1164845983228362,0.22698412698412695,-0.4429732237652881,,-2.4465872548442955
main,har,3.2,fltrust_normalized,137,method_minus_full,main/har/3.2,fed_mdbscan_g,-0.0030539531727180047,-0.005792120879295093,0.20793650793650795,-0.43601572261326194,,-3.3357369739795106
main,har,3.2,fltrust_normalized,2024,method_minus_full,main/har/3.2,fed_mdbscan_g,-0.02409229725144213,-0.03558897243107767,0.07037037037037039,-0.3613355343071605,,-2.3982966169016433
main,har,3.2,flame_hdbscan,42,method_minus_full,main/har/3.2,fed_mdbscan_g,-0.0010179843909060016,-0.0009756344151248264,0.056613756613756616,-0.04541015318002062,,-2.293097499529055
main,har,3.2,flame_hdbscan,137,method_minus_full,main/har/3.2,fed_mdbscan_g,-0.11096029860875467,-0.12812910726923465,0.07936507936507936,-0.061635329878372946,,-3.170563368530323
main,har,3.2,flame_hdbscan,2024,method_minus_full,main/har/3.2,fed_mdbscan_g,0.15032236172378688,0.13577480637678774,0.06402116402116403,-0.04902534551839022,,-2.2482609341386706
main,har,4.1,fedavg,42,method_minus_full,main/har/4.1,fed_mdbscan_g,0.13742789277231082,0.16757865067773786,-0.1699074074074074,-0.12603305785123967,,-1.7235611792537384
main,har,4.1,fedavg,137,method_minus_full,main/har/4.1,fed_mdbscan_g,0.038004750593824244,0.04337435143441959,-0.21805555555555556,-0.28498727735368956,,-1.8324034266523086
main,har,4.1,fedavg,2024,method_minus_full,main/har/4.1,fed_mdbscan_g,0.40210383440787245,0.39720475831704277,-0.3087962962962963,-0.34544208361891704,,-1.491997244162485
main,har,4.1,sample_weighted_mean,42,method_minus_full,main/har/4.1,fed_mdbscan_g,0.07091957923311842,0.09257157531283638,-0.1699074074074074,-0.12603305785123967,,-1.6914266811838996
main,har,4.1,sample_weighted_mean,137,method_minus_full,main/har/4.1,fed_mdbscan_g,0.005089921954530063,0.0009972354275225026,-0.21805555555555556,-0.28498727735368956,,-1.7939916020569702
main,har,4.1,sample_weighted_mean,2024,method_minus_full,main/har/4.1,fed_mdbscan_g,0.22022395656599936,0.2184467211958257,-0.3087962962962963,-0.34544208361891704,,-1.4600174519737872
main,har,4.1,norm_clip,42,method_minus_full,main/har/4.1,fed_mdbscan_g,0.14523243976925682,0.1726503318080745,-0.1699074074074074,-0.12603305785123967,,-1.7178959512074168
main,har,4.1,norm_clip,137,method_minus_full,main/har/4.1,fed_mdbscan_g,0.05632846963013238,0.060553919047588,-0.21805555555555556,-0.28498727735368956,,-1.8318465014764418
main,har,4.1,norm_clip,2024,method_minus_full,main/har/4.1,fed_mdbscan_g,0.4071937563624024,0.3955230371967334,-0.3087962962962963,-0.34544208361891704,,-1.4897139145022569
main,har,4.1,coord_median,42,method_minus_full,main/har/4.1,fed_mdbscan_g,-0.12181879877841872,-0.11038324255849763,-0.1699074074074074,-0.12603305785123967,,-1.6186711662293722
main,har,4.1,coord_median,137,method_minus_full,main/har/4.1,fed_mdbscan_g,-0.07261621988462841,-0.08774528518025104,-0.21805555555555556,-0.28498727735368956,,-1.7135069281367274
main,har,4.1,coord_median,2024,method_minus_full,main/har/4.1,fed_mdbscan_g,-0.053953172718018305,-0.06345061510668132,-0.3087962962962963,-0.34544208361891704,,-1.371968301536981
main,har,4.1,krum_bound30,42,method_minus_full,main/har/4.1,fed_mdbscan_g,-0.0166270783847981,-0.01231225562836874,0.1791666666666667,0.0385059492409589,,-1.2703380004425222
main,har,4.1,krum_bound30,137,method_minus_full,main/har/4.1,fed_mdbscan_g,0.001017984390906057,0.0009167166209721467,0.07407407407407407,0.05401981484489199,,-1.3644268001740176
main,har,4.1,krum_bound30,2024,method_minus_full,main/har/4.1,fed_mdbscan_g,-0.07193756362402443,-0.06588487245907404,-0.013425925925925897,-0.0163640694345199,,-1.0120832312696924
main,har,4.1,fltrust_normalized,42,method_minus_full,main/har/4.1,fed_mdbscan_g,-0.10485239226331866,-0.07955027977519535,0.022685185185185197,0.06849007718181038,,-1.7118940888283154
main,har,4.1,fltrust_normalized,137,method_minus_full,main/har/4.1,fed_mdbscan_g,-0.1370885646420088,-0.09908941664735516,-0.008333333333333331,-0.11540202389746837,,-1.8178918520687148
main,har,4.1,fltrust_normalized,2024,method_minus_full,main/har/4.1,fed_mdbscan_g,-0.035968781812012185,-0.025984737164424843,-0.11064814814814813,-0.17013576882155607,,-1.4746999467761877
main,har,4.1,flame_hdbscan,42,method_minus_full,main/har/4.1,fed_mdbscan_g,-0.16185951815405497,-0.13179630179265933,0.32407407407407407,0.1224683045465805,,-1.524821417305308
main,har,4.1,flame_hdbscan,137,method_minus_full,main/har/4.1,fed_mdbscan_g,-0.04445198506956227,-0.04423130804813735,0.24907407407407406,0.0313170704723974,,-1.6108739646151662
main,har,4.1,flame_hdbscan,2024,method_minus_full,main/har/4.1,fed_mdbscan_g,-0.07261621988462841,-0.06650560492338187,0.15324074074074073,-0.03648111605432108,,-1.2769672426744363
main,har,4.3,fedavg,42,method_minus_full,main/har/4.3,fed_mdbscan_g,-0.002375296912114022,-0.0030104550895078686,-0.24973544973544973,-0.3263707571801567,,-3.1448164992228462
main,har,4.3,fedavg,137,method_minus_full,main/har/4.3,fed_mdbscan_g,0.334577536477774,0.3706166622764574,-0.3142857142857143,-0.2730627306273063,,-2.9443338406117014
main,har,4.3,fedavg,2024,method_minus_full,main/har/4.3,fed_mdbscan_g,-0.10926365795724463,-0.09807958422786028,-0.18624338624338624,-0.2539444027047333,,-2.0005434327797653
main,har,4.3,sample_weighted_mean,42,method_minus_full,main/har/4.3,fed_mdbscan_g,-0.0665083135391924,-0.0880851278940451,-0.24973544973544973,-0.3263707571801567,,-3.1057523969638474
main,har,4.3,sample_weighted_mean,137,method_minus_full,main/har/4.3,fed_mdbscan_g,0.502544960977265,0.529245357672056,-0.3142857142857143,-0.2730627306273063,,-2.9121438763608847
main,har,4.3,sample_weighted_mean,2024,method_minus_full,main/har/4.3,fed_mdbscan_g,-0.1299626739056668,-0.1061831765419789,-0.18624338624338624,-0.2539444027047333,,-1.9638968145358375
main,har,4.3,norm_clip,42,method_minus_full,main/har/4.3,fed_mdbscan_g,-0.0030539531727180047,-0.00374330199170958,-0.24973544973544973,-0.3263707571801567,,-3.1478096787507335
main,har,4.3,norm_clip,137,method_minus_full,main/har/4.3,fed_mdbscan_g,0.24431625381744143,0.268607213791619,-0.3142857142857143,-0.2730627306273063,,-2.9451126658396487
main,har,4.3,norm_clip,2024,method_minus_full,main/har/4.3,fed_mdbscan_g,0.18663047166610114,0.18859798350665435,-0.18624338624338624,-0.2539444027047333,,-2.0003052416373976
main,har,4.3,coord_median,42,method_minus_full,main/har/4.3,fed_mdbscan_g,-0.2334577536477774,-0.25316449297341015,-0.24973544973544973,-0.3263707571801567,,-3.038931671277775
main,har,4.3,coord_median,137,method_minus_full,main/har/4.3,fed_mdbscan_g,-0.0067865626060400475,-0.007936507936507964,-0.3142857142857143,-0.2730627306273063,,-2.8282192909818455
main,har,4.3,coord_median,2024,method_minus_full,main/har/4.3,fed_mdbscan_g,-0.1995249406175772,-0.18997409839664636,-0.18624338624338624,-0.2539444027047333,,-1.8802682543134628
main,har,4.3,krum_bound30,42,method_minus_full,main/har/4.3,fed_mdbscan_g,-0.05022056328469632,-0.044722474977252014,0.04074074074074077,0.05577209996270044,,-2.662470966488278
main,har,4.3,krum_bound30,137,method_minus_full,main/har/4.3,fed_mdbscan_g,0.09806582965727856,0.10123344454554647,0.0058201058201058364,0.04241345984888417,,-2.518562817829661
main,har,4.3,krum_bound30,2024,method_minus_full,main/har/4.3,fed_mdbscan_g,-0.06107906345436037,-0.045166705882761116,0.13544973544973546,0.05796035920002862,,-1.5213707287601816
main,har,4.3,fltrust_normalized,42,method_minus_full,main/har/4.3,fed_mdbscan_g,-0.07668815744825247,-0.08963695905481478,0.10582010582010584,0.014983467777873516,,-3.140893921322034
main,har,4.3,fltrust_normalized,137,method_minus_full,main/har/4.3,fed_mdbscan_g,0.18255853410247708,0.2096385736915268,0.02169312169312171,0.05254561236226496,,-2.930962502413119
main,har,4.3,fltrust_normalized,2024,method_minus_full,main/har/4.3,fed_mdbscan_g,-0.053953172718018305,-0.05058293291615451,0.08095238095238097,0.03604259339409638,,-1.9830189290146032
main,har,4.3,flame_hdbscan,42,method_minus_full,main/har/4.3,fed_mdbscan_g,-0.09229725144214457,-0.0880851278940451,0.18359788359788362,0.07813462969545548,,-2.9666906515757243
main,har,4.3,flame_hdbscan,137,method_minus_full,main/har/4.3,fed_mdbscan_g,-0.008143875127248068,-0.009523809523809545,0.06613756613756616,0.030875150681623276,,-2.655378433755444
main,har,4.3,flame_hdbscan,2024,method_minus_full,main/har/4.3,fed_mdbscan_g,0.002035968781812003,0.016512859443814643,0.2576719576719577,0.09540494664461607,,-1.8350160053698346
main,har,5.1,fedavg,42,method_minus_full,main/har/5.1,fed_mdbscan_g,0.12385476756023073,0.1511694229608831,-0.16805555555555557,-0.1419753086419753,,-1.9181280238903127
main,har,5.1,fedavg,137,method_minus_full,main/har/5.1,fed_mdbscan_g,0.025449609772650095,0.029896157242616295,-0.2162037037037037,-0.28741496598639454,,-1.5781684492093822
main,har,5.1,fedavg,2024,method_minus_full,main/har/5.1,fed_mdbscan_g,0.39124533423820834,0.3872439618073038,-0.30277777777777776,-0.35196687370600416,,-1.3375554429017937
main,har,5.1,sample_weighted_mean,42,method_minus_full,main/har/5.1,fed_mdbscan_g,0.05802511028164237,0.07682682049312661,-0.16805555555555557,-0.1419753086419753,,-1.8852809053962118
main,har,5.1,sample_weighted_mean,137,method_minus_full,main/har/5.1,fed_mdbscan_g,-0.008822531387852162,-0.01387020920354809,-0.2162037037037037,-0.28741496598639454,,-1.5478592114755882
main,har,5.1,sample_weighted_mean,2024,method_minus_full,main/har/5.1,fed_mdbscan_g,0.21106209704784523,0.20978045681580182,-0.30277777777777776,-0.35196687370600416,,-1.3034268075056994
main,har,5.1,norm_clip,42,method_minus_full,main/har/5.1,fed_mdbscan_g,0.13335595520868682,0.15809587234300393,-0.16805555555555557,-0.1419753086419753,,-1.915262748747288
main,har,5.1,norm_clip,137,method_minus_full,main/har/5.1,fed_mdbscan_g,0.0471666101119782,0.05044033203493126,-0.2162037037037037,-0.28741496598639454,,-1.5694928506816117
main,har,5.1,norm_clip,2024,method_minus_full,main/har/5.1,fed_mdbscan_g,0.3959959280624364,0.3850826449944712,-0.30277777777777776,-0.35196687370600416,,-1.3296701027158027
main,har,5.1,coord_median,42,method_minus_full,main/har/5.1,fed_mdbscan_g,-0.13233797081778076,-0.12333238406405084,-0.16805555555555557,-0.1419753086419753,,-1.7798093148778813
main,har,5.1,coord_median,137,method_minus_full,main/har/5.1,fed_mdbscan_g,-0.08517136070580256,-0.10122056239618821,-0.2162037037037037,-0.28741496598639454,,-1.435231309896335
main,har,5.1,coord_median,2024,method_minus_full,main/har/5.1,fed_mdbscan_g,-0.06481167288768241,-0.07341141161642023,-0.30277777777777776,-0.35196687370600416,,-1.2091461772331966
main,har,5.1,krum_bound30,42,method_minus_full,main/har/5.1,fed_mdbscan_g,-0.02069901594842205,-0.019187993501342204,0.17268518518518516,0.0480956133438403,,-1.4756502572330645
main,har,5.1,krum_bound30,137,method_minus_full,main/har/5.1,fed_mdbscan_g,-0.010519172039362146,-0.01154308507821622,0.07499999999999998,0.054429005644811124,,-1.109804913106685
main,har,5.1,krum_bound30,2024,method_minus_full,main/har/5.1,fed_mdbscan_g,-0.08279606379368853,-0.07581659188800016,-0.012499999999999956,-0.007286022642174372,,-0.8455847701756283
main,har,5.1,fltrust_normalized,42,method_minus_full,main/har/5.1,fed_mdbscan_g,-0.11367492365117066,-0.09200524228487172,0.02638888888888888,0.05351341316253597,,-1.887319018881923
main,har,5.1,fltrust_normalized,137,method_minus_full,main/har/5.1,fed_mdbscan_g,-0.15269765863590096,-0.11547741349182089,-0.0069444444444444475,-0.12105637079230952,,-1.558590886706952
main,har,5.1,fltrust_normalized,2024,method_minus_full,main/har/5.1,fed_mdbscan_g,-0.038004750593824244,-0.024548149133405417,-0.10601851851851848,-0.17788929565491618,,-1.314842024973283
main,har,5.1,flame_hdbscan,42,method_minus_full,main/har/5.1,fed_mdbscan_g,-0.18730912792670512,-0.1600860454633498,0.32037037037037036,0.11675831581217319,,-1.7393782075339308
main,har,5.1,flame_hdbscan,137,method_minus_full,main/har/5.1,fed_mdbscan_g,-0.061418391584662446,-0.06349525800316991,0.2518518518518519,0.028545946065722694,,-1.3756653421519633
main,har,5.1,flame_hdbscan,2024,method_minus_full,main/har/5.1,fed_mdbscan_g,-0.0831353919239905,-0.07612695812015408,0.15231481481481485,-0.025593247332377778,,-1.1758010556378091
main,har,5.3,fedavg,42,method_minus_full,main/har/5.3,fed_mdbscan_g,0.03359348489989822,0.03943975216961659,-0.24603174603174602,-0.23407202216066483,,-2.819594315586922
main,har,5.3,fedavg,137,method_minus_full,main/har/5.3,fed_mdbscan_g,0.32575500508992195,0.3602992019589971,-0.3423280423280423,-0.19901112484548825,,-3.089726526189285
main,har,5.3,fedavg,2024,method_minus_full,main/har/5.3,fed_mdbscan_g,-0.10722768917543263,-0.09611873731226978,-0.18465608465608466,-0.26106526631657917,,-2.3321288651282277
main,har,5.3,sample_weighted_mean,42,method_minus_full,main/har/5.3,fed_mdbscan_g,-0.030539531727180158,-0.04567788898999087,-0.24603174603174602,-0.23407202216066483,,-2.787700042745564
main,har,5.3,sample_weighted_mean,137,method_minus_full,main/har/5.3,fed_mdbscan_g,0.49813369528333895,0.5230596557913346,-0.3423280423280423,-0.19901112484548825,,-3.0604676837373215
main,har,5.3,sample_weighted_mean,2024,method_minus_full,main/har/5.3,fed_mdbscan_g,-0.0685442823210044,-0.04311121851527727,-0.18465608465608466,-0.26106526631657917,,-2.298388139969514
main,har,5.3,norm_clip,42,method_minus_full,main/har/5.3,fed_mdbscan_g,0.03291482863929418,0.03866393691234454,-0.24603174603174602,-0.23407202216066483,,-2.804596617988621
main,har,5.3,norm_clip,137,method_minus_full,main/har/5.3,fed_mdbscan_g,0.2331184255174754,0.2560235396466648,-0.3423280423280423,-0.19901112484548825,,-3.0819627047322378
main,har,5.3,norm_clip,2024,method_minus_full,main/har/5.3,fed_mdbscan_g,0.1798439090600611,0.18085261887941617,-0.18465608465608466,-0.26106526631657917,,-2.324866049340926
main,har,5.3,coord_median,42,method_minus_full,main/har/5.3,fed_mdbscan_g,-0.19104173736002714,-0.20317460317460315,-0.24603174603174602,-0.23407202216066483,,-2.685097891379458
main,har,5.3,coord_median,137,method_minus_full,main/har/5.3,fed_mdbscan_g,-0.015609093993892098,-0.018253968253968272,-0.3423280423280423,-0.19901112484548825,,-2.9674114871614923
main,har,5.3,coord_median,2024,method_minus_full,main/har/5.3,fed_mdbscan_g,-0.16152019002375295,-0.15207798856690452,-0.18465608465608466,-0.26106526631657917,,-2.194155544962268
main,har,5.3,krum_bound30,42,method_minus_full,main/har/5.3,fed_mdbscan_g,-0.013573125212080095,-0.0016075219896875548,0.02169312169312168,0.19926131117266851,,-2.301129625791994
main,har,5.3,krum_bound30,137,method_minus_full,main/har/5.3,fed_mdbscan_g,0.08856464200882253,0.09020827014457589,-0.025396825396825362,0.12360792277355939,,-2.562233530710606
main,har,5.3,krum_bound30,2024,method_minus_full,main/har/5.3,fed_mdbscan_g,-0.05904309467254837,-0.04320585896717061,0.1185185185185185,0.09250616225484942,,-1.7716208816428356
main,har,5.3,fltrust_normalized,42,method_minus_full,main/har/5.3,fed_mdbscan_g,-0.04139803189684427,-0.04789394342466968,0.09894179894179897,0.11395057670939165,,-2.8016157597963076
main,har,5.3,fltrust_normalized,137,method_minus_full,main/har/5.3,fed_mdbscan_g,0.16864608076009502,0.19336873242168556,0.0005291005291005457,0.12126537285036429,,-3.0734152655311235
main,har,5.3,fltrust_normalized,2024,method_minus_full,main/har/5.3,fed_mdbscan_g,0.019002375296912122,0.016857021451492538,0.07142857142857142,0.017045179458537285,,-2.3143597408857506
main,har,5.3,flame_hdbscan,42,method_minus_full,main/har/5.3,fed_mdbscan_g,-0.056667797760434346,-0.046031746031746035,0.18730158730158733,0.17121432145166995,,-2.6291328227884754
main,har,5.3,flame_hdbscan,137,method_minus_full,main/har/5.3,fed_mdbscan_g,-0.01696640651510012,-0.019841269841269854,0.047619047619047616,0.11580368996932658,,-2.9173362684009283
main,har,5.3,flame_hdbscan,2024,method_minus_full,main/har/5.3,fed_mdbscan_g,0.005089921954530008,0.019463935339155414,0.2597883597883598,0.08810932097706764,,-2.149396126705687
ablation,har,6.2,mdbg_l0_only,42,ablation_minus_full,main/har/6.2,fed_mdbscan_g,-0.045469969460468274,-0.0536472550803761,-0.1,0.0,,0.11741107730582989
ablation,har,6.2,mdbg_l0_only,137,ablation_minus_full,main/har/6.2,fed_mdbscan_g,0.005089921954530036,0.0003664947932463525,-0.11481481481481484,0.0,,0.19105372528623166
ablation,har,6.2,mdbg_l0_only,2024,ablation_minus_full,main/har/6.2,fed_mdbscan_g,0.0,0.0,0.0,0.0,,0.1868593812105246
ablation,har,6.2,mdbg_no_momentum,42,ablation_minus_full,main/har/6.2,fed_mdbscan_g,0.0,0.0,0.0,0.0,,2.13745749728987
ablation,har,6.2,mdbg_no_momentum,137,ablation_minus_full,main/har/6.2,fed_mdbscan_g,0.0,0.0,0.0,0.0,,2.501687705043393
ablation,har,6.2,mdbg_no_momentum,2024,ablation_minus_full,main/har/6.2,fed_mdbscan_g,0.0,0.0,0.0,0.0,,1.241524958901573
ablation,har,6.2,mdbg_no_valve,42,ablation_minus_full,main/har/6.2,fed_mdbscan_g,0.0033932813030200237,0.004097159033464748,0.011851851851851836,0.0,,1.954186745628249
ablation,har,6.2,mdbg_no_valve,137,ablation_minus_full,main/har/6.2,fed_mdbscan_g,-0.002035968781812003,-0.0023809523809524002,0.014444444444444426,0.0,,1.8039013485773467
ablation,har,6.2,mdbg_no_valve,2024,ablation_minus_full,main/har/6.2,fed_mdbscan_g,0.0,0.0,0.0,0.0,,1.3002607698125455
ablation,har,6.2,mdbg_rtr15,42,ablation_minus_full,main/har/6.2,fed_mdbscan_g,-0.002375296912114022,-0.0030355879081993553,0.02888888888888891,0.0,,1.6508122629253195
ablation,har,6.2,mdbg_rtr15,137,ablation_minus_full,main/har/6.2,fed_mdbscan_g,0.0634543603664744,0.060843190779496514,0.10851851851851851,0.0,,1.121864202808744
ablation,har,6.2,mdbg_rtr15,2024,ablation_minus_full,main/har/6.2,fed_mdbscan_g,-0.012894468951476057,-0.00701284171493044,0.047037037037037044,0.0,,1.5027545559452848
ablation,har,6.2,mdbg_rtr20,42,ablation_minus_full,main/har/6.2,fed_mdbscan_g,-0.0067865626060400475,-0.00810838135678904,0.054814814814814816,0.0,,1.5349822046623256
ablation,har,6.2,mdbg_rtr20,137,ablation_minus_full,main/har/6.2,fed_mdbscan_g,-0.012215812690872074,-0.018066929531897702,0.00037037037037035425,0.0,,1.8963407314692935
ablation,har,6.2,mdbg_rtr20,2024,ablation_minus_full,main/har/6.2,fed_mdbscan_g,-0.04105870376654225,-0.03437964582197223,0.03259259259259259,0.0,,1.25299063634205
ablation,har,6.2,mdbg_rtr30,42,ablation_minus_full,main/har/6.2,fed_mdbscan_g,-0.04580929759077029,-0.054044080477201495,-0.03592592592592592,0.0,,2.0044046580946695
ablation,har,6.2,mdbg_rtr30,137,ablation_minus_full,main/har/6.2,fed_mdbscan_g,0.005429250084832055,0.006349206349206327,0.002592592592592591,0.0,,2.015152976704606
ablation,har,6.2,mdbg_rtr30,2024,ablation_minus_full,main/har/6.2,fed_mdbscan_g,0.04071937563624023,0.04629602094064694,-0.024444444444444435,0.0,,1.3381730296028156
ablation,har,6.2,fed_g2l_25,42,ablation_minus_full,main/har/6.2,fed_mdbscan_g,-0.045469969460468274,-0.0536472550803761,-0.1,0.0,,-0.277208918845281
ablation,har,6.2,fed_g2l_25,137,ablation_minus_full,main/har/6.2,fed_mdbscan_g,0.005089921954530036,0.0003664947932463525,-0.11481481481481484,0.0,,-0.19331704282279438
ablation,har,6.2,fed_g2l_25,2024,ablation_minus_full,main/har/6.2,fed_mdbscan_g,0.0,0.0,0.0,0.0,,-0.12041793322423466
ablation,har,3.3,mdbg_l0_only,42,ablation_minus_full,main/har/3.3,fed_mdbscan_g,0.0,0.0,0.0,0.0,,0.2648339424942
ablation,har,3.3,mdbg_l0_only,137,ablation_minus_full,main/har/3.3,fed_mdbscan_g,0.0,0.0,0.0,0.0,,-0.01359046601767977
ablation,har,3.3,mdbg_l0_only,2024,ablation_minus_full,main/har/3.3,fed_mdbscan_g,0.0,0.0,0.0,0.0,,-0.3826793126917134
ablation,har,3.3,mdbg_no_momentum,42,ablation_minus_full,main/har/3.3,fed_mdbscan_g,0.0,0.0,0.0,0.0,,1.2233501388303316
ablation,har,3.3,mdbg_no_momentum,137,ablation_minus_full,main/har/3.3,fed_mdbscan_g,0.0,0.0,0.0,0.0,,1.7033007381445104
ablation,har,3.3,mdbg_no_momentum,2024,ablation_minus_full,main/har/3.3,fed_mdbscan_g,0.0,0.0,0.0,0.0,,1.6481106807206134
ablation,har,3.3,mdbg_no_valve,42,ablation_minus_full,main/har/3.3,fed_mdbscan_g,0.0,0.0,0.0,0.0,,1.189866323093884
ablation,har,3.3,mdbg_no_valve,137,ablation_minus_full,main/har/3.3,fed_mdbscan_g,0.0,0.0,0.0,0.0,,1.759821730320497
ablation,har,3.3,mdbg_no_valve,2024,ablation_minus_full,main/har/3.3,fed_mdbscan_g,0.0,0.0,0.0,0.0,,1.6527188495965672
ablation,har,3.3,mdbg_rtr15,42,ablation_minus_full,main/har/3.3,fed_mdbscan_g,0.004411265693926025,0.002580628854514211,0.03227513227513226,0.3492178157612267,,1.9404366461521323
ablation,har,3.3,mdbg_rtr15,137,ablation_minus_full,main/har/3.3,fed_mdbscan_g,-0.0644723447573804,-0.07548515662830108,0.026455026455026454,-0.008989361989022199,,1.7391629424567023
ablation,har,3.3,mdbg_rtr15,2024,ablation_minus_full,main/har/3.3,fed_mdbscan_g,0.14692908042076688,0.14775626163037894,0.030158730158730163,0.08979734451432567,,1.914107978262473
ablation,har,3.3,mdbg_rtr20,42,ablation_minus_full,main/har/3.3,fed_mdbscan_g,-0.000339328130302019,-0.0003108886866848293,0.0026455026455026454,0.0018762203126944654,,1.340040180836028
ablation,har,3.3,mdbg_rtr20,137,ablation_minus_full,main/har/3.3,fed_mdbscan_g,-0.0695622667119104,-0.07926544067174301,0.013227513227513227,-0.004581652375983847,,1.897798145011378
ablation,har,3.3,mdbg_rtr20,2024,ablation_minus_full,main/har/3.3,fed_mdbscan_g,0.07329487614523242,0.07500138607597004,0.030158730158730163,0.0544988640566387,,1.7383897679431055
ablation,har,3.3,mdbg_rtr30,42,ablation_minus_full,main/har/3.3,fed_mdbscan_g,-0.021717000339328107,-0.022947629157820226,0.0,-0.03379188489935003,,1.4095236471582515
ablation,har,3.3,mdbg_rtr30,137,ablation_minus_full,main/har/3.3,fed_mdbscan_g,-0.20529351883271124,-0.19630804718803377,-0.0201058201058201,-0.004183562194611912,,1.911383043633153
ablation,har,3.3,mdbg_rtr30,2024,ablation_minus_full,main/har/3.3,fed_mdbscan_g,0.03562945368171022,0.036442362884473,-0.007936507936507936,-0.02030449421753769,,1.8302618554560468
ablation,har,3.3,fed_g2l_25,42,ablation_minus_full,main/har/3.3,fed_mdbscan_g,0.0,0.0,0.0,0.0,,-0.144064028126498
ablation,har,3.3,fed_g2l_25,137,ablation_minus_full,main/har/3.3,fed_mdbscan_g,0.0,0.0,0.0,0.0,,-0.28487811377660066
ablation,har,3.3,fed_g2l_25,2024,ablation_minus_full,main/har/3.3,fed_mdbscan_g,0.0,0.0,0.0,0.0,,-0.7075989891037655
ablation,har,4.2,mdbg_l0_only,42,ablation_minus_full,main/har/4.2,fed_mdbscan_g,-0.04139803189684427,-0.049100192093822714,-0.07500000000000001,-0.06706366858471208,,0.09428271319484338
ablation,har,4.2,mdbg_l0_only,137,ablation_minus_full,main/har/4.2,fed_mdbscan_g,0.0665083135391924,0.06802396117682744,-0.12361111111111114,-0.11348783229971349,,0.27511975547143575
ablation,har,4.2,mdbg_l0_only,2024,ablation_minus_full,main/har/4.2,fed_mdbscan_g,0.0,0.0,0.0,0.0,,0.2421619425915803
ablation,har,4.2,mdbg_no_momentum,42,ablation_minus_full,main/har/4.2,fed_mdbscan_g,0.0,0.0,0.0,0.0,,2.0063077016073896
ablation,har,4.2,mdbg_no_momentum,137,ablation_minus_full,main/har/4.2,fed_mdbscan_g,0.0,0.0,0.0,0.0,,2.201714984335316
ablation,har,4.2,mdbg_no_momentum,2024,ablation_minus_full,main/har/4.2,fed_mdbscan_g,0.0,0.0,0.0,0.0,,0.9684592044718253
ablation,har,4.2,mdbg_no_valve,42,ablation_minus_full,main/har/4.2,fed_mdbscan_g,0.0,0.0,0.0,0.0,,1.953519911862289
ablation,har,4.2,mdbg_no_valve,137,ablation_minus_full,main/har/4.2,fed_mdbscan_g,0.028503562945368155,0.033333333333333326,-0.005555555555555591,-0.0011691244851866622,,2.080836053107244
ablation,har,4.2,mdbg_no_valve,2024,ablation_minus_full,main/har/4.2,fed_mdbscan_g,0.0,0.0,0.0,0.0,,1.3298957192494223
ablation,har,4.2,mdbg_rtr15,42,ablation_minus_full,main/har/4.2,fed_mdbscan_g,-0.00882253138785205,-0.0047315741583257576,0.06712962962962962,0.054140177794191335,,1.910433369448098
ablation,har,4.2,mdbg_rtr15,137,ablation_minus_full,main/har/4.2,fed_mdbscan_g,0.10111978282999662,0.10398847437063993,0.08055555555555555,0.050856227106227114,,1.3107986006497714
ablation,har,4.2,mdbg_rtr15,2024,ablation_minus_full,main/har/4.2,fed_mdbscan_g,-0.07906345436036649,-0.08316597002402593,0.0398148148148148,0.03611720258903883,,1.4388210580218583
ablation,har,4.2,mdbg_rtr20,42,ablation_minus_full,main/har/4.2,fed_mdbscan_g,-0.012894468951476112,-0.00884895359417659,0.03101851851851853,0.031725218922333126,,1.7069503607422425
ablation,har,4.2,mdbg_rtr20,137,ablation_minus_full,main/har/4.2,fed_mdbscan_g,-0.011537156430268092,-0.0134920634920635,0.011111111111111072,-0.005626289115834904,,2.1195680320301715
ablation,har,4.2,mdbg_rtr20,2024,ablation_minus_full,main/har/4.2,fed_mdbscan_g,-0.06820495419070244,-0.07302721588060285,0.027777777777777762,0.04290912803459568,,1.0859153660402323
ablation,har,4.2,mdbg_rtr30,42,ablation_minus_full,main/har/4.2,fed_mdbscan_g,-0.04445198506956227,-0.05267162066525127,-0.06388888888888891,-0.03155371938554244,,2.186407155737591
ablation,har,4.2,mdbg_rtr30,137,ablation_minus_full,main/har/4.2,fed_mdbscan_g,0.004750593824228017,0.005555555555555564,-0.004166666666666707,-0.00020004595650352508,,2.3002698370139116
ablation,har,4.2,mdbg_rtr30,2024,ablation_minus_full,main/har/4.2,fed_mdbscan_g,-0.05327451645741432,-0.04170839055724368,-0.018981481481481488,-0.018412172439776636,,1.5917375654874677
ablation,har,4.2,fed_g2l_25,42,ablation_minus_full,main/har/4.2,fed_mdbscan_g,-0.04139803189684427,-0.049100192093822714,-0.07500000000000001,-0.06706366858471208,,-0.2733870063986009
ablation,har,4.2,fed_g2l_25,137,ablation_minus_full,main/har/4.2,fed_mdbscan_g,0.0665083135391924,0.06802396117682744,-0.12361111111111114,-0.11348783229971349,,-0.166115312561548
ablation,har,4.2,fed_g2l_25,2024,ablation_minus_full,main/har/4.2,fed_mdbscan_g,0.0,0.0,0.0,0.0,,-0.1693786180927418
ablation,har,5.2,mdbg_l0_only,42,ablation_minus_full,main/har/5.2,fed_mdbscan_g,-0.046148625721072256,-0.05482762106965938,-0.04999999999999999,-0.0026681754314907546,,-1.9080855214308636
ablation,har,5.2,mdbg_l0_only,137,ablation_minus_full,main/har/5.2,fed_mdbscan_g,0.038004750593824216,0.0346476594884238,-0.1287037037037037,-0.012628316694007567,,-1.9642179026190811
ablation,har,5.2,mdbg_l0_only,2024,ablation_minus_full,main/har/5.2,fed_mdbscan_g,0.0,0.0,0.0,0.0,,-1.3385485633819671
ablation,har,5.2,mdbg_no_momentum,42,ablation_minus_full,main/har/5.2,fed_mdbscan_g,0.0,0.0,0.0,0.0,,-0.07587178650234483
ablation,har,5.2,mdbg_no_momentum,137,ablation_minus_full,main/har/5.2,fed_mdbscan_g,0.0,0.0,0.0,0.0,,-0.29470742089518653
ablation,har,5.2,mdbg_no_momentum,2024,ablation_minus_full,main/har/5.2,fed_mdbscan_g,0.0,0.0,0.0,0.0,,0.0077788677454617705
ablation,har,5.2,mdbg_no_valve,42,ablation_minus_full,main/har/5.2,fed_mdbscan_g,0.0,0.0,0.0,0.0,,-0.05808130614847551
ablation,har,5.2,mdbg_no_valve,137,ablation_minus_full,main/har/5.2,fed_mdbscan_g,0.0,0.0,0.0,0.0,,-0.05224537287140274
ablation,har,5.2,mdbg_no_valve,2024,ablation_minus_full,main/har/5.2,fed_mdbscan_g,0.0,0.0,0.0,0.0,,-0.009694050524073017
ablation,har,5.2,mdbg_rtr15,42,ablation_minus_full,main/har/5.2,fed_mdbscan_g,0.000339328130302019,0.0027171165706197375,0.1078703703703704,0.024913518269864265,,-0.008591067938444219
ablation,har,5.2,mdbg_rtr15,137,ablation_minus_full,main/har/5.2,fed_mdbscan_g,0.06549032914828642,0.06318117480537863,0.06666666666666665,0.14869666463063505,,-1.0707876100010858
ablation,har,5.2,mdbg_rtr15,2024,ablation_minus_full,main/har/5.2,fed_mdbscan_g,-0.05632846963013233,-0.058417246715858184,0.037037037037037035,0.012002298046660365,,0.04721908482024473
ablation,har,5.2,mdbg_rtr20,42,ablation_minus_full,main/har/5.2,fed_mdbscan_g,0.004411265693926025,0.0068344960064704585,0.03888888888888889,0.02129556744073935,,-0.2533644120713383
ablation,har,5.2,mdbg_rtr20,137,ablation_minus_full,main/har/5.2,fed_mdbscan_g,-0.0352901255514082,-0.04191436659589526,0.007870370370370361,0.030626732780361723,,-0.2991724325654408
ablation,har,5.2,mdbg_rtr20,2024,ablation_minus_full,main/har/5.2,fed_mdbscan_g,-0.047845266372582296,-0.05047147502857552,0.02638888888888888,0.018025763372451264,,-0.025629201189925066
ablation,har,5.2,mdbg_rtr30,42,ablation_minus_full,main/har/5.2,fed_mdbscan_g,-0.04750593824228028,-0.056414922656960964,-0.033333333333333326,0.009889391298808697,,-0.006757220792739105
ablation,har,5.2,mdbg_rtr30,137,ablation_minus_full,main/har/5.2,fed_mdbscan_g,0.0016966406515100119,0.001984126984127005,-0.00833333333333336,0.0010058687567176816,,-0.23763827290773998
ablation,har,5.2,mdbg_rtr30,2024,ablation_minus_full,main/har/5.2,fed_mdbscan_g,-0.036308109942314204,-0.022808967920108447,-0.022222222222222227,-0.040554750019369756,,-0.07128396921325475
ablation,har,5.2,fed_g2l_25,42,ablation_minus_full,main/har/5.2,fed_mdbscan_g,-0.046148625721072256,-0.05482762106965938,-0.04999999999999999,-0.0026681754314907546,,-2.344338212488219
ablation,har,5.2,fed_g2l_25,137,ablation_minus_full,main/har/5.2,fed_mdbscan_g,0.038004750593824216,0.0346476594884238,-0.1287037037037037,-0.012628316694007567,,-2.3739188088336958
ablation,har,5.2,fed_g2l_25,2024,ablation_minus_full,main/har/5.2,fed_mdbscan_g,0.0,0.0,0.0,0.0,,-1.6960440254149336
clean,har,3.1,fedavg,42,method_minus_full,clean/har/3.1,fed_mdbscan_g,0.015609093993892098,0.017425729929920364,-0.22037037037037038,,,-2.9461949008478165
clean,har,3.1,fedavg,137,method_minus_full,clean/har/3.1,fed_mdbscan_g,0.31455717678995593,0.33382229201522395,-0.3055555555555556,,,-3.7070363781414923
clean,har,3.1,fedavg,2024,method_minus_full,clean/har/3.1,fed_mdbscan_g,-0.11197828299966067,-0.10482697738112834,-0.1937037037037037,,,-1.990139856232175
oracle,har,3.1,fedavg,42,oracle_minus_attacked,main/har/3.1,fedavg,0.03630810994231426,0.042886492979519186,0.0,1.0,,-0.022877546597737823
oracle,har,3.1,fedavg,137,oracle_minus_attacked,main/har/3.1,fedavg,0.3535799117746862,0.3564279026002275,0.0,1.0,,-0.010152477875817571
oracle,har,3.1,fedavg,2024,oracle_minus_attacked,main/har/3.1,fedavg,-0.0685442823210044,-0.08715889435196034,0.0,1.0,,-0.010968497802969067
clean,har,3.3,fedavg,42,method_minus_full,clean/har/3.3,fed_mdbscan_g,-0.002375296912114022,-0.0030104550895078686,-0.2674074074074074,,,-3.219557954580523
clean,har,3.3,fedavg,137,method_minus_full,clean/har/3.3,fed_mdbscan_g,0.334238208347472,0.370219836879632,-0.3025925925925926,,,-3.24813197448384
clean,har,3.3,fedavg,2024,method_minus_full,clean/har/3.3,fed_mdbscan_g,-0.10926365795724463,-0.09807958422786028,-0.19296296296296298,,,-2.2149990011006593
oracle,har,3.3,fedavg,42,oracle_minus_attacked,main/har/3.3,fedavg,0.037665422463522225,0.030198905978390256,0.0,1.0,,0.01204256199222679
oracle,har,3.3,fedavg,137,oracle_minus_attacked,main/har/3.3,fedavg,-0.022056328469630126,-0.021783725705917578,0.0,1.0,,0.01258035115121553
oracle,har,3.3,fedavg,2024,oracle_minus_attacked,main/har/3.3,fedavg,0.039022734984730245,0.0359230141567049,0.0,1.0,,0.02042307861847803
clean,har,4.2,fedavg,42,method_minus_full,clean/har/4.2,fed_mdbscan_g,0.015609093993892098,0.017425729929920364,-0.22037037037037038,,,-3.0652998847382453
clean,har,4.2,fedavg,137,method_minus_full,clean/har/4.2,fed_mdbscan_g,0.31455717678995593,0.33382229201522395,-0.3055555555555556,,,-3.762183653411921
clean,har,4.2,fedavg,2024,method_minus_full,clean/har/4.2,fed_mdbscan_g,-0.11197828299966067,-0.10482697738112834,-0.1937037037037037,,,-1.9200788743638744
oracle,har,4.2,fedavg,42,oracle_minus_attacked,main/har/4.2,fedavg,0.02443162538174415,0.024822127402610306,0.0,1.0,,0.01245150762454917
oracle,har,4.2,fedavg,137,oracle_minus_attacked,main/har/4.2,fedavg,0.015269765863590079,0.018644332090757,0.0,1.0,,0.023665093475331862
oracle,har,4.2,fedavg,2024,oracle_minus_attacked,main/har/4.2,fedavg,-0.03257550050899222,-0.03797363031234002,0.0,1.0,,0.02764839129134392
clean,har,5.2,fedavg,42,method_minus_full,clean/har/5.2,fed_mdbscan_g,0.015609093993892098,0.017425729929920364,-0.22037037037037038,,,-3.4976436677156015
clean,har,5.2,fedavg,137,method_minus_full,clean/har/5.2,fed_mdbscan_g,0.31455717678995593,0.33382229201522395,-0.3055555555555556,,,-3.756047044733229
clean,har,5.2,fedavg,2024,method_minus_full,clean/har/5.2,fed_mdbscan_g,-0.11197828299966067,-0.10482697738112834,-0.1937037037037037,,,-2.311674749633918
oracle,har,5.2,fedavg,42,oracle_minus_attacked,main/har/5.2,fedavg,0.024092297251442185,0.02442530200578491,0.0,1.0,,-0.011723367070468768
oracle,har,5.2,fedavg,137,oracle_minus_attacked,main/har/5.2,fedavg,0.015269765863590079,0.018644332090757,0.0,1.0,,-0.011257687075218806
oracle,har,5.2,fedavg,2024,oracle_minus_attacked,main/har/5.2,fedavg,-0.03257550050899222,-0.03797363031234002,0.0,1.0,,-0.008015715431732434
temporal,har,2.1,mdbg_no_momentum,42,method_minus_full,temporal/har/2.1,fed_mdbscan_g,0.0,0.0,0.0,0.0,,0.04363193875954785
temporal,har,2.1,mdbg_no_momentum,137,method_minus_full,temporal/har/2.1,fed_mdbscan_g,0.011537156430268092,0.01574787320922222,-0.0035714285714285587,0.0049445266836571355,,-0.03358265028412766
temporal,har,2.1,mdbg_no_momentum,2024,method_minus_full,temporal/har/2.1,fed_mdbscan_g,0.0,0.0,0.0,0.0,,-0.08908681579632693
temporal,har,3.1,mdbg_no_momentum,42,method_minus_full,temporal/har/3.1,fed_mdbscan_g,0.0,0.0,0.0,0.0,,0.48681499911472237
temporal,har,3.1,mdbg_no_momentum,137,method_minus_full,temporal/har/3.1,fed_mdbscan_g,0.0,0.0,0.0,0.0,,-0.4975594830660457
temporal,har,3.1,mdbg_no_momentum,2024,method_minus_full,temporal/har/3.1,fed_mdbscan_g,0.0,0.0,0.0,0.0,,-0.5016239005955869
preserve_empty,har,6.2,mdbg_l0_only,42,method_minus_full,preserve_empty/har/6.2,fed_mdbscan_g,0.0,0.0,0.0,0.0,,-0.7663253924964617
preserve_empty,har,6.2,mdbg_l0_only,137,method_minus_full,preserve_empty/har/6.2,fed_mdbscan_g,-0.015269765863590079,-0.013457043771935906,-0.001904761904761909,0.0,,-0.5628376084341047
preserve_empty,har,6.2,mdbg_l0_only,2024,method_minus_full,preserve_empty/har/6.2,fed_mdbscan_g,0.000678656260604038,0.0006112391193036082,-0.0023809523809523725,0.0,,-0.6411713541174928
preserve_empty,har,6.2,fed_g2l_25,42,method_minus_full,preserve_empty/har/6.2,fed_mdbscan_g,0.0,0.0,0.0,0.0,,-1.0525884034073292
preserve_empty,har,6.2,fed_g2l_25,137,method_minus_full,preserve_empty/har/6.2,fed_mdbscan_g,-0.015269765863590079,-0.013457043771935906,-0.001904761904761909,0.0,,-0.7844495926479188
preserve_empty,har,6.2,fed_g2l_25,2024,method_minus_full,preserve_empty/har/6.2,fed_mdbscan_g,0.000678656260604038,0.0006112391193036082,-0.0023809523809523725,0.0,,-0.9294578491865347
preserve_empty,har,3.3,mdbg_l0_only,42,method_minus_full,preserve_empty/har/3.3,fed_mdbscan_g,0.0,0.0,0.0,0.0,,-0.5882818382349797
preserve_empty,har,3.3,mdbg_l0_only,137,method_minus_full,preserve_empty/har/3.3,fed_mdbscan_g,-0.02375296912114011,-0.022190080898602582,0.006666666666666654,0.011111609948819268,,-0.5454026675278631
preserve_empty,har,3.3,mdbg_l0_only,2024,method_minus_full,preserve_empty/har/3.3,fed_mdbscan_g,0.0,0.0,0.0,0.0,,-0.6830508522184876
preserve_empty,har,3.3,fed_g2l_25,42,method_minus_full,preserve_empty/har/3.3,fed_mdbscan_g,0.0,0.0,0.0,0.0,,-0.8372595469350927
preserve_empty,har,3.3,fed_g2l_25,137,method_minus_full,preserve_empty/har/3.3,fed_mdbscan_g,-0.02375296912114011,-0.022190080898602582,0.006666666666666654,0.011111609948819268,,-0.812613187598375
preserve_empty,har,3.3,fed_g2l_25,2024,method_minus_full,preserve_empty/har/3.3,fed_mdbscan_g,0.0,0.0,0.0,0.0,,-0.9316416419538048
fixed_steps,har,3.3,mdbg_l0_only,42,method_minus_full,fixed_steps/har/3.3,fed_mdbscan_g,0.0,0.0,0.0,0.0,,0.07084394587048637
fixed_steps,har,3.3,mdbg_l0_only,137,method_minus_full,fixed_steps/har/3.3,fed_mdbscan_g,0.0,0.0,0.0,0.0,,-0.06779325089106947
fixed_steps,har,3.3,mdbg_l0_only,2024,method_minus_full,fixed_steps/har/3.3,fed_mdbscan_g,0.0,0.0,0.0,0.0,,0.02188581468071782
fixed_steps,har,3.3,fedavg,42,method_minus_full,fixed_steps/har/3.3,fed_mdbscan_g,0.0,0.0,0.0,0.0,,-0.7950050734410373
fixed_steps,har,3.3,fedavg,137,method_minus_full,fixed_steps/har/3.3,fed_mdbscan_g,0.0,0.0,0.0,0.0,,-1.0005414722060473
fixed_steps,har,3.3,fedavg,2024,method_minus_full,fixed_steps/har/3.3,fed_mdbscan_g,0.0,0.0,0.0,0.0,,-0.7447863768475751
fixed_steps,har,5.2,mdbg_l0_only,42,method_minus_full,fixed_steps/har/5.2,fed_mdbscan_g,0.0,0.0,-0.0023148148148148147,0.0,,-0.14743467832061774
fixed_steps,har,5.2,mdbg_l0_only,137,method_minus_full,fixed_steps/har/5.2,fed_mdbscan_g,0.0,0.0,0.0,0.0,,-0.11733213436091305
fixed_steps,har,5.2,mdbg_l0_only,2024,method_minus_full,fixed_steps/har/5.2,fed_mdbscan_g,0.0,0.0,0.0,0.0,,0.040602865671583666
fixed_steps,har,5.2,fedavg,42,method_minus_full,fixed_steps/har/5.2,fed_mdbscan_g,0.002375296912114022,0.002777777777777768,-0.01990740740740741,0.0,,-1.1666846427911273
fixed_steps,har,5.2,fedavg,137,method_minus_full,fixed_steps/har/5.2,fed_mdbscan_g,0.0,0.0,0.0,0.0,,-1.6038548645447008
fixed_steps,har,5.2,fedavg,2024,method_minus_full,fixed_steps/har/5.2,fed_mdbscan_g,0.0,0.0,0.0,0.0,,-0.8337933647756776
main,har,7.1,fed_mdbscan_g,42,attack_minus_clean,clean/har/7.1,fed_mdbscan_g,-0.33491686460807607,-0.3200140405974484,-0.07206349206349205,0.7759634225996082,,-1.1305728665591839
main,har,7.1,fed_mdbscan_g,137,attack_minus_clean,clean/har/7.1,fed_mdbscan_g,-0.40074652188666443,-0.3832053710320854,-0.05148148148148146,0.0,,-1.014065197024805
main,har,7.1,fed_mdbscan_g,2024,attack_minus_clean,clean/har/7.1,fed_mdbscan_g,-0.12385476756023076,-0.12744421309201884,-0.18693121693121695,0.7414187643020596,,-0.8466393280968381
main,har,7.1,fedavg,42,attack_minus_clean,clean/har/7.1,fedavg,-0.5900916185951816,-0.5517647591738306,0.0,,,-0.02656862088479102
main,har,7.1,fedavg,42,method_minus_full,main/har/7.1,fed_mdbscan_g,-0.03834407872412621,-0.0003968253968253954,-0.0671957671957672,-0.7759634225996082,,-0.8184368296409957
main,har,7.1,fedavg,137,attack_minus_clean,clean/har/7.1,fedavg,-0.7146250424160163,-0.7015582150068542,0.0,,,-0.02718598610178257
main,har,7.1,fedavg,137,method_minus_full,main/har/7.1,fed_mdbscan_g,-0.07702748557855446,-0.07436854047831037,-0.1814814814814815,0.0,,-1.0592919394917164
main,har,7.1,fedavg,2024,attack_minus_clean,clean/har/7.1,fedavg,-0.7804546996946047,-0.7632187568552282,0.0,,,-0.026514471605575338
main,har,7.1,fedavg,2024,method_minus_full,main/har/7.1,fed_mdbscan_g,-0.19782829996606718,-0.20139851490924704,-0.15343915343915343,-0.7414187643020596,,-0.915391900308896
main,har,7.1,sample_weighted_mean,42,method_minus_full,main/har/7.1,fed_mdbscan_g,0.1465897522904649,0.1675032858153878,-0.0671957671957672,-0.7759634225996082,,-0.7923314787059401
main,har,7.1,sample_weighted_mean,137,method_minus_full,main/har/7.1,fed_mdbscan_g,-0.005429250084832027,-0.02128998421504072,-0.1814814814814815,0.0,,-1.0344978205665636
main,har,7.1,sample_weighted_mean,2024,method_minus_full,main/har/7.1,fed_mdbscan_g,0.08686800135731251,0.10411235257603971,-0.15343915343915343,-0.7414187643020596,,-0.8905675078509376
main,har,7.1,norm_clip,42,method_minus_full,main/har/7.1,fed_mdbscan_g,-0.04173736002714623,-0.00436507936507935,-0.0671957671957672,-0.7759634225996082,,-0.8117465713604664
main,har,7.1,norm_clip,137,method_minus_full,main/har/7.1,fed_mdbscan_g,-0.04377332880895826,-0.03969055038630753,-0.1814814814814815,0.0,,-1.0328822686220518
main,har,7.1,norm_clip,2024,method_minus_full,main/har/7.1,fed_mdbscan_g,-0.1991856124872752,-0.2025152179571895,-0.15343915343915343,-0.7414187643020596,,-0.8819059530156665
main,har,7.1,coord_median,42,method_minus_full,main/har/7.1,fed_mdbscan_g,0.0016966406515100119,0.0,-0.0671957671957672,-0.7759634225996082,,-0.6873161047968703
main,har,7.1,coord_median,137,method_minus_full,main/har/7.1,fed_mdbscan_g,-0.021377672209026144,-0.025182411674347177,-0.1814814814814815,0.0,,-0.9291121586381147
main,har,7.1,coord_median,2024,method_minus_full,main/har/7.1,fed_mdbscan_g,-0.04139803189684424,-0.0378646803227809,-0.15343915343915343,-0.7414187643020596,,-0.7919544356913927
main,har,7.1,krum_bound30,42,method_minus_full,main/har/7.1,fed_mdbscan_g,0.0,0.0,0.028042328042328035,0.04546514882896324,,-0.32519861942467587
main,har,7.1,krum_bound30,137,method_minus_full,main/har/7.1,fed_mdbscan_g,-0.005768578215134046,-0.010905564995265848,0.24074074074074073,0.08571428571428572,,-0.5493430837406776
main,har,7.1,krum_bound30,2024,method_minus_full,main/har/7.1,fed_mdbscan_g,-0.14692908042076688,-0.1507679061292325,-0.03439153439153439,0.026438378555083353,,-0.4319080525039075
main,har,7.1,fltrust_normalized,42,method_minus_full,main/har/7.1,fed_mdbscan_g,0.23752969121140144,0.25266694963214487,0.14761904761904762,0.023641710667914095,,-0.7823205254040658
main,har,7.1,fltrust_normalized,137,method_minus_full,main/har/7.1,fed_mdbscan_g,0.29351883271123175,0.3151106891134754,0.03068783068783068,0.801583374567046,,-1.021373953410269
main,har,7.1,fltrust_normalized,2024,method_minus_full,main/har/7.1,fed_mdbscan_g,0.3525619273837801,0.35926445365845927,0.04179894179894181,0.07306087370699021,,-0.8787635473068804
main,har,7.1,flame_hdbscan,42,method_minus_full,main/har/7.1,fed_mdbscan_g,0.16796742449949104,0.164804469273743,0.21904761904761905,-0.07500188413806974,,-0.6171457840828225
main,har,7.1,flame_hdbscan,137,method_minus_full,main/har/7.1,fed_mdbscan_g,0.31319986426874785,0.30699679192876156,0.08148148148148146,0.7652338214454416,,-0.87738037603364
main,har,7.1,flame_hdbscan,2024,method_minus_full,main/har/7.1,fed_mdbscan_g,0.4485917882592467,0.4242020554949142,0.11481481481481481,0.020217342891170387,,-0.6934493836093074
main,har,7.1,mdbg_l0_only,42,method_minus_full,main/har/7.1,fed_mdbscan_g,0.0,0.0,0.0,0.0,,-0.14044461558029675
main,har,7.1,mdbg_l0_only,137,method_minus_full,main/har/7.1,fed_mdbscan_g,0.0,0.0,0.0,0.0,,-0.3778798985062166
main,har,7.1,mdbg_l0_only,2024,method_minus_full,main/har/7.1,fed_mdbscan_g,0.0,0.0,0.0,0.0,,-0.1916391074191779
clean,har,7.1,fedavg,42,method_minus_full,clean/har/7.1,fed_mdbscan_g,0.21683067526297928,0.23135389317955674,-0.13925925925925925,,,-1.9224410753153884
clean,har,7.1,fedavg,137,method_minus_full,clean/har/7.1,fed_mdbscan_g,0.2368510349507974,0.2439843034964585,-0.23296296296296296,,,-2.0461711504147386
clean,har,7.1,fedavg,2024,method_minus_full,clean/har/7.1,fed_mdbscan_g,0.4587716321683067,0.43437602885396237,-0.3403703703703704,,,-1.7355167568001586
oracle,har,7.1,fedavg,42,oracle_minus_attacked,main/har/7.1,fedavg,0.5564981336952833,0.526247002664574,0.0,1.0,,0.00138293168662737
oracle,har,7.1,fedavg,137,oracle_minus_attacked,main/har/7.1,fedavg,0.6107906345436037,0.5995157037881103,0.0,1.0,,0.0033550760475918665
oracle,har,7.1,fedavg,2024,oracle_minus_attacked,main/har/7.1,fedavg,0.7478791991856125,0.7314846271264448,0.0,1.0,,0.0055908834988561765
main,har,7.2,fed_mdbscan_g,42,attack_minus_clean,clean/har/7.2,fed_mdbscan_g,-0.09229725144214457,-0.0880851278940451,-0.05947089947089948,0.0,,-2.404500254635544
main,har,7.2,fed_mdbscan_g,137,attack_minus_clean,clean/har/7.2,fed_mdbscan_g,-0.00848320325755006,-0.009920634920634941,-0.0994179894179894,0.0,,-2.508176762269189
main,har,7.2,fed_mdbscan_g,2024,attack_minus_clean,clean/har/7.2,fed_mdbscan_g,-0.17203936206311504,-0.15757838430661342,0.012328042328042327,0.0,,-1.0295672945678236
main,har,7.2,fedavg,42,attack_minus_clean,clean/har/7.2,fedavg,-0.01628775025449608,-0.02808862569752235,0.0,,,-0.024924296330815804
main,har,7.2,fedavg,42,method_minus_full,main/har/7.2,fed_mdbscan_g,0.07363420427553447,0.05698604710701488,-0.20793650793650795,0.0,,-1.156707999370216
main,har,7.2,fedavg,137,attack_minus_clean,clean/har/7.2,fedavg,-0.19307770614183917,-0.2060428072567425,0.0,,,-0.02106193870616456
main,har,7.2,fedavg,137,method_minus_full,main/har/7.2,fed_mdbscan_g,0.1496437054631829,0.17409766454352446,-0.20317460317460317,0.0,,-1.1159070315266337
main,har,7.2,fedavg,2024,attack_minus_clean,clean/har/7.2,fedavg,-0.005768578215134046,-0.008897243107769404,0.0,,,-0.023539501366515954
main,har,7.2,fedavg,2024,method_minus_full,main/har/7.2,fed_mdbscan_g,0.057007125890736365,0.05060155697098373,-0.2052910052910053,0.0,,-1.092579667805694
main,har,7.2,sample_weighted_mean,42,method_minus_full,main/har/7.2,fed_mdbscan_g,0.02578893790295217,0.0,-0.20793650793650795,0.0,,-1.131520347580469
main,har,7.2,sample_weighted_mean,137,method_minus_full,main/har/7.2,fed_mdbscan_g,0.17509331523583305,0.21091918137736168,-0.20317460317460317,0.0,,-1.0905401869715812
main,har,7.2,sample_weighted_mean,2024,method_minus_full,main/har/7.2,fed_mdbscan_g,0.04139803189684427,0.05060155697098373,-0.2052910052910053,0.0,,-1.0668454965692944
main,har,7.2,norm_clip,42,method_minus_full,main/har/7.2,fed_mdbscan_g,0.09806582965727861,0.09994439389343851,-0.20793650793650795,0.0,,-1.1501708479792192
main,har,7.2,norm_clip,137,method_minus_full,main/har/7.2,fed_mdbscan_g,0.10790634543603667,0.12619047619047621,-0.20317460317460317,0.0,,-1.0805282542016357
main,har,7.2,norm_clip,2024,method_minus_full,main/har/7.2,fed_mdbscan_g,0.08856464200882253,0.09012724585074078,-0.2052910052910053,0.0,,-1.0675310673153338
main,har,7.2,coord_median,42,method_minus_full,main/har/7.2,fed_mdbscan_g,-0.14251781472684086,-0.16666666666666666,-0.20793650793650795,0.0,,-1.0448254527058454
main,har,7.2,coord_median,137,method_minus_full,main/har/7.2,fed_mdbscan_g,0.0,0.0,-0.20317460317460317,0.0,,-1.0192481388454326
main,har,7.2,coord_median,2024,method_minus_full,main/har/7.2,fed_mdbscan_g,-0.11129962673905666,-0.11606510969568293,-0.2052910052910053,0.0,,-0.979681792409004
main,har,7.2,krum_bound30,42,method_minus_full,main/har/7.2,fed_mdbscan_g,-0.013233797081778076,-0.015476190476190477,0.2523809523809524,0.0,,-0.6188506901419412
main,har,7.2,krum_bound30,137,method_minus_full,main/har/7.2,fed_mdbscan_g,0.07668815744825247,0.08968253968253967,0.2571428571428571,0.0,,-0.5605561135414366
main,har,7.2,krum_bound30,2024,method_minus_full,main/har/7.2,fed_mdbscan_g,0.048184594502884315,0.05024769992922862,0.255026455026455,0.0,,-0.5525861636269838
main,har,7.2,fltrust_normalized,42,method_minus_full,main/har/7.2,fed_mdbscan_g,0.18221920597217506,0.17398361902805098,0.21058201058201056,0.4037886340977069,,-1.1177141314799277
main,har,7.2,fltrust_normalized,137,method_minus_full,main/har/7.2,fed_mdbscan_g,0.30709195792331184,0.3305296277815283,0.21534391534391534,0.2635574837310195,,-1.0721010563662274
main,har,7.2,fltrust_normalized,2024,method_minus_full,main/har/7.2,fed_mdbscan_g,0.054292500848320324,0.0496617073469236,0.1243386243386243,0.5065138092756644,,-1.054585036142574
main,har,7.2,flame_hdbscan,42,method_minus_full,main/har/7.2,fed_mdbscan_g,-0.1330166270783848,-0.15555555555555553,0.3587301587301587,0.0,,-0.9443029779863235
main,har,7.2,flame_hdbscan,137,method_minus_full,main/har/7.2,fed_mdbscan_g,0.0010179843909060293,0.0011904761904761862,0.3534391534391534,0.0,,-0.9168129221070558
main,har,7.2,flame_hdbscan,2024,method_minus_full,main/har/7.2,fed_mdbscan_g,-0.10451306413301661,-0.10934467958815605,0.4555555555555555,0.0,,-0.9108660190715454
main,har,7.2,mdbg_l0_only,42,method_minus_full,main/har/7.2,fed_mdbscan_g,0.0,0.0,0.0,0.0,,-0.08113950223196298
main,har,7.2,mdbg_l0_only,137,method_minus_full,main/har/7.2,fed_mdbscan_g,0.0,0.0,0.0,0.0,,-0.29298495113616807
main,har,7.2,mdbg_l0_only,2024,method_minus_full,main/har/7.2,fed_mdbscan_g,0.0,0.0,0.0,0.0,,-0.23826255983440203
clean,har,7.2,fedavg,42,method_minus_full,clean/har/7.2,fed_mdbscan_g,-0.002375296912114022,-0.0030104550895078686,-0.2674074074074074,,,-3.5362839576749443
clean,har,7.2,fedavg,137,method_minus_full,clean/har/7.2,fed_mdbscan_g,0.334238208347472,0.370219836879632,-0.3025925925925926,,,-3.603021855089658
clean,har,7.2,fedavg,2024,method_minus_full,clean/har/7.2,fed_mdbscan_g,-0.10926365795724463,-0.09807958422786028,-0.19296296296296298,,,-2.098607461007002
oracle,har,7.2,fedavg,42,oracle_minus_attacked,main/har/7.2,fedavg,0.03834407872412621,0.04211966890721769,0.0,1.0,,0.0011526167547951174
oracle,har,7.2,fedavg,137,oracle_minus_attacked,main/har/7.2,fedavg,0.06582965727858842,0.08163837148750291,0.0,1.0,,-0.003321932283385346
oracle,har,7.2,fedavg,2024,oracle_minus_attacked,main/har/7.2,fedavg,0.0342721411605022,0.032898820608317836,0.0,1.0,,0.0020539105365363283
main,mnist,6.2,fedavg,42,method_minus_full,main/mnist/6.2,fed_mdbscan_g,0.624,0.6187803296049198,-0.41333333333333333,,,-2.7893611274349195
main,mnist,6.2,fedavg,137,method_minus_full,main/mnist/6.2,fed_mdbscan_g,0.6227,0.6339625949708732,-0.44925925925925925,,,-2.903570201480761
main,mnist,6.2,fedavg,2024,method_minus_full,main/mnist/6.2,fed_mdbscan_g,0.5297000000000001,0.5423527178152094,-0.41444444444444445,,,-2.8892140269628723
main,mnist,6.2,sample_weighted_mean,42,method_minus_full,main/mnist/6.2,fed_mdbscan_g,0.669,0.6644330463632787,-0.41333333333333333,,,-2.7318226638638103
main,mnist,6.2,sample_weighted_mean,137,method_minus_full,main/mnist/6.2,fed_mdbscan_g,0.6863,0.6987676539742931,-0.44925925925925925,,,-2.847225043119397
main,mnist,6.2,sample_weighted_mean,2024,method_minus_full,main/mnist/6.2,fed_mdbscan_g,0.5493999999999999,0.5626272611822035,-0.41444444444444445,,,-2.83646159664883
main,mnist,6.2,norm_clip,42,method_minus_full,main/mnist/6.2,fed_mdbscan_g,0.5018,0.49351410499986026,-0.41333333333333333,,,-2.759610732109286
main,mnist,6.2,norm_clip,137,method_minus_full,main/mnist/6.2,fed_mdbscan_g,0.25649999999999995,0.26142047694256243,-0.44925925925925925,,,-2.865325605741236
main,mnist,6.2,norm_clip,2024,method_minus_full,main/mnist/6.2,fed_mdbscan_g,0.3443,0.352653559877247,-0.41444444444444445,,,-2.8493654467592324
main,mnist,6.2,coord_median,42,method_minus_full,main/mnist/6.2,fed_mdbscan_g,-0.05449999999999999,-0.05427139266380121,-0.41333333333333333,,,-2.5831661596661433
main,mnist,6.2,coord_median,137,method_minus_full,main/mnist/6.2,fed_mdbscan_g,0.00020000000000000573,0.0001630003499224486,-0.44925925925925925,,,-2.68821083951043
main,mnist,6.2,coord_median,2024,method_minus_full,main/mnist/6.2,fed_mdbscan_g,-0.10030000000000003,-0.08796095460585579,-0.41444444444444445,,,-2.6640060844016262
main,mnist,6.2,krum_bound30,42,method_minus_full,main/mnist/6.2,fed_mdbscan_g,0.10900000000000004,0.10643646035628218,-0.09111111111111109,0.0,,-1.8623602441395635
main,mnist,6.2,krum_bound30,137,method_minus_full,main/mnist/6.2,fed_mdbscan_g,0.13970000000000002,0.1435505751179308,-0.127037037037037,0.0,,-1.9561811174460064
main,mnist,6.2,krum_bound30,2024,method_minus_full,main/mnist/6.2,fed_mdbscan_g,0.17949999999999994,0.18094303686721402,-0.0922222222222222,0.0,,-2.103735733447441
main,mnist,6.2,fltrust_normalized,42,method_minus_full,main/mnist/6.2,fed_mdbscan_g,0.5745,0.5683486413128523,-0.12592592592592594,0.0,,-2.7248567674619455
main,mnist,6.2,fltrust_normalized,137,method_minus_full,main/mnist/6.2,fed_mdbscan_g,0.5175000000000001,0.5288402013321811,-0.0948148148148148,0.0,,-2.8332783502914634
main,mnist,6.2,fltrust_normalized,2024,method_minus_full,main/mnist/6.2,fed_mdbscan_g,0.33779999999999993,0.3463711865505147,-0.14666666666666667,0.0,,-2.8222211707305784
main,mnist,6.2,flame_hdbscan,42,method_minus_full,main/mnist/6.2,fed_mdbscan_g,-0.060699999999999976,-0.06020504711226368,0.07481481481481483,0.0,,-2.4604036073433235
main,mnist,6.2,flame_hdbscan,137,method_minus_full,main/mnist/6.2,fed_mdbscan_g,-0.00010000000000001674,-8.810572687223406e-05,0.0377777777777778,0.0,,-2.571510114753619
main,mnist,6.2,flame_hdbscan,2024,method_minus_full,main/mnist/6.2,fed_mdbscan_g,-0.12930000000000003,-0.1180747797236252,0.07148148148148148,0.0,,-2.5495504708533794
main,mnist,3.3,fed_mdbscan_g,42,attack_minus_clean,clean/mnist/3.3,fed_mdbscan_g,-0.033299999999999996,-0.0329605030197527,-0.0777248677248677,0.5247724974721941,,0.7457162326939093
main,mnist,3.3,fed_mdbscan_g,137,attack_minus_clean,clean/mnist/3.3,fed_mdbscan_g,0.16480000000000003,0.16454736650731647,-0.1718518518518518,0.5368763557483731,,0.5378303422592583
main,mnist,3.3,fed_mdbscan_g,2024,attack_minus_clean,clean/mnist/3.3,fed_mdbscan_g,0.04209999999999997,0.04671688016988529,-0.026825396825396863,0.3652726310217046,,1.532879316015169
main,mnist,3.3,fedavg,42,attack_minus_clean,clean/mnist/3.3,fedavg,-0.23170000000000002,-0.22489027880234613,0.0,,,0.0075939453750227814
main,mnist,3.3,fedavg,42,method_minus_full,main/mnist/3.3,fed_mdbscan_g,0.43579999999999997,0.437030814019271,-0.3433862433862434,-0.5247724974721941,,-3.827106951499202
main,mnist,3.3,fedavg,137,attack_minus_clean,clean/mnist/3.3,fedavg,-0.16869999999999996,-0.17554416933581196,0.0,,,-0.0003508645575493602
main,mnist,3.3,fedavg,137,method_minus_full,main/mnist/3.3,fed_mdbscan_g,0.2864,0.29131322654557784,-0.2851851851851852,-0.5368763557483731,,-3.67927275209222
main,mnist,3.3,fedavg,2024,attack_minus_clean,clean/mnist/3.3,fedavg,-0.24240000000000006,-0.233439015697407,0.0,,,-0.006987859262153506
main,mnist,3.3,fedavg,2024,method_minus_full,main/mnist/3.3,fed_mdbscan_g,0.2414,0.2565176884429953,-0.38835978835978835,-0.3652726310217046,,-4.429233343553884
main,mnist,3.3,sample_weighted_mean,42,method_minus_full,main/mnist/3.3,fed_mdbscan_g,0.377,0.3598307836635326,-0.3433862433862434,-0.5247724974721941,,-3.7479277840931897
main,mnist,3.3,sample_weighted_mean,137,method_minus_full,main/mnist/3.3,fed_mdbscan_g,0.389,0.3958277797013003,-0.2851851851851852,-0.5368763557483731,,-3.62103301861013
main,mnist,3.3,sample_weighted_mean,2024,method_minus_full,main/mnist/3.3,fed_mdbscan_g,0.15399999999999997,0.16924763712291369,-0.38835978835978835,-0.3652726310217046,,-4.370490277861244
main,mnist,3.3,norm_clip,42,method_minus_full,main/mnist/3.3,fed_mdbscan_g,0.4306,0.4332968730024028,-0.3433862433862434,-0.5247724974721941,,-3.7946718711367184
main,mnist,3.3,norm_clip,137,method_minus_full,main/mnist/3.3,fed_mdbscan_g,0.22619999999999996,0.23025109258869075,-0.2851851851851852,-0.5368763557483731,,-3.6529099845754294
main,mnist,3.3,norm_clip,2024,method_minus_full,main/mnist/3.3,fed_mdbscan_g,0.20080000000000003,0.21485793058569547,-0.38835978835978835,-0.3652726310217046,,-4.392534559996178
main,mnist,3.3,coord_median,42,method_minus_full,main/mnist/3.3,fed_mdbscan_g,0.06829999999999997,0.06768045492954575,-0.3433862433862434,-0.5247724974721941,,-3.605800239264499
main,mnist,3.3,coord_median,137,method_minus_full,main/mnist/3.3,fed_mdbscan_g,-0.019500000000000017,-0.015924972799206183,-0.2851851851851852,-0.5368763557483731,,-3.453214992171464
main,mnist,3.3,coord_median,2024,method_minus_full,main/mnist/3.3,fed_mdbscan_g,0.022199999999999998,0.027719139778484392,-0.38835978835978835,-0.3652726310217046,,-4.220839263735494
main,mnist,3.3,krum_bound30,42,method_minus_full,main/mnist/3.3,fed_mdbscan_g,0.1634,0.1489635758670482,-0.06349206349206349,-0.11882011651981317,,-2.951952439554346
main,mnist,3.3,krum_bound30,137,method_minus_full,main/mnist/3.3,fed_mdbscan_g,-0.017300000000000038,-0.016701249591405065,0.004761904761904745,-0.15354302241503975,,-2.6885724783642218
main,mnist,3.3,krum_bound30,2024,method_minus_full,main/mnist/3.3,fed_mdbscan_g,0.06709999999999999,0.07081908420974103,-0.0761904761904762,-0.03193929768837128,,-3.5342391789813212
main,mnist,3.3,fltrust_normalized,42,method_minus_full,main/mnist/3.3,fed_mdbscan_g,0.6203,0.6129777238372714,-0.08465608465608465,-0.014451396554762908,,-3.758997962158173
main,mnist,3.3,fltrust_normalized,137,method_minus_full,main/mnist/3.3,fed_mdbscan_g,0.23619999999999997,0.24645861137763508,0.07407407407407407,-0.034864283313765454,,-3.6019261276892696
main,mnist,3.3,fltrust_normalized,2024,method_minus_full,main/mnist/3.3,fed_mdbscan_g,0.4057,0.4078478889726985,-0.15978835978835979,0.11916910174217582,,-4.35210434430046
main,mnist,3.3,flame_hdbscan,42,method_minus_full,main/mnist/3.3,fed_mdbscan_g,0.0826,0.07419207179906404,0.0582010582010582,-0.056251267603965704,,-3.4948782839346677
main,mnist,3.3,flame_hdbscan,137,method_minus_full,main/mnist/3.3,fed_mdbscan_g,-0.0756,-0.07346609863737635,0.1333333333333333,-0.14269380810544435,,-3.387418834034664
main,mnist,3.3,flame_hdbscan,2024,method_minus_full,main/mnist/3.3,fed_mdbscan_g,-0.0923,-0.08365454681156093,0.0931216931216931,-0.003367869116942701,,-4.086420611004966
main,mnist,4.2,fed_mdbscan_g,42,attack_minus_clean,clean/mnist/4.2,fed_mdbscan_g,0.0,0.0,0.044629629629629575,0.15839243498817968,,-0.22180671862248946
main,mnist,4.2,fed_mdbscan_g,137,attack_minus_clean,clean/mnist/4.2,fed_mdbscan_g,0.0,0.0,0.00564814814814818,0.2623138602520046,,-0.13333450633023558
main,mnist,4.2,fed_mdbscan_g,2024,attack_minus_clean,clean/mnist/4.2,fed_mdbscan_g,0.0,0.0,0.03518518518518521,0.17964071856287425,,-0.24707630940247327
main,mnist,4.2,fedavg,42,attack_minus_clean,clean/mnist/4.2,fedavg,-9.999999999998899e-05,-9.689922480615731e-05,0.0,,,-0.011192242506270614
main,mnist,4.2,fedavg,42,method_minus_full,main/mnist/4.2,fed_mdbscan_g,0.6525000000000001,0.6472642618614179,-0.47129629629629627,-0.15839243498817968,,-2.7721193588804454
main,mnist,4.2,fedavg,137,attack_minus_clean,clean/mnist/4.2,fedavg,-9.999999999998899e-05,-0.0001121076233182583,0.0,,,-0.008681509399320941
main,mnist,4.2,fedavg,137,method_minus_full,main/mnist/4.2,fed_mdbscan_g,0.6287,0.6398906423909415,-0.45231481481481484,-0.2623138602520046,,-2.786468557066595
main,mnist,4.2,fedavg,2024,attack_minus_clean,clean/mnist/4.2,fedavg,0.000200000000000089,0.00019600725255619622,0.0,,,0.004691783265055469
main,mnist,4.2,fedavg,2024,method_minus_full,main/mnist/4.2,fed_mdbscan_g,0.5303,0.5415339499087598,-0.4537037037037037,-0.17964071856287425,,-2.7176518676142827
main,mnist,4.2,sample_weighted_mean,42,method_minus_full,main/mnist/4.2,fed_mdbscan_g,0.6961,0.6916117305070105,-0.47129629629629627,-0.15839243498817968,,-2.6965910814353267
main,mnist,4.2,sample_weighted_mean,137,method_minus_full,main/mnist/4.2,fed_mdbscan_g,0.6793,0.691699911814621,-0.45231481481481484,-0.2623138602520046,,-2.7102265916376687
main,mnist,4.2,sample_weighted_mean,2024,method_minus_full,main/mnist/4.2,fed_mdbscan_g,0.5388999999999999,0.5486311581481235,-0.4537037037037037,-0.17964071856287425,,-2.6577258352035034
main,mnist,4.2,norm_clip,42,method_minus_full,main/mnist/4.2,fed_mdbscan_g,0.5108,0.5026729431305427,-0.47129629629629627,-0.15839243498817968,,-2.7276779276745704
main,mnist,4.2,norm_clip,137,method_minus_full,main/mnist/4.2,fed_mdbscan_g,0.2521,0.2568601723756454,-0.45231481481481484,-0.2623138602520046,,-2.7517003321942566
main,mnist,4.2,norm_clip,2024,method_minus_full,main/mnist/4.2,fed_mdbscan_g,0.34059999999999996,0.3475759479575329,-0.4537037037037037,-0.17964071856287425,,-2.688537278798564
main,mnist,4.2,coord_median,42,method_minus_full,main/mnist/4.2,fed_mdbscan_g,-0.025099999999999983,-0.02496527106846841,-0.47129629629629627,-0.15839243498817968,,-2.5175222170733225
main,mnist,4.2,coord_median,137,method_minus_full,main/mnist/4.2,fed_mdbscan_g,0.0,-2.4213404700046404e-05,-0.45231481481481484,-0.2623138602520046,,-2.5500512610926913
main,mnist,4.2,coord_median,2024,method_minus_full,main/mnist/4.2,fed_mdbscan_g,-0.1003,-0.08953980076670087,-0.4537037037037037,-0.17964071856287425,,-2.4804154215652185
main,mnist,4.2,krum_bound30,42,method_minus_full,main/mnist/4.2,fed_mdbscan_g,0.12000000000000002,0.11791055517059909,-0.11296296296296293,-0.022222222222222227,,-1.835694695202013
main,mnist,4.2,krum_bound30,137,method_minus_full,main/mnist/4.2,fed_mdbscan_g,0.17850000000000002,0.18189344336075167,-0.10601851851851857,-0.08926421486193367,,-1.8637997005910925
main,mnist,4.2,krum_bound30,2024,method_minus_full,main/mnist/4.2,fed_mdbscan_g,0.1542,0.15453335056042444,-0.11574074074074076,0.0189408417208137,,-1.8200193010852672
main,mnist,4.2,fltrust_normalized,42,method_minus_full,main/mnist/4.2,fed_mdbscan_g,0.6093000000000001,0.6030308684566434,-0.17129629629629628,0.08291030372388547,,-2.682054914246934
main,mnist,4.2,fltrust_normalized,137,method_minus_full,main/mnist/4.2,fed_mdbscan_g,0.5054000000000001,0.5174320961558211,-0.05138888888888893,0.027223852643372515,,-2.706671920566199
main,mnist,4.2,fltrust_normalized,2024,method_minus_full,main/mnist/4.2,fed_mdbscan_g,0.3482,0.35566989876723953,-0.1930555555555556,0.10762636218246738,,-2.6448327559706133
main,mnist,4.2,flame_hdbscan,42,method_minus_full,main/mnist/4.2,fed_mdbscan_g,-0.031399999999999983,-0.031005802019935247,0.0490740740740741,0.04946970825360816,,-2.3799002207272375
main,mnist,4.2,flame_hdbscan,137,method_minus_full,main/mnist/4.2,fed_mdbscan_g,-0.00020000000000000573,-0.00017621145374449587,0.03379629629629627,0.020623504758794542,,-2.407323093801582
main,mnist,4.2,flame_hdbscan,2024,method_minus_full,main/mnist/4.2,fed_mdbscan_g,-0.11279999999999998,-0.1025202497423234,0.08194444444444438,-0.01721516360889483,,-2.4070055816788227
main,mnist,5.2,fed_mdbscan_g,42,attack_minus_clean,clean/mnist/5.2,fed_mdbscan_g,0.0040000000000000036,0.003949859868683625,0.04185185185185181,0.16113744075829384,,-0.17887117076897985
main,mnist,5.2,fed_mdbscan_g,137,attack_minus_clean,clean/mnist/5.2,fed_mdbscan_g,0.0,0.0,0.005185185185185182,0.2644533485975959,,0.03954291286645484
main,mnist,5.2,fed_mdbscan_g,2024,attack_minus_clean,clean/mnist/5.2,fed_mdbscan_g,-0.0007999999999999674,-0.0005165270281822232,0.03240740740740744,0.18028846153846154,,-0.09728630234409774
main,mnist,5.2,fedavg,42,attack_minus_clean,clean/mnist/5.2,fedavg,-0.000200000000000089,-0.00019107348347247033,0.0,,,0.007008063913478205
main,mnist,5.2,fedavg,42,method_minus_full,main/mnist/5.2,fed_mdbscan_g,0.6484,0.6432202277340681,-0.4685185185185185,-0.16113744075829384,,-2.835681067108332
main,mnist,5.2,fedavg,137,attack_minus_clean,clean/mnist/5.2,fedavg,-0.00029999999999996696,-0.0002998527958701924,0.0,,,-0.0012774738987597345
main,mnist,5.2,fedavg,137,method_minus_full,main/mnist/5.2,fed_mdbscan_g,0.6285000000000001,0.6397028972183896,-0.45185185185185184,-0.2644533485975959,,-2.885325032658875
main,mnist,5.2,fedavg,2024,attack_minus_clean,clean/mnist/5.2,fedavg,0.000300000000000078,0.0003005652125862568,0.0,,,0.0010879294054272348
main,mnist,5.2,fedavg,2024,method_minus_full,main/mnist/5.2,fed_mdbscan_g,0.5312,0.5421550348969721,-0.45092592592592595,-0.18028846153846154,,-2.8414038609364067
main,mnist,5.2,sample_weighted_mean,42,method_minus_full,main/mnist/5.2,fed_mdbscan_g,0.6921,0.6876628425197939,-0.4685185185185185,-0.16113744075829384,,-2.761912163463421
main,mnist,5.2,sample_weighted_mean,137,method_minus_full,main/mnist/5.2,fed_mdbscan_g,0.6791,0.6914861890085254,-0.45185185185185184,-0.2644533485975959,,-2.825730548259647
main,mnist,5.2,sample_weighted_mean,2024,method_minus_full,main/mnist/5.2,fed_mdbscan_g,0.5402,0.5496380056637926,-0.45092592592592595,-0.18028846153846154,,-2.777438051459224
main,mnist,5.2,norm_clip,42,method_minus_full,main/mnist/5.2,fed_mdbscan_g,0.5077,0.4996183895919869,-0.4685185185185185,-0.16113744075829384,,-2.8008351937596068
main,mnist,5.2,norm_clip,137,method_minus_full,main/mnist/5.2,fed_mdbscan_g,0.25250000000000006,0.2572668722024317,-0.45185185185185184,-0.2644533485975959,,-2.8573491018537123
main,mnist,5.2,norm_clip,2024,method_minus_full,main/mnist/5.2,fed_mdbscan_g,0.3405,0.347126987262461,-0.45092592592592595,-0.18028846153846154,,-2.808913244155701
main,mnist,5.2,coord_median,42,method_minus_full,main/mnist/5.2,fed_mdbscan_g,-0.027200000000000002,-0.02715460441965148,-0.4685185185185185,-0.16113744075829384,,-2.5254296669270846
main,mnist,5.2,coord_median,137,method_minus_full,main/mnist/5.2,fed_mdbscan_g,0.0,-2.4213404700046404e-05,-0.45185185185185184,-0.2644533485975959,,-2.6213213405921127
main,mnist,5.2,coord_median,2024,method_minus_full,main/mnist/5.2,fed_mdbscan_g,-0.09800000000000003,-0.08747860158990975,-0.45092592592592595,-0.18028846153846154,,-2.5679859333516406
main,mnist,5.2,krum_bound30,42,method_minus_full,main/mnist/5.2,fed_mdbscan_g,0.1303,0.12785065684155242,-0.11203703703703705,-0.019293469127088153,,-1.9243485123074304
main,mnist,5.2,krum_bound30,137,method_minus_full,main/mnist/5.2,fed_mdbscan_g,0.1782,0.1815802909599166,-0.10555555555555557,-0.09140370320752497,,-2.0249347553200403
main,mnist,5.2,krum_bound30,2024,method_minus_full,main/mnist/5.2,fed_mdbscan_g,0.14709999999999995,0.14693217876489056,-0.11435185185185187,0.022548417894162565,,-1.8628980496975902
main,mnist,5.2,fltrust_normalized,42,method_minus_full,main/mnist/5.2,fed_mdbscan_g,0.6048,0.5985593307906617,-0.1680555555555555,0.08388100942620802,,-2.761761207378004
main,mnist,5.2,fltrust_normalized,137,method_minus_full,main/mnist/5.2,fed_mdbscan_g,0.5016,0.5135729312089806,-0.04907407407407405,0.02541930149336835,,-2.8023615582458055
main,mnist,5.2,fltrust_normalized,2024,method_minus_full,main/mnist/5.2,fed_mdbscan_g,0.352,0.3591640084720878,-0.18935185185185188,0.10786026038252997,,-2.742724072001874
main,mnist,5.2,flame_hdbscan,42,method_minus_full,main/mnist/5.2,fed_mdbscan_g,-0.03539999999999999,-0.03495503330042796,0.05231481481481487,0.04661282834827235,,-2.4811302946608826
main,mnist,5.2,flame_hdbscan,137,method_minus_full,main/mnist/5.2,fed_mdbscan_g,-0.00020000000000000573,-0.00017621145374449587,0.03425925925925927,0.019410655719727388,,-2.5322235715847152
main,mnist,5.2,flame_hdbscan,2024,method_minus_full,main/mnist/5.2,fed_mdbscan_g,-0.11200000000000002,-0.10200372271414118,0.08518518518518514,-0.0179507992007992,,-2.557370638389451
main,mnist,6.1,fedavg,42,method_minus_full,main/mnist/6.1,fed_mdbscan_g,-9.999999999998899e-05,-0.00010183299389010525,-0.00037037037037037035,,,-1.0609883104101756
main,mnist,6.1,fedavg,137,method_minus_full,main/mnist/6.1,fed_mdbscan_g,0.00029999999999996696,0.00029402180101512077,-0.0025925925925925925,,,-1.1446229778346606
main,mnist,6.1,fedavg,2024,method_minus_full,main/mnist/6.1,fed_mdbscan_g,-0.0005999999999999339,-0.0005784030810512819,-0.0025925925925925925,,,-1.1256825725664386
main,mnist,6.1,sample_weighted_mean,42,method_minus_full,main/mnist/6.1,fed_mdbscan_g,0.007499999999999951,0.007967486105721289,-0.00037037037037037035,,,-0.9893019862977478
main,mnist,6.1,sample_weighted_mean,137,method_minus_full,main/mnist/6.1,fed_mdbscan_g,0.012899999999999912,0.013226878568456502,-0.0025925925925925925,,,-1.080344211360595
main,mnist,6.1,sample_weighted_mean,2024,method_minus_full,main/mnist/6.1,fed_mdbscan_g,0.012700000000000045,0.012796507953365288,-0.0025925925925925925,,,-1.053411740192678
main,mnist,6.1,norm_clip,42,method_minus_full,main/mnist/6.1,fed_mdbscan_g,0.0,0.0,-0.00037037037037037035,,,-1.028859930295342
main,mnist,6.1,norm_clip,137,method_minus_full,main/mnist/6.1,fed_mdbscan_g,0.00029999999999996696,0.0002941199277751716,-0.0025925925925925925,,,-1.108221186262866
main,mnist,6.1,norm_clip,2024,method_minus_full,main/mnist/6.1,fed_mdbscan_g,-0.00039999999999995595,-0.00038018702555076,-0.0025925925925925925,,,-1.0901278973983912
main,mnist,6.1,coord_median,42,method_minus_full,main/mnist/6.1,fed_mdbscan_g,-0.048900000000000055,-0.05027943115535183,-0.00037037037037037035,,,-0.8031917313812301
main,mnist,6.1,coord_median,137,method_minus_full,main/mnist/6.1,fed_mdbscan_g,-0.04530000000000001,-0.0467517539300194,-0.0025925925925925925,,,-0.8857349153258838
main,mnist,6.1,coord_median,2024,method_minus_full,main/mnist/6.1,fed_mdbscan_g,-0.046499999999999986,-0.047505656274952845,-0.0025925925925925925,,,-0.8771115896292031
main,mnist,6.1,krum_bound30,42,method_minus_full,main/mnist/6.1,fed_mdbscan_g,-0.04060000000000008,-0.042501398234639054,0.3218518518518519,0.0,,-0.0500521957253417
main,mnist,6.1,krum_bound30,137,method_minus_full,main/mnist/6.1,fed_mdbscan_g,-0.05740000000000001,-0.06126771330242042,0.31962962962962965,0.0,,-0.21179942502252147
main,mnist,6.1,krum_bound30,2024,method_minus_full,main/mnist/6.1,fed_mdbscan_g,-0.04189999999999994,-0.04216835130479535,0.31962962962962965,0.0,,-0.15438058533084886
main,mnist,6.1,fltrust_normalized,42,method_minus_full,main/mnist/6.1,fed_mdbscan_g,-0.038900000000000046,-0.03950538694182926,0.26592592592592595,0.0,,-0.9495195473272664
main,mnist,6.1,fltrust_normalized,137,method_minus_full,main/mnist/6.1,fed_mdbscan_g,-0.031500000000000083,-0.033156162618626084,0.23185185185185186,0.0,,-1.0661408570207036
main,mnist,6.1,fltrust_normalized,2024,method_minus_full,main/mnist/6.1,fed_mdbscan_g,-0.028299999999999992,-0.029056788340220074,0.2562962962962963,0.0,,-1.0348456246351514
main,mnist,6.1,flame_hdbscan,42,method_minus_full,main/mnist/6.1,fed_mdbscan_g,-0.08250000000000002,-0.08622579607761527,0.4877777777777778,0.0,,-0.741191420413088
main,mnist,6.1,flame_hdbscan,137,method_minus_full,main/mnist/6.1,fed_mdbscan_g,-0.11450000000000005,-0.11906632968102704,0.48592592592592593,0.0,,-0.809211679827422
main,mnist,6.1,flame_hdbscan,2024,method_minus_full,main/mnist/6.1,fed_mdbscan_g,-0.11509999999999998,-0.12032691472199042,0.4862962962962963,0.0,,-0.7812941219269609
main,mnist,3.1,fed_mdbscan_g,42,attack_minus_clean,clean/mnist/3.1,fed_mdbscan_g,0.5826,0.5748651732440296,-0.3572222222222222,0.8780487804878049,,0.03530097787346076
main,mnist,3.1,fed_mdbscan_g,137,attack_minus_clean,clean/mnist/3.1,fed_mdbscan_g,0.19449999999999998,0.20062139062894105,-0.24157407407407405,0.7091267235718975,,-0.41870295388313616
main,mnist,3.1,fed_mdbscan_g,2024,attack_minus_clean,clean/mnist/3.1,fed_mdbscan_g,0.4019,0.4047978653469113,-0.3074074074074074,0.8181818181818182,,0.45904573616183697
main,mnist,3.1,fedavg,42,attack_minus_clean,clean/mnist/3.1,fedavg,-0.2735000000000001,-0.2739025544919309,0.0,,,-0.005024261202197525
main,mnist,3.1,fedavg,42,method_minus_full,main/mnist/3.1,fed_mdbscan_g,-0.20350000000000001,-0.20140656664973644,-0.06944444444444445,-0.8780487804878049,,-3.123386733936301
main,mnist,3.1,fedavg,137,attack_minus_clean,clean/mnist/3.1,fedavg,-0.24219999999999997,-0.24309896858832414,0.0,,,-0.009955991129390898
main,mnist,3.1,fedavg,137,method_minus_full,main/mnist/3.1,fed_mdbscan_g,0.19210000000000005,0.1962823907969946,-0.2050925925925926,-0.7091267235718975,,-2.6914312281374198
main,mnist,3.1,fedavg,2024,attack_minus_clean,clean/mnist/3.1,fedavg,-0.22049999999999992,-0.21951188033954183,0.0,,,0.004134610279773673
main,mnist,3.1,fedavg,2024,method_minus_full,main/mnist/3.1,fed_mdbscan_g,-0.09229999999999994,-0.08297180303024954,-0.1111111111111111,-0.8181818181818182,,-3.4755261440683776
main,mnist,3.1,sample_weighted_mean,42,method_minus_full,main/mnist/3.1,fed_mdbscan_g,-0.06669999999999998,-0.06661310687713173,-0.06944444444444445,-0.8780487804878049,,-3.0578387531878737
main,mnist,3.1,sample_weighted_mean,137,method_minus_full,main/mnist/3.1,fed_mdbscan_g,0.29610000000000003,0.3011971810595703,-0.2050925925925926,-0.7091267235718975,,-2.615450470180561
main,mnist,3.1,sample_weighted_mean,2024,method_minus_full,main/mnist/3.1,fed_mdbscan_g,-0.04139999999999999,-0.03805593886798753,-0.1111111111111111,-0.8181818181818182,,-3.430264059539574
main,mnist,3.1,norm_clip,42,method_minus_full,main/mnist/3.1,fed_mdbscan_g,0.03539999999999999,0.03703303975051209,-0.06944444444444445,-0.8780487804878049,,-3.0889324138949936
main,mnist,3.1,norm_clip,137,method_minus_full,main/mnist/3.1,fed_mdbscan_g,0.42810000000000004,0.4331094553638093,-0.2050925925925926,-0.7091267235718975,,-2.651044350889667
main,mnist,3.1,norm_clip,2024,method_minus_full,main/mnist/3.1,fed_mdbscan_g,0.10060000000000002,0.10718970196024402,-0.1111111111111111,-0.8181818181818182,,-3.457117400233013
main,mnist,3.1,coord_median,42,method_minus_full,main/mnist/3.1,fed_mdbscan_g,-0.5364,-0.5339709277107211,-0.06944444444444445,-0.8780487804878049,,-2.8298035292110097
main,mnist,3.1,coord_median,137,method_minus_full,main/mnist/3.1,fed_mdbscan_g,-0.19419999999999998,-0.20036721724922896,-0.2050925925925926,-0.7091267235718975,,-2.408145639668995
main,mnist,3.1,coord_median,2024,method_minus_full,main/mnist/3.1,fed_mdbscan_g,-0.409,-0.4009162604295444,-0.1111111111111111,-0.8181818181818182,,-3.1958377700687075
main,mnist,3.1,krum_bound30,42,method_minus_full,main/mnist/3.1,fed_mdbscan_g,-0.1079,-0.10748555488926448,0.08333333333333334,-0.11209133367929425,,-2.198560146044474
main,mnist,3.1,krum_bound30,137,method_minus_full,main/mnist/3.1,fed_mdbscan_g,0.18090000000000006,0.17791087794706362,-0.052314814814814814,0.05683072323661309,,-1.814827152240711
main,mnist,3.1,krum_bound30,2024,method_minus_full,main/mnist/3.1,fed_mdbscan_g,-0.0988,-0.10019261255481404,0.041666666666666685,-0.0522243713733076,,-2.5942882548241566
main,mnist,3.1,fltrust_normalized,42,method_minus_full,main/mnist/3.1,fed_mdbscan_g,0.014100000000000001,0.015245547989416464,0.22037037037037036,-0.49749322493224934,,-3.056099237711169
main,mnist,3.1,fltrust_normalized,137,method_minus_full,main/mnist/3.1,fed_mdbscan_g,0.3267,0.3327842385006815,0.18333333333333335,-0.41580989188872924,,-2.6035650022056265
main,mnist,3.1,fltrust_normalized,2024,method_minus_full,main/mnist/3.1,fed_mdbscan_g,-0.038899999999999935,-0.034829691768588966,0.1476851851851852,-0.4331707968739564,,-3.3988277162696856
main,mnist,3.1,flame_hdbscan,42,method_minus_full,main/mnist/3.1,fed_mdbscan_g,-0.43849999999999995,-0.43439612685609735,0.28935185185185186,-0.29583853790020376,,-2.7849118603936707
main,mnist,3.1,flame_hdbscan,137,method_minus_full,main/mnist/3.1,fed_mdbscan_g,-0.058499999999999996,-0.06031216401201367,0.15324074074074073,-0.1266024517272374,,-2.3431632801502325
main,mnist,3.1,flame_hdbscan,2024,method_minus_full,main/mnist/3.1,fed_mdbscan_g,-0.3076,-0.31090481205551485,0.2412037037037037,-0.23154412127796165,,-3.1822474909674687
main,mnist,1.1,fedavg,42,method_minus_full,main/mnist/1.1,fed_mdbscan_g,0.000300000000000078,0.00033999090904490714,-0.003703703703703704,,,-1.0171937047775523
main,mnist,1.1,fedavg,137,method_minus_full,main/mnist/1.1,fed_mdbscan_g,0.0,7.723489706679132e-06,-0.001851851851851852,,,-1.0130859292577952
main,mnist,1.1,fedavg,2024,method_minus_full,main/mnist/1.1,fed_mdbscan_g,0.00039999999999995595,0.00041694003545089675,-0.0025925925925925925,,,-1.0005588162573984
main,mnist,1.1,sample_weighted_mean,42,method_minus_full,main/mnist/1.1,fed_mdbscan_g,0.0040000000000000036,0.003967924656200772,-0.003703703703703704,,,-0.9401563427022968
main,mnist,1.1,sample_weighted_mean,137,method_minus_full,main/mnist/1.1,fed_mdbscan_g,0.0040000000000000036,0.00412935015479321,-0.001851851851851852,,,-0.9417459126911126
main,mnist,1.1,sample_weighted_mean,2024,method_minus_full,main/mnist/1.1,fed_mdbscan_g,0.0028000000000000247,0.002808109014952098,-0.0025925925925925925,,,-0.9315658942873899
main,mnist,1.1,norm_clip,42,method_minus_full,main/mnist/1.1,fed_mdbscan_g,0.000300000000000078,0.00033999090904490714,-0.003703703703703704,,,-0.9762679663253948
main,mnist,1.1,norm_clip,137,method_minus_full,main/mnist/1.1,fed_mdbscan_g,0.0,7.723489706679132e-06,-0.001851851851851852,,,-0.9911563465371728
main,mnist,1.1,norm_clip,2024,method_minus_full,main/mnist/1.1,fed_mdbscan_g,0.0,1.8876437601789142e-05,-0.0025925925925925925,,,-0.9647572920541279
main,mnist,1.1,coord_median,42,method_minus_full,main/mnist/1.1,fed_mdbscan_g,-0.005799999999999916,-0.005793245951307036,-0.003703703703703704,,,-0.7542275522951967
main,mnist,1.1,coord_median,137,method_minus_full,main/mnist/1.1,fed_mdbscan_g,-0.007499999999999951,-0.0077310530421078605,-0.001851851851851852,,,-0.7526975379597085
main,mnist,1.1,coord_median,2024,method_minus_full,main/mnist/1.1,fed_mdbscan_g,-0.005299999999999971,-0.00540894549240678,-0.0025925925925925925,,,-0.7365071162232197
main,mnist,1.1,krum_bound30,42,method_minus_full,main/mnist/1.1,fed_mdbscan_g,-0.010499999999999954,-0.010561618888065172,0.31851851851851853,0.0,,-0.16347953529718018
main,mnist,1.1,krum_bound30,137,method_minus_full,main/mnist/1.1,fed_mdbscan_g,-0.011700000000000044,-0.012085691923796715,0.3203703703703704,0.0,,-0.05470699493307629
main,mnist,1.1,krum_bound30,2024,method_minus_full,main/mnist/1.1,fed_mdbscan_g,-0.007500000000000062,-0.007709022039156022,0.31962962962962965,0.0,,-0.039080284365142326
main,mnist,1.1,fltrust_normalized,42,method_minus_full,main/mnist/1.1,fed_mdbscan_g,-0.017000000000000015,-0.017053685634973448,0.37925925925925924,0.0,,-0.946643960472041
main,mnist,1.1,fltrust_normalized,137,method_minus_full,main/mnist/1.1,fed_mdbscan_g,-0.022599999999999953,-0.023583220692145468,0.34592592592592597,0.0,,-0.9491343812357323
main,mnist,1.1,fltrust_normalized,2024,method_minus_full,main/mnist/1.1,fed_mdbscan_g,-0.03060000000000007,-0.03103332206989995,0.2607407407407407,0.0,,-0.9150152692571282
main,mnist,1.1,flame_hdbscan,42,method_minus_full,main/mnist/1.1,fed_mdbscan_g,-0.016899999999999915,-0.01718642762384437,0.48518518518518516,0.0,,-0.6585190064739435
main,mnist,1.1,flame_hdbscan,137,method_minus_full,main/mnist/1.1,fed_mdbscan_g,-0.019100000000000006,-0.019715897711533925,0.48703703703703705,0.0,,-0.7141287506131144
main,mnist,1.1,flame_hdbscan,2024,method_minus_full,main/mnist/1.1,fed_mdbscan_g,-0.014000000000000012,-0.014280965328609896,0.48592592592592593,0.0,,-0.6570354084484278
main,mnist,1.2,fedavg,42,method_minus_full,main/mnist/1.2,fed_mdbscan_g,-0.09850000000000003,-0.09852530861269526,-0.004166666666666667,-0.9917355371900827,,-2.315567543404177
main,mnist,1.2,fedavg,137,method_minus_full,main/mnist/1.2,fed_mdbscan_g,-0.09839999999999993,-0.09837110448521291,-0.001851851851851852,-0.996309963099631,,-2.2437505334344072
main,mnist,1.2,fedavg,2024,method_minus_full,main/mnist/1.2,fed_mdbscan_g,-0.10140000000000005,-0.10225760488088298,-0.002777777777777778,-0.994475138121547,,-2.354983844072558
main,mnist,1.2,sample_weighted_mean,42,method_minus_full,main/mnist/1.2,fed_mdbscan_g,-0.09919999999999995,-0.09929101474936763,-0.004166666666666667,-0.9917355371900827,,-2.2536262949889836
main,mnist,1.2,sample_weighted_mean,137,method_minus_full,main/mnist/1.2,fed_mdbscan_g,-0.0938,-0.09435544778339389,-0.001851851851851852,-0.996309963099631,,-2.18809755500018
main,mnist,1.2,sample_weighted_mean,2024,method_minus_full,main/mnist/1.2,fed_mdbscan_g,-0.10310000000000008,-0.10374866345131972,-0.002777777777777778,-0.994475138121547,,-2.288575674209278
main,mnist,1.2,norm_clip,42,method_minus_full,main/mnist/1.2,fed_mdbscan_g,-0.0035999999999999366,-0.003606802989635005,-0.004166666666666667,-0.9917355371900827,,-2.2819398953773393
main,mnist,1.2,norm_clip,137,method_minus_full,main/mnist/1.2,fed_mdbscan_g,-0.0041999999999999815,-0.00427855925085463,-0.001851851851851852,-0.996309963099631,,-2.210220853976595
main,mnist,1.2,norm_clip,2024,method_minus_full,main/mnist/1.2,fed_mdbscan_g,-0.0045000000000000595,-0.004525580907179028,-0.002777777777777778,-0.994475138121547,,-2.3215511639408457
main,mnist,1.2,coord_median,42,method_minus_full,main/mnist/1.2,fed_mdbscan_g,-0.0050000000000000044,-0.004997406992104159,-0.004166666666666667,-0.9917355371900827,,-2.0347858297832624
main,mnist,1.2,coord_median,137,method_minus_full,main/mnist/1.2,fed_mdbscan_g,-0.008299999999999974,-0.008532104533766849,-0.001851851851851852,-0.996309963099631,,-1.9220927995435584
main,mnist,1.2,coord_median,2024,method_minus_full,main/mnist/1.2,fed_mdbscan_g,-0.005400000000000071,-0.005441175435285217,-0.002777777777777778,-0.994475138121547,,-2.057745345887573
main,mnist,1.2,krum_bound30,42,method_minus_full,main/mnist/1.2,fed_mdbscan_g,-0.006099999999999994,-0.0062590430161177935,0.1486111111111111,-0.22577809038157204,,-1.445258597560072
main,mnist,1.2,krum_bound30,137,method_minus_full,main/mnist/1.2,fed_mdbscan_g,-0.006099999999999994,-0.006448134723745391,0.15092592592592594,-0.2303525162911204,,-1.3522394703778748
main,mnist,1.2,krum_bound30,2024,method_minus_full,main/mnist/1.2,fed_mdbscan_g,-0.0039000000000000146,-0.003939162087410741,0.15000000000000002,-0.22851769131303634,,-1.3421027002972552
main,mnist,1.2,fltrust_normalized,42,method_minus_full,main/mnist/1.2,fed_mdbscan_g,-0.01849999999999996,-0.018578664916630294,0.35555555555555557,-0.6390150869086568,,-2.2482407029601745
main,mnist,1.2,fltrust_normalized,137,method_minus_full,main/mnist/1.2,fed_mdbscan_g,-0.02299999999999991,-0.02380348713105429,0.34722222222222227,-0.6627619914318912,,-2.182450144260656
main,mnist,1.2,fltrust_normalized,2024,method_minus_full,main/mnist/1.2,fed_mdbscan_g,-0.03380000000000005,-0.03428581804888675,0.2569444444444445,-0.5866660274924798,,-2.2837865096516907
main,mnist,1.2,flame_hdbscan,42,method_minus_full,main/mnist/1.2,fed_mdbscan_g,-0.011099999999999999,-0.01121685417305418,0.35555555555555557,-0.4101523384824898,,-2.0293148533479934
main,mnist,1.2,flame_hdbscan,137,method_minus_full,main/mnist/1.2,fed_mdbscan_g,-0.013599999999999945,-0.014178394772864866,0.3592592592592593,-0.4156648018093084,,-1.91688582393496
main,mnist,1.2,flame_hdbscan,2024,method_minus_full,main/mnist/1.2,fed_mdbscan_g,-0.01090000000000002,-0.011137647312670973,0.35833333333333334,-0.41382997683122436,,-1.9847651985667958
main,mnist,1.3,fedavg,42,method_minus_full,main/mnist/1.3,fed_mdbscan_g,-0.005499999999999949,-0.005348926499167517,-0.0060185185185185185,-0.9575871819038643,,-2.3953778042341582
main,mnist,1.3,fedavg,137,method_minus_full,main/mnist/1.3,fed_mdbscan_g,-0.005099999999999993,-0.004920736974251216,-0.000925925925925926,-0.9576923076923077,,-2.190339724626392
main,mnist,1.3,fedavg,2024,method_minus_full,main/mnist/1.3,fed_mdbscan_g,-0.0038000000000000256,-0.0037058199908643896,-0.002777777777777778,-0.9510086455331412,,-2.4079419707219736
main,mnist,1.3,sample_weighted_mean,42,method_minus_full,main/mnist/1.3,fed_mdbscan_g,-0.005199999999999982,-0.0050124893117351466,-0.0060185185185185185,-0.9575871819038643,,-2.33446718325528
main,mnist,1.3,sample_weighted_mean,137,method_minus_full,main/mnist/1.3,fed_mdbscan_g,0.0039000000000000146,0.004053093861961399,-0.000925925925925926,-0.9576923076923077,,-2.1265191733526687
main,mnist,1.3,sample_weighted_mean,2024,method_minus_full,main/mnist/1.3,fed_mdbscan_g,-0.0034000000000000696,-0.003283070676566524,-0.002777777777777778,-0.9510086455331412,,-2.337885999834786
main,mnist,1.3,norm_clip,42,method_minus_full,main/mnist/1.3,fed_mdbscan_g,-0.005499999999999949,-0.005372283674746625,-0.0060185185185185185,-0.9575871819038643,,-2.359889950684737
main,mnist,1.3,norm_clip,137,method_minus_full,main/mnist/1.3,fed_mdbscan_g,-0.0044999999999999485,-0.004378934196406448,-0.000925925925925926,-0.9576923076923077,,-2.1545241064198004
main,mnist,1.3,norm_clip,2024,method_minus_full,main/mnist/1.3,fed_mdbscan_g,-0.0033000000000000806,-0.0032184515139652703,-0.002777777777777778,-0.9510086455331412,,-2.3597692256987406
main,mnist,1.3,coord_median,42,method_minus_full,main/mnist/1.3,fed_mdbscan_g,-0.006599999999999939,-0.006543566042479632,-0.0060185185185185185,-0.9575871819038643,,-2.1406284916525085
main,mnist,1.3,coord_median,137,method_minus_full,main/mnist/1.3,fed_mdbscan_g,-0.00759999999999994,-0.0076744285853938,-0.000925925925925926,-0.9576923076923077,,-1.9525271914666518
main,mnist,1.3,coord_median,2024,method_minus_full,main/mnist/1.3,fed_mdbscan_g,-0.0049000000000000155,-0.004920200776542094,-0.002777777777777778,-0.9510086455331412,,-2.140296405577101
main,mnist,1.3,krum_bound30,42,method_minus_full,main/mnist/1.3,fed_mdbscan_g,-0.007099999999999995,-0.0072656357551169615,0.14675925925925928,-0.19162973509535364,,-1.5812997944575422
main,mnist,1.3,krum_bound30,137,method_minus_full,main/mnist/1.3,fed_mdbscan_g,-0.005800000000000027,-0.006151270062324965,0.15324074074074076,-0.19599018003273327,,-1.293095729247822
main,mnist,1.3,krum_bound30,2024,method_minus_full,main/mnist/1.3,fed_mdbscan_g,-0.0036000000000000476,-0.0036032423693772575,0.15046296296296297,-0.18646963844094266,,-1.492885325930547
main,mnist,1.3,fltrust_normalized,42,method_minus_full,main/mnist/1.3,fed_mdbscan_g,-0.019199999999999995,-0.019301469557893802,0.3412037037037037,-0.4628380570497219,,-2.3298147529091997
main,mnist,1.3,fltrust_normalized,137,method_minus_full,main/mnist/1.3,fed_mdbscan_g,-0.022199999999999998,-0.022998908533524154,0.34768518518518515,-0.37701173689099055,,-2.1205232927769733
main,mnist,1.3,fltrust_normalized,2024,method_minus_full,main/mnist/1.3,fed_mdbscan_g,-0.03380000000000005,-0.03429298673305081,0.24861111111111112,-0.30475864553314125,,-2.3197608730561723
main,mnist,1.3,flame_hdbscan,42,method_minus_full,main/mnist/1.3,fed_mdbscan_g,-0.012199999999999989,-0.012326116316570768,0.3537037037037037,-0.3760039831962714,,-2.0715732236315185
main,mnist,1.3,flame_hdbscan,137,method_minus_full,main/mnist/1.3,fed_mdbscan_g,-0.013499999999999956,-0.014049742797286657,0.36296296296296293,-0.3842657342657343,,-1.8850006808992474
main,mnist,1.3,flame_hdbscan,2024,method_minus_full,main/mnist/1.3,fed_mdbscan_g,-0.01090000000000002,-0.011149394570494797,0.3611111111111111,-0.37681509714604444,,-2.0292805442392514
main,mnist,2.1,fedavg,42,method_minus_full,main/mnist/2.1,fed_mdbscan_g,-0.137,-0.13746879865385664,0.0,-1.0,,-2.6857497807242905
main,mnist,2.1,fedavg,137,method_minus_full,main/mnist/2.1,fed_mdbscan_g,-0.13319999999999999,-0.13346266377419502,-0.0023148148148148147,-0.9953917050691244,,-2.7590384033625015
main,mnist,2.1,fedavg,2024,method_minus_full,main/mnist/2.1,fed_mdbscan_g,-0.13870000000000005,-0.13954893618618203,-0.001388888888888889,-0.997229916897507,,-2.952640475406467
main,mnist,2.1,sample_weighted_mean,42,method_minus_full,main/mnist/2.1,fed_mdbscan_g,-0.11850000000000005,-0.11844588437382719,0.0,-1.0,,-2.620914766475713
main,mnist,2.1,sample_weighted_mean,137,method_minus_full,main/mnist/2.1,fed_mdbscan_g,-0.11410000000000009,-0.11374957360319204,-0.0023148148148148147,-0.9953917050691244,,-2.678993011914039
main,mnist,2.1,sample_weighted_mean,2024,method_minus_full,main/mnist/2.1,fed_mdbscan_g,-0.13430000000000009,-0.1350009549593284,-0.001388888888888889,-0.997229916897507,,-2.8886358938761987
main,mnist,2.1,norm_clip,42,method_minus_full,main/mnist/2.1,fed_mdbscan_g,-0.006500000000000061,-0.006565367283874468,0.0,-1.0,,-2.6403282567897497
main,mnist,2.1,norm_clip,137,method_minus_full,main/mnist/2.1,fed_mdbscan_g,-0.005199999999999982,-0.005356757936213596,-0.0023148148148148147,-0.9953917050691244,,-2.7342344817162183
main,mnist,2.1,norm_clip,2024,method_minus_full,main/mnist/2.1,fed_mdbscan_g,-0.00550000000000006,-0.005530507621979375,-0.001388888888888889,-0.997229916897507,,-2.9140693512900424
main,mnist,2.1,coord_median,42,method_minus_full,main/mnist/2.1,fed_mdbscan_g,-0.050000000000000044,-0.051323155974597356,0.0,-1.0,,-2.372846156347077
main,mnist,2.1,coord_median,137,method_minus_full,main/mnist/2.1,fed_mdbscan_g,-0.055499999999999994,-0.05754373135113344,-0.0023148148148148147,-0.9953917050691244,,-2.4588550766347907
main,mnist,2.1,coord_median,2024,method_minus_full,main/mnist/2.1,fed_mdbscan_g,-0.04959999999999998,-0.050378638974322376,-0.001388888888888889,-0.997229916897507,,-2.677726082674538
main,mnist,2.1,krum_bound30,42,method_minus_full,main/mnist/2.1,fed_mdbscan_g,-0.0121,-0.012475599115740255,0.1527777777777778,-0.23404255319148937,,-1.8575585169096787
main,mnist,2.1,krum_bound30,137,method_minus_full,main/mnist/2.1,fed_mdbscan_g,-0.02839999999999998,-0.030355100772957555,0.15046296296296297,-0.2294342582606138,,-1.8773591756626655
main,mnist,2.1,krum_bound30,2024,method_minus_full,main/mnist/2.1,fed_mdbscan_g,-0.018000000000000016,-0.018040885506552695,0.1513888888888889,-0.23127247008899632,,-1.9609906543201459
main,mnist,2.1,fltrust_normalized,42,method_minus_full,main/mnist/2.1,fed_mdbscan_g,-0.026900000000000035,-0.027150168504761374,0.2412037037037037,-0.5954887218045113,,-2.6036525694381756
main,mnist,2.1,fltrust_normalized,137,method_minus_full,main/mnist/2.1,fed_mdbscan_g,-0.03720000000000001,-0.03866010240106588,0.25,-0.5874680073435192,,-2.6960638247624353
main,mnist,2.1,fltrust_normalized,2024,method_minus_full,main/mnist/2.1,fed_mdbscan_g,-0.03600000000000003,-0.03632872748591198,0.2574074074074074,-0.619370138299721,,-2.8809952184480307
main,mnist,2.1,flame_hdbscan,42,method_minus_full,main/mnist/2.1,fed_mdbscan_g,-0.04640000000000011,-0.049456767613057395,0.3597222222222222,-0.4184168012924071,,-2.33973922249473
main,mnist,2.1,flame_hdbscan,137,method_minus_full,main/mnist/2.1,fed_mdbscan_g,-0.060900000000000065,-0.06172281209383268,0.35833333333333334,-0.4144342010346973,,-2.41188418463571
main,mnist,2.1,flame_hdbscan,2024,method_minus_full,main/mnist/2.1,fed_mdbscan_g,-0.0504,-0.0512113057356165,0.3597222222222222,-0.41658475560718433,,-2.611584329500329
main,mnist,2.2,fedavg,42,method_minus_full,main/mnist/2.2,fed_mdbscan_g,-0.010600000000000054,-0.010416835124191559,0.0,-0.8157894736842105,,-2.328772331048579
main,mnist,2.2,fedavg,137,method_minus_full,main/mnist/2.2,fed_mdbscan_g,-0.00759999999999994,-0.008034551715099258,-0.001851851851851852,-0.7407407407407407,,-2.331445529703827
main,mnist,2.2,fedavg,2024,method_minus_full,main/mnist/2.2,fed_mdbscan_g,-0.009800000000000031,-0.009731400024621917,-0.001388888888888889,-0.7673098751418842,,-2.312282855626351
main,mnist,2.2,sample_weighted_mean,42,method_minus_full,main/mnist/2.2,fed_mdbscan_g,-0.018199999999999994,-0.01699344587312579,0.0,-0.8157894736842105,,-2.285093966332109
main,mnist,2.2,sample_weighted_mean,137,method_minus_full,main/mnist/2.2,fed_mdbscan_g,0.0030000000000000027,0.0024375879883448137,-0.001851851851851852,-0.7407407407407407,,-2.254356904250259
main,mnist,2.2,sample_weighted_mean,2024,method_minus_full,main/mnist/2.2,fed_mdbscan_g,0.005800000000000027,0.005953596736870348,-0.001388888888888889,-0.7673098751418842,,-2.2596378578571605
main,mnist,2.2,norm_clip,42,method_minus_full,main/mnist/2.2,fed_mdbscan_g,-0.009800000000000031,-0.009653362701994683,0.0,-0.8157894736842105,,-2.3067278512908764
main,mnist,2.2,norm_clip,137,method_minus_full,main/mnist/2.2,fed_mdbscan_g,-0.005599999999999938,-0.006009683731862503,-0.001851851851851852,-0.7407407407407407,,-2.292776675580535
main,mnist,2.2,norm_clip,2024,method_minus_full,main/mnist/2.2,fed_mdbscan_g,-0.007299999999999973,-0.007250750016065677,-0.001388888888888889,-0.7673098751418842,,-2.28549169501833
main,mnist,2.2,coord_median,42,method_minus_full,main/mnist/2.2,fed_mdbscan_g,-0.04620000000000002,-0.048023593823470545,0.0,-0.8157894736842105,,-2.0755639870495846
main,mnist,2.2,coord_median,137,method_minus_full,main/mnist/2.2,fed_mdbscan_g,-0.06779999999999997,-0.06974251795837061,-0.001851851851851852,-0.7407407407407407,,-2.080518645280972
main,mnist,2.2,coord_median,2024,method_minus_full,main/mnist/2.2,fed_mdbscan_g,-0.06459999999999999,-0.0655097494636423,-0.001388888888888889,-0.7673098751418842,,-2.0738956065732057
main,mnist,2.2,krum_bound30,42,method_minus_full,main/mnist/2.2,fed_mdbscan_g,-0.011700000000000044,-0.01220136393221205,0.1712962962962963,-0.10656961552818212,,-1.3525162973208353
main,mnist,2.2,krum_bound30,137,method_minus_full,main/mnist/2.2,fed_mdbscan_g,-0.03809999999999991,-0.03991433961122837,0.2013888888888889,-0.12939322301024425,,-1.4737021962801613
main,mnist,2.2,krum_bound30,2024,method_minus_full,main/mnist/2.2,fed_mdbscan_g,-0.02059999999999995,-0.02065368090124331,0.1763888888888889,-0.07794817301422463,,-1.4107037421936792
main,mnist,2.2,fltrust_normalized,42,method_minus_full,main/mnist/2.2,fed_mdbscan_g,-0.03090000000000004,-0.031454557163278274,0.24027777777777778,-0.22309844378387833,,-2.258182739827316
main,mnist,2.2,fltrust_normalized,137,method_minus_full,main/mnist/2.2,fed_mdbscan_g,-0.03320000000000001,-0.03468220556456636,0.24953703703703703,-0.11249501559824548,,-2.262578463317671
main,mnist,2.2,fltrust_normalized,2024,method_minus_full,main/mnist/2.2,fed_mdbscan_g,-0.03520000000000001,-0.035532381780077116,0.25324074074074077,-0.21293321731695047,,-2.2542230100215725
main,mnist,2.2,flame_hdbscan,42,method_minus_full,main/mnist/2.2,fed_mdbscan_g,-0.046800000000000064,-0.04994372413324999,0.3824074074074074,-0.286979565229714,,-1.9940858193479167
main,mnist,2.2,flame_hdbscan,137,method_minus_full,main/mnist/2.2,fed_mdbscan_g,-0.07019999999999993,-0.07142395970419835,0.41574074074074074,-0.2929474145835825,,-1.9904820499398435
main,mnist,2.2,flame_hdbscan,2024,method_minus_full,main/mnist/2.2,fed_mdbscan_g,-0.05469999999999997,-0.05547815273411949,0.3824074074074074,-0.24014473259212632,,-1.998326341509043
main,mnist,2.3,fedavg,42,method_minus_full,main/mnist/2.3,fed_mdbscan_g,-0.138,-0.14015320532818398,-0.0005291005291005291,-0.999383096853794,,-2.864991395493659
main,mnist,2.3,fedavg,137,method_minus_full,main/mnist/2.3,fed_mdbscan_g,-0.131,-0.13111000491979163,-0.0010582010582010583,-0.998766954377312,,-2.6911597765012027
main,mnist,2.3,fedavg,2024,method_minus_full,main/mnist/2.3,fed_mdbscan_g,-0.1513000000000001,-0.1532848851052364,-0.0021164021164021165,-0.9975369458128078,,-2.846354323858395
main,mnist,2.3,sample_weighted_mean,42,method_minus_full,main/mnist/2.3,fed_mdbscan_g,-0.12430000000000008,-0.12591758518236984,-0.0005291005291005291,-0.999383096853794,,-2.8010884825644706
main,mnist,2.3,sample_weighted_mean,137,method_minus_full,main/mnist/2.3,fed_mdbscan_g,-0.12209999999999999,-0.12319386787492714,-0.0010582010582010583,-0.998766954377312,,-2.6413303340241936
main,mnist,2.3,sample_weighted_mean,2024,method_minus_full,main/mnist/2.3,fed_mdbscan_g,-0.11040000000000005,-0.11205419962530772,-0.0021164021164021165,-0.9975369458128078,,-2.7721521771318898
main,mnist,2.3,norm_clip,42,method_minus_full,main/mnist/2.3,fed_mdbscan_g,-0.010000000000000009,-0.010149575295161029,-0.0005291005291005291,-0.999383096853794,,-2.82761793290653
main,mnist,2.3,norm_clip,137,method_minus_full,main/mnist/2.3,fed_mdbscan_g,-0.010199999999999987,-0.010543521782593324,-0.0010582010582010583,-0.998766954377312,,-2.6617896131278638
main,mnist,2.3,norm_clip,2024,method_minus_full,main/mnist/2.3,fed_mdbscan_g,-0.008600000000000052,-0.008785611567051155,-0.0021164021164021165,-0.9975369458128078,,-2.826829955742384
main,mnist,2.3,coord_median,42,method_minus_full,main/mnist/2.3,fed_mdbscan_g,-0.06120000000000003,-0.06302649482720701,-0.0005291005291005291,-0.999383096853794,,-2.571811828323795
main,mnist,2.3,coord_median,137,method_minus_full,main/mnist/2.3,fed_mdbscan_g,-0.04710000000000003,-0.04976317450715528,-0.0010582010582010583,-0.998766954377312,,-2.3905181318831943
main,mnist,2.3,coord_median,2024,method_minus_full,main/mnist/2.3,fed_mdbscan_g,-0.04080000000000006,-0.042050837042577505,-0.0021164021164021165,-0.9975369458128078,,-2.5573535420388604
main,mnist,2.3,krum_bound30,42,method_minus_full,main/mnist/2.3,fed_mdbscan_g,-0.005299999999999971,-0.005455797231692205,0.031216931216931216,-0.035097382568079705,,-1.9697632958414035
main,mnist,2.3,krum_bound30,137,method_minus_full,main/mnist/2.3,fed_mdbscan_g,-0.0040000000000000036,-0.003976647986542403,0.030687830687830688,-0.0344812400915977,,-1.8162079361616636
main,mnist,2.3,krum_bound30,2024,method_minus_full,main/mnist/2.3,fed_mdbscan_g,-0.0036000000000000476,-0.0035761214760245963,0.029629629629629627,-0.03325123152709353,,-1.9931872238560269
main,mnist,2.3,fltrust_normalized,42,method_minus_full,main/mnist/2.3,fed_mdbscan_g,-0.042200000000000015,-0.042921860321477046,0.2597883597883598,-0.5080737109905263,,-2.8000834462582134
main,mnist,2.3,fltrust_normalized,137,method_minus_full,main/mnist/2.3,fed_mdbscan_g,-0.034600000000000075,-0.036131581332785045,0.21693121693121692,-0.4772908503240755,,-2.6355412356128607
main,mnist,2.3,fltrust_normalized,2024,method_minus_full,main/mnist/2.3,fed_mdbscan_g,-0.025800000000000045,-0.026286551570532835,0.2560846560846561,-0.515665600783568,,-2.7694506374731036
main,mnist,2.3,flame_hdbscan,42,method_minus_full,main/mnist/2.3,fed_mdbscan_g,-0.021600000000000064,-0.022679997355325,0.2687830687830688,-0.23846247684439992,,-2.552471949066967
main,mnist,2.3,flame_hdbscan,137,method_minus_full,main/mnist/2.3,fed_mdbscan_g,-0.05700000000000005,-0.061953712040097364,0.2687830687830688,-0.23820357409562187,,-2.348220887741385
main,mnist,2.3,flame_hdbscan,2024,method_minus_full,main/mnist/2.3,fed_mdbscan_g,-0.03080000000000005,-0.0308482441868001,0.2677248677248677,-0.2369735655311177,,-2.5146964412609423
main,mnist,3.2,fedavg,42,method_minus_full,main/mnist/3.2,fed_mdbscan_g,-0.24050000000000005,-0.24382315983075442,-0.020634920634920634,-0.976491862567812,,-3.0116726144643815
main,mnist,3.2,fedavg,137,method_minus_full,main/mnist/3.2,fed_mdbscan_g,-0.07820000000000005,-0.07094277070473975,-0.03597883597883598,-0.9597156398104265,,-2.4272843369321584
main,mnist,3.2,fedavg,2024,method_minus_full,main/mnist/3.2,fed_mdbscan_g,-0.24170000000000003,-0.24341300547139744,-0.06878306878306878,-0.9257142857142857,,-3.222712151162947
main,mnist,3.2,sample_weighted_mean,42,method_minus_full,main/mnist/3.2,fed_mdbscan_g,-0.11230000000000007,-0.11263214733379046,-0.020634920634920634,-0.976491862567812,,-2.935586803464685
main,mnist,3.2,sample_weighted_mean,137,method_minus_full,main/mnist/3.2,fed_mdbscan_g,0.03269999999999995,0.0406619802128928,-0.03597883597883598,-0.9597156398104265,,-2.3377087721872765
main,mnist,3.2,sample_weighted_mean,2024,method_minus_full,main/mnist/3.2,fed_mdbscan_g,-0.12519999999999998,-0.12740976808876914,-0.06878306878306878,-0.9257142857142857,,-3.1448548593247927
main,mnist,3.2,norm_clip,42,method_minus_full,main/mnist/3.2,fed_mdbscan_g,-0.027100000000000013,-0.02761384708495529,-0.020634920634920634,-0.976491862567812,,-2.9813932404387744
main,mnist,3.2,norm_clip,137,method_minus_full,main/mnist/3.2,fed_mdbscan_g,0.09009999999999996,0.09595307268084341,-0.03597883597883598,-0.9597156398104265,,-2.3811297577029715
main,mnist,3.2,norm_clip,2024,method_minus_full,main/mnist/3.2,fed_mdbscan_g,-0.03270000000000006,-0.0332047330453088,-0.06878306878306878,-0.9257142857142857,,-3.1954696713907955
main,mnist,3.2,coord_median,42,method_minus_full,main/mnist/3.2,fed_mdbscan_g,-0.6589,-0.6521906666358932,-0.020634920634920634,-0.976491862567812,,-2.702333281883815
main,mnist,3.2,coord_median,137,method_minus_full,main/mnist/3.2,fed_mdbscan_g,-0.46870000000000006,-0.4712928826105699,-0.03597883597883598,-0.9597156398104265,,-2.1565272724915605
main,mnist,3.2,coord_median,2024,method_minus_full,main/mnist/3.2,fed_mdbscan_g,-0.6008,-0.5986256551306728,-0.06878306878306878,-0.9257142857142857,,-2.9238447983865625
main,mnist,3.2,krum_bound30,42,method_minus_full,main/mnist/3.2,fed_mdbscan_g,-0.06000000000000005,-0.06084177582087835,0.01111111111111111,-0.01220614828209765,,-2.053786212046786
main,mnist,3.2,krum_bound30,137,method_minus_full,main/mnist/3.2,fed_mdbscan_g,0.0663999999999999,0.07231105899933787,-0.004232804232804234,0.004570074475287789,,-1.4543666270018243
main,mnist,3.2,krum_bound30,2024,method_minus_full,main/mnist/3.2,fed_mdbscan_g,-0.05890000000000006,-0.06401168162358917,-0.037037037037037035,0.03857142857142859,,-2.2958409629878584
main,mnist,3.2,fltrust_normalized,42,method_minus_full,main/mnist/3.2,fed_mdbscan_g,-0.018399999999999972,-0.018169419159353772,0.27142857142857146,-0.5348442653138074,,-2.932660663368491
main,mnist,3.2,fltrust_normalized,137,method_minus_full,main/mnist/3.2,fed_mdbscan_g,0.17869999999999997,0.18987019510556846,0.33386243386243386,-0.5473011211360446,,-2.345665456013133
main,mnist,3.2,fltrust_normalized,2024,method_minus_full,main/mnist/3.2,fed_mdbscan_g,-0.12409999999999999,-0.1270363348774065,0.2,-0.4564924506387921,,-3.151721566131649
main,mnist,3.2,flame_hdbscan,42,method_minus_full,main/mnist/3.2,fed_mdbscan_g,-0.4803,-0.4785463903682905,0.24126984126984127,-0.21053441575930132,,-2.679763665655628
main,mnist,3.2,flame_hdbscan,137,method_minus_full,main/mnist/3.2,fed_mdbscan_g,-0.31250000000000006,-0.31252024171600584,0.23015873015873015,-0.19664451404500027,,-2.096947208213775
main,mnist,3.2,flame_hdbscan,2024,method_minus_full,main/mnist/3.2,fed_mdbscan_g,-0.3685,-0.37627730197771403,0.18518518518518517,-0.15428571428571425,,-2.9142999205156226
main,mnist,4.1,fedavg,42,method_minus_full,main/mnist/4.1,fed_mdbscan_g,0.00039999999999995595,0.0004085754774481032,0.0,-0.0036968576709796672,,-1.0703854980645702
main,mnist,4.1,fedavg,137,method_minus_full,main/mnist/4.1,fed_mdbscan_g,0.00039999999999995595,0.00039767130333023815,-0.002777777777777778,0.0,,-1.122086346622867
main,mnist,4.1,fedavg,2024,method_minus_full,main/mnist/4.1,fed_mdbscan_g,-0.00019999999999997797,-0.00018904637798233814,-0.0023148148148148147,-0.003663003663003663,,-1.0832961546179527
main,mnist,4.1,sample_weighted_mean,42,method_minus_full,main/mnist/4.1,fed_mdbscan_g,0.0037000000000000366,0.003954148519278666,0.0,-0.0036968576709796672,,-0.9986892254285825
main,mnist,4.1,sample_weighted_mean,137,method_minus_full,main/mnist/4.1,fed_mdbscan_g,0.0131,0.01342949769986479,-0.002777777777777778,0.0,,-1.0653820773780658
main,mnist,4.1,sample_weighted_mean,2024,method_minus_full,main/mnist/4.1,fed_mdbscan_g,0.013599999999999945,0.01371275740263922,-0.0023148148148148147,-0.003663003663003663,,-1.0002151315372128
main,mnist,4.1,norm_clip,42,method_minus_full,main/mnist/4.1,fed_mdbscan_g,0.0004999999999999449,0.0005198466901390475,0.0,-0.0036968576709796672,,-1.042526799448145
main,mnist,4.1,norm_clip,137,method_minus_full,main/mnist/4.1,fed_mdbscan_g,0.00039999999999995595,0.00038457358100207895,-0.002777777777777778,0.0,,-1.0890193830477075
main,mnist,4.1,norm_clip,2024,method_minus_full,main/mnist/4.1,fed_mdbscan_g,-0.00019999999999997797,-0.00018904637798233814,-0.0023148148148148147,-0.003663003663003663,,-1.0460830499301665
main,mnist,4.1,coord_median,42,method_minus_full,main/mnist/4.1,fed_mdbscan_g,-0.05169999999999997,-0.05307948682675945,0.0,-0.0036968576709796672,,-0.8200814322102816
main,mnist,4.1,coord_median,137,method_minus_full,main/mnist/4.1,fed_mdbscan_g,-0.04360000000000008,-0.04517571672831977,-0.002777777777777778,0.0,,-0.87711388367073
main,mnist,4.1,coord_median,2024,method_minus_full,main/mnist/4.1,fed_mdbscan_g,-0.04520000000000002,-0.04620218829684575,-0.0023148148148148147,-0.003663003663003663,,-0.8428001634737787
main,mnist,4.1,krum_bound30,42,method_minus_full,main/mnist/4.1,fed_mdbscan_g,-0.04139999999999999,-0.04349574159609515,0.32037037037037036,0.24878541183256642,,-0.08973981160670519
main,mnist,4.1,krum_bound30,137,method_minus_full,main/mnist/4.1,fed_mdbscan_g,-0.058700000000000085,-0.06255860228076726,0.3189814814814815,0.24822695035460993,,-0.13055971393284072
main,mnist,4.1,krum_bound30,2024,method_minus_full,main/mnist/4.1,fed_mdbscan_g,-0.038900000000000046,-0.03920065891144853,0.35185185185185186,0.1452731665497623,,-0.12122900604736064
main,mnist,4.1,fltrust_normalized,42,method_minus_full,main/mnist/4.1,fed_mdbscan_g,-0.028200000000000003,-0.028431801773450838,0.25,0.266919635523576,,-0.9908744907472283
main,mnist,4.1,fltrust_normalized,137,method_minus_full,main/mnist/4.1,fed_mdbscan_g,-0.036900000000000044,-0.038640303027628775,0.23333333333333334,0.18809318377911993,,-1.0514095146752274
main,mnist,4.1,fltrust_normalized,2024,method_minus_full,main/mnist/4.1,fed_mdbscan_g,-0.025800000000000045,-0.026327785207554966,0.2583333333333333,0.255216238641653,,-0.9986195196669239
main,mnist,4.1,flame_hdbscan,42,method_minus_full,main/mnist/4.1,fed_mdbscan_g,-0.07299999999999995,-0.07696968826074146,0.47824074074074074,0.30034626901365646,,-0.7661584773294938
main,mnist,4.1,flame_hdbscan,137,method_minus_full,main/mnist/4.1,fed_mdbscan_g,-0.1119,-0.11609113900436052,0.48935185185185187,0.27541689080150616,,-0.7603294225332017
main,mnist,4.1,flame_hdbscan,2024,method_minus_full,main/mnist/4.1,fed_mdbscan_g,-0.11309999999999998,-0.11798958433666262,0.5083333333333334,0.2287199979507672,,-0.7248764413835791
main,mnist,4.3,fedavg,42,method_minus_full,main/mnist/4.3,fed_mdbscan_g,0.6341,0.6288587568079744,-0.37195767195767193,-0.445814072932717,,-2.898931331874337
main,mnist,4.3,fedavg,137,method_minus_full,main/mnist/4.3,fed_mdbscan_g,0.6199,0.6314047623887062,-0.4444444444444444,-0.38551859099804303,,-3.008263053997265
main,mnist,4.3,fedavg,2024,method_minus_full,main/mnist/4.3,fed_mdbscan_g,0.5259,0.5366735843102876,-0.4132275132275132,-0.35214914552045573,,-2.77159216554525
main,mnist,4.3,sample_weighted_mean,42,method_minus_full,main/mnist/4.3,fed_mdbscan_g,0.6778,0.6729809943565264,-0.37195767195767193,-0.445814072932717,,-2.8390127035478754
main,mnist,4.3,sample_weighted_mean,137,method_minus_full,main/mnist/4.3,fed_mdbscan_g,0.6847000000000001,0.6974727169400183,-0.4444444444444444,-0.38551859099804303,,-2.9385615936790903
main,mnist,4.3,sample_weighted_mean,2024,method_minus_full,main/mnist/4.3,fed_mdbscan_g,0.5521,0.5624616987196795,-0.4132275132275132,-0.35214914552045573,,-2.711336585033375
main,mnist,4.3,norm_clip,42,method_minus_full,main/mnist/4.3,fed_mdbscan_g,0.5169,0.509116652624838,-0.37195767195767193,-0.445814072932717,,-2.8626751641354837
main,mnist,4.3,norm_clip,137,method_minus_full,main/mnist/4.3,fed_mdbscan_g,0.24889999999999998,0.25419725651775193,-0.4444444444444444,-0.38551859099804303,,-2.9617850473538665
main,mnist,4.3,norm_clip,2024,method_minus_full,main/mnist/4.3,fed_mdbscan_g,0.35150000000000003,0.35866748083928013,-0.4132275132275132,-0.35214914552045573,,-2.733574710390531
main,mnist,4.3,coord_median,42,method_minus_full,main/mnist/4.3,fed_mdbscan_g,-0.0461,-0.04584907156487694,-0.37195767195767193,-0.445814072932717,,-2.6804055290490703
main,mnist,4.3,coord_median,137,method_minus_full,main/mnist/4.3,fed_mdbscan_g,0.00010000000000001674,7.489462305018679e-05,-0.4444444444444444,-0.38551859099804303,,-2.783507920068223
main,mnist,4.3,coord_median,2024,method_minus_full,main/mnist/4.3,fed_mdbscan_g,-0.101,-0.08958279500596159,-0.4132275132275132,-0.35214914552045573,,-2.5370496645725025
main,mnist,4.3,krum_bound30,42,method_minus_full,main/mnist/4.3,fed_mdbscan_g,0.124,0.1202901791900664,-0.08783068783068781,-0.04938550150414561,,-1.9732174566093212
main,mnist,4.3,krum_bound30,137,method_minus_full,main/mnist/4.3,fed_mdbscan_g,0.1428,0.1468025169059142,-0.14074074074074072,-0.033137638617090626,,-2.113757517146102
main,mnist,4.3,krum_bound30,2024,method_minus_full,main/mnist/4.3,fed_mdbscan_g,0.14379999999999998,0.14304416090421435,-0.08095238095238094,-0.06405390742521766,,-1.8624738356447779
main,mnist,4.3,fltrust_normalized,42,method_minus_full,main/mnist/4.3,fed_mdbscan_g,0.5945,0.5884236825976092,-0.07830687830687827,-0.14780908540154497,,-2.824540376822309
main,mnist,4.3,fltrust_normalized,137,method_minus_full,main/mnist/4.3,fed_mdbscan_g,0.517,0.5282142654468008,-0.06984126984126982,-0.06565140782150736,,-2.9351177208824084
main,mnist,4.3,fltrust_normalized,2024,method_minus_full,main/mnist/4.3,fed_mdbscan_g,0.3476,0.3553550391794099,-0.13174603174603172,-0.09161771324566637,,-2.689423376853423
main,mnist,4.3,flame_hdbscan,42,method_minus_full,main/mnist/4.3,fed_mdbscan_g,-0.052800000000000014,-0.052300726057544406,0.07460317460317462,0.0011342838747946948,,-2.5579498854543394
main,mnist,4.3,flame_hdbscan,137,method_minus_full,main/mnist/4.3,fed_mdbscan_g,-9.999999999998899e-05,-8.810572687226181e-05,0.016931216931216964,0.03142258547254523,,-2.6612190694897437
main,mnist,4.3,flame_hdbscan,2024,method_minus_full,main/mnist/4.3,fed_mdbscan_g,-0.12460000000000002,-0.1139390353610788,0.07671957671957674,0.01011500542294047,,-2.3915194745175543
main,mnist,5.1,fedavg,42,method_minus_full,main/mnist/5.1,fed_mdbscan_g,9.999999999998899e-05,8.662459537789324e-05,0.0,-0.0036968576709796672,,-1.0529518469974088
main,mnist,5.1,fedavg,137,method_minus_full,main/mnist/5.1,fed_mdbscan_g,0.00039999999999995595,0.0004128797018426722,-0.0023148148148148147,0.0,,-1.2305834523324544
main,mnist,5.1,fedavg,2024,method_minus_full,main/mnist/5.1,fed_mdbscan_g,-9.999999999998899e-05,-8.955277488453817e-05,-0.001851851851851852,-0.003669724770642202,,-1.0344876166627122
main,mnist,5.1,sample_weighted_mean,42,method_minus_full,main/mnist/5.1,fed_mdbscan_g,0.0034000000000000696,0.0036581400359912974,0.0,-0.0036968576709796672,,-0.9791160269950828
main,mnist,5.1,sample_weighted_mean,137,method_minus_full,main/mnist/5.1,fed_mdbscan_g,0.012699999999999934,0.013048851303471665,-0.0023148148148148147,0.0,,-1.160788830947907
main,mnist,5.1,sample_weighted_mean,2024,method_minus_full,main/mnist/5.1,fed_mdbscan_g,0.013900000000000023,0.01399908004521333,-0.001851851851851852,-0.003669724770642202,,-0.9654937902116216
main,mnist,5.1,norm_clip,42,method_minus_full,main/mnist/5.1,fed_mdbscan_g,-9.999999999998899e-05,-0.00012731602183058133,0.0,-0.0036968576709796672,,-1.0134407609351912
main,mnist,5.1,norm_clip,137,method_minus_full,main/mnist/5.1,fed_mdbscan_g,0.00029999999999996696,0.0002971125749967607,-0.0023148148148148147,0.0,,-1.1920562201334786
main,mnist,5.1,norm_clip,2024,method_minus_full,main/mnist/5.1,fed_mdbscan_g,0.0,-5.276105861429237e-06,-0.001851851851851852,-0.003669724770642202,,-1.0108392213393624
main,mnist,5.1,coord_median,42,method_minus_full,main/mnist/5.1,fed_mdbscan_g,-0.051999999999999935,-0.053403334799904556,0.0,-0.0036968576709796672,,-0.7678849711820174
main,mnist,5.1,coord_median,137,method_minus_full,main/mnist/5.1,fed_mdbscan_g,-0.04349999999999998,-0.04504033939277685,-0.0023148148148148147,0.0,,-0.9070318435357574
main,mnist,5.1,coord_median,2024,method_minus_full,main/mnist/5.1,fed_mdbscan_g,-0.044499999999999984,-0.045504975571758255,-0.001851851851851852,-0.003669724770642202,,-0.7615076039646131
main,mnist,5.1,krum_bound30,42,method_minus_full,main/mnist/5.1,fed_mdbscan_g,-0.03979999999999995,-0.041653697539874024,0.3074074074074074,0.288501723889304,,-0.20323048389206344
main,mnist,5.1,krum_bound30,137,method_minus_full,main/mnist/5.1,fed_mdbscan_g,-0.05810000000000004,-0.06187193857937612,0.3157407407407407,0.25957446808510637,,-0.22732032755156983
main,mnist,5.1,krum_bound30,2024,method_minus_full,main/mnist/5.1,fed_mdbscan_g,-0.03960000000000008,-0.0400190573253868,0.3402777777777778,0.18214587806623722,,-0.2161742855173846
main,mnist,5.1,fltrust_normalized,42,method_minus_full,main/mnist/5.1,fed_mdbscan_g,-0.02839999999999998,-0.02866389012147985,0.2518518518518518,0.2632895532003233,,-0.979349194909446
main,mnist,5.1,fltrust_normalized,137,method_minus_full,main/mnist/5.1,fed_mdbscan_g,-0.036800000000000055,-0.03850477077297221,0.2324074074074074,0.18701298701298702,,-1.1359721589833498
main,mnist,5.1,fltrust_normalized,2024,method_minus_full,main/mnist/5.1,fed_mdbscan_g,-0.02400000000000002,-0.02438195048610925,0.2625,0.2535851771901421,,-0.9356142163819944
main,mnist,5.1,flame_hdbscan,42,method_minus_full,main/mnist/5.1,fed_mdbscan_g,-0.08729999999999993,-0.09375612864810556,0.4685185185185185,0.32568957935808385,,-0.7384310743034197
main,mnist,5.1,flame_hdbscan,137,method_minus_full,main/mnist/5.1,fed_mdbscan_g,-0.10599999999999998,-0.11020035065625655,0.48333333333333334,0.29047875201721357,,-0.8670832783294221
main,mnist,5.1,flame_hdbscan,2024,method_minus_full,main/mnist/5.1,fed_mdbscan_g,-0.11250000000000004,-0.11738916018420642,0.5041666666666667,0.23947174914006247,,-0.7341359094018116
main,mnist,5.3,fedavg,42,method_minus_full,main/mnist/5.3,fed_mdbscan_g,0.6359,0.6306345220995008,-0.36772486772486773,-0.45164609053497945,,-2.83540565269844
main,mnist,5.3,fedavg,137,method_minus_full,main/mnist/5.3,fed_mdbscan_g,0.62,0.6315114768720985,-0.44126984126984126,-0.3834808259587021,,-2.691488594817929
main,mnist,5.3,fedavg,2024,method_minus_full,main/mnist/5.3,fed_mdbscan_g,0.5451,0.5553314573460923,-0.4105820105820106,-0.3522077922077922,,-2.9863883430021816
main,mnist,5.3,sample_weighted_mean,42,method_minus_full,main/mnist/5.3,fed_mdbscan_g,0.6792,0.6743805526552304,-0.36772486772486773,-0.45164609053497945,,-2.7662720277362194
main,mnist,5.3,sample_weighted_mean,137,method_minus_full,main/mnist/5.3,fed_mdbscan_g,0.6843,0.6970788069195462,-0.44126984126984126,-0.3834808259587021,,-2.6239615243743173
main,mnist,5.3,sample_weighted_mean,2024,method_minus_full,main/mnist/5.3,fed_mdbscan_g,0.5710999999999999,0.5809164359867207,-0.4105820105820106,-0.3522077922077922,,-2.9293483947287315
main,mnist,5.3,norm_clip,42,method_minus_full,main/mnist/5.3,fed_mdbscan_g,0.5164000000000001,0.5085027217168615,-0.36772486772486773,-0.45164609053497945,,-2.7986252212974554
main,mnist,5.3,norm_clip,137,method_minus_full,main/mnist/5.3,fed_mdbscan_g,0.2488,0.2540371274729091,-0.44126984126984126,-0.3834808259587021,,-2.6584212319925427
main,mnist,5.3,norm_clip,2024,method_minus_full,main/mnist/5.3,fed_mdbscan_g,0.3708,0.3774071997967149,-0.4105820105820106,-0.3522077922077922,,-2.955629520432558
main,mnist,5.3,coord_median,42,method_minus_full,main/mnist/5.3,fed_mdbscan_g,-0.04419999999999999,-0.04397480802278411,-0.36772486772486773,-0.45164609053497945,,-2.53359133527847
main,mnist,5.3,coord_median,137,method_minus_full,main/mnist/5.3,fed_mdbscan_g,0.00010000000000001674,7.489462305018679e-05,-0.44126984126984126,-0.3834808259587021,,-2.4099260846967807
main,mnist,5.3,coord_median,2024,method_minus_full,main/mnist/5.3,fed_mdbscan_g,-0.08100000000000002,-0.07009122432693371,-0.4105820105820106,-0.3522077922077922,,-2.7052204776322473
main,mnist,5.3,krum_bound30,42,method_minus_full,main/mnist/5.3,fed_mdbscan_g,0.11500000000000002,0.11247609012952306,-0.08783068783068781,-0.045693709582598496,,-1.8847873147615852
main,mnist,5.3,krum_bound30,137,method_minus_full,main/mnist/5.3,fed_mdbscan_g,0.14659999999999998,0.15076559172329104,-0.1386243386243386,-0.02871892119679731,,-1.7310846468511347
main,mnist,5.3,krum_bound30,2024,method_minus_full,main/mnist/5.3,fed_mdbscan_g,0.17609999999999998,0.17628407479249675,-0.08201058201058203,-0.05577922077922076,,-2.077956233875981
main,mnist,5.3,fltrust_normalized,42,method_minus_full,main/mnist/5.3,fed_mdbscan_g,0.5953,0.5891507558077939,-0.07354497354497358,-0.15170831828855752,,-2.7468757245068747
main,mnist,5.3,fltrust_normalized,137,method_minus_full,main/mnist/5.3,fed_mdbscan_g,0.5188,0.5301360763790942,-0.0661375661375661,-0.06286169936942626,,-2.623047126166057
main,mnist,5.3,fltrust_normalized,2024,method_minus_full,main/mnist/5.3,fed_mdbscan_g,0.367,0.37423628027543054,-0.1264550264550265,-0.0947692411081803,,-2.9134402332400593
main,mnist,5.3,flame_hdbscan,42,method_minus_full,main/mnist/5.3,fed_mdbscan_g,-0.051199999999999996,-0.05072799720910853,0.07830687830687832,-0.003758766591317464,,-2.4677657921332865
main,mnist,5.3,flame_hdbscan,137,method_minus_full,main/mnist/5.3,fed_mdbscan_g,-9.999999999998899e-05,-8.810572687226181e-05,0.017460317460317454,0.03816623286482734,,-2.301615135220345
main,mnist,5.3,flame_hdbscan,2024,method_minus_full,main/mnist/5.3,fed_mdbscan_g,-0.10310000000000002,-0.09298795349868663,0.07407407407407407,0.02179126572908957,,-2.6442011553250877
ablation,mnist,6.2,mdbg_l0_only,42,ablation_minus_full,main/mnist/6.2,fed_mdbscan_g,0.0010000000000000009,0.0009855279089040492,-0.00037037037037035425,0.0,,-1.3380618282632593
ablation,mnist,6.2,mdbg_l0_only,137,ablation_minus_full,main/mnist/6.2,fed_mdbscan_g,0.0,0.0,-0.0033333333333332993,0.0,,-1.3778804792789743
ablation,mnist,6.2,mdbg_l0_only,2024,ablation_minus_full,main/mnist/6.2,fed_mdbscan_g,0.00379999999999997,0.00375922855092492,-0.010000000000000009,0.0,,-1.6679179702691422
ablation,mnist,6.2,mdbg_no_momentum,42,ablation_minus_full,main/mnist/6.2,fed_mdbscan_g,0.0,0.0,0.0,0.0,,-0.05955636729486313
ablation,mnist,6.2,mdbg_no_momentum,137,ablation_minus_full,main/mnist/6.2,fed_mdbscan_g,0.0,0.0,0.0,0.0,,-0.17397779666353008
ablation,mnist,6.2,mdbg_no_momentum,2024,ablation_minus_full,main/mnist/6.2,fed_mdbscan_g,0.0,0.0,0.0,0.0,,0.039910668002752114
ablation,mnist,6.2,mdbg_no_valve,42,ablation_minus_full,main/mnist/6.2,fed_mdbscan_g,-0.007299999999999973,-0.007368102057660225,0.002962962962962945,0.0,,-0.15377190673801433
ablation,mnist,6.2,mdbg_no_valve,137,ablation_minus_full,main/mnist/6.2,fed_mdbscan_g,-0.0007999999999999952,-0.0007158481158559549,0.2711111111111111,0.0,,-0.2643941702670416
ablation,mnist,6.2,mdbg_no_valve,2024,ablation_minus_full,main/mnist/6.2,fed_mdbscan_g,0.0,0.0,0.0,0.0,,0.01725475947217392
ablation,mnist,6.2,mdbg_rtr15,42,ablation_minus_full,main/mnist/6.2,fed_mdbscan_g,-0.06049999999999997,-0.060014900569064944,0.0503703703703704,0.0,,-0.18551546920013307
ablation,mnist,6.2,mdbg_rtr15,137,ablation_minus_full,main/mnist/6.2,fed_mdbscan_g,0.0,-1.1002300877999138e-05,0.02407407407407408,0.0,,-0.13025329944600017
ablation,mnist,6.2,mdbg_rtr15,2024,ablation_minus_full,main/mnist/6.2,fed_mdbscan_g,-0.008100000000000052,-0.008700466177339716,0.027037037037037026,0.0,,-0.10660256825697889
ablation,mnist,6.2,mdbg_rtr20,42,ablation_minus_full,main/mnist/6.2,fed_mdbscan_g,-0.05319999999999997,-0.052863743902103966,0.02259259259259261,0.0,,-0.25139434660862525
ablation,mnist,6.2,mdbg_rtr20,137,ablation_minus_full,main/mnist/6.2,fed_mdbscan_g,0.0,0.0,0.009259259259259245,0.0,,-0.08735443199208603
ablation,mnist,6.2,mdbg_rtr20,2024,ablation_minus_full,main/mnist/6.2,fed_mdbscan_g,-0.0030000000000000027,-0.0029232682346791994,0.007037037037037008,0.0,,-0.21406467955481867
ablation,mnist,6.2,mdbg_rtr30,42,ablation_minus_full,main/mnist/6.2,fed_mdbscan_g,0.014900000000000024,0.014567736079612037,-0.0159259259259259,0.0,,-0.03343615700335567
ablation,mnist,6.2,mdbg_rtr30,137,ablation_minus_full,main/mnist/6.2,fed_mdbscan_g,0.001899999999999985,0.001967020131882713,-0.01777777777777778,0.0,,0.0007891910305866112
ablation,mnist,6.2,mdbg_rtr30,2024,ablation_minus_full,main/mnist/6.2,fed_mdbscan_g,0.0252,0.023971213396721203,-0.03296296296296297,0.0,,-0.0017384139355272055
ablation,mnist,6.2,fed_g2l_25,42,ablation_minus_full,main/mnist/6.2,fed_mdbscan_g,0.0010000000000000009,0.0009855279089040492,-0.00037037037037035425,0.0,,-2.0226359134268326
ablation,mnist,6.2,fed_g2l_25,137,ablation_minus_full,main/mnist/6.2,fed_mdbscan_g,0.0,0.0,-0.0033333333333332993,0.0,,-1.9127683880855328
ablation,mnist,6.2,fed_g2l_25,2024,ablation_minus_full,main/mnist/6.2,fed_mdbscan_g,0.00379999999999997,0.00375922855092492,-0.010000000000000009,0.0,,-2.155257160158362
ablation,mnist,3.3,mdbg_l0_only,42,ablation_minus_full,main/mnist/3.3,fed_mdbscan_g,0.04509999999999997,0.04475641664893912,-0.010582010582010581,-0.10348889900812391,,-2.2286477284311936
ablation,mnist,3.3,mdbg_l0_only,137,ablation_minus_full,main/mnist/3.3,fed_mdbscan_g,-0.019600000000000006,-0.018929463762092535,-0.004232804232804255,-0.14190328573041977,,-2.010534532829964
ablation,mnist,3.3,mdbg_l0_only,2024,ablation_minus_full,main/mnist/3.3,fed_mdbscan_g,-0.006500000000000006,-0.008782646093584145,-0.007407407407407418,-0.06527263102170461,,-2.7800374171308553
ablation,mnist,3.3,mdbg_no_momentum,42,ablation_minus_full,main/mnist/3.3,fed_mdbscan_g,0.0,0.0,0.0,0.0,,-0.056210844183806064
ablation,mnist,3.3,mdbg_no_momentum,137,ablation_minus_full,main/mnist/3.3,fed_mdbscan_g,0.0,0.0,0.0,0.0,,0.1103811469317102
ablation,mnist,3.3,mdbg_no_momentum,2024,ablation_minus_full,main/mnist/3.3,fed_mdbscan_g,0.0,0.0,0.0,0.0,,-0.18588212912436575
ablation,mnist,3.3,mdbg_no_valve,42,ablation_minus_full,main/mnist/3.3,fed_mdbscan_g,0.0,0.0,0.0,0.0,,-0.009922469314187499
ablation,mnist,3.3,mdbg_no_valve,137,ablation_minus_full,main/mnist/3.3,fed_mdbscan_g,0.0034999999999999476,0.0034643475736700347,-0.01428571428571429,0.04466870862930927,,0.02267628445988512
ablation,mnist,3.3,mdbg_no_valve,2024,ablation_minus_full,main/mnist/3.3,fed_mdbscan_g,0.08740000000000003,0.09034091465836475,0.0015873015873015817,0.10983826104335209,,-0.30533924129946755
ablation,mnist,3.3,mdbg_rtr15,42,ablation_minus_full,main/mnist/3.3,fed_mdbscan_g,0.06509999999999999,0.055978947298665455,0.026455026455026454,-0.06456841583954104,,-0.5977792759775182
ablation,mnist,3.3,mdbg_rtr15,137,ablation_minus_full,main/mnist/3.3,fed_mdbscan_g,-0.07120000000000004,-0.06897642745121596,0.10793650793650789,-0.1428742874960463,,0.313636251236312
ablation,mnist,3.3,mdbg_rtr15,2024,ablation_minus_full,main/mnist/3.3,fed_mdbscan_g,0.007800000000000029,0.0045662172948089386,0.03492063492063491,-0.01064820588118337,,-0.4506122548327163
ablation,mnist,3.3,mdbg_rtr20,42,ablation_minus_full,main/mnist/3.3,fed_mdbscan_g,0.07989999999999997,0.07438294901116485,0.012169312169312163,-0.058933988155423944,,-0.32439808951846016
ablation,mnist,3.3,mdbg_rtr20,137,ablation_minus_full,main/mnist/3.3,fed_mdbscan_g,-0.07220000000000004,-0.07010301575728334,0.056613756613756616,-0.03868140989999769,,0.0007741070391298344
ablation,mnist,3.3,mdbg_rtr20,2024,ablation_minus_full,main/mnist/3.3,fed_mdbscan_g,-0.061299999999999966,-0.06286221150769794,0.033333333333333326,0.0032552877600212637,,0.10019159063231253
ablation,mnist,3.3,mdbg_rtr30,42,ablation_minus_full,main/mnist/3.3,fed_mdbscan_g,0.2449,0.23839204864332816,-0.07936507936507936,0.0391331525552332,,-0.12456676736085948
ablation,mnist,3.3,mdbg_rtr30,137,ablation_minus_full,main/mnist/3.3,fed_mdbscan_g,0.018899999999999972,0.018443857612049086,-0.030158730158730163,0.029956700269375136,,0.3557379801951659
ablation,mnist,3.3,mdbg_rtr30,2024,ablation_minus_full,main/mnist/3.3,fed_mdbscan_g,0.12070000000000003,0.1250157181506274,-0.09629629629629627,0.01618904455761805,,-0.007852740744905162
ablation,mnist,3.3,fed_g2l_25,42,ablation_minus_full,main/mnist/3.3,fed_mdbscan_g,0.04509999999999997,0.04475641664893912,-0.010582010582010581,-0.10348889900812391,,-2.8250557561793053
ablation,mnist,3.3,fed_g2l_25,137,ablation_minus_full,main/mnist/3.3,fed_mdbscan_g,-0.019600000000000006,-0.018929463762092535,-0.004232804232804255,-0.14190328573041977,,-2.597779764956795
ablation,mnist,3.3,fed_g2l_25,2024,ablation_minus_full,main/mnist/3.3,fed_mdbscan_g,-0.006500000000000006,-0.008782646093584145,-0.007407407407407418,-0.06527263102170461,,-3.229344087625698
ablation,mnist,4.2,mdbg_l0_only,42,ablation_minus_full,main/mnist/4.2,fed_mdbscan_g,0.0022000000000000075,0.0021408784923266644,-0.0023148148148147696,-0.001715877124678189,,-1.32937985258565
ablation,mnist,4.2,mdbg_l0_only,137,ablation_minus_full,main/mnist/4.2,fed_mdbscan_g,0.0,0.0,-0.002314814814814825,-0.0012442800334881987,,-1.1656215754221195
ablation,mnist,4.2,mdbg_l0_only,2024,ablation_minus_full,main/mnist/4.2,fed_mdbscan_g,0.014600000000000002,0.013183052059565714,-0.019444444444444486,0.004634465712310021,,-1.3299079548334702
ablation,mnist,4.2,mdbg_no_momentum,42,ablation_minus_full,main/mnist/4.2,fed_mdbscan_g,0.0,0.0,0.0,0.0,,-0.04432804639218402
ablation,mnist,4.2,mdbg_no_momentum,137,ablation_minus_full,main/mnist/4.2,fed_mdbscan_g,0.0,0.0,0.0,0.0,,0.1470972786618705
ablation,mnist,4.2,mdbg_no_momentum,2024,ablation_minus_full,main/mnist/4.2,fed_mdbscan_g,0.0,0.0,0.0,0.0,,-0.0011050121276636737
ablation,mnist,4.2,mdbg_no_valve,42,ablation_minus_full,main/mnist/4.2,fed_mdbscan_g,0.0,0.0,0.0,0.0,,0.15057620076695466
ablation,mnist,4.2,mdbg_no_valve,137,ablation_minus_full,main/mnist/4.2,fed_mdbscan_g,-0.0012999999999999956,-0.0011563767502172084,0.3407407407407407,0.053829637505842964,,-0.2594618803433453
ablation,mnist,4.2,mdbg_no_valve,2024,ablation_minus_full,main/mnist/4.2,fed_mdbscan_g,0.0,0.0,0.0,0.0,,0.2555082301104754
ablation,mnist,4.2,mdbg_rtr15,42,ablation_minus_full,main/mnist/4.2,fed_mdbscan_g,-0.031299999999999994,-0.030894951572998708,0.037037037037037035,0.02564304173022386,,-0.038101042876951485
ablation,mnist,4.2,mdbg_rtr15,137,ablation_minus_full,main/mnist/4.2,fed_mdbscan_g,-0.00020000000000000573,-0.000187213754622495,0.02314814814814814,0.0052372729707704235,,0.04810058324752964
ablation,mnist,4.2,mdbg_rtr15,2024,ablation_minus_full,main/mnist/4.2,fed_mdbscan_g,-0.06319999999999998,-0.05773075915131895,0.03657407407407404,-0.008114131941948016,,0.043945489164131324
ablation,mnist,4.2,mdbg_rtr20,42,ablation_minus_full,main/mnist/4.2,fed_mdbscan_g,-0.03059999999999999,-0.030248888754024705,0.01712962962962966,0.013527335785459282,,-0.0659552940633148
ablation,mnist,4.2,mdbg_rtr20,137,ablation_minus_full,main/mnist/4.2,fed_mdbscan_g,-9.999999999998899e-05,-8.810572687226181e-05,0.012037037037037013,0.005924074652596978,,-0.09678250810441869
ablation,mnist,4.2,mdbg_rtr20,2024,ablation_minus_full,main/mnist/4.2,fed_mdbscan_g,-0.005299999999999971,-0.005656716757880764,0.007870370370370361,-0.0018102502759744232,,-0.005720388904834728
ablation,mnist,4.2,mdbg_rtr30,42,ablation_minus_full,main/mnist/4.2,fed_mdbscan_g,0.035900000000000015,0.035473536064583616,-0.018981481481481433,-0.005014467854886906,,-0.04563318684619544
ablation,mnist,4.2,mdbg_rtr30,137,ablation_minus_full,main/mnist/4.2,fed_mdbscan_g,0.0,0.0,-0.006481481481481477,-0.008972779485008686,,0.2699216649595959
ablation,mnist,4.2,mdbg_rtr30,2024,ablation_minus_full,main/mnist/4.2,fed_mdbscan_g,0.0010999999999999899,0.0012223269950053517,-0.020370370370370372,0.0048611264555759315,,0.1717726846885248
ablation,mnist,4.2,fed_g2l_25,42,ablation_minus_full,main/mnist/4.2,fed_mdbscan_g,0.0022000000000000075,0.0021408784923266644,-0.0023148148148147696,-0.001715877124678189,,-1.8849681545669834
ablation,mnist,4.2,fed_g2l_25,137,ablation_minus_full,main/mnist/4.2,fed_mdbscan_g,0.0,0.0,-0.002314814814814825,-0.0012442800334881987,,-1.7111058704399815
ablation,mnist,4.2,fed_g2l_25,2024,ablation_minus_full,main/mnist/4.2,fed_mdbscan_g,0.014600000000000002,0.013183052059565714,-0.019444444444444486,0.004634465712310021,,-2.022977029582641
ablation,mnist,5.2,mdbg_l0_only,42,ablation_minus_full,main/mnist/5.2,fed_mdbscan_g,0.0010000000000000009,0.0009910802775024707,-0.0009259259259258856,0.0001911476165578907,,-1.4004827935093394
ablation,mnist,5.2,mdbg_l0_only,137,ablation_minus_full,main/mnist/5.2,fed_mdbscan_g,-9.999999999998899e-05,-8.810572687226181e-05,-0.002777777777777768,-0.002082807746042359,,-1.1745144249483324
ablation,mnist,5.2,mdbg_l0_only,2024,ablation_minus_full,main/mnist/5.2,fed_mdbscan_g,0.01539999999999997,0.013699579087747937,-0.01666666666666672,0.0039867227367227365,,-1.4507360864547079
ablation,mnist,5.2,mdbg_no_momentum,42,ablation_minus_full,main/mnist/5.2,fed_mdbscan_g,0.0,0.0,0.0,0.0,,-0.11525025976977021
ablation,mnist,5.2,mdbg_no_momentum,137,ablation_minus_full,main/mnist/5.2,fed_mdbscan_g,0.0,0.0,0.0,0.0,,-0.13169467929207412
ablation,mnist,5.2,mdbg_no_momentum,2024,ablation_minus_full,main/mnist/5.2,fed_mdbscan_g,0.0,0.0,0.0,0.0,,0.13667520877206707
ablation,mnist,5.2,mdbg_no_valve,42,ablation_minus_full,main/mnist/5.2,fed_mdbscan_g,-0.0022999999999999965,-0.002259576414448544,0.002314814814814825,0.0016944176487858065,,-0.14419809137859074
ablation,mnist,5.2,mdbg_no_valve,137,ablation_minus_full,main/mnist/5.2,fed_mdbscan_g,-0.0010000000000000009,-0.0008920595696004785,0.32546296296296295,0.04937643863644664,,-0.21084334404828642
ablation,mnist,5.2,mdbg_no_valve,2024,ablation_minus_full,main/mnist/5.2,fed_mdbscan_g,-0.004500000000000004,-0.0041787982313138405,0.002777777777777768,-0.0006477429755872843,,0.14221116392873245
ablation,mnist,5.2,mdbg_rtr15,42,ablation_minus_full,main/mnist/5.2,fed_mdbscan_g,-0.03520000000000001,-0.034732703818363936,0.0407407407407408,0.028708033855392695,,-0.1510073120356541
ablation,mnist,5.2,mdbg_rtr15,137,ablation_minus_full,main/mnist/5.2,fed_mdbscan_g,-0.00020000000000000573,-0.000187213754622495,0.022685185185185197,0.0033939120554201674,,-0.10467948797935023
ablation,mnist,5.2,mdbg_rtr15,2024,ablation_minus_full,main/mnist/5.2,fed_mdbscan_g,-0.06230000000000002,-0.05712612639626449,0.039351851851851805,-0.0087618749175353,,0.020212559464077184
ablation,mnist,5.2,mdbg_rtr20,42,ablation_minus_full,main/mnist/5.2,fed_mdbscan_g,-0.0348,-0.034396964678208825,0.019444444444444486,0.011928461820502723,,-0.18552981230119858
ablation,mnist,5.2,mdbg_rtr20,137,ablation_minus_full,main/mnist/5.2,fed_mdbscan_g,-9.999999999998899e-05,-8.810572687226181e-05,0.0092592592592593,0.003866831785718672,,0.06321229368913883
ablation,mnist,5.2,mdbg_rtr20,2024,ablation_minus_full,main/mnist/5.2,fed_mdbscan_g,-0.005200000000000038,-0.005443843784657287,0.01157407407407407,-0.00266856811039759,,0.11665982242363215
ablation,mnist,5.2,mdbg_rtr30,42,ablation_minus_full,main/mnist/5.2,fed_mdbscan_g,0.03230000000000002,0.03193739695068595,-0.01759259259259255,-0.006353772263473612,,-0.035029974315936574
ablation,mnist,5.2,mdbg_rtr30,137,ablation_minus_full,main/mnist/5.2,fed_mdbscan_g,0.0,0.0,-0.006018518518518479,-0.0050439681691071825,,-0.10976822078616078
ablation,mnist,5.2,mdbg_rtr30,2024,ablation_minus_full,main/mnist/5.2,fed_mdbscan_g,0.0050000000000000044,0.004788727224083522,-0.018518518518518545,0.004440602500947327,,0.25424212599949314
ablation,mnist,5.2,fed_g2l_25,42,ablation_minus_full,main/mnist/5.2,fed_mdbscan_g,0.0010000000000000009,0.0009910802775024707,-0.0009259259259258856,0.0001911476165578907,,-2.0055732541407147
ablation,mnist,5.2,fed_g2l_25,137,ablation_minus_full,main/mnist/5.2,fed_mdbscan_g,-9.999999999998899e-05,-8.810572687226181e-05,-0.002777777777777768,-0.002082807746042359,,-1.860106492492681
ablation,mnist,5.2,fed_g2l_25,2024,ablation_minus_full,main/mnist/5.2,fed_mdbscan_g,0.01539999999999997,0.013699579087747937,-0.01666666666666672,0.0039867227367227365,,-2.1083237264615793
clean,mnist,3.1,fedavg,42,method_minus_full,clean/mnist/3.1,fed_mdbscan_g,0.6526000000000001,0.6473611610862241,-0.4266666666666667,,,-3.083061494860643
clean,mnist,3.1,fedavg,137,method_minus_full,clean/mnist/3.1,fed_mdbscan_g,0.6288,0.6400027500142598,-0.44666666666666666,,,-3.100178190891165
clean,mnist,3.1,fedavg,2024,method_minus_full,clean/mnist/3.1,fed_mdbscan_g,0.5301,0.5413379426562036,-0.4185185185185185,,,-3.0206150181863145
oracle,mnist,3.1,fedavg,42,oracle_minus_attacked,main/mnist/3.1,fedavg,0.266,0.26602182717464884,0.0,1.0,,-0.013373550559238834
oracle,mnist,3.1,fedavg,137,oracle_minus_attacked,main/mnist/3.1,fedavg,0.25249999999999995,0.253761798748671,0.0,1.0,,-0.002918432489968828
oracle,mnist,3.1,fedavg,2024,oracle_minus_attacked,main/mnist/3.1,fedavg,0.21999999999999997,0.21829192349839122,0.0,1.0,,-0.020409393050552657
clean,mnist,3.3,fedavg,42,method_minus_full,clean/mnist/3.3,fed_mdbscan_g,0.6342,0.6289605898018644,-0.4211111111111111,,,-3.088984664180316
clean,mnist,3.3,fedavg,137,method_minus_full,clean/mnist/3.3,fed_mdbscan_g,0.6199,0.6314047623887062,-0.457037037037037,,,-3.1410915452754122
clean,mnist,3.3,fedavg,2024,method_minus_full,clean/mnist/3.3,fed_mdbscan_g,0.5259,0.5366735843102876,-0.4151851851851852,,,-2.889366168276562
oracle,mnist,3.3,fedavg,42,oracle_minus_attacked,main/mnist/3.3,fedavg,0.21940000000000004,0.21151990611246985,0.0,1.0,,-0.029378478919776775
oracle,mnist,3.3,fedavg,137,oracle_minus_attacked,main/mnist/3.3,fedavg,0.14900000000000002,0.1537407766513006,0.0,1.0,,-0.02066345298662782
oracle,mnist,3.3,fedavg,2024,oracle_minus_attacked,main/mnist/3.3,fedavg,0.22660000000000002,0.21691787987861577,0.0,1.0,,-0.023634113763303807
clean,mnist,4.2,fedavg,42,method_minus_full,clean/mnist/4.2,fed_mdbscan_g,0.6526000000000001,0.6473611610862241,-0.4266666666666667,,,-2.9827338349966643
clean,mnist,4.2,fedavg,137,method_minus_full,clean/mnist/4.2,fed_mdbscan_g,0.6288,0.6400027500142598,-0.44666666666666666,,,-2.9111215539975093
clean,mnist,4.2,fedavg,2024,method_minus_full,clean/mnist/4.2,fed_mdbscan_g,0.5301,0.5413379426562036,-0.4185185185185185,,,-2.9694199602818117
oracle,mnist,4.2,fedavg,42,oracle_minus_attacked,main/mnist/4.2,fedavg,-0.007400000000000073,-0.0077838280924759085,0.0,1.0,,-0.005881337421791005
oracle,mnist,4.2,fedavg,137,oracle_minus_attacked,main/mnist/4.2,fedavg,0.010399999999999965,0.010774937783665117,0.0,1.0,,-0.01316468166575456
oracle,mnist,4.2,fedavg,2024,oracle_minus_attacked,main/mnist/4.2,fedavg,-0.0007000000000000339,-0.0014159640937068119,0.0,1.0,,-0.014791436691302798
clean,mnist,5.2,fedavg,42,method_minus_full,clean/mnist/5.2,fed_mdbscan_g,0.6526000000000001,0.6473611610862241,-0.4266666666666667,,,-3.02156030179079
clean,mnist,5.2,fedavg,137,method_minus_full,clean/mnist/5.2,fed_mdbscan_g,0.6288,0.6400027500142598,-0.44666666666666666,,,-2.8445046458936605
clean,mnist,5.2,fedavg,2024,method_minus_full,clean/mnist/5.2,fed_mdbscan_g,0.5301,0.5413379426562036,-0.4185185185185185,,,-2.939778092685932
oracle,mnist,5.2,fedavg,42,oracle_minus_attacked,main/mnist/5.2,fedavg,-0.007299999999999973,-0.0076896538338095954,0.0,1.0,,-0.018459089026631154
oracle,mnist,5.2,fedavg,137,oracle_minus_attacked,main/mnist/5.2,fedavg,0.010599999999999943,0.010962682956217051,0.0,1.0,,-0.01730140653283646
oracle,mnist,5.2,fedavg,2024,oracle_minus_attacked,main/mnist/5.2,fedavg,-0.0008000000000000229,-0.0015205220537368724,0.0,1.0,,-0.014131433396444973
temporal,mnist,2.1,mdbg_no_momentum,42,method_minus_full,temporal/mnist/2.1,fed_mdbscan_g,0.0,0.0,0.0,0.0,,-0.13945331061258903
temporal,mnist,2.1,mdbg_no_momentum,137,method_minus_full,temporal/mnist/2.1,fed_mdbscan_g,0.0,0.0,0.0,0.0,,0.03897422731000311
temporal,mnist,2.1,mdbg_no_momentum,2024,method_minus_full,temporal/mnist/2.1,fed_mdbscan_g,0.0,0.0,0.0,0.0,,-0.14094851161353295
temporal,mnist,3.1,mdbg_no_momentum,42,method_minus_full,temporal/mnist/3.1,fed_mdbscan_g,0.0,0.0,0.0,0.0,,0.09062992264904723
temporal,mnist,3.1,mdbg_no_momentum,137,method_minus_full,temporal/mnist/3.1,fed_mdbscan_g,0.0,0.0,0.0,0.0,,0.15251667643121136
temporal,mnist,3.1,mdbg_no_momentum,2024,method_minus_full,temporal/mnist/3.1,fed_mdbscan_g,0.0,0.0,0.0,0.0,,-0.13186983097887905
preserve_empty,mnist,6.2,mdbg_l0_only,42,method_minus_full,preserve_empty/mnist/6.2,fed_mdbscan_g,0.0,0.0,0.0,0.0,,0.003890610812231854
preserve_empty,mnist,6.2,mdbg_l0_only,137,method_minus_full,preserve_empty/mnist/6.2,fed_mdbscan_g,0.0,0.0,0.0,,,0.06446642344429476
preserve_empty,mnist,6.2,mdbg_l0_only,2024,method_minus_full,preserve_empty/mnist/6.2,fed_mdbscan_g,0.0,0.0,0.0,0.0,,-0.6661909857221571
preserve_empty,mnist,6.2,fed_g2l_25,42,method_minus_full,preserve_empty/mnist/6.2,fed_mdbscan_g,0.0,0.0,0.0,0.0,,-0.5784857157268561
preserve_empty,mnist,6.2,fed_g2l_25,137,method_minus_full,preserve_empty/mnist/6.2,fed_mdbscan_g,0.0,0.0,0.0,,,-0.5008651271151999
preserve_empty,mnist,6.2,fed_g2l_25,2024,method_minus_full,preserve_empty/mnist/6.2,fed_mdbscan_g,0.0,0.0,0.0,0.0,,-1.2075321947418465
preserve_empty,mnist,3.3,mdbg_l0_only,42,method_minus_full,preserve_empty/mnist/3.3,fed_mdbscan_g,0.0,0.0,0.0,0.0,,-0.06315982795398056
preserve_empty,mnist,3.3,mdbg_l0_only,137,method_minus_full,preserve_empty/mnist/3.3,fed_mdbscan_g,0.0,0.0,0.0,0.0,,-0.006223716986520911
preserve_empty,mnist,3.3,mdbg_l0_only,2024,method_minus_full,preserve_empty/mnist/3.3,fed_mdbscan_g,0.0,0.0,0.0,0.0,,0.01284141541691497
preserve_empty,mnist,3.3,fed_g2l_25,42,method_minus_full,preserve_empty/mnist/3.3,fed_mdbscan_g,0.0,0.0,0.0,0.0,,-0.5355754393618554
preserve_empty,mnist,3.3,fed_g2l_25,137,method_minus_full,preserve_empty/mnist/3.3,fed_mdbscan_g,0.0,0.0,0.0,0.0,,-0.5495892149318631
preserve_empty,mnist,3.3,fed_g2l_25,2024,method_minus_full,preserve_empty/mnist/3.3,fed_mdbscan_g,0.0,0.0,0.0,0.0,,-0.5486784332781098
fixed_steps,mnist,3.3,mdbg_l0_only,42,method_minus_full,fixed_steps/mnist/3.3,fed_mdbscan_g,0.0,0.0,0.0,0.0,,0.09683635690404713
fixed_steps,mnist,3.3,mdbg_l0_only,137,method_minus_full,fixed_steps/mnist/3.3,fed_mdbscan_g,0.0,0.0,0.0,0.0,,0.02545597616117412
fixed_steps,mnist,3.3,mdbg_l0_only,2024,method_minus_full,fixed_steps/mnist/3.3,fed_mdbscan_g,0.0,0.0,0.0,0.0,,-0.06893954211069886
fixed_steps,mnist,3.3,fedavg,42,method_minus_full,fixed_steps/mnist/3.3,fed_mdbscan_g,0.0,0.0,0.0,0.0,,-1.598952622944489
fixed_steps,mnist,3.3,fedavg,137,method_minus_full,fixed_steps/mnist/3.3,fed_mdbscan_g,0.0,0.0,0.0,0.0,,-2.04815202744212
fixed_steps,mnist,3.3,fedavg,2024,method_minus_full,fixed_steps/mnist/3.3,fed_mdbscan_g,0.0,0.0,0.0,0.0,,-1.6703191854874604
fixed_steps,mnist,5.2,mdbg_l0_only,42,method_minus_full,fixed_steps/mnist/5.2,fed_mdbscan_g,0.005099999999999993,0.004673423473912974,-0.006481481481481477,-0.00041868911359621563,,-1.5511687517709407
fixed_steps,mnist,5.2,mdbg_l0_only,137,method_minus_full,fixed_steps/mnist/5.2,fed_mdbscan_g,0.0,0.0,0.0,0.0,,-1.2398080130534554
fixed_steps,mnist,5.2,mdbg_l0_only,2024,method_minus_full,fixed_steps/mnist/5.2,fed_mdbscan_g,0.1376,0.12524188447895374,-0.137037037037037,0.015909415352670167,,-1.8680081831058488
fixed_steps,mnist,5.2,fedavg,42,method_minus_full,fixed_steps/mnist/5.2,fed_mdbscan_g,0.49000000000000005,0.48133316577900664,-0.4041666666666667,-0.20912547528517111,,-2.9778455832197017
fixed_steps,mnist,5.2,fedavg,137,method_minus_full,fixed_steps/mnist/5.2,fed_mdbscan_g,0.4366,0.44452493969980833,-0.39351851851851855,-0.2850092535471931,,-2.9394528653278633
fixed_steps,mnist,5.2,fedavg,2024,method_minus_full,fixed_steps/mnist/5.2,fed_mdbscan_g,0.38830000000000003,0.38210809520383704,-0.36898148148148147,-0.0913633119200571,,-3.1633086866582745
main,mnist,7.1,fed_mdbscan_g,42,attack_minus_clean,clean/mnist/7.1,fed_mdbscan_g,-0.16610000000000003,-0.17080326192868,0.00015873015873015878,0.0,,0.6398211985865299
main,mnist,7.1,fed_mdbscan_g,137,attack_minus_clean,clean/mnist/7.1,fed_mdbscan_g,-0.16059999999999997,-0.16652544617636966,-0.001851851851851852,0.0,,0.39642043306569885
main,mnist,7.1,fed_mdbscan_g,2024,attack_minus_clean,clean/mnist/7.1,fed_mdbscan_g,-0.08920000000000006,-0.09220167697802051,-0.0010052910052910052,0.0,,0.5392660840647296
main,mnist,7.1,fedavg,42,attack_minus_clean,clean/mnist/7.1,fedavg,-0.16390000000000005,-0.16855262291218087,0.0,,,0.001741448630734041
main,mnist,7.1,fedavg,42,method_minus_full,main/mnist/7.1,fed_mdbscan_g,0.0022999999999999687,0.002352298183971091,-0.0005291005291005291,0.0,,-1.8160258820319237
main,mnist,7.1,fedavg,137,attack_minus_clean,clean/mnist/7.1,fedavg,-0.16079999999999994,-0.16674022320420545,0.0,,,0.0020621769285450314
main,mnist,7.1,fedavg,137,method_minus_full,main/mnist/7.1,fed_mdbscan_g,0.0,0.0,0.0,0.0,,-1.605457051525203
main,mnist,7.1,fedavg,2024,attack_minus_clean,clean/mnist/7.1,fedavg,-0.08240000000000003,-0.08508129691280142,0.0,,,0.0012380560083935649
main,mnist,7.1,fedavg,2024,method_minus_full,main/mnist/7.1,fed_mdbscan_g,0.006900000000000017,0.007250421053189515,-0.0015873015873015873,0.0,,-1.7915475674206391
main,mnist,7.1,sample_weighted_mean,42,method_minus_full,main/mnist/7.1,fed_mdbscan_g,0.07669999999999999,0.08260481455188395,-0.0005291005291005291,0.0,,-1.7494921444798819
main,mnist,7.1,sample_weighted_mean,137,method_minus_full,main/mnist/7.1,fed_mdbscan_g,-0.02429999999999999,-0.017760863258307058,0.0,0.0,,-1.5332136941996093
main,mnist,7.1,sample_weighted_mean,2024,method_minus_full,main/mnist/7.1,fed_mdbscan_g,-0.020299999999999985,-0.018089592426485224,-0.0015873015873015873,0.0,,-1.7250456853187643
main,mnist,7.1,norm_clip,42,method_minus_full,main/mnist/7.1,fed_mdbscan_g,0.0018000000000000238,0.0018449625358086807,-0.0005291005291005291,0.0,,-1.7818750635449154
main,mnist,7.1,norm_clip,137,method_minus_full,main/mnist/7.1,fed_mdbscan_g,-0.00019999999999997797,-0.0002183105525844775,0.0,0.0,,-1.5661488433174477
main,mnist,7.1,norm_clip,2024,method_minus_full,main/mnist/7.1,fed_mdbscan_g,0.0047000000000000375,0.0049826992314171425,-0.0015873015873015873,0.0,,-1.7568468434619717
main,mnist,7.1,coord_median,42,method_minus_full,main/mnist/7.1,fed_mdbscan_g,-0.4225,-0.4310760461490529,-0.0005291005291005291,0.0,,-1.5780769139761106
main,mnist,7.1,coord_median,137,method_minus_full,main/mnist/7.1,fed_mdbscan_g,-0.5355000000000001,-0.525550316607015,0.0,0.0,,-1.352041329757776
main,mnist,7.1,coord_median,2024,method_minus_full,main/mnist/7.1,fed_mdbscan_g,-0.5829,-0.5698967933200545,-0.0015873015873015873,0.0,,-1.5714197294359717
main,mnist,7.1,krum_bound30,42,method_minus_full,main/mnist/7.1,fed_mdbscan_g,-0.14939999999999998,-0.15433884596195402,0.45978835978835975,0.0,,-0.8916574365148942
main,mnist,7.1,krum_bound30,137,method_minus_full,main/mnist/7.1,fed_mdbscan_g,-0.27170000000000005,-0.27283329151023106,0.4603174603174603,0.0,,-0.5886474979381697
main,mnist,7.1,krum_bound30,2024,method_minus_full,main/mnist/7.1,fed_mdbscan_g,-0.13949999999999996,-0.1467742527541498,0.4587301587301587,0.0,,-0.8740667521681948
main,mnist,7.1,fltrust_normalized,42,method_minus_full,main/mnist/7.1,fed_mdbscan_g,0.12380000000000002,0.12765632145301353,0.2608465608465608,0.7663197729422895,,-1.7417286836813826
main,mnist,7.1,fltrust_normalized,137,method_minus_full,main/mnist/7.1,fed_mdbscan_g,0.12139999999999995,0.12537533545237078,0.21904761904761905,0.7802690582959642,,-1.5384179012267851
main,mnist,7.1,fltrust_normalized,2024,method_minus_full,main/mnist/7.1,fed_mdbscan_g,0.06320000000000003,0.06576554213792807,0.24444444444444444,0.760932944606414,,-1.7106761965163364
main,mnist,7.1,flame_hdbscan,42,method_minus_full,main/mnist/7.1,fed_mdbscan_g,-0.336,-0.34447387356786885,0.6693121693121693,0.0,,-1.4601314633696652
main,mnist,7.1,flame_hdbscan,137,method_minus_full,main/mnist/7.1,fed_mdbscan_g,-0.5789,-0.5841021417988438,0.6873015873015873,0.0,,-1.2549151057571484
main,mnist,7.1,flame_hdbscan,2024,method_minus_full,main/mnist/7.1,fed_mdbscan_g,-0.5806,-0.5784639794156188,0.6846560846560846,0.0,,-1.4644582919271976
main,mnist,7.1,mdbg_l0_only,42,method_minus_full,main/mnist/7.1,fed_mdbscan_g,0.0,0.0,0.0,0.0,,-0.1251122854650022
main,mnist,7.1,mdbg_l0_only,137,method_minus_full,main/mnist/7.1,fed_mdbscan_g,0.0,0.0,0.0,0.0,,-0.09787814147227136
main,mnist,7.1,mdbg_l0_only,2024,method_minus_full,main/mnist/7.1,fed_mdbscan_g,0.0,0.0,0.0,0.0,,-0.14319739926140773
clean,mnist,7.1,fedavg,42,method_minus_full,clean/mnist/7.1,fed_mdbscan_g,9.999999999998899e-05,0.00010165916747195691,-0.00037037037037037035,,,-1.177946132076128
clean,mnist,7.1,fedavg,137,method_minus_full,clean/mnist/7.1,fed_mdbscan_g,0.00019999999999997797,0.00021477702783578856,-0.001851851851851852,,,-1.211098795388049
clean,mnist,7.1,fedavg,2024,method_minus_full,clean/mnist/7.1,fed_mdbscan_g,9.999999999998899e-05,0.00013004098797042563,-0.0025925925925925925,,,-1.253519539364303
oracle,mnist,7.1,fedavg,42,oracle_minus_attacked,main/mnist/7.1,fedavg,0.16390000000000005,0.1684501969639165,0.0,1.0,,-0.02235382125557711
oracle,mnist,7.1,fedavg,137,oracle_minus_attacked,main/mnist/7.1,fedavg,0.15739999999999998,0.16300992362728606,0.0,1.0,,-0.02704628226347268
oracle,mnist,7.1,fedavg,2024,oracle_minus_attacked,main/mnist/7.1,fedavg,0.08460000000000001,0.08730647429641047,0.0,1.0,,-0.028044913763490817
main,mnist,7.2,fed_mdbscan_g,42,attack_minus_clean,clean/mnist/7.2,fed_mdbscan_g,-0.053800000000000014,-0.053319028907921534,0.048730158730158735,0.0,,0.3858806961099619
main,mnist,7.2,fed_mdbscan_g,137,attack_minus_clean,clean/mnist/7.2,fed_mdbscan_g,0.016699999999999993,0.01700730788530949,-0.008359788359788345,0.0,,1.1317305416644863
main,mnist,7.2,fed_mdbscan_g,2024,attack_minus_clean,clean/mnist/7.2,fed_mdbscan_g,-0.07370000000000002,-0.061197455825132,0.0742328042328042,0.0,,0.700023158484449
main,mnist,7.2,fedavg,42,attack_minus_clean,clean/mnist/7.2,fedavg,-0.06979999999999997,-0.07208079148359259,0.0,,,0.022987732667631156
main,mnist,7.2,fedavg,42,method_minus_full,main/mnist/7.2,fed_mdbscan_g,0.6182000000000001,0.6101988272261933,-0.46984126984126984,0.0,,-3.3891451611571637
main,mnist,7.2,fedavg,137,attack_minus_clean,clean/mnist/7.2,fedavg,-0.06640000000000001,-0.06956966153148325,0.0,,,-0.005879689330079901
main,mnist,7.2,fedavg,137,method_minus_full,main/mnist/7.2,fed_mdbscan_g,0.5367999999999999,0.5448277929719135,-0.4486772486772487,0.0,,-4.180550645450906
main,mnist,7.2,fedavg,2024,attack_minus_clean,clean/mnist/7.2,fedavg,-0.06040000000000001,-0.062095453221046926,0.0,,,-0.003799159999471155
main,mnist,7.2,fedavg,2024,method_minus_full,main/mnist/7.2,fed_mdbscan_g,0.5392,0.5357755869143727,-0.4894179894179894,0.0,,-3.6675687252466256
main,mnist,7.2,sample_weighted_mean,42,method_minus_full,main/mnist/7.2,fed_mdbscan_g,0.688,0.6802204400410886,-0.46984126984126984,0.0,,-3.3480318672140132
main,mnist,7.2,sample_weighted_mean,137,method_minus_full,main/mnist/7.2,fed_mdbscan_g,0.6204,0.6290999222168542,-0.4486772486772487,0.0,,-4.105442136126415
main,mnist,7.2,sample_weighted_mean,2024,method_minus_full,main/mnist/7.2,fed_mdbscan_g,0.4072,0.41811128929145147,-0.4894179894179894,0.0,,-3.572531236917712
main,mnist,7.2,norm_clip,42,method_minus_full,main/mnist/7.2,fed_mdbscan_g,0.1301,0.1252924853379824,-0.46984126984126984,0.0,,-3.3693001080576024
main,mnist,7.2,norm_clip,137,method_minus_full,main/mnist/7.2,fed_mdbscan_g,0.12210000000000001,0.12417684482192104,-0.4486772486772487,0.0,,-4.141402706158503
main,mnist,7.2,norm_clip,2024,method_minus_full,main/mnist/7.2,fed_mdbscan_g,0.146,0.14576158404741682,-0.4894179894179894,0.0,,-3.630013317121969
main,mnist,7.2,coord_median,42,method_minus_full,main/mnist/7.2,fed_mdbscan_g,-0.003599999999999992,-0.0038076926773240316,-0.46984126984126984,0.0,,-3.212704811567286
main,mnist,7.2,coord_median,137,method_minus_full,main/mnist/7.2,fed_mdbscan_g,-0.015199999999999991,-0.015527382702187703,-0.4486772486772487,0.0,,-3.9842666813793284
main,mnist,7.2,coord_median,2024,method_minus_full,main/mnist/7.2,fed_mdbscan_g,-0.037599999999999995,-0.038600048315897556,-0.4894179894179894,0.0,,-3.4462662003856774
main,mnist,7.2,krum_bound30,42,method_minus_full,main/mnist/7.2,fed_mdbscan_g,0.0007000000000000062,0.0006533083675069606,-0.009523809523809545,0.0,,-2.447034749190789
main,mnist,7.2,krum_bound30,137,method_minus_full,main/mnist/7.2,fed_mdbscan_g,0.0039000000000000146,0.003979136879784656,0.011640211640211617,0.0,,-3.2444491899106653
main,mnist,7.2,krum_bound30,2024,method_minus_full,main/mnist/7.2,fed_mdbscan_g,0.03230000000000002,0.032821675337817685,-0.029100529100529127,0.0,,-2.7817108637769707
main,mnist,7.2,fltrust_normalized,42,method_minus_full,main/mnist/7.2,fed_mdbscan_g,0.7032,0.6963252162374891,-0.23015873015873015,0.22736842105263158,,-3.3114471688012905
main,mnist,7.2,fltrust_normalized,137,method_minus_full,main/mnist/7.2,fed_mdbscan_g,0.6091,0.6197849532051923,-0.05343915343915345,0.0989010989010989,,-4.079994061600883
main,mnist,7.2,fltrust_normalized,2024,method_minus_full,main/mnist/7.2,fed_mdbscan_g,0.5962,0.5907095842101242,-0.19153439153439156,0.0,,-3.5571999532170597
main,mnist,7.2,flame_hdbscan,42,method_minus_full,main/mnist/7.2,fed_mdbscan_g,-0.001799999999999996,-0.0018669257189160293,0.17195767195767198,0.0,,-3.060810979867044
main,mnist,7.2,flame_hdbscan,137,method_minus_full,main/mnist/7.2,fed_mdbscan_g,-0.005899999999999989,-0.006066817001289415,0.06190476190476191,0.0,,-3.8418932710541416
main,mnist,7.2,flame_hdbscan,2024,method_minus_full,main/mnist/7.2,fed_mdbscan_g,-0.003599999999999992,-0.0033895828414552687,0.12275132275132272,0.0,,-3.334754564589821
main,mnist,7.2,mdbg_l0_only,42,method_minus_full,main/mnist/7.2,fed_mdbscan_g,0.0,0.0,0.0,0.0,,-1.1738765586633235
main,mnist,7.2,mdbg_l0_only,137,method_minus_full,main/mnist/7.2,fed_mdbscan_g,0.0,0.0,0.0,0.0,,-1.1497324795927857
main,mnist,7.2,mdbg_l0_only,2024,method_minus_full,main/mnist/7.2,fed_mdbscan_g,0.0,0.0,0.0,0.0,,-0.9489094963491276
clean,mnist,7.2,fedavg,42,method_minus_full,clean/mnist/7.2,fed_mdbscan_g,0.6342,0.6289605898018644,-0.4211111111111111,,,-3.026252197714833
clean,mnist,7.2,fedavg,137,method_minus_full,clean/mnist/7.2,fed_mdbscan_g,0.6199,0.6314047623887062,-0.457037037037037,,,-3.04294041445634
clean,mnist,7.2,fedavg,2024,method_minus_full,clean/mnist/7.2,fed_mdbscan_g,0.5259,0.5366735843102876,-0.4151851851851852,,,-2.9637464067627057
oracle,mnist,7.2,fedavg,42,oracle_minus_attacked,main/mnist/7.2,fedavg,0.057499999999999996,0.0587104187937163,0.0,1.0,,-0.04860981001984328
oracle,mnist,7.2,fedavg,137,oracle_minus_attacked,main/mnist/7.2,fedavg,0.046700000000000075,0.04776626884697188,0.0,1.0,,-0.019561998639255757
oracle,mnist,7.2,fedavg,2024,oracle_minus_attacked,main/mnist/7.2,fedavg,0.04459999999999997,0.045574317402255704,0.0,1.0,,-0.015586989078049854
main,mnist,8.1,fed_mdbscan_g,42,attack_minus_clean,clean/mnist/8.1,fed_mdbscan_g,-0.0030999999999999917,-0.0031498014240242123,0.001216931216931217,0.0,0.9953436807095344,-0.04691358768614018
main,mnist,8.1,fed_mdbscan_g,137,attack_minus_clean,clean/mnist/8.1,fed_mdbscan_g,-0.0014999999999999458,-0.0015531248975948486,0.0002645502645502646,0.009779951100244499,0.9926829268292683,0.010368155975205351
main,mnist,8.1,fed_mdbscan_g,2024,attack_minus_clean,clean/mnist/8.1,fed_mdbscan_g,-0.00040000000000006697,-0.00036082509544566044,0.0016402116402116406,0.002442002442002442,0.9945676274944568,-0.10258592960502333
main,mnist,8.1,mdbg_l0_only,42,method_minus_full,main/mnist/8.1,fed_mdbscan_g,0.0,0.0,0.0,0.0,0.0,0.10112847071141018
main,mnist,8.1,mdbg_l0_only,137,method_minus_full,main/mnist/8.1,fed_mdbscan_g,0.0,0.0,0.0,0.0,0.0,-0.03188749300315985
main,mnist,8.1,mdbg_l0_only,2024,method_minus_full,main/mnist/8.1,fed_mdbscan_g,0.0,0.0,0.0,0.0,0.0,0.023083460963486457
main,mnist,8.1,fedavg,42,attack_minus_clean,clean/mnist/8.1,fedavg,-0.0031999999999999806,-0.00325183763128134,0.0,,0.9953436807095344,0.004093464304848263
main,mnist,8.1,fedavg,42,method_minus_full,main/mnist/8.1,fed_mdbscan_g,0.0,-3.770397851710072e-07,-0.0015873015873015873,0.0,0.0,-1.1389100238098762
main,mnist,8.1,fedavg,137,attack_minus_clean,clean/mnist/8.1,fedavg,-0.0014999999999999458,-0.0015379164990826366,0.0,,0.9926829268292683,-0.008708533924072975
main,mnist,8.1,fedavg,137,method_minus_full,main/mnist/8.1,fed_mdbscan_g,0.00019999999999997797,0.00022998542634800057,-0.0021164021164021165,-0.009779951100244499,0.0,-1.15359411117776
main,mnist,8.1,fedavg,2024,attack_minus_clean,clean/mnist/8.1,fedavg,-0.0008000000000000229,-0.0007936123557856778,0.0,,0.9945676274944568,-0.0121420910775972
main,mnist,8.1,fedavg,2024,method_minus_full,main/mnist/8.1,fed_mdbscan_g,-0.00029999999999996696,-0.00030274627236959173,-0.004232804232804233,-0.002442002442002442,0.0,-1.0951346439425833
main,mnist,8.1,fltrust_normalized,42,method_minus_full,main/mnist/8.1,fed_mdbscan_g,-0.035700000000000065,-0.036314357000931,0.24761904761904763,0.3702290076335878,-0.012860310421285992,-1.0596667801767277
main,mnist,8.1,fltrust_normalized,137,method_minus_full,main/mnist/8.1,fed_mdbscan_g,-0.03610000000000002,-0.037710532827207044,0.2095238095238095,0.30145521986974855,-0.012195121951219523,-1.0590999435517006
main,mnist,8.1,fltrust_normalized,2024,method_minus_full,main/mnist/8.1,fed_mdbscan_g,-0.027799999999999936,-0.028328939871880565,0.2343915343915344,0.3173448063521348,-0.0050997782705100025,-0.9892077177025688
main,mnist,8.1,flame_hdbscan,42,method_minus_full,main/mnist/8.1,fed_mdbscan_g,-0.07479999999999998,-0.08064542747363479,0.46984126984126984,0.39981185324553153,0.00022172949002219333,-0.8030030322067128
main,mnist,8.1,flame_hdbscan,137,method_minus_full,main/mnist/8.1,fed_mdbscan_g,-0.09600000000000009,-0.09866894500251544,0.4666666666666667,0.3947355710069992,-0.0008869179600886623,-0.7767755974743826
main,mnist,8.1,flame_hdbscan,2024,method_minus_full,main/mnist/8.1,fed_mdbscan_g,-0.10089999999999999,-0.10604469773913194,0.517989417989418,0.31023405389602576,-0.00022172949002219333,-0.6714482292998581
clean,mnist,8.1,fedavg,42,method_minus_full,clean/mnist/8.1,fed_mdbscan_g,9.999999999998899e-05,0.00010165916747195691,-0.00037037037037037035,,0.0,-1.1899170758008646
clean,mnist,8.1,fedavg,137,method_minus_full,clean/mnist/8.1,fed_mdbscan_g,0.00019999999999997797,0.00021477702783578856,-0.001851851851851852,,0.0,-1.1345174212784817
clean,mnist,8.1,fedavg,2024,method_minus_full,clean/mnist/8.1,fed_mdbscan_g,9.999999999998899e-05,0.00013004098797042563,-0.0025925925925925925,,0.0,-1.1855784824700093
oracle,mnist,8.1,fedavg,42,oracle_minus_attacked,main/mnist/8.1,fedavg,0.0031999999999999806,0.003149411683016967,0.0,1.0,-0.996119733924612,-0.020478936152843144
oracle,mnist,8.1,fedavg,137,oracle_minus_attacked,main/mnist/8.1,fedavg,-0.0019000000000000128,-0.002192383077836757,0.0,1.0,-0.993569844789357,-0.021204659924842426
oracle,mnist,8.1,fedavg,2024,oracle_minus_attacked,main/mnist/8.1,fedavg,0.0030000000000000027,0.003018789739394734,0.0,1.0,-0.9946784922394678,-0.01950775807490572
main,mnist,8.2,fed_mdbscan_g,42,attack_minus_clean,clean/mnist/8.2,fed_mdbscan_g,0.008900000000000019,0.008636849572884187,-0.056031746031746044,0.43831337844872464,0.5659645232815964,-0.48042238954609884
main,mnist,8.2,fed_mdbscan_g,137,attack_minus_clean,clean/mnist/8.2,fed_mdbscan_g,0.03740000000000002,0.03833901410250948,-0.0258201058201058,0.36683417085427134,0.7579822616407982,-0.10741866154518576
main,mnist,8.2,fed_mdbscan_g,2024,attack_minus_clean,clean/mnist/8.2,fed_mdbscan_g,0.019299999999999984,0.020580565776440296,0.010740740740740717,0.3452868852459016,0.9059866962305987,0.9946156179027943
main,mnist,8.2,mdbg_l0_only,42,method_minus_full,main/mnist/8.2,fed_mdbscan_g,-0.0017000000000000348,-0.0016931138064923967,-0.0031746031746031633,-0.002711284207886966,0.06596452328159641,-1.078020209947135
main,mnist,8.2,mdbg_l0_only,137,method_minus_full,main/mnist/8.2,fed_mdbscan_g,0.03970000000000001,0.04123475377978164,-0.0031746031746031633,-0.02990556273922257,0.022838137472283804,-1.5067285153976022
main,mnist,8.2,mdbg_l0_only,2024,method_minus_full,main/mnist/8.2,fed_mdbscan_g,0.016500000000000015,0.01451189027046429,-0.016931216931216908,-0.004616025707117555,-0.02527716186252771,-2.0996349521020115
main,mnist,8.2,fedavg,42,attack_minus_clean,clean/mnist/8.2,fedavg,-0.005900000000000016,-0.006105951620279715,0.0,,0.988580931263858,0.009430345438886434
main,mnist,8.2,fedavg,42,method_minus_full,main/mnist/8.2,fed_mdbscan_g,0.6194,0.6142177886087006,-0.36507936507936506,-0.43831337844872464,0.26917960088691795,-2.523282446071971
main,mnist,8.2,fedavg,137,attack_minus_clean,clean/mnist/8.2,fedavg,-0.0049000000000000155,-0.0052561142502783875,0.0,,0.9839246119733924,-0.005174880626145753
main,mnist,8.2,fedavg,137,method_minus_full,main/mnist/8.2,fed_mdbscan_g,0.5775999999999999,0.5878096340359185,-0.4312169312169312,-0.36683417085427134,0.24201773835920182,-3.163033620970479
main,mnist,8.2,fedavg,2024,attack_minus_clean,clean/mnist/8.2,fedavg,-0.009600000000000053,-0.010329941353770522,0.0,,0.9875831485587583,-0.006069667850776256
main,mnist,8.2,fedavg,2024,method_minus_full,main/mnist/8.2,fed_mdbscan_g,0.497,0.5057630771800767,-0.42592592592592593,-0.3452868852459016,0.09312638580931265,-3.733927355396251
main,mnist,8.2,fltrust_normalized,42,method_minus_full,main/mnist/8.2,fed_mdbscan_g,0.5476,0.540049404547343,-0.09576719576719572,-0.08090366487462752,0.26917960088691795,-2.4396589121975314
main,mnist,8.2,fltrust_normalized,137,method_minus_full,main/mnist/8.2,fed_mdbscan_g,0.48300000000000004,0.49348509554845615,-0.0798941798941799,-0.08578460817205558,0.24201773835920182,-3.080121507771158
main,mnist,8.2,fltrust_normalized,2024,method_minus_full,main/mnist/8.2,fed_mdbscan_g,0.30210000000000004,0.3079221674617566,-0.1746031746031746,-0.16540019969349368,0.08769401330376947,-3.648782283506201
main,mnist,8.2,flame_hdbscan,42,method_minus_full,main/mnist/8.2,fed_mdbscan_g,-0.06320000000000003,-0.06248705491699133,0.0798941798941799,0.009994892227967067,-0.28758314855875833,-2.2408601642392263
main,mnist,8.2,flame_hdbscan,137,method_minus_full,main/mnist/8.2,fed_mdbscan_g,-0.03760000000000002,-0.03852622785713197,0.030158730158730163,0.048615664284683,-0.226940133037694,-2.8187216852325947
main,mnist,8.2,flame_hdbscan,2024,method_minus_full,main/mnist/8.2,fed_mdbscan_g,-0.10969999999999999,-0.0997523533863666,0.06190476190476191,0.015337818966119188,0.007871396895787197,-3.4390502148269055
clean,mnist,8.2,fedavg,42,method_minus_full,clean/mnist/8.2,fed_mdbscan_g,0.6342,0.6289605898018644,-0.4211111111111111,,-0.15343680709534369,-3.013135181056956
clean,mnist,8.2,fedavg,137,method_minus_full,clean/mnist/8.2,fed_mdbscan_g,0.6199,0.6314047623887062,-0.457037037037037,,0.01607538802660754,-3.265277401889519
clean,mnist,8.2,fedavg,2024,method_minus_full,clean/mnist/8.2,fed_mdbscan_g,0.5259,0.5366735843102876,-0.4151851851851852,,0.011529933481152993,-2.7332420696426802
oracle,mnist,8.2,fedavg,42,oracle_minus_attacked,main/mnist/8.2,fedavg,-0.006399999999999961,-0.007264421069596572,0.0,1.0,-0.988359201773836,-0.03329770209966228
oracle,mnist,8.2,fedavg,137,oracle_minus_attacked,main/mnist/8.2,fedavg,-0.014799999999999924,-0.01654727843423298,0.0,1.0,-0.9767184035476718,-0.022088444182494033
oracle,mnist,8.2,fedavg,2024,oracle_minus_attacked,main/mnist/8.2,fedavg,-0.006199999999999983,-0.0061911944650207,0.0,1.0,-0.9917960088691796,-0.02865771473152564
main,fashion_mnist,6.2,fedavg,42,method_minus_full,main/fashion_mnist/6.2,fed_mdbscan_g,0.5035000000000001,0.5035000000000001,-0.46,,,-3.188139876529264
main,fashion_mnist,6.2,fedavg,137,method_minus_full,main/fashion_mnist/6.2,fed_mdbscan_g,0.4003,0.40029999999999993,-0.33740740740740743,,,-4.2134823875540555
main,fashion_mnist,6.2,fedavg,2024,method_minus_full,main/fashion_mnist/6.2,fed_mdbscan_g,0.35219999999999996,0.35219999999999996,-0.36333333333333334,,,-3.9352545589325016
main,fashion_mnist,6.2,sample_weighted_mean,42,method_minus_full,main/fashion_mnist/6.2,fed_mdbscan_g,0.5256000000000001,0.5256,-0.46,,,-3.1341119275971625
main,fashion_mnist,6.2,sample_weighted_mean,137,method_minus_full,main/fashion_mnist/6.2,fed_mdbscan_g,0.3973,0.39729999999999993,-0.33740740740740743,,,-4.143838600791059
main,fashion_mnist,6.2,sample_weighted_mean,2024,method_minus_full,main/fashion_mnist/6.2,fed_mdbscan_g,0.2694,0.2694,-0.36333333333333334,,,-3.865684122239084
main,fashion_mnist,6.2,norm_clip,42,method_minus_full,main/fashion_mnist/6.2,fed_mdbscan_g,0.36750000000000005,0.36750000000000005,-0.46,,,-3.1480369875129934
main,fashion_mnist,6.2,norm_clip,137,method_minus_full,main/fashion_mnist/6.2,fed_mdbscan_g,0.25470000000000004,0.2547,-0.33740740740740743,,,-4.176302800277092
main,fashion_mnist,6.2,norm_clip,2024,method_minus_full,main/fashion_mnist/6.2,fed_mdbscan_g,0.23609999999999998,0.2361000000000001,-0.36333333333333334,,,-3.90405429607102
main,fashion_mnist,6.2,coord_median,42,method_minus_full,main/fashion_mnist/6.2,fed_mdbscan_g,0.01319999999999999,0.01319999999999999,-0.46,,,-2.9301182356080973
main,fashion_mnist,6.2,coord_median,137,method_minus_full,main/fashion_mnist/6.2,fed_mdbscan_g,0.04490000000000005,0.044899999999999995,-0.33740740740740743,,,-3.948951155222797
main,fashion_mnist,6.2,coord_median,2024,method_minus_full,main/fashion_mnist/6.2,fed_mdbscan_g,-0.029700000000000004,-0.029700000000000004,-0.36333333333333334,,,-3.680787128594238
main,fashion_mnist,6.2,krum_bound30,42,method_minus_full,main/fashion_mnist/6.2,fed_mdbscan_g,0.18899999999999997,0.18899999999999997,-0.13777777777777778,0.0,,-2.2804855211327473
main,fashion_mnist,6.2,krum_bound30,137,method_minus_full,main/fashion_mnist/6.2,fed_mdbscan_g,0.006000000000000005,0.006000000000000005,-0.01518518518518519,0.0,,-3.36432021271515
main,fashion_mnist,6.2,krum_bound30,2024,method_minus_full,main/fashion_mnist/6.2,fed_mdbscan_g,0.05319999999999997,0.05319999999999997,-0.0411111111111111,0.0,,-3.0151427626687406
main,fashion_mnist,6.2,fltrust_normalized,42,method_minus_full,main/fashion_mnist/6.2,fed_mdbscan_g,0.5166000000000001,0.5166,-0.08740740740740743,0.0,,-3.1081501340920417
main,fashion_mnist,6.2,fltrust_normalized,137,method_minus_full,main/fashion_mnist/6.2,fed_mdbscan_g,0.35430000000000006,0.3542999999999999,-0.07,0.0,,-4.121902591331551
main,fashion_mnist,6.2,fltrust_normalized,2024,method_minus_full,main/fashion_mnist/6.2,fed_mdbscan_g,0.23219999999999996,0.23220000000000007,-0.033703703703703736,0.0,,-3.8625510405167
main,fashion_mnist,6.2,flame_hdbscan,42,method_minus_full,main/fashion_mnist/6.2,fed_mdbscan_g,0.0,0.0,0.022962962962962963,0.0,,-2.8736825945437885
main,fashion_mnist,6.2,flame_hdbscan,137,method_minus_full,main/fashion_mnist/6.2,fed_mdbscan_g,-0.032299999999999995,-0.03230000000000005,0.12,0.0,,-3.8752393739957673
main,fashion_mnist,6.2,flame_hdbscan,2024,method_minus_full,main/fashion_mnist/6.2,fed_mdbscan_g,-0.08860000000000001,-0.08860000000000001,0.10518518518518516,0.0,,-3.5945822436362502
main,fashion_mnist,3.3,fed_mdbscan_g,42,attack_minus_clean,clean/fashion_mnist/3.3,fed_mdbscan_g,0.2528,0.2528,-0.21497354497354498,0.5097806757557795,,1.7705431781010699
main,fashion_mnist,3.3,fed_mdbscan_g,137,attack_minus_clean,clean/fashion_mnist/3.3,fed_mdbscan_g,0.04089999999999999,0.04090000000000005,-0.06439153439153439,0.3368683718028696,,2.24470402096631
main,fashion_mnist,3.3,fed_mdbscan_g,2024,attack_minus_clean,clean/fashion_mnist/3.3,fed_mdbscan_g,0.0116,0.011599999999999944,-0.037037037037037035,0.4613756613756614,,0.775661225973939
main,fashion_mnist,3.3,fedavg,42,attack_minus_clean,clean/fashion_mnist/3.3,fedavg,-0.11339999999999995,-0.11340000000000006,0.0,,,0.0032331766638283993
main,fashion_mnist,3.3,fedavg,42,method_minus_full,main/fashion_mnist/3.3,fed_mdbscan_g,0.15510000000000002,0.15509999999999996,-0.2365079365079365,-0.5097806757557795,,-4.987577599659562
main,fashion_mnist,3.3,fedavg,137,attack_minus_clean,clean/fashion_mnist/3.3,fedavg,-0.15759999999999996,-0.15759999999999996,0.0,,,-0.010446984161778042
main,fashion_mnist,3.3,fedavg,137,method_minus_full,main/fashion_mnist/3.3,fed_mdbscan_g,0.18560000000000004,0.1856000000000001,-0.2767195767195767,-0.3368683718028696,,-6.948912823285597
main,fashion_mnist,3.3,fedavg,2024,attack_minus_clean,clean/fashion_mnist/3.3,fedavg,-0.09989999999999999,-0.09989999999999988,0.0,,,-0.0035538343014195617
main,fashion_mnist,3.3,fedavg,2024,method_minus_full,main/fashion_mnist/3.3,fed_mdbscan_g,0.25410000000000005,0.2541000000000001,-0.34074074074074073,-0.4613756613756614,,-4.685193356716384
main,fashion_mnist,3.3,sample_weighted_mean,42,method_minus_full,main/fashion_mnist/3.3,fed_mdbscan_g,0.1886,0.18859999999999993,-0.2365079365079365,-0.5097806757557795,,-4.918318666459527
main,fashion_mnist,3.3,sample_weighted_mean,137,method_minus_full,main/fashion_mnist/3.3,fed_mdbscan_g,0.17370000000000002,0.17369999999999997,-0.2767195767195767,-0.3368683718028696,,-6.8836771007860085
main,fashion_mnist,3.3,sample_weighted_mean,2024,method_minus_full,main/fashion_mnist/3.3,fed_mdbscan_g,0.3263,0.32630000000000003,-0.34074074074074073,-0.4613756613756614,,-4.613785905976935
main,fashion_mnist,3.3,norm_clip,42,method_minus_full,main/fashion_mnist/3.3,fed_mdbscan_g,0.119,0.11899999999999994,-0.2365079365079365,-0.5097806757557795,,-4.9554295946184235
main,fashion_mnist,3.3,norm_clip,137,method_minus_full,main/fashion_mnist/3.3,fed_mdbscan_g,0.17519999999999997,0.1751999999999999,-0.2767195767195767,-0.3368683718028696,,-6.913982083885155
main,fashion_mnist,3.3,norm_clip,2024,method_minus_full,main/fashion_mnist/3.3,fed_mdbscan_g,0.2123,0.21230000000000016,-0.34074074074074073,-0.4613756613756614,,-4.650901644987365
main,fashion_mnist,3.3,coord_median,42,method_minus_full,main/fashion_mnist/3.3,fed_mdbscan_g,-0.22820000000000001,-0.22820000000000007,-0.2365079365079365,-0.5097806757557795,,-4.704619109483125
main,fashion_mnist,3.3,coord_median,137,method_minus_full,main/fashion_mnist/3.3,fed_mdbscan_g,-0.0043999999999999595,-0.0043999999999999595,-0.2767195767195767,-0.3368683718028696,,-6.679217674587077
main,fashion_mnist,3.3,coord_median,2024,method_minus_full,main/fashion_mnist/3.3,fed_mdbscan_g,0.00990000000000002,0.009900000000000131,-0.34074074074074073,-0.4613756613756614,,-4.429360250205112
main,fashion_mnist,3.3,krum_bound30,42,method_minus_full,main/fashion_mnist/3.3,fed_mdbscan_g,-0.06209999999999999,-0.0621000000000001,0.08095238095238094,-0.188352104327208,,-4.089754251483828
main,fashion_mnist,3.3,krum_bound30,137,method_minus_full,main/fashion_mnist/3.3,fed_mdbscan_g,0.008000000000000007,0.008000000000000007,0.03068783068783071,0.007179247244749443,,-6.053284342358044
main,fashion_mnist,3.3,krum_bound30,2024,method_minus_full,main/fashion_mnist/3.3,fed_mdbscan_g,0.054900000000000004,0.054900000000000115,-0.03968253968253965,-0.10304232804232805,,-3.794437312835362
main,fashion_mnist,3.3,fltrust_normalized,42,method_minus_full,main/fashion_mnist/3.3,fed_mdbscan_g,0.2842,0.28419999999999984,0.12962962962962965,0.016225212369833875,,-4.930690637149382
main,fashion_mnist,3.3,fltrust_normalized,137,method_minus_full,main/fashion_mnist/3.3,fed_mdbscan_g,0.26100000000000007,0.2609999999999999,-0.001058201058201036,0.21796333286596864,,-6.87889408338815
main,fashion_mnist,3.3,fltrust_normalized,2024,method_minus_full,main/fashion_mnist/3.3,fed_mdbscan_g,0.21539999999999998,0.21540000000000004,0.016931216931216964,0.09660590097271321,,-4.617986054450739
main,fashion_mnist,3.3,flame_hdbscan,42,method_minus_full,main/fashion_mnist/3.3,fed_mdbscan_g,-0.2248,-0.2248000000000001,0.1883597883597884,-0.051845685316008916,,-4.674389375393123
main,fashion_mnist,3.3,flame_hdbscan,137,method_minus_full,main/fashion_mnist/3.3,fed_mdbscan_g,-0.058699999999999974,-0.05870000000000003,0.08201058201058203,0.2567044070251077,,-6.634533027066694
main,fashion_mnist,3.3,flame_hdbscan,2024,method_minus_full,main/fashion_mnist/3.3,fed_mdbscan_g,-0.021600000000000008,-0.021599999999999953,0.05767195767195765,0.041497901842729445,,-4.379090079537127
main,fashion_mnist,4.2,fed_mdbscan_g,42,attack_minus_clean,clean/fashion_mnist/4.2,fed_mdbscan_g,0.0,0.0,0.016759259259259307,0.23715415019762845,,-0.34379599199552713
main,fashion_mnist,4.2,fed_mdbscan_g,137,attack_minus_clean,clean/fashion_mnist/4.2,fed_mdbscan_g,0.0,0.0,-0.013611111111111074,0.2936400541271989,,0.17584994902911877
main,fashion_mnist,4.2,fed_mdbscan_g,2024,attack_minus_clean,clean/fashion_mnist/4.2,fed_mdbscan_g,0.0,0.0,0.0010185185185185297,0.26147077309868005,,-0.3701725015571964
main,fashion_mnist,4.2,fedavg,42,attack_minus_clean,clean/fashion_mnist/4.2,fedavg,-0.00040000000000006697,-0.00040000000000006697,0.0,,,-0.002506883617024877
main,fashion_mnist,4.2,fedavg,42,method_minus_full,main/fashion_mnist/4.2,fed_mdbscan_g,0.5505,0.5505,-0.4726851851851852,-0.23715415019762845,,-3.0880347153288312
main,fashion_mnist,4.2,fedavg,137,attack_minus_clean,clean/fashion_mnist/4.2,fedavg,-0.0004999999999999449,-0.000500000000000056,0.0,,,0.00015251694712786756
main,fashion_mnist,4.2,fedavg,137,method_minus_full,main/fashion_mnist/4.2,fed_mdbscan_g,0.3352,0.3352,-0.3337962962962963,-0.2936400541271989,,-4.416400471104619
main,fashion_mnist,4.2,fedavg,2024,attack_minus_clean,clean/fashion_mnist/4.2,fedavg,0.000200000000000089,0.00019999999999986695,0.0,,,-0.0014847656285079808
main,fashion_mnist,4.2,fedavg,2024,method_minus_full,main/fashion_mnist/4.2,fed_mdbscan_g,0.3415,0.3414999999999999,-0.3902777777777778,-0.26147077309868005,,-3.8393714570323936
main,fashion_mnist,4.2,sample_weighted_mean,42,method_minus_full,main/fashion_mnist/4.2,fed_mdbscan_g,0.5479,0.5478999999999999,-0.4726851851851852,-0.23715415019762845,,-3.016449537023436
main,fashion_mnist,4.2,sample_weighted_mean,137,method_minus_full,main/fashion_mnist/4.2,fed_mdbscan_g,0.38189999999999996,0.38189999999999996,-0.3337962962962963,-0.2936400541271989,,-4.355299494644472
main,fashion_mnist,4.2,sample_weighted_mean,2024,method_minus_full,main/fashion_mnist/4.2,fed_mdbscan_g,0.36339999999999995,0.36340000000000006,-0.3902777777777778,-0.26147077309868005,,-3.780925287034673
main,fashion_mnist,4.2,norm_clip,42,method_minus_full,main/fashion_mnist/4.2,fed_mdbscan_g,0.3687,0.3687,-0.4726851851851852,-0.23715415019762845,,-3.0480784044135363
main,fashion_mnist,4.2,norm_clip,137,method_minus_full,main/fashion_mnist/4.2,fed_mdbscan_g,0.2062,0.20619999999999988,-0.3337962962962963,-0.2936400541271989,,-4.385272712997781
main,fashion_mnist,4.2,norm_clip,2024,method_minus_full,main/fashion_mnist/4.2,fed_mdbscan_g,0.23319999999999996,0.23320000000000007,-0.3902777777777778,-0.26147077309868005,,-3.80588381755709
main,fashion_mnist,4.2,coord_median,42,method_minus_full,main/fashion_mnist/4.2,fed_mdbscan_g,0.011899999999999994,0.011899999999999994,-0.4726851851851852,-0.23715415019762845,,-2.8122494233228887
main,fashion_mnist,4.2,coord_median,137,method_minus_full,main/fashion_mnist/4.2,fed_mdbscan_g,-0.005500000000000005,-0.00550000000000006,-0.3337962962962963,-0.2936400541271989,,-4.14659780494403
main,fashion_mnist,4.2,coord_median,2024,method_minus_full,main/fashion_mnist/4.2,fed_mdbscan_g,-0.041600000000000026,-0.041600000000000026,-0.3902777777777778,-0.26147077309868005,,-3.5235367393276342
main,fashion_mnist,4.2,krum_bound30,42,method_minus_full,main/fashion_mnist/4.2,fed_mdbscan_g,0.1933,0.1933,-0.14212962962962966,-0.015877554452947612,,-2.2473901855410077
main,fashion_mnist,4.2,krum_bound30,137,method_minus_full,main/fashion_mnist/4.2,fed_mdbscan_g,-0.0021000000000000463,-0.0020999999999999908,-0.02777777777777779,0.00281384658202094,,-3.469806594215333
main,fashion_mnist,4.2,krum_bound30,2024,method_minus_full,main/fashion_mnist/4.2,fed_mdbscan_g,0.04409999999999997,0.04409999999999997,-0.0800925925925926,0.022217170163731315,,-2.8975692330355134
main,fashion_mnist,4.2,fltrust_normalized,42,method_minus_full,main/fashion_mnist/4.2,fed_mdbscan_g,0.47750000000000004,0.47750000000000004,-0.11388888888888893,0.052832845901201214,,-3.0065028063914117
main,fashion_mnist,4.2,fltrust_normalized,137,method_minus_full,main/fashion_mnist/4.2,fed_mdbscan_g,0.2866,0.2866,-0.05509259259259258,-0.06281123925500681,,-4.32749637561695
main,fashion_mnist,4.2,fltrust_normalized,2024,method_minus_full,main/fashion_mnist/4.2,fed_mdbscan_g,0.26680000000000004,0.26680000000000004,-0.04398148148148151,-0.02103361462873471,,-3.758441086311359
main,fashion_mnist,4.2,flame_hdbscan,42,method_minus_full,main/fashion_mnist/4.2,fed_mdbscan_g,0.0,0.0,0.033333333333333326,-0.006384919428397667,,-2.7305223159259184
main,fashion_mnist,4.2,flame_hdbscan,137,method_minus_full,main/fashion_mnist/4.2,fed_mdbscan_g,-0.09410000000000002,-0.09410000000000002,0.1023148148148148,0.04212636923046531,,-4.067764146851065
main,fashion_mnist,4.2,flame_hdbscan,2024,method_minus_full,main/fashion_mnist/4.2,fed_mdbscan_g,-0.08479999999999999,-0.08480000000000004,0.059259259259259234,0.053085835936456605,,-3.5157469316463295
main,fashion_mnist,5.2,fed_mdbscan_g,42,attack_minus_clean,clean/fashion_mnist/5.2,fed_mdbscan_g,0.0,0.0,0.0218518518518519,0.2356902356902357,,-0.10708636981823183
main,fashion_mnist,5.2,fed_mdbscan_g,137,attack_minus_clean,clean/fashion_mnist/5.2,fed_mdbscan_g,-0.0018000000000000238,-0.0018000000000000793,-0.013611111111111074,0.28552005438477224,,0.23549824003130215
main,fashion_mnist,5.2,fed_mdbscan_g,2024,attack_minus_clean,clean/fashion_mnist/5.2,fed_mdbscan_g,0.009500000000000008,0.009499999999999953,-0.011018518518518483,0.26802807913209953,,-0.1572807266881382
main,fashion_mnist,5.2,fedavg,42,attack_minus_clean,clean/fashion_mnist/5.2,fedavg,9.999999999998899e-05,9.999999999998899e-05,0.0,,,0.010969696550940475
main,fashion_mnist,5.2,fedavg,42,method_minus_full,main/fashion_mnist/5.2,fed_mdbscan_g,0.551,0.551,-0.4777777777777778,-0.2356902356902357,,-3.183758032073577
main,fashion_mnist,5.2,fedavg,137,attack_minus_clean,clean/fashion_mnist/5.2,fedavg,-0.00029999999999996696,-0.000300000000000078,0.0,,,0.007828580564819276
main,fashion_mnist,5.2,fedavg,137,method_minus_full,main/fashion_mnist/5.2,fed_mdbscan_g,0.3372,0.33720000000000006,-0.3337962962962963,-0.28552005438477224,,-4.410663056486131
main,fashion_mnist,5.2,fedavg,2024,attack_minus_clean,clean/fashion_mnist/5.2,fedavg,0.000300000000000078,0.0002999999999997449,0.0,,,-0.0021087804227136048
main,fashion_mnist,5.2,fedavg,2024,method_minus_full,main/fashion_mnist/5.2,fed_mdbscan_g,0.3321,0.33209999999999984,-0.37824074074074077,-0.26802807913209953,,-3.799344970184999
main,fashion_mnist,5.2,sample_weighted_mean,42,method_minus_full,main/fashion_mnist/5.2,fed_mdbscan_g,0.541,0.541,-0.4777777777777778,-0.2356902356902357,,-3.129099621169735
main,fashion_mnist,5.2,sample_weighted_mean,137,method_minus_full,main/fashion_mnist/5.2,fed_mdbscan_g,0.38520000000000004,0.3852000000000001,-0.3337962962962963,-0.28552005438477224,,-4.336066610975346
main,fashion_mnist,5.2,sample_weighted_mean,2024,method_minus_full,main/fashion_mnist/5.2,fed_mdbscan_g,0.3531,0.3531000000000001,-0.37824074074074077,-0.26802807913209953,,-3.736359404368947
main,fashion_mnist,5.2,norm_clip,42,method_minus_full,main/fashion_mnist/5.2,fed_mdbscan_g,0.3693000000000001,0.36929999999999996,-0.4777777777777778,-0.2356902356902357,,-3.150357092276681
main,fashion_mnist,5.2,norm_clip,137,method_minus_full,main/fashion_mnist/5.2,fed_mdbscan_g,0.20869999999999994,0.2087000000000001,-0.3337962962962963,-0.28552005438477224,,-4.385277853180499
main,fashion_mnist,5.2,norm_clip,2024,method_minus_full,main/fashion_mnist/5.2,fed_mdbscan_g,0.22410000000000002,0.22410000000000008,-0.37824074074074077,-0.26802807913209953,,-3.76204100769246
main,fashion_mnist,5.2,coord_median,42,method_minus_full,main/fashion_mnist/5.2,fed_mdbscan_g,0.012999999999999984,0.013000000000000012,-0.4777777777777778,-0.2356902356902357,,-2.892152844547915
main,fashion_mnist,5.2,coord_median,137,method_minus_full,main/fashion_mnist/5.2,fed_mdbscan_g,-0.0050000000000000044,-0.004999999999999893,-0.3337962962962963,-0.28552005438477224,,-4.127192351307409
main,fashion_mnist,5.2,coord_median,2024,method_minus_full,main/fashion_mnist/5.2,fed_mdbscan_g,-0.045899999999999996,-0.04589999999999994,-0.37824074074074077,-0.26802807913209953,,-3.5145637615428615
main,fashion_mnist,5.2,krum_bound30,42,method_minus_full,main/fashion_mnist/5.2,fed_mdbscan_g,0.1928,0.1928,-0.1476851851851852,-0.012995200229242804,,-2.1812916742948194
main,fashion_mnist,5.2,krum_bound30,137,method_minus_full,main/fashion_mnist/5.2,fed_mdbscan_g,0.00040000000000001146,0.00040000000000006697,-0.02777777777777779,0.010933846324447605,,-3.5452780339401215
main,fashion_mnist,5.2,krum_bound30,2024,method_minus_full,main/fashion_mnist/5.2,fed_mdbscan_g,0.03259999999999996,0.03260000000000007,-0.06944444444444448,0.019915183279248017,,-2.8449443085468373
main,fashion_mnist,5.2,fltrust_normalized,42,method_minus_full,main/fashion_mnist/5.2,fed_mdbscan_g,0.4701000000000001,0.47009999999999996,-0.11342592592592593,0.05205169979363525,,-3.1145199891955904
main,fashion_mnist,5.2,fltrust_normalized,137,method_minus_full,main/fashion_mnist/5.2,fed_mdbscan_g,0.2887,0.2887000000000002,-0.05462962962962964,-0.052135201216302385,,-4.3293049682475
main,fashion_mnist,5.2,fltrust_normalized,2024,method_minus_full,main/fashion_mnist/5.2,fed_mdbscan_g,0.2455,0.24550000000000005,-0.022222222222222254,-0.035752589598000956,,-3.7220352047666285
main,fashion_mnist,5.2,flame_hdbscan,42,method_minus_full,main/fashion_mnist/5.2,fed_mdbscan_g,0.0,0.0,0.028240740740740733,-0.004921004921004918,,-2.844536635535769
main,fashion_mnist,5.2,flame_hdbscan,137,method_minus_full,main/fashion_mnist/5.2,fed_mdbscan_g,-0.11409999999999998,-0.11409999999999992,0.10324074074074074,0.05637938695600986,,-4.042431225030062
main,fashion_mnist,5.2,flame_hdbscan,2024,method_minus_full,main/fashion_mnist/5.2,fed_mdbscan_g,-0.09440000000000004,-0.09439999999999993,0.07268518518518519,0.04694131430140075,,-3.503543454563866
main,fashion_mnist,6.1,fedavg,42,method_minus_full,main/fashion_mnist/6.1,fed_mdbscan_g,0.0,0.0,-0.0007407407407407407,,,-1.2486938240006566
main,fashion_mnist,6.1,fedavg,137,method_minus_full,main/fashion_mnist/6.1,fed_mdbscan_g,0.0007000000000000339,0.0006999999999998119,-0.0044444444444444444,,,-1.1772957955525876
main,fashion_mnist,6.1,fedavg,2024,method_minus_full,main/fashion_mnist/6.1,fed_mdbscan_g,0.0027000000000000357,0.0026999999999999247,-0.01074074074074074,,,-1.0847263070133826
main,fashion_mnist,6.1,sample_weighted_mean,42,method_minus_full,main/fashion_mnist/6.1,fed_mdbscan_g,0.01090000000000002,0.010899999999999799,-0.0007407407407407407,,,-1.1888923933186257
main,fashion_mnist,6.1,sample_weighted_mean,137,method_minus_full,main/fashion_mnist/6.1,fed_mdbscan_g,0.01100000000000001,0.01100000000000001,-0.0044444444444444444,,,-1.1047435363327773
main,fashion_mnist,6.1,sample_weighted_mean,2024,method_minus_full,main/fashion_mnist/6.1,fed_mdbscan_g,0.014100000000000001,0.014100000000000001,-0.01074074074074074,,,-1.0179074247561706
main,fashion_mnist,6.1,norm_clip,42,method_minus_full,main/fashion_mnist/6.1,fed_mdbscan_g,0.00010000000000010001,9.999999999987796e-05,-0.0007407407407407407,,,-1.2200574243829276
main,fashion_mnist,6.1,norm_clip,137,method_minus_full,main/fashion_mnist/6.1,fed_mdbscan_g,0.0009000000000000119,0.0008999999999999009,-0.0044444444444444444,,,-1.1473734946378196
main,fashion_mnist,6.1,norm_clip,2024,method_minus_full,main/fashion_mnist/6.1,fed_mdbscan_g,0.0026000000000000467,0.0026000000000000467,-0.01074074074074074,,,-1.0552702953883757
main,fashion_mnist,6.1,coord_median,42,method_minus_full,main/fashion_mnist/6.1,fed_mdbscan_g,-0.0484,-0.04840000000000011,-0.0007407407407407407,,,-0.9612781068426557
main,fashion_mnist,6.1,coord_median,137,method_minus_full,main/fashion_mnist/6.1,fed_mdbscan_g,-0.05369999999999997,-0.05369999999999997,-0.0044444444444444444,,,-0.8682902714664427
main,fashion_mnist,6.1,coord_median,2024,method_minus_full,main/fashion_mnist/6.1,fed_mdbscan_g,-0.04820000000000002,-0.04820000000000002,-0.01074074074074074,,,-0.79337168080577
main,fashion_mnist,6.1,krum_bound30,42,method_minus_full,main/fashion_mnist/6.1,fed_mdbscan_g,-0.04859999999999998,-0.0486000000000002,0.3214814814814815,0.0,,-0.26672198565211147
main,fashion_mnist,6.1,krum_bound30,137,method_minus_full,main/fashion_mnist/6.1,fed_mdbscan_g,-0.042200000000000015,-0.042200000000000015,0.3177777777777778,0.0,,-0.26664798763813446
main,fashion_mnist,6.1,krum_bound30,2024,method_minus_full,main/fashion_mnist/6.1,fed_mdbscan_g,-0.05069999999999997,-0.05069999999999997,0.3114814814814815,0.0,,-0.10397616970585655
main,fashion_mnist,6.1,fltrust_normalized,42,method_minus_full,main/fashion_mnist/6.1,fed_mdbscan_g,-0.03389999999999993,-0.03390000000000004,0.2733333333333333,0.0,,-1.1772419703969113
main,fashion_mnist,6.1,fltrust_normalized,137,method_minus_full,main/fashion_mnist/6.1,fed_mdbscan_g,-0.04349999999999998,-0.04349999999999998,0.2718518518518519,0.0,,-1.0975216183656205
main,fashion_mnist,6.1,fltrust_normalized,2024,method_minus_full,main/fashion_mnist/6.1,fed_mdbscan_g,-0.04289999999999994,-0.04289999999999994,0.2592592592592593,0.0,,-0.9944998883719867
main,fashion_mnist,6.1,flame_hdbscan,42,method_minus_full,main/fashion_mnist/6.1,fed_mdbscan_g,-0.06469999999999998,-0.06470000000000009,0.4848148148148148,0.0,,-0.9381445623623829
main,fashion_mnist,6.1,flame_hdbscan,137,method_minus_full,main/fashion_mnist/6.1,fed_mdbscan_g,-0.0605,-0.0605,0.4840740740740741,0.0,,-0.8516090082625547
main,fashion_mnist,6.1,flame_hdbscan,2024,method_minus_full,main/fashion_mnist/6.1,fed_mdbscan_g,-0.07309999999999994,-0.07309999999999994,0.47555555555555556,0.0,,-0.7093382791965268
main,fashion_mnist,3.1,fed_mdbscan_g,42,attack_minus_clean,clean/fashion_mnist/3.1,fed_mdbscan_g,0.3809,0.3809,-0.3332407407407407,0.8029739776951673,,0.4360745506632764
main,fashion_mnist,3.1,fed_mdbscan_g,137,attack_minus_clean,clean/fashion_mnist/3.1,fed_mdbscan_g,-0.07250000000000001,-0.07250000000000006,-0.08444444444444443,0.6553398058252428,,-0.27774803428910655
main,fashion_mnist,3.1,fed_mdbscan_g,2024,attack_minus_clean,clean/fashion_mnist/3.1,fed_mdbscan_g,0.017000000000000015,0.01699999999999996,-0.1809259259259259,0.7058823529411765,,0.22432012185066252
main,fashion_mnist,3.1,fedavg,42,attack_minus_clean,clean/fashion_mnist/3.1,fedavg,-0.1877000000000001,-0.1877000000000001,0.0,,,-0.0011273985495790922
main,fashion_mnist,3.1,fedavg,42,method_minus_full,main/fashion_mnist/3.1,fed_mdbscan_g,-0.01770000000000005,-0.01770000000000005,-0.12268518518518519,-0.8029739776951673,,-3.681743357078328
main,fashion_mnist,3.1,fedavg,137,attack_minus_clean,clean/fashion_mnist/3.1,fedavg,-0.21739999999999993,-0.21740000000000015,0.0,,,-0.00165204505513733
main,fashion_mnist,3.1,fedavg,137,method_minus_full,main/fashion_mnist/3.1,fed_mdbscan_g,0.19080000000000003,0.19079999999999997,-0.26296296296296295,-0.6553398058252428,,-4.086123785601618
main,fashion_mnist,3.1,fedavg,2024,attack_minus_clean,clean/fashion_mnist/3.1,fedavg,-0.1751999999999999,-0.1751999999999999,0.0,,,-0.0059256579726934405
main,fashion_mnist,3.1,fedavg,2024,method_minus_full,main/fashion_mnist/3.1,fed_mdbscan_g,0.1491,0.14910000000000018,-0.20833333333333334,-0.7058823529411765,,-4.199499230319634
main,fashion_mnist,3.1,sample_weighted_mean,42,method_minus_full,main/fashion_mnist/3.1,fed_mdbscan_g,0.01660000000000006,0.01660000000000006,-0.12268518518518519,-0.8029739776951673,,-3.6161541466834026
main,fashion_mnist,3.1,sample_weighted_mean,137,method_minus_full,main/fashion_mnist/3.1,fed_mdbscan_g,0.2595,0.25949999999999995,-0.26296296296296295,-0.6553398058252428,,-4.026854454031369
main,fashion_mnist,3.1,sample_weighted_mean,2024,method_minus_full,main/fashion_mnist/3.1,fed_mdbscan_g,0.1602,0.16020000000000006,-0.20833333333333334,-0.7058823529411765,,-4.137316034710966
main,fashion_mnist,3.1,norm_clip,42,method_minus_full,main/fashion_mnist/3.1,fed_mdbscan_g,0.10189999999999999,0.1019000000000001,-0.12268518518518519,-0.8029739776951673,,-3.6404057275348656
main,fashion_mnist,3.1,norm_clip,137,method_minus_full,main/fashion_mnist/3.1,fed_mdbscan_g,0.29109999999999997,0.29110000000000014,-0.26296296296296295,-0.6553398058252428,,-4.054541124861377
main,fashion_mnist,3.1,norm_clip,2024,method_minus_full,main/fashion_mnist/3.1,fed_mdbscan_g,0.27079999999999993,0.2708,-0.20833333333333334,-0.7058823529411765,,-4.168890174718884
main,fashion_mnist,3.1,coord_median,42,method_minus_full,main/fashion_mnist/3.1,fed_mdbscan_g,-0.3609,-0.3609,-0.12268518518518519,-0.8029739776951673,,-3.377622980271311
main,fashion_mnist,3.1,coord_median,137,method_minus_full,main/fashion_mnist/3.1,fed_mdbscan_g,0.00379999999999997,0.0038000000000000256,-0.26296296296296295,-0.6553398058252428,,-3.811059436725918
main,fashion_mnist,3.1,coord_median,2024,method_minus_full,main/fashion_mnist/3.1,fed_mdbscan_g,-0.03490000000000004,-0.03489999999999999,-0.20833333333333334,-0.7058823529411765,,-3.913196292139279
main,fashion_mnist,3.1,krum_bound30,42,method_minus_full,main/fashion_mnist/3.1,fed_mdbscan_g,-0.04749999999999999,-0.04749999999999999,0.0300925925925926,-0.037016530886656684,,-2.7533504481970645
main,fashion_mnist,3.1,krum_bound30,137,method_minus_full,main/fashion_mnist/3.1,fed_mdbscan_g,0.15789999999999998,0.15790000000000004,-0.11018518518518516,0.11061764098326787,,-3.2480839164345525
main,fashion_mnist,3.1,krum_bound30,2024,method_minus_full,main/fashion_mnist/3.1,fed_mdbscan_g,0.07929999999999998,0.07930000000000004,-0.05555555555555555,0.06007509386733412,,-3.218341639374072
main,fashion_mnist,3.1,fltrust_normalized,42,method_minus_full,main/fashion_mnist/3.1,fed_mdbscan_g,0.0766,0.0766,0.2625,-0.4670127890960163,,-3.599340842404248
main,fashion_mnist,3.1,fltrust_normalized,137,method_minus_full,main/fashion_mnist/3.1,fed_mdbscan_g,0.35799999999999993,0.3580000000000001,0.018981481481481488,-0.285127039867796,,-4.0174521486546535
main,fashion_mnist,3.1,fltrust_normalized,2024,method_minus_full,main/fashion_mnist/3.1,fed_mdbscan_g,0.2328,0.23280000000000006,0.16851851851851848,-0.3581093206043858,,-4.131346001681716
main,fashion_mnist,3.1,flame_hdbscan,42,method_minus_full,main/fashion_mnist/3.1,fed_mdbscan_g,-0.2771,-0.2771,0.23055555555555557,-0.21697289250797258,,-3.3395635345097014
main,fashion_mnist,3.1,flame_hdbscan,137,method_minus_full,main/fashion_mnist/3.1,fed_mdbscan_g,-0.02729999999999999,-0.027299999999999935,0.0939814814814815,-0.07187141036333033,,-3.755356572777964
main,fashion_mnist,3.1,flame_hdbscan,2024,method_minus_full,main/fashion_mnist/3.1,fed_mdbscan_g,-0.08490000000000003,-0.08490000000000003,0.15092592592592594,-0.12398580121703862,,-3.860378336301073
main,fashion_mnist,1.1,fedavg,42,method_minus_full,main/fashion_mnist/1.1,fed_mdbscan_g,0.0006000000000000449,0.0006000000000000449,-0.0044444444444444444,,,-1.0066852033991989
main,fashion_mnist,1.1,fedavg,137,method_minus_full,main/fashion_mnist/1.1,fed_mdbscan_g,0.0,0.0,-0.0014814814814814814,,,-0.9989157078942904
main,fashion_mnist,1.1,fedavg,2024,method_minus_full,main/fashion_mnist/1.1,fed_mdbscan_g,-9.999999999998899e-05,-0.00010000000000010001,-0.006296296296296296,,,-1.1089788922613175
main,fashion_mnist,1.1,sample_weighted_mean,42,method_minus_full,main/fashion_mnist/1.1,fed_mdbscan_g,0.0045000000000000595,0.0045000000000000595,-0.0044444444444444444,,,-0.9587084098719061
main,fashion_mnist,1.1,sample_weighted_mean,137,method_minus_full,main/fashion_mnist/1.1,fed_mdbscan_g,0.005199999999999982,0.005199999999999982,-0.0014814814814814814,,,-0.9372142836917191
main,fashion_mnist,1.1,sample_weighted_mean,2024,method_minus_full,main/fashion_mnist/1.1,fed_mdbscan_g,0.006300000000000083,0.006299999999999861,-0.006296296296296296,,,-1.035308372345753
main,fashion_mnist,1.1,norm_clip,42,method_minus_full,main/fashion_mnist/1.1,fed_mdbscan_g,0.000500000000000056,0.000500000000000167,-0.0044444444444444444,,,-0.9843118615603696
main,fashion_mnist,1.1,norm_clip,137,method_minus_full,main/fashion_mnist/1.1,fed_mdbscan_g,0.00029999999999996696,0.000300000000000078,-0.0014814814814814814,,,-0.9827240099703581
main,fashion_mnist,1.1,norm_clip,2024,method_minus_full,main/fashion_mnist/1.1,fed_mdbscan_g,-0.00039999999999995595,-0.00040000000000006697,-0.006296296296296296,,,-1.074406637235855
main,fashion_mnist,1.1,coord_median,42,method_minus_full,main/fashion_mnist/1.1,fed_mdbscan_g,-0.007299999999999973,-0.007299999999999862,-0.0044444444444444444,,,-0.7139877847240618
main,fashion_mnist,1.1,coord_median,137,method_minus_full,main/fashion_mnist/1.1,fed_mdbscan_g,-0.007099999999999995,-0.007099999999999995,-0.0014814814814814814,,,-0.7146910173197587
main,fashion_mnist,1.1,coord_median,2024,method_minus_full,main/fashion_mnist/1.1,fed_mdbscan_g,-0.008799999999999919,-0.00880000000000003,-0.006296296296296296,,,-0.7984167658762695
main,fashion_mnist,1.1,krum_bound30,42,method_minus_full,main/fashion_mnist/1.1,fed_mdbscan_g,-0.011900000000000022,-0.01189999999999991,0.3177777777777778,0.0,,-0.13242655650246893
main,fashion_mnist,1.1,krum_bound30,137,method_minus_full,main/fashion_mnist/1.1,fed_mdbscan_g,-0.015699999999999936,-0.015699999999999936,0.32074074074074077,0.0,,-0.1017062707687727
main,fashion_mnist,1.1,krum_bound30,2024,method_minus_full,main/fashion_mnist/1.1,fed_mdbscan_g,-0.01079999999999992,-0.010800000000000254,0.31592592592592594,0.0,,-0.17675001429937143
main,fashion_mnist,1.1,fltrust_normalized,42,method_minus_full,main/fashion_mnist/1.1,fed_mdbscan_g,-0.03190000000000004,-0.03189999999999982,0.3174074074074074,0.0,,-0.9301166657047968
main,fashion_mnist,1.1,fltrust_normalized,137,method_minus_full,main/fashion_mnist/1.1,fed_mdbscan_g,-0.02090000000000003,-0.02089999999999992,0.2948148148148148,0.0,,-0.9338194392233465
main,fashion_mnist,1.1,fltrust_normalized,2024,method_minus_full,main/fashion_mnist/1.1,fed_mdbscan_g,-0.022599999999999953,-0.022600000000000064,0.33296296296296296,0.0,,-1.0398897366753468
main,fashion_mnist,1.1,flame_hdbscan,42,method_minus_full,main/fashion_mnist/1.1,fed_mdbscan_g,-0.01749999999999996,-0.01750000000000007,0.48444444444444446,0.0,,-0.6844216842281943
main,fashion_mnist,1.1,flame_hdbscan,137,method_minus_full,main/fashion_mnist/1.1,fed_mdbscan_g,-0.019000000000000017,-0.019000000000000128,0.4874074074074074,0.0,,-0.6514392382620522
main,fashion_mnist,1.1,flame_hdbscan,2024,method_minus_full,main/fashion_mnist/1.1,fed_mdbscan_g,-0.021399999999999975,-0.021399999999999975,0.4822222222222222,0.0,,-0.7290678265465733
main,fashion_mnist,1.2,fedavg,42,method_minus_full,main/fashion_mnist/1.2,fed_mdbscan_g,-0.1744,-0.1744000000000001,-0.003703703703703704,-0.9926470588235294,,-2.2835778304336904
main,fashion_mnist,1.2,fedavg,137,method_minus_full,main/fashion_mnist/1.2,fed_mdbscan_g,-0.1816000000000001,-0.1816000000000001,-0.000462962962962963,-0.9990749306197965,,-2.2366566127010934
main,fashion_mnist,1.2,fedavg,2024,method_minus_full,main/fashion_mnist/1.2,fed_mdbscan_g,-0.19690000000000007,-0.19689999999999996,-0.001851851851851852,-0.996309963099631,,-2.2166011076498155
main,fashion_mnist,1.2,sample_weighted_mean,42,method_minus_full,main/fashion_mnist/1.2,fed_mdbscan_g,-0.18309999999999993,-0.18310000000000015,-0.003703703703703704,-0.9926470588235294,,-2.214979234900481
main,fashion_mnist,1.2,sample_weighted_mean,137,method_minus_full,main/fashion_mnist/1.2,fed_mdbscan_g,-0.20090000000000008,-0.2009000000000002,-0.000462962962962963,-0.9990749306197965,,-2.1623414056686063
main,fashion_mnist,1.2,sample_weighted_mean,2024,method_minus_full,main/fashion_mnist/1.2,fed_mdbscan_g,-0.2207,-0.2206999999999999,-0.001851851851851852,-0.996309963099631,,-2.1569111733697355
main,fashion_mnist,1.2,norm_clip,42,method_minus_full,main/fashion_mnist/1.2,fed_mdbscan_g,-0.0042999999999999705,-0.0043000000000000815,-0.003703703703703704,-0.9926470588235294,,-2.25164273029659
main,fashion_mnist,1.2,norm_clip,137,method_minus_full,main/fashion_mnist/1.2,fed_mdbscan_g,-0.006800000000000028,-0.006800000000000139,-0.000462962962962963,-0.9990749306197965,,-2.1989250997857503
main,fashion_mnist,1.2,norm_clip,2024,method_minus_full,main/fashion_mnist/1.2,fed_mdbscan_g,-0.0049000000000000155,-0.004899999999999682,-0.001851851851851852,-0.996309963099631,,-2.1808139420153263
main,fashion_mnist,1.2,coord_median,42,method_minus_full,main/fashion_mnist/1.2,fed_mdbscan_g,-0.005900000000000016,-0.005900000000000127,-0.003703703703703704,-0.9926470588235294,,-1.9874480502951581
main,fashion_mnist,1.2,coord_median,137,method_minus_full,main/fashion_mnist/1.2,fed_mdbscan_g,-0.007600000000000051,-0.007600000000000273,-0.000462962962962963,-0.9990749306197965,,-1.8950981517710412
main,fashion_mnist,1.2,coord_median,2024,method_minus_full,main/fashion_mnist/1.2,fed_mdbscan_g,-0.009800000000000031,-0.009800000000000031,-0.001851851851851852,-0.996309963099631,,-1.8908518515061588
main,fashion_mnist,1.2,krum_bound30,42,method_minus_full,main/fashion_mnist/1.2,fed_mdbscan_g,-0.0037000000000000366,-0.0037000000000001476,0.14907407407407408,-0.2266896120150188,,-1.4153913493772659
main,fashion_mnist,1.2,krum_bound30,137,method_minus_full,main/fashion_mnist/1.2,fed_mdbscan_g,-0.006900000000000017,-0.006900000000000128,0.15231481481481482,-0.23311748381128583,,-1.296126678516157
main,fashion_mnist,1.2,krum_bound30,2024,method_minus_full,main/fashion_mnist/1.2,fed_mdbscan_g,-0.005299999999999971,-0.00529999999999986,0.15092592592592594,-0.2303525162911204,,-1.3035973180706302
main,fashion_mnist,1.2,fltrust_normalized,42,method_minus_full,main/fashion_mnist/1.2,fed_mdbscan_g,-0.03320000000000001,-0.03320000000000012,0.325,-0.6287727132737913,,-2.195400914235506
main,fashion_mnist,1.2,fltrust_normalized,137,method_minus_full,main/fashion_mnist/1.2,fed_mdbscan_g,-0.02300000000000002,-0.023000000000000242,0.3194444444444445,-0.6503157086211379,,-2.1389502532198095
main,fashion_mnist,1.2,fltrust_normalized,2024,method_minus_full,main/fashion_mnist/1.2,fed_mdbscan_g,-0.012700000000000045,-0.012699999999999823,0.34490740740740744,-0.6404426161608555,,-2.156993129628245
main,fashion_mnist,1.2,flame_hdbscan,42,method_minus_full,main/fashion_mnist/1.2,fed_mdbscan_g,-0.012499999999999956,-0.012500000000000067,0.3574074074074074,-0.4120018975332068,,-1.9846245001147813
main,fashion_mnist,1.2,flame_hdbscan,137,method_minus_full,main/fashion_mnist/1.2,fed_mdbscan_g,-0.012800000000000034,-0.012800000000000256,0.36064814814814816,-0.41842976932947384,,-1.9123779266723433
main,fashion_mnist,1.2,flame_hdbscan,2024,method_minus_full,main/fashion_mnist/1.2,fed_mdbscan_g,-0.01629999999999998,-0.01629999999999998,0.3592592592592593,-0.4156648018093084,,-1.8559785542349951
main,fashion_mnist,1.3,fedavg,42,method_minus_full,main/fashion_mnist/1.3,fed_mdbscan_g,-0.013000000000000012,-0.0129999999999999,-0.006481481481481481,-0.9576669802445907,,-2.547986101471664
main,fashion_mnist,1.3,fedavg,137,method_minus_full,main/fashion_mnist/1.3,fed_mdbscan_g,-0.00550000000000006,-0.005500000000000171,-0.000462962962962963,-0.9474708171206225,,-2.5510249118010204
main,fashion_mnist,1.3,fedavg,2024,method_minus_full,main/fashion_mnist/1.3,fed_mdbscan_g,-0.043300000000000005,-0.043299999999999894,-0.001851851851851852,-0.9793621013133208,,-2.3962510220900493
main,fashion_mnist,1.3,sample_weighted_mean,42,method_minus_full,main/fashion_mnist/1.3,fed_mdbscan_g,-0.02860000000000007,-0.02859999999999996,-0.006481481481481481,-0.9576669802445907,,-2.476176130662983
main,fashion_mnist,1.3,sample_weighted_mean,137,method_minus_full,main/fashion_mnist/1.3,fed_mdbscan_g,-0.0022999999999999687,-0.0023000000000000798,-0.000462962962962963,-0.9474708171206225,,-2.498899490087448
main,fashion_mnist,1.3,sample_weighted_mean,2024,method_minus_full,main/fashion_mnist/1.3,fed_mdbscan_g,-0.005099999999999993,-0.005099999999999993,-0.001851851851851852,-0.9793621013133208,,-2.3404686539550315
main,fashion_mnist,1.3,norm_clip,42,method_minus_full,main/fashion_mnist/1.3,fed_mdbscan_g,-0.013800000000000034,-0.013799999999999923,-0.006481481481481481,-0.9576669802445907,,-2.5113077422759185
main,fashion_mnist,1.3,norm_clip,137,method_minus_full,main/fashion_mnist/1.3,fed_mdbscan_g,-0.010199999999999987,-0.010199999999999987,-0.000462962962962963,-0.9474708171206225,,-2.5273255661207563
main,fashion_mnist,1.3,norm_clip,2024,method_minus_full,main/fashion_mnist/1.3,fed_mdbscan_g,-0.012600000000000056,-0.012600000000000056,-0.001851851851851852,-0.9793621013133208,,-2.370511241222266
main,fashion_mnist,1.3,coord_median,42,method_minus_full,main/fashion_mnist/1.3,fed_mdbscan_g,-0.008099999999999996,-0.008099999999999885,-0.006481481481481481,-0.9576669802445907,,-2.2348035945712277
main,fashion_mnist,1.3,coord_median,137,method_minus_full,main/fashion_mnist/1.3,fed_mdbscan_g,-0.009199999999999986,-0.009199999999999986,-0.000462962962962963,-0.9474708171206225,,-2.258099072399394
main,fashion_mnist,1.3,coord_median,2024,method_minus_full,main/fashion_mnist/1.3,fed_mdbscan_g,-0.009499999999999953,-0.009500000000000064,-0.001851851851851852,-0.9793621013133208,,-2.096299058098036
main,fashion_mnist,1.3,krum_bound30,42,method_minus_full,main/fashion_mnist/1.3,fed_mdbscan_g,-0.0027000000000000357,-0.0027000000000000357,0.14675925925925926,-0.19312797315239216,,-1.6689062889199704
main,fashion_mnist,1.3,krum_bound30,137,method_minus_full,main/fashion_mnist/1.3,fed_mdbscan_g,-0.007099999999999995,-0.007100000000000106,0.15277777777777776,-0.18293181002842396,,-1.625966288886654
main,fashion_mnist,1.3,krum_bound30,2024,method_minus_full,main/fashion_mnist/1.3,fed_mdbscan_g,-0.0044999999999999485,-0.0044999999999999485,0.15092592592592594,-0.21340465450481017,,-1.4779574028526745
main,fashion_mnist,1.3,fltrust_normalized,42,method_minus_full,main/fashion_mnist/1.3,fed_mdbscan_g,-0.029900000000000038,-0.029899999999999927,0.31712962962962965,-0.3736669802445908,,-2.469070885140294
main,fashion_mnist,1.3,fltrust_normalized,137,method_minus_full,main/fashion_mnist/1.3,fed_mdbscan_g,-0.022399999999999975,-0.022400000000000198,0.31342592592592594,-0.4070274378515991,,-2.485133841172016
main,fashion_mnist,1.3,fltrust_normalized,2024,method_minus_full,main/fashion_mnist/1.3,fed_mdbscan_g,-0.023800000000000043,-0.023800000000000043,0.31574074074074077,-0.533227754038289,,-2.333278117096052
main,fashion_mnist,1.3,flame_hdbscan,42,method_minus_full,main/fashion_mnist/1.3,fed_mdbscan_g,-0.011700000000000044,-0.011699999999999822,0.35833333333333334,-0.3863921012774041,,-2.1915413534695594
main,fashion_mnist,1.3,flame_hdbscan,137,method_minus_full,main/fashion_mnist/1.3,fed_mdbscan_g,-0.01200000000000001,-0.012000000000000122,0.3615740740740741,-0.36897619346470856,,-2.194548203652569
main,fashion_mnist,1.3,flame_hdbscan,2024,method_minus_full,main/fashion_mnist/1.3,fed_mdbscan_g,-0.015000000000000013,-0.015000000000000013,0.3592592592592593,-0.3987169400229982,,-2.0148866310172404
main,fashion_mnist,2.1,fedavg,42,method_minus_full,main/fashion_mnist/2.1,fed_mdbscan_g,-0.1634,-0.1634000000000002,-0.000925925925925926,-0.9981515711645101,,-2.7086580879520623
main,fashion_mnist,2.1,fedavg,137,method_minus_full,main/fashion_mnist/2.1,fed_mdbscan_g,-0.18830000000000002,-0.1882999999999999,-0.002777777777777778,-0.994475138121547,,-2.792782042528658
main,fashion_mnist,2.1,fedavg,2024,method_minus_full,main/fashion_mnist/2.1,fed_mdbscan_g,-0.1723,-0.1723,-0.008333333333333333,-0.9836065573770492,,-2.8627381956282383
main,fashion_mnist,2.1,sample_weighted_mean,42,method_minus_full,main/fashion_mnist/2.1,fed_mdbscan_g,-0.1603,-0.16030000000000022,-0.000925925925925926,-0.9981515711645101,,-2.618810060143005
main,fashion_mnist,2.1,sample_weighted_mean,137,method_minus_full,main/fashion_mnist/2.1,fed_mdbscan_g,-0.20389999999999997,-0.20389999999999997,-0.002777777777777778,-0.994475138121547,,-2.7275762201558487
main,fashion_mnist,2.1,sample_weighted_mean,2024,method_minus_full,main/fashion_mnist/2.1,fed_mdbscan_g,-0.2399,-0.2399000000000001,-0.008333333333333333,-0.9836065573770492,,-2.809156222920865
main,fashion_mnist,2.1,norm_clip,42,method_minus_full,main/fashion_mnist/2.1,fed_mdbscan_g,-0.0032000000000000917,-0.0032000000000002027,-0.000925925925925926,-0.9981515711645101,,-2.6711547246047607
main,fashion_mnist,2.1,norm_clip,137,method_minus_full,main/fashion_mnist/2.1,fed_mdbscan_g,-0.0047000000000000375,-0.0046999999999999265,-0.002777777777777778,-0.994475138121547,,-2.7691886867318924
main,fashion_mnist,2.1,norm_clip,2024,method_minus_full,main/fashion_mnist/2.1,fed_mdbscan_g,-0.0011999999999999789,-0.0011999999999999789,-0.008333333333333333,-0.9836065573770492,,-2.841757510218304
main,fashion_mnist,2.1,coord_median,42,method_minus_full,main/fashion_mnist/2.1,fed_mdbscan_g,-0.054200000000000026,-0.05420000000000014,-0.000925925925925926,-0.9981515711645101,,-2.405117344033594
main,fashion_mnist,2.1,coord_median,137,method_minus_full,main/fashion_mnist/2.1,fed_mdbscan_g,-0.06169999999999998,-0.06169999999999998,-0.002777777777777778,-0.994475138121547,,-2.471876547144105
main,fashion_mnist,2.1,coord_median,2024,method_minus_full,main/fashion_mnist/2.1,fed_mdbscan_g,-0.04289999999999994,-0.04290000000000005,-0.008333333333333333,-0.9836065573770492,,-2.5810759565172097
main,fashion_mnist,2.1,krum_bound30,42,method_minus_full,main/fashion_mnist/2.1,fed_mdbscan_g,-0.036800000000000055,-0.03680000000000028,0.15185185185185188,-0.2321941243559995,,-1.838649700244423
main,fashion_mnist,2.1,krum_bound30,137,method_minus_full,main/fashion_mnist/2.1,fed_mdbscan_g,-0.021399999999999975,-0.021399999999999864,0.15000000000000002,-0.22851769131303634,,-1.8968978049311165
main,fashion_mnist,2.1,krum_bound30,2024,method_minus_full,main/fashion_mnist/2.1,fed_mdbscan_g,-0.038899999999999935,-0.038900000000000046,0.14444444444444446,-0.21764911056853853,,-2.0145421046220386
main,fashion_mnist,2.1,fltrust_normalized,42,method_minus_full,main/fashion_mnist/2.1,fed_mdbscan_g,-0.043500000000000094,-0.043500000000000205,0.27314814814814814,-0.5981515711645101,,-2.629970254038926
main,fashion_mnist,2.1,fltrust_normalized,137,method_minus_full,main/fashion_mnist/2.1,fed_mdbscan_g,-0.03810000000000002,-0.03810000000000002,0.27870370370370373,-0.6182375143591707,,-2.726769653331333
main,fashion_mnist,2.1,fltrust_normalized,2024,method_minus_full,main/fashion_mnist/2.1,fed_mdbscan_g,-0.0482999999999999,-0.04830000000000001,0.25416666666666665,-0.5961338698315284,,-2.788792963298814
main,fashion_mnist,2.1,flame_hdbscan,42,method_minus_full,main/fashion_mnist/2.1,fed_mdbscan_g,-0.07550000000000001,-0.07550000000000012,0.36018518518518516,-0.4175064098741875,,-2.369446287905642
main,fashion_mnist,2.1,flame_hdbscan,137,method_minus_full,main/fashion_mnist/2.1,fed_mdbscan_g,-0.054200000000000026,-0.054200000000000026,0.3574074074074074,-0.41320495512908195,,-2.4823043652810157
main,fashion_mnist,2.1,flame_hdbscan,2024,method_minus_full,main/fashion_mnist/2.1,fed_mdbscan_g,-0.06629999999999991,-0.06630000000000003,0.3518518518518518,-0.40233637438458414,,-2.583480599305282
main,fashion_mnist,2.2,fedavg,42,method_minus_full,main/fashion_mnist/2.2,fed_mdbscan_g,-0.0015000000000000568,-0.0015000000000000568,-0.000925925925925926,-0.15332197614991483,,-1.1530640969130521
main,fashion_mnist,2.2,fedavg,137,method_minus_full,main/fashion_mnist/2.2,fed_mdbscan_g,-0.006100000000000105,-0.006099999999999772,-0.0032407407407407406,-0.6674786845310596,,-2.4048005165959085
main,fashion_mnist,2.2,fedavg,2024,method_minus_full,main/fashion_mnist/2.2,fed_mdbscan_g,0.0022999999999999687,0.0023000000000001908,-0.00787037037037037,-0.6331288343558282,,-2.4070521344702382
main,fashion_mnist,2.2,sample_weighted_mean,42,method_minus_full,main/fashion_mnist/2.2,fed_mdbscan_g,-0.12519999999999998,-0.12519999999999998,-0.000925925925925926,-0.15332197614991483,,-1.0850470118457451
main,fashion_mnist,2.2,sample_weighted_mean,137,method_minus_full,main/fashion_mnist/2.2,fed_mdbscan_g,-0.0023000000000000798,-0.0022999999999999687,-0.0032407407407407406,-0.6674786845310596,,-2.334991713077761
main,fashion_mnist,2.2,sample_weighted_mean,2024,method_minus_full,main/fashion_mnist/2.2,fed_mdbscan_g,0.020399999999999974,0.020400000000000085,-0.00787037037037037,-0.6331288343558282,,-2.3401458992700404
main,fashion_mnist,2.2,norm_clip,42,method_minus_full,main/fashion_mnist/2.2,fed_mdbscan_g,-0.0010999999999999899,-0.0010999999999999899,-0.000925925925925926,-0.15332197614991483,,-1.136702871567104
main,fashion_mnist,2.2,norm_clip,137,method_minus_full,main/fashion_mnist/2.2,fed_mdbscan_g,-0.006500000000000061,-0.00649999999999995,-0.0032407407407407406,-0.6674786845310596,,-2.377059484370208
main,fashion_mnist,2.2,norm_clip,2024,method_minus_full,main/fashion_mnist/2.2,fed_mdbscan_g,0.0033999999999999586,0.0034000000000002917,-0.00787037037037037,-0.6331288343558282,,-2.370951029250864
main,fashion_mnist,2.2,coord_median,42,method_minus_full,main/fashion_mnist/2.2,fed_mdbscan_g,-0.04459999999999997,-0.04459999999999997,-0.000925925925925926,-0.15332197614991483,,-0.8652726100796522
main,fashion_mnist,2.2,coord_median,137,method_minus_full,main/fashion_mnist/2.2,fed_mdbscan_g,-0.05620000000000003,-0.05619999999999992,-0.0032407407407407406,-0.6674786845310596,,-2.1211140416562557
main,fashion_mnist,2.2,coord_median,2024,method_minus_full,main/fashion_mnist/2.2,fed_mdbscan_g,-0.04580000000000006,-0.04579999999999984,-0.00787037037037037,-0.6331288343558282,,-2.1244144486573835
main,fashion_mnist,2.2,krum_bound30,42,method_minus_full,main/fashion_mnist/2.2,fed_mdbscan_g,-0.027900000000000036,-0.027900000000000036,0.15601851851851853,0.5998695132117873,,-0.3395391240910005
main,fashion_mnist,2.2,krum_bound30,137,method_minus_full,main/fashion_mnist/2.2,fed_mdbscan_g,-0.0253000000000001,-0.02529999999999999,0.17222222222222222,0.028975216178160235,,-1.5260106566012834
main,fashion_mnist,2.2,krum_bound30,2024,method_minus_full,main/fashion_mnist/2.2,fed_mdbscan_g,-0.03959999999999997,-0.03959999999999986,0.16851851851851854,0.06048818692076752,,-1.5371091865740407
main,fashion_mnist,2.2,fltrust_normalized,42,method_minus_full,main/fashion_mnist/2.2,fed_mdbscan_g,-0.04359999999999997,-0.04360000000000008,0.2726851851851852,0.4572431344151957,,-1.0844246327450189
main,fashion_mnist,2.2,fltrust_normalized,137,method_minus_full,main/fashion_mnist/2.2,fed_mdbscan_g,-0.03620000000000001,-0.03619999999999979,0.274537037037037,-0.08099387361971433,,-2.3375719087741644
main,fashion_mnist,2.2,fltrust_normalized,2024,method_minus_full,main/fashion_mnist/2.2,fed_mdbscan_g,-0.04720000000000002,-0.04719999999999991,0.2523148148148148,-0.0468555822711586,,-2.3363270053756424
main,fashion_mnist,2.2,flame_hdbscan,42,method_minus_full,main/fashion_mnist/2.2,fed_mdbscan_g,-0.0716,-0.07160000000000011,0.3606481481481481,0.4247189280481476,,-0.8341568298599061
main,fashion_mnist,2.2,flame_hdbscan,137,method_minus_full,main/fashion_mnist/2.2,fed_mdbscan_g,-0.06020000000000003,-0.06019999999999992,0.37407407407407406,-0.13155215832900669,,-2.0553920457100805
main,fashion_mnist,2.2,flame_hdbscan,2024,method_minus_full,main/fashion_mnist/2.2,fed_mdbscan_g,-0.06879999999999997,-0.06879999999999986,0.3731481481481482,-0.100297833279402,,-2.0797996828875815
main,fashion_mnist,2.3,fedavg,42,method_minus_full,main/fashion_mnist/2.3,fed_mdbscan_g,-0.16589999999999994,-0.16589999999999994,-0.0010582010582010583,-0.998766954377312,,-2.5129032739748554
main,fashion_mnist,2.3,fedavg,137,method_minus_full,main/fashion_mnist/2.3,fed_mdbscan_g,-0.19509999999999994,-0.19510000000000005,-0.0005291005291005291,-0.999383096853794,,-3.043214375626606
main,fashion_mnist,2.3,fedavg,2024,method_minus_full,main/fashion_mnist/2.3,fed_mdbscan_g,-0.18380000000000007,-0.18379999999999985,-0.0005291005291005291,-0.999383096853794,,-2.858892969317579
main,fashion_mnist,2.3,sample_weighted_mean,42,method_minus_full,main/fashion_mnist/2.3,fed_mdbscan_g,-0.17159999999999997,-0.17159999999999997,-0.0010582010582010583,-0.998766954377312,,-2.4497849903108238
main,fashion_mnist,2.3,sample_weighted_mean,137,method_minus_full,main/fashion_mnist/2.3,fed_mdbscan_g,-0.22060000000000002,-0.22060000000000002,-0.0005291005291005291,-0.999383096853794,,-2.981940119872646
main,fashion_mnist,2.3,sample_weighted_mean,2024,method_minus_full,main/fashion_mnist/2.3,fed_mdbscan_g,-0.24219999999999997,-0.24219999999999997,-0.0005291005291005291,-0.999383096853794,,-2.803887175722048
main,fashion_mnist,2.3,norm_clip,42,method_minus_full,main/fashion_mnist/2.3,fed_mdbscan_g,-0.00649999999999995,-0.00649999999999995,-0.0010582010582010583,-0.998766954377312,,-2.496030453099714
main,fashion_mnist,2.3,norm_clip,137,method_minus_full,main/fashion_mnist/2.3,fed_mdbscan_g,-0.007099999999999995,-0.007099999999999884,-0.0005291005291005291,-0.999383096853794,,-3.007323426955069
main,fashion_mnist,2.3,norm_clip,2024,method_minus_full,main/fashion_mnist/2.3,fed_mdbscan_g,-0.009700000000000042,-0.009699999999999931,-0.0005291005291005291,-0.999383096853794,,-2.844312352081761
main,fashion_mnist,2.3,coord_median,42,method_minus_full,main/fashion_mnist/2.3,fed_mdbscan_g,-0.036599999999999966,-0.036599999999999966,-0.0010582010582010583,-0.998766954377312,,-2.2244617099524473
main,fashion_mnist,2.3,coord_median,137,method_minus_full,main/fashion_mnist/2.3,fed_mdbscan_g,-0.054300000000000015,-0.054299999999999904,-0.0005291005291005291,-0.999383096853794,,-2.7474522996965485
main,fashion_mnist,2.3,coord_median,2024,method_minus_full,main/fashion_mnist/2.3,fed_mdbscan_g,-0.04620000000000002,-0.04620000000000002,-0.0005291005291005291,-0.999383096853794,,-2.5645815266141048
main,fashion_mnist,2.3,krum_bound30,42,method_minus_full,main/fashion_mnist/2.3,fed_mdbscan_g,-0.0032999999999999696,-0.0032999999999999696,0.030687830687830688,-0.0344812400915977,,-1.5538602515395419
main,fashion_mnist,2.3,krum_bound30,137,method_minus_full,main/fashion_mnist/2.3,fed_mdbscan_g,-0.006000000000000005,-0.006000000000000005,0.031216931216931216,-0.035097382568079705,,-2.1443280378899847
main,fashion_mnist,2.3,krum_bound30,2024,method_minus_full,main/fashion_mnist/2.3,fed_mdbscan_g,-0.007900000000000018,-0.007899999999999796,0.031216931216931216,-0.035097382568079705,,-1.9673037696125297
main,fashion_mnist,2.3,fltrust_normalized,42,method_minus_full,main/fashion_mnist/2.3,fed_mdbscan_g,-0.043099999999999916,-0.043099999999999916,0.2851851851851852,-0.5270474973637373,,-2.4377004242308127
main,fashion_mnist,2.3,fltrust_normalized,137,method_minus_full,main/fashion_mnist/2.3,fed_mdbscan_g,-0.03499999999999992,-0.03500000000000003,0.2714285714285714,-0.537129902893283,,-2.9607963888556696
main,fashion_mnist,2.3,fltrust_normalized,2024,method_minus_full,main/fashion_mnist/2.3,fed_mdbscan_g,-0.06320000000000003,-0.06319999999999992,0.2597883597883598,-0.5107005663836837,,-2.789483747809815
main,fashion_mnist,2.3,flame_hdbscan,42,method_minus_full,main/fashion_mnist/2.3,fed_mdbscan_g,-0.029299999999999993,-0.029299999999999993,0.2682539682539683,-0.2378463343679179,,-2.154939285541574
main,fashion_mnist,2.3,flame_hdbscan,137,method_minus_full,main/fashion_mnist/2.3,fed_mdbscan_g,-0.07519999999999993,-0.07519999999999993,0.2687830687830688,-0.23846247684439992,,-2.6434640870817625
main,fashion_mnist,2.3,flame_hdbscan,2024,method_minus_full,main/fashion_mnist/2.3,fed_mdbscan_g,-0.03990000000000005,-0.039899999999999824,0.2677248677248677,-0.23774698966056407,,-2.482865145546384
main,fashion_mnist,3.2,fedavg,42,method_minus_full,main/fashion_mnist/3.2,fed_mdbscan_g,-0.09589999999999999,-0.09589999999999987,-0.05925925925925926,-0.9353348729792148,,-4.251163636373045
main,fashion_mnist,3.2,fedavg,137,method_minus_full,main/fashion_mnist/3.2,fed_mdbscan_g,-0.11630000000000007,-0.11630000000000007,-0.05714285714285714,-0.9375,,-4.765235322620719
main,fashion_mnist,3.2,fedavg,2024,method_minus_full,main/fashion_mnist/3.2,fed_mdbscan_g,-0.0706,-0.07060000000000011,-0.08306878306878307,-0.911648846370287,,-4.096621822441617
main,fashion_mnist,3.2,sample_weighted_mean,42,method_minus_full,main/fashion_mnist/3.2,fed_mdbscan_g,-0.018899999999999917,-0.018900000000000028,-0.05925925925925926,-0.9353348729792148,,-4.197682949233179
main,fashion_mnist,3.2,sample_weighted_mean,137,method_minus_full,main/fashion_mnist/3.2,fed_mdbscan_g,-0.03849999999999998,-0.03850000000000009,-0.05714285714285714,-0.9375,,-4.710604773155258
main,fashion_mnist,3.2,sample_weighted_mean,2024,method_minus_full,main/fashion_mnist/3.2,fed_mdbscan_g,-0.11160000000000003,-0.11160000000000003,-0.08306878306878307,-0.911648846370287,,-4.013670356435856
main,fashion_mnist,3.2,norm_clip,42,method_minus_full,main/fashion_mnist/3.2,fed_mdbscan_g,0.06030000000000002,0.06030000000000002,-0.05925925925925926,-0.9353348729792148,,-4.235648733276563
main,fashion_mnist,3.2,norm_clip,137,method_minus_full,main/fashion_mnist/3.2,fed_mdbscan_g,0.04569999999999996,0.04569999999999996,-0.05714285714285714,-0.9375,,-4.735211117821746
main,fashion_mnist,3.2,norm_clip,2024,method_minus_full,main/fashion_mnist/3.2,fed_mdbscan_g,0.04159999999999997,0.04159999999999986,-0.08306878306878307,-0.911648846370287,,-4.059948945903064
main,fashion_mnist,3.2,coord_median,42,method_minus_full,main/fashion_mnist/3.2,fed_mdbscan_g,-0.42899999999999994,-0.42899999999999994,-0.05925925925925926,-0.9353348729792148,,-3.95855932640455
main,fashion_mnist,3.2,coord_median,137,method_minus_full,main/fashion_mnist/3.2,fed_mdbscan_g,-0.20850000000000002,-0.20850000000000002,-0.05714285714285714,-0.9375,,-4.456728732562624
main,fashion_mnist,3.2,coord_median,2024,method_minus_full,main/fashion_mnist/3.2,fed_mdbscan_g,-0.2157,-0.2157000000000001,-0.08306878306878307,-0.911648846370287,,-3.8064309568454817
main,fashion_mnist,3.2,krum_bound30,42,method_minus_full,main/fashion_mnist/3.2,fed_mdbscan_g,-0.018899999999999917,-0.018900000000000028,-0.027513227513227517,0.028950841306499497,,-3.3888899479332997
main,fashion_mnist,3.2,krum_bound30,137,method_minus_full,main/fashion_mnist/3.2,fed_mdbscan_g,0.03939999999999999,0.03939999999999999,-0.025396825396825397,0.0267857142857143,,-3.8803752725323037
main,fashion_mnist,3.2,krum_bound30,2024,method_minus_full,main/fashion_mnist/3.2,fed_mdbscan_g,0.04459999999999997,0.04459999999999997,-0.051322751322751325,0.05263686791542732,,-3.2014287680077054
main,fashion_mnist,3.2,fltrust_normalized,42,method_minus_full,main/fashion_mnist/3.2,fed_mdbscan_g,0.050900000000000056,0.05090000000000017,0.3396825396825397,-0.5577415119833642,,-4.198954845033586
main,fashion_mnist,3.2,fltrust_normalized,137,method_minus_full,main/fashion_mnist/3.2,fed_mdbscan_g,0.05010000000000003,0.05009999999999992,0.2253968253968254,-0.46303916004540296,,-4.696444460586645
main,fashion_mnist,3.2,fltrust_normalized,2024,method_minus_full,main/fashion_mnist/3.2,fed_mdbscan_g,-0.00539999999999996,-0.005400000000000071,0.29259259259259257,-0.4851478111735996,,-4.010362832372387
main,fashion_mnist,3.2,flame_hdbscan,42,method_minus_full,main/fashion_mnist/3.2,fed_mdbscan_g,-0.21659999999999996,-0.2165999999999999,0.20582010582010582,-0.17154420819845106,,-3.912621141845981
main,fashion_mnist,3.2,flame_hdbscan,137,method_minus_full,main/fashion_mnist/3.2,fed_mdbscan_g,-0.2654,-0.2654,0.20793650793650795,-0.17370933521923626,,-4.4362535493409565
main,fashion_mnist,3.2,flame_hdbscan,2024,method_minus_full,main/fashion_mnist/3.2,fed_mdbscan_g,-0.1972,-0.19720000000000004,0.17989417989417988,-0.14641502492484537,,-3.736157507670577
main,fashion_mnist,4.1,fedavg,42,method_minus_full,main/fashion_mnist/4.1,fed_mdbscan_g,-0.00029999999999996696,-0.000300000000000078,-0.000925925925925926,0.0,,-1.0964486798310342
main,fashion_mnist,4.1,fedavg,137,method_minus_full,main/fashion_mnist/4.1,fed_mdbscan_g,0.0015000000000000568,0.0015000000000000568,-0.0060185185185185185,0.0,,-1.0912323866776812
main,fashion_mnist,4.1,fedavg,2024,method_minus_full,main/fashion_mnist/4.1,fed_mdbscan_g,0.0015000000000000568,0.0015000000000000568,-0.010648148148148148,0.0,,-1.2996725906656745
main,fashion_mnist,4.1,sample_weighted_mean,42,method_minus_full,main/fashion_mnist/4.1,fed_mdbscan_g,0.007099999999999995,0.007099999999999995,-0.000925925925925926,0.0,,-1.0455382070969792
main,fashion_mnist,4.1,sample_weighted_mean,137,method_minus_full,main/fashion_mnist/4.1,fed_mdbscan_g,0.010000000000000009,0.01000000000000012,-0.0060185185185185185,0.0,,-1.0412296388725129
main,fashion_mnist,4.1,sample_weighted_mean,2024,method_minus_full,main/fashion_mnist/4.1,fed_mdbscan_g,0.019100000000000006,0.019100000000000006,-0.010648148148148148,0.0,,-1.229905892163515
main,fashion_mnist,4.1,norm_clip,42,method_minus_full,main/fashion_mnist/4.1,fed_mdbscan_g,-9.999999999998899e-05,-9.999999999998899e-05,-0.000925925925925926,0.0,,-1.070156981807668
main,fashion_mnist,4.1,norm_clip,137,method_minus_full,main/fashion_mnist/4.1,fed_mdbscan_g,0.0010000000000000009,0.0010000000000000009,-0.0060185185185185185,0.0,,-1.056634660779188
main,fashion_mnist,4.1,norm_clip,2024,method_minus_full,main/fashion_mnist/4.1,fed_mdbscan_g,0.0016000000000000458,0.0015999999999999348,-0.010648148148148148,0.0,,-1.2490224137126158
main,fashion_mnist,4.1,coord_median,42,method_minus_full,main/fashion_mnist/4.1,fed_mdbscan_g,-0.04930000000000001,-0.04930000000000001,-0.000925925925925926,0.0,,-0.814813369815238
main,fashion_mnist,4.1,coord_median,137,method_minus_full,main/fashion_mnist/4.1,fed_mdbscan_g,-0.053300000000000014,-0.053300000000000014,-0.0060185185185185185,0.0,,-0.8015498457398886
main,fashion_mnist,4.1,coord_median,2024,method_minus_full,main/fashion_mnist/4.1,fed_mdbscan_g,-0.044399999999999995,-0.044399999999999995,-0.010648148148148148,0.0,,-0.987645889535391
main,fashion_mnist,4.1,krum_bound30,42,method_minus_full,main/fashion_mnist/4.1,fed_mdbscan_g,-0.052000000000000046,-0.052000000000000046,0.3138888888888889,0.2695035460992908,,-0.18737171803756314
main,fashion_mnist,4.1,krum_bound30,137,method_minus_full,main/fashion_mnist/4.1,fed_mdbscan_g,-0.040200000000000014,-0.0401999999999999,0.29444444444444445,0.31347517730496455,,-0.20472591750634206
main,fashion_mnist,4.1,krum_bound30,2024,method_minus_full,main/fashion_mnist/4.1,fed_mdbscan_g,-0.044300000000000006,-0.044300000000000006,0.3027777777777778,0.27375886524822696,,-0.32419678415947906
main,fashion_mnist,4.1,fltrust_normalized,42,method_minus_full,main/fashion_mnist/4.1,fed_mdbscan_g,-0.03590000000000004,-0.03590000000000004,0.2962962962962963,0.16031128404669262,,-1.0200006547733211
main,fashion_mnist,4.1,fltrust_normalized,137,method_minus_full,main/fashion_mnist/4.1,fed_mdbscan_g,-0.0383,-0.0383,0.26944444444444443,0.26053639846743293,,-1.0092138745744401
main,fashion_mnist,4.1,fltrust_normalized,2024,method_minus_full,main/fashion_mnist/4.1,fed_mdbscan_g,-0.04530000000000001,-0.04530000000000012,0.24629629629629626,0.23529411764705882,,-1.2080460206450274
main,fashion_mnist,4.1,flame_hdbscan,42,method_minus_full,main/fashion_mnist/4.1,fed_mdbscan_g,-0.06269999999999998,-0.06270000000000009,0.449537037037037,0.37049003769520733,,-0.7883112606592477
main,fashion_mnist,4.1,flame_hdbscan,137,method_minus_full,main/fashion_mnist/4.1,fed_mdbscan_g,-0.05909999999999993,-0.05910000000000004,0.4787037037037037,0.2917115177610334,,-0.7443095174501649
main,fashion_mnist,4.1,flame_hdbscan,2024,method_minus_full,main/fashion_mnist/4.1,fed_mdbscan_g,-0.0756,-0.0756,0.48888888888888893,0.2506753106428957,,-0.9608029104342374
main,fashion_mnist,4.3,fedavg,42,method_minus_full,main/fashion_mnist/4.3,fed_mdbscan_g,0.5218,0.5218,-0.4724867724867725,-0.32134056185312965,,-3.447129954137684
main,fashion_mnist,4.3,fedavg,137,method_minus_full,main/fashion_mnist/4.3,fed_mdbscan_g,0.38370000000000004,0.38369999999999993,-0.34444444444444444,-0.3119584055459272,,-4.809200459392741
main,fashion_mnist,4.3,fedavg,2024,method_minus_full,main/fashion_mnist/4.3,fed_mdbscan_g,0.36540000000000006,0.36540000000000006,-0.40476190476190477,-0.2786885245901639,,-4.035487941124787
main,fashion_mnist,4.3,sample_weighted_mean,42,method_minus_full,main/fashion_mnist/4.3,fed_mdbscan_g,0.5508000000000001,0.5508000000000001,-0.4724867724867725,-0.32134056185312965,,-3.38448649973919
main,fashion_mnist,4.3,sample_weighted_mean,137,method_minus_full,main/fashion_mnist/4.3,fed_mdbscan_g,0.4314,0.4314,-0.34444444444444444,-0.3119584055459272,,-4.741262202632303
main,fashion_mnist,4.3,sample_weighted_mean,2024,method_minus_full,main/fashion_mnist/4.3,fed_mdbscan_g,0.4181,0.4181,-0.40476190476190477,-0.2786885245901639,,-3.975142867595423
main,fashion_mnist,4.3,norm_clip,42,method_minus_full,main/fashion_mnist/4.3,fed_mdbscan_g,0.36950000000000005,0.36950000000000005,-0.4724867724867725,-0.32134056185312965,,-3.4217335244019824
main,fashion_mnist,4.3,norm_clip,137,method_minus_full,main/fashion_mnist/4.3,fed_mdbscan_g,0.23870000000000002,0.23870000000000002,-0.34444444444444444,-0.3119584055459272,,-4.784056749187099
main,fashion_mnist,4.3,norm_clip,2024,method_minus_full,main/fashion_mnist/4.3,fed_mdbscan_g,0.25570000000000004,0.2556999999999999,-0.40476190476190477,-0.2786885245901639,,-3.994684919253147
main,fashion_mnist,4.3,coord_median,42,method_minus_full,main/fashion_mnist/4.3,fed_mdbscan_g,0.012699999999999989,0.012699999999999989,-0.4724867724867725,-0.32134056185312965,,-3.175903881449873
main,fashion_mnist,4.3,coord_median,137,method_minus_full,main/fashion_mnist/4.3,fed_mdbscan_g,0.027400000000000035,0.02739999999999998,-0.34444444444444444,-0.3119584055459272,,-4.527566937970308
main,fashion_mnist,4.3,coord_median,2024,method_minus_full,main/fashion_mnist/4.3,fed_mdbscan_g,-0.01200000000000001,-0.01200000000000001,-0.40476190476190477,-0.2786885245901639,,-3.7616885967087
main,fashion_mnist,4.3,krum_bound30,42,method_minus_full,main/fashion_mnist/4.3,fed_mdbscan_g,0.1962,0.1962,-0.15714285714285714,0.00484991433734655,,-2.4943433109205215
main,fashion_mnist,4.3,krum_bound30,137,method_minus_full,main/fashion_mnist/4.3,fed_mdbscan_g,-0.020299999999999985,-0.02030000000000004,-0.020105820105820127,-0.006006024593546211,,-3.8573619369533843
main,fashion_mnist,4.3,krum_bound30,2024,method_minus_full,main/fashion_mnist/4.3,fed_mdbscan_g,0.04730000000000001,0.04729999999999995,-0.07671957671957674,0.018930523028883706,,-3.13242930516523
main,fashion_mnist,4.3,fltrust_normalized,42,method_minus_full,main/fashion_mnist/4.3,fed_mdbscan_g,0.4524,0.45240000000000014,-0.10423280423280423,0.017324633954923285,,-3.378312801523134
main,fashion_mnist,4.3,fltrust_normalized,137,method_minus_full,main/fashion_mnist/4.3,fed_mdbscan_g,0.3295,0.3295,-0.059259259259259234,-0.033719732923081,,-4.7410335502587255
main,fashion_mnist,4.3,fltrust_normalized,2024,method_minus_full,main/fashion_mnist/4.3,fed_mdbscan_g,0.28059999999999996,0.28059999999999996,-0.03439153439153442,0.018943944406453916,,-3.963077415378454
main,fashion_mnist,4.3,flame_hdbscan,42,method_minus_full,main/fashion_mnist/4.3,fed_mdbscan_g,0.0,0.0,0.0354497354497354,0.0033163240910255576,,-3.0972106137002506
main,fashion_mnist,4.3,flame_hdbscan,137,method_minus_full,main/fashion_mnist/4.3,fed_mdbscan_g,-0.0706,-0.07059999999999994,0.12116402116402114,0.03845643095968532,,-4.503787879552692
main,fashion_mnist,4.3,flame_hdbscan,2024,method_minus_full,main/fashion_mnist/4.3,fed_mdbscan_g,-0.0691,-0.0691,0.033333333333333326,0.1409930962491993,,-3.710821635827112
main,fashion_mnist,5.1,fedavg,42,method_minus_full,main/fashion_mnist/5.1,fed_mdbscan_g,0.00019999999999997797,0.00019999999999986695,-0.000925925925925926,0.0,,-1.1924033220779773
main,fashion_mnist,5.1,fedavg,137,method_minus_full,main/fashion_mnist/5.1,fed_mdbscan_g,0.0015000000000000568,0.0015000000000000568,-0.005555555555555556,0.0,,-1.116522813681513
main,fashion_mnist,5.1,fedavg,2024,method_minus_full,main/fashion_mnist/5.1,fed_mdbscan_g,0.0027000000000000357,0.0026999999999999247,-0.010648148148148148,0.0,,-1.1783861593692562
main,fashion_mnist,5.1,sample_weighted_mean,42,method_minus_full,main/fashion_mnist/5.1,fed_mdbscan_g,0.007000000000000006,0.007000000000000006,-0.000925925925925926,0.0,,-1.1352861070772633
main,fashion_mnist,5.1,sample_weighted_mean,137,method_minus_full,main/fashion_mnist/5.1,fed_mdbscan_g,0.011299999999999977,0.011299999999999977,-0.005555555555555556,0.0,,-1.0381199251743967
main,fashion_mnist,5.1,sample_weighted_mean,2024,method_minus_full,main/fashion_mnist/5.1,fed_mdbscan_g,0.017299999999999982,0.01729999999999976,-0.010648148148148148,0.0,,-1.1152341929341976
main,fashion_mnist,5.1,norm_clip,42,method_minus_full,main/fashion_mnist/5.1,fed_mdbscan_g,0.00029999999999996696,0.00029999999999996696,-0.000925925925925926,0.0,,-1.1644011837973571
main,fashion_mnist,5.1,norm_clip,137,method_minus_full,main/fashion_mnist/5.1,fed_mdbscan_g,0.0010999999999999899,0.001100000000000101,-0.005555555555555556,0.0,,-1.0850538492746031
main,fashion_mnist,5.1,norm_clip,2024,method_minus_full,main/fashion_mnist/5.1,fed_mdbscan_g,0.0023999999999999577,0.0024000000000000687,-0.010648148148148148,0.0,,-1.1501468957983887
main,fashion_mnist,5.1,coord_median,42,method_minus_full,main/fashion_mnist/5.1,fed_mdbscan_g,-0.0485000000000001,-0.0485000000000001,-0.000925925925925926,0.0,,-0.9095463772071526
main,fashion_mnist,5.1,coord_median,137,method_minus_full,main/fashion_mnist/5.1,fed_mdbscan_g,-0.05269999999999997,-0.05269999999999997,-0.005555555555555556,0.0,,-0.8256527841518013
main,fashion_mnist,5.1,coord_median,2024,method_minus_full,main/fashion_mnist/5.1,fed_mdbscan_g,-0.04279999999999995,-0.04279999999999995,-0.010648148148148148,0.0,,-0.8741509177101154
main,fashion_mnist,5.1,krum_bound30,42,method_minus_full,main/fashion_mnist/5.1,fed_mdbscan_g,-0.05290000000000006,-0.05290000000000006,0.2949074074074074,0.3276595744680851,,-0.2837968602466088
main,fashion_mnist,5.1,krum_bound30,137,method_minus_full,main/fashion_mnist/5.1,fed_mdbscan_g,-0.0363,-0.0363,0.2888888888888889,0.33191489361702126,,-0.2812309975813454
main,fashion_mnist,5.1,krum_bound30,2024,method_minus_full,main/fashion_mnist/5.1,fed_mdbscan_g,-0.04079999999999995,-0.040799999999999836,0.2953703703703704,0.29645390070921984,,-0.11495450176298605
main,fashion_mnist,5.1,fltrust_normalized,42,method_minus_full,main/fashion_mnist/5.1,fed_mdbscan_g,-0.0373,-0.0373,0.29444444444444445,0.15793588741204065,,-1.1085671085709086
main,fashion_mnist,5.1,fltrust_normalized,137,method_minus_full,main/fashion_mnist/5.1,fed_mdbscan_g,-0.03799999999999992,-0.038000000000000034,0.2662037037037037,0.26214340786430224,,-1.0422733767035728
main,fashion_mnist,5.1,fltrust_normalized,2024,method_minus_full,main/fashion_mnist/5.1,fed_mdbscan_g,-0.04530000000000001,-0.04530000000000001,0.250462962962963,0.21935483870967742,,-1.1071944954417023
main,fashion_mnist,5.1,flame_hdbscan,42,method_minus_full,main/fashion_mnist/5.1,fed_mdbscan_g,-0.06110000000000004,-0.06109999999999993,0.4375,0.40021516944593866,,-0.9184722268604675
main,fashion_mnist,5.1,flame_hdbscan,137,method_minus_full,main/fashion_mnist/5.1,fed_mdbscan_g,-0.06509999999999994,-0.06509999999999994,0.475462962962963,0.2984913793103448,,-0.7335324203401494
main,fashion_mnist,5.1,flame_hdbscan,2024,method_minus_full,main/fashion_mnist/5.1,fed_mdbscan_g,-0.07220000000000004,-0.07220000000000004,0.4851851851851852,0.2602591792656587,,-0.8832111930203003
main,fashion_mnist,5.3,fedavg,42,method_minus_full,main/fashion_mnist/5.3,fed_mdbscan_g,0.5208,0.5208,-0.47724867724867726,-0.3207454634624816,,-3.4003345188917593
main,fashion_mnist,5.3,fedavg,137,method_minus_full,main/fashion_mnist/5.3,fed_mdbscan_g,0.3846,0.3845999999999999,-0.3439153439153439,-0.31213872832369943,,-4.897892976831645
main,fashion_mnist,5.3,fedavg,2024,method_minus_full,main/fashion_mnist/5.3,fed_mdbscan_g,0.3412,0.3412,-0.3952380952380952,-0.2824048538334253,,-3.693562432875236
main,fashion_mnist,5.3,sample_weighted_mean,42,method_minus_full,main/fashion_mnist/5.3,fed_mdbscan_g,0.5518000000000001,0.5518000000000001,-0.47724867724867726,-0.3207454634624816,,-3.3477896511011447
main,fashion_mnist,5.3,sample_weighted_mean,137,method_minus_full,main/fashion_mnist/5.3,fed_mdbscan_g,0.4322,0.4322,-0.3439153439153439,-0.31213872832369943,,-4.831245539636196
main,fashion_mnist,5.3,sample_weighted_mean,2024,method_minus_full,main/fashion_mnist/5.3,fed_mdbscan_g,0.3955,0.3955,-0.3952380952380952,-0.2824048538334253,,-3.61688917108501
main,fashion_mnist,5.3,norm_clip,42,method_minus_full,main/fashion_mnist/5.3,fed_mdbscan_g,0.3693000000000001,0.3693000000000001,-0.47724867724867726,-0.3207454634624816,,-3.370815542860267
main,fashion_mnist,5.3,norm_clip,137,method_minus_full,main/fashion_mnist/5.3,fed_mdbscan_g,0.23800000000000004,0.23800000000000004,-0.3439153439153439,-0.31213872832369943,,-4.866385203522319
main,fashion_mnist,5.3,norm_clip,2024,method_minus_full,main/fashion_mnist/5.3,fed_mdbscan_g,0.22979999999999995,0.22979999999999995,-0.3952380952380952,-0.2824048538334253,,-3.6531520462129263
main,fashion_mnist,5.3,coord_median,42,method_minus_full,main/fashion_mnist/5.3,fed_mdbscan_g,0.013899999999999996,0.013899999999999996,-0.47724867724867726,-0.3207454634624816,,-3.113146213193734
main,fashion_mnist,5.3,coord_median,137,method_minus_full,main/fashion_mnist/5.3,fed_mdbscan_g,0.03320000000000001,0.03320000000000006,-0.3439153439153439,-0.31213872832369943,,-4.592084639267219
main,fashion_mnist,5.3,coord_median,2024,method_minus_full,main/fashion_mnist/5.3,fed_mdbscan_g,-0.029299999999999993,-0.029300000000000048,-0.3952380952380952,-0.2824048538334253,,-3.3888612719407925
main,fashion_mnist,5.3,krum_bound30,42,method_minus_full,main/fashion_mnist/5.3,fed_mdbscan_g,0.20459999999999998,0.20459999999999998,-0.16455026455026456,0.011397393680375512,,-2.4216181460341124
main,fashion_mnist,5.3,krum_bound30,137,method_minus_full,main/fashion_mnist/5.3,fed_mdbscan_g,-0.015499999999999958,-0.015499999999999958,-0.02010582010582007,-0.004995871180842271,,-3.9610191371059047
main,fashion_mnist,5.3,krum_bound30,2024,method_minus_full,main/fashion_mnist/5.3,fed_mdbscan_g,0.02360000000000001,0.023599999999999954,-0.0671957671957672,0.015214193785622332,,-2.7984384546172807
main,fashion_mnist,5.3,fltrust_normalized,42,method_minus_full,main/fashion_mnist/5.3,fed_mdbscan_g,0.45720000000000005,0.45720000000000005,-0.10899470899470898,0.013325332997695394,,-3.323115172237158
main,fashion_mnist,5.3,fltrust_normalized,137,method_minus_full,main/fashion_mnist/5.3,fed_mdbscan_g,0.32880000000000004,0.32880000000000015,-0.05608465608465607,-0.0336899044203301,,-4.816109620628413
main,fashion_mnist,5.3,fltrust_normalized,2024,method_minus_full,main/fashion_mnist/5.3,fed_mdbscan_g,0.2544,0.2544,-0.024867724867724872,0.016186695462349354,,-3.608230825451513
main,fashion_mnist,5.3,flame_hdbscan,42,method_minus_full,main/fashion_mnist/5.3,fed_mdbscan_g,0.0,0.0,0.029629629629629672,0.00659606917706429,,-3.065457370194296
main,fashion_mnist,5.3,flame_hdbscan,137,method_minus_full,main/fashion_mnist/5.3,fed_mdbscan_g,-0.0766,-0.07659999999999995,0.11957671957671961,0.05334842630548137,,-4.553595638275146
main,fashion_mnist,5.3,flame_hdbscan,2024,method_minus_full,main/fashion_mnist/5.3,fed_mdbscan_g,-0.09310000000000002,-0.09310000000000002,0.04285714285714287,0.14107926551209926,,-3.320762637727118
ablation,fashion_mnist,6.2,mdbg_l0_only,42,ablation_minus_full,main/fashion_mnist/6.2,fed_mdbscan_g,0.0,0.0,-0.008148148148148182,0.0,,-1.4211537290209282
ablation,fashion_mnist,6.2,mdbg_l0_only,137,ablation_minus_full,main/fashion_mnist/6.2,fed_mdbscan_g,0.0,0.0,0.0,0.0,,-2.217127579159569
ablation,fashion_mnist,6.2,mdbg_l0_only,2024,ablation_minus_full,main/fashion_mnist/6.2,fed_mdbscan_g,-0.00020000000000003348,-0.00019999999999997797,-0.030000000000000027,0.0,,-2.49633012151656
ablation,fashion_mnist,6.2,mdbg_no_momentum,42,ablation_minus_full,main/fashion_mnist/6.2,fed_mdbscan_g,0.0,0.0,0.0,0.0,,-0.03503879821316014
ablation,fashion_mnist,6.2,mdbg_no_momentum,137,ablation_minus_full,main/fashion_mnist/6.2,fed_mdbscan_g,0.0,0.0,0.0,0.0,,0.3570122270612046
ablation,fashion_mnist,6.2,mdbg_no_momentum,2024,ablation_minus_full,main/fashion_mnist/6.2,fed_mdbscan_g,0.0,0.0,0.0,0.0,,0.02623947142856231
ablation,fashion_mnist,6.2,mdbg_no_valve,42,ablation_minus_full,main/fashion_mnist/6.2,fed_mdbscan_g,-0.00010000000000001674,-0.00010000000000001674,0.0566666666666667,0.0,,0.41167885885030664
ablation,fashion_mnist,6.2,mdbg_no_valve,137,ablation_minus_full,main/fashion_mnist/6.2,fed_mdbscan_g,0.0,0.0,0.0,0.0,,0.19353692069416883
ablation,fashion_mnist,6.2,mdbg_no_valve,2024,ablation_minus_full,main/fashion_mnist/6.2,fed_mdbscan_g,0.0,0.0,0.0,0.0,,0.03641744138052072
ablation,fashion_mnist,6.2,mdbg_rtr15,42,ablation_minus_full,main/fashion_mnist/6.2,fed_mdbscan_g,0.0,0.0,0.014074074074074072,0.0,,0.030695041420404134
ablation,fashion_mnist,6.2,mdbg_rtr15,137,ablation_minus_full,main/fashion_mnist/6.2,fed_mdbscan_g,0.10020000000000001,0.10019999999999996,0.03629629629629627,0.0,,0.40030642587225884
ablation,fashion_mnist,6.2,mdbg_rtr15,2024,ablation_minus_full,main/fashion_mnist/6.2,fed_mdbscan_g,-0.0469,-0.04690000000000005,0.06259259259259259,0.0,,-0.7098685901534432
ablation,fashion_mnist,6.2,mdbg_rtr20,42,ablation_minus_full,main/fashion_mnist/6.2,fed_mdbscan_g,0.0,0.0,0.005555555555555536,0.0,,-0.013687273805650602
ablation,fashion_mnist,6.2,mdbg_rtr20,137,ablation_minus_full,main/fashion_mnist/6.2,fed_mdbscan_g,0.09900000000000003,0.09899999999999992,0.02481481481481479,0.0,,0.567951654068505
ablation,fashion_mnist,6.2,mdbg_rtr20,2024,ablation_minus_full,main/fashion_mnist/6.2,fed_mdbscan_g,-0.01050000000000001,-0.01050000000000001,0.02148148148148149,0.0,,-0.32289615957997686
ablation,fashion_mnist,6.2,mdbg_rtr30,42,ablation_minus_full,main/fashion_mnist/6.2,fed_mdbscan_g,0.0,0.0,-0.003333333333333355,0.0,,0.08056520486328145
ablation,fashion_mnist,6.2,mdbg_rtr30,137,ablation_minus_full,main/fashion_mnist/6.2,fed_mdbscan_g,-0.00599999999999995,-0.00599999999999995,-0.03222222222222226,0.0,,0.5871036353986714
ablation,fashion_mnist,6.2,mdbg_rtr30,2024,ablation_minus_full,main/fashion_mnist/6.2,fed_mdbscan_g,0.043300000000000005,0.04329999999999995,0.026296296296296262,0.0,,-0.021969498127387688
ablation,fashion_mnist,6.2,fed_g2l_25,42,ablation_minus_full,main/fashion_mnist/6.2,fed_mdbscan_g,0.0,0.0,-0.008148148148148182,0.0,,-2.1701537559546216
ablation,fashion_mnist,6.2,fed_g2l_25,137,ablation_minus_full,main/fashion_mnist/6.2,fed_mdbscan_g,0.0,0.0,0.0,0.0,,-2.8216158726330223
ablation,fashion_mnist,6.2,fed_g2l_25,2024,ablation_minus_full,main/fashion_mnist/6.2,fed_mdbscan_g,-0.00020000000000003348,-0.00019999999999997797,-0.030000000000000027,0.0,,-3.183303911731733
ablation,fashion_mnist,3.3,mdbg_l0_only,42,ablation_minus_full,main/fashion_mnist/3.3,fed_mdbscan_g,-0.006800000000000028,-0.006800000000000139,0.024867724867724872,-0.19671469904167854,,-3.24209559263351
ablation,fashion_mnist,3.3,mdbg_l0_only,137,ablation_minus_full,main/fashion_mnist/3.3,fed_mdbscan_g,0.0,0.0,0.0,0.0,,-4.967161524008649
ablation,fashion_mnist,3.3,mdbg_l0_only,2024,ablation_minus_full,main/fashion_mnist/3.3,fed_mdbscan_g,-0.0383,-0.038299999999999945,-0.011640211640211617,-0.11495533805002628,,-3.296932979785682
ablation,fashion_mnist,3.3,mdbg_no_momentum,42,ablation_minus_full,main/fashion_mnist/3.3,fed_mdbscan_g,0.0,0.0,0.0,0.0,,0.2378314938279802
ablation,fashion_mnist,3.3,mdbg_no_momentum,137,ablation_minus_full,main/fashion_mnist/3.3,fed_mdbscan_g,0.0,0.0,0.0,0.0,,0.21962406641105137
ablation,fashion_mnist,3.3,mdbg_no_momentum,2024,ablation_minus_full,main/fashion_mnist/3.3,fed_mdbscan_g,0.0,0.0,0.0,0.0,,-0.03987833178058864
ablation,fashion_mnist,3.3,mdbg_no_valve,42,ablation_minus_full,main/fashion_mnist/3.3,fed_mdbscan_g,0.0,0.0,0.0,0.0,,0.1966395055525938
ablation,fashion_mnist,3.3,mdbg_no_valve,137,ablation_minus_full,main/fashion_mnist/3.3,fed_mdbscan_g,0.0,0.0,0.0,0.0,,-0.3559155858277032
ablation,fashion_mnist,3.3,mdbg_no_valve,2024,ablation_minus_full,main/fashion_mnist/3.3,fed_mdbscan_g,0.0,0.0,0.0,0.0,,0.17905687111197022
ablation,fashion_mnist,3.3,mdbg_rtr15,42,ablation_minus_full,main/fashion_mnist/3.3,fed_mdbscan_g,-0.2042,-0.20420000000000005,0.15396825396825398,-0.067908506656635,,-1.2154531231538082
ablation,fashion_mnist,3.3,mdbg_rtr15,137,ablation_minus_full,main/fashion_mnist/3.3,fed_mdbscan_g,-0.013899999999999968,-0.013900000000000023,0.09312169312169316,0.13580369297445832,,-0.8090873783182664
ablation,fashion_mnist,3.3,mdbg_rtr15,2024,ablation_minus_full,main/fashion_mnist/3.3,fed_mdbscan_g,-0.034599999999999964,-0.03459999999999991,0.020634920634920617,-0.01577441202636415,,-0.7344831824962359
ablation,fashion_mnist,3.3,mdbg_rtr20,42,ablation_minus_full,main/fashion_mnist/3.3,fed_mdbscan_g,-0.025399999999999978,-0.025400000000000034,0.06507936507936507,0.00395114976926092,,0.08306245064983742
ablation,fashion_mnist,3.3,mdbg_rtr20,137,ablation_minus_full,main/fashion_mnist/3.3,fed_mdbscan_g,-0.0005000000000000004,-0.0005000000000000004,0.04285714285714287,0.06539151520278014,,-0.30463108211212475
ablation,fashion_mnist,3.3,mdbg_rtr20,2024,ablation_minus_full,main/fashion_mnist/3.3,fed_mdbscan_g,-0.040200000000000014,-0.0401999999999999,0.019047619047619035,-0.05495854907619613,,-0.20318783387386574
ablation,fashion_mnist,3.3,mdbg_rtr30,42,ablation_minus_full,main/fashion_mnist/3.3,fed_mdbscan_g,0.009199999999999986,0.009199999999999875,-0.031746031746031744,-0.08374517279719956,,0.4558268021171292
ablation,fashion_mnist,3.3,mdbg_rtr30,137,ablation_minus_full,main/fashion_mnist/3.3,fed_mdbscan_g,0.005500000000000005,0.005499999999999949,-0.02910052910052907,0.05961845379311537,,0.1482195423372712
ablation,fashion_mnist,3.3,mdbg_rtr30,2024,ablation_minus_full,main/fashion_mnist/3.3,fed_mdbscan_g,0.0912,0.09120000000000006,-0.04550264550264549,0.03367384357483366,,0.030735705342764597
ablation,fashion_mnist,3.3,fed_g2l_25,42,ablation_minus_full,main/fashion_mnist/3.3,fed_mdbscan_g,-0.006800000000000028,-0.006800000000000139,0.024867724867724872,-0.19671469904167854,,-3.9214260269111643
ablation,fashion_mnist,3.3,fed_g2l_25,137,ablation_minus_full,main/fashion_mnist/3.3,fed_mdbscan_g,0.0,0.0,0.0,0.0,,-5.595728274981957
ablation,fashion_mnist,3.3,fed_g2l_25,2024,ablation_minus_full,main/fashion_mnist/3.3,fed_mdbscan_g,-0.0383,-0.038299999999999945,-0.011640211640211617,-0.11495533805002628,,-3.8927998267191772
ablation,fashion_mnist,4.2,mdbg_l0_only,42,ablation_minus_full,main/fashion_mnist/4.2,fed_mdbscan_g,-0.00010000000000001674,-0.00010000000000001674,-0.0032407407407407662,0.0009410878976096326,,-1.3972205295188662
ablation,fashion_mnist,4.2,mdbg_l0_only,137,ablation_minus_full,main/fashion_mnist/4.2,fed_mdbscan_g,-0.0018000000000000238,-0.0018000000000000793,-0.00462962962962965,-0.006165721478328279,,-2.431430987284208
ablation,fashion_mnist,4.2,mdbg_l0_only,2024,ablation_minus_full,main/fashion_mnist/4.2,fed_mdbscan_g,-0.0022000000000000353,-0.0022000000000000353,-0.07361111111111113,0.03141625619002286,,-2.4056441762872662
ablation,fashion_mnist,4.2,mdbg_no_momentum,42,ablation_minus_full,main/fashion_mnist/4.2,fed_mdbscan_g,0.0,0.0,0.0,0.0,,0.2815820836539693
ablation,fashion_mnist,4.2,mdbg_no_momentum,137,ablation_minus_full,main/fashion_mnist/4.2,fed_mdbscan_g,0.0,0.0,0.0,0.0,,-0.10421433780963163
ablation,fashion_mnist,4.2,mdbg_no_momentum,2024,ablation_minus_full,main/fashion_mnist/4.2,fed_mdbscan_g,0.0,0.0,0.0,0.0,,0.20525121602695462
ablation,fashion_mnist,4.2,mdbg_no_valve,42,ablation_minus_full,main/fashion_mnist/4.2,fed_mdbscan_g,-0.00010000000000001674,-0.00010000000000001674,0.020370370370370372,0.0039417402133304635,,0.3395007790454354
ablation,fashion_mnist,4.2,mdbg_no_valve,137,ablation_minus_full,main/fashion_mnist/4.2,fed_mdbscan_g,-0.0014000000000000123,-0.0014000000000000123,-0.0004629629629629983,-0.003273704059356286,,-0.18936979511830287
ablation,fashion_mnist,4.2,mdbg_no_valve,2024,ablation_minus_full,main/fashion_mnist/4.2,fed_mdbscan_g,0.0,0.0,0.0,0.0,,0.11885114359126137
ablation,fashion_mnist,4.2,mdbg_rtr15,42,ablation_minus_full,main/fashion_mnist/4.2,fed_mdbscan_g,0.0,0.0,0.023611111111111083,-0.006638233622436346,,0.31904409492854047
ablation,fashion_mnist,4.2,mdbg_rtr15,137,ablation_minus_full,main/fashion_mnist/4.2,fed_mdbscan_g,0.047599999999999976,0.04759999999999992,0.04212962962962963,-0.01703074883720529,,0.28394108659898265
ablation,fashion_mnist,4.2,mdbg_rtr15,2024,ablation_minus_full,main/fashion_mnist/4.2,fed_mdbscan_g,-0.052600000000000036,-0.05259999999999998,0.025000000000000022,0.022708331378931912,,-0.47952713079672904
ablation,fashion_mnist,4.2,mdbg_rtr20,42,ablation_minus_full,main/fashion_mnist/4.2,fed_mdbscan_g,0.0,0.0,0.010648148148148129,-0.003040437823046499,,0.1916842894279398
ablation,fashion_mnist,4.2,mdbg_rtr20,137,ablation_minus_full,main/fashion_mnist/4.2,fed_mdbscan_g,0.04679999999999995,0.04680000000000001,0.028240740740740733,-0.012755788847615024,,0.06388936990018301
ablation,fashion_mnist,4.2,mdbg_rtr20,2024,ablation_minus_full,main/fashion_mnist/4.2,fed_mdbscan_g,0.0022999999999999687,0.0022999999999999687,-0.00462962962962965,0.008220468237173761,,0.23030624904204222
ablation,fashion_mnist,4.2,mdbg_rtr30,42,ablation_minus_full,main/fashion_mnist/4.2,fed_mdbscan_g,-0.00010000000000001674,-0.00010000000000001674,-0.006481481481481477,-0.0011222231736831845,,0.5123226314395044
ablation,fashion_mnist,4.2,mdbg_rtr30,137,ablation_minus_full,main/fashion_mnist/4.2,fed_mdbscan_g,-0.05080000000000001,-0.05080000000000001,-0.04212962962962963,0.01438597624156468,,0.02451949369084705
ablation,fashion_mnist,4.2,mdbg_rtr30,2024,ablation_minus_full,main/fashion_mnist/4.2,fed_mdbscan_g,0.022299999999999986,0.022299999999999986,0.00462962962962965,-0.025878626170244334,,0.21024186977107684
ablation,fashion_mnist,4.2,fed_g2l_25,42,ablation_minus_full,main/fashion_mnist/4.2,fed_mdbscan_g,-0.00010000000000001674,-0.00010000000000001674,-0.0032407407407407662,0.0009410878976096326,,-2.009805514647936
ablation,fashion_mnist,4.2,fed_g2l_25,137,ablation_minus_full,main/fashion_mnist/4.2,fed_mdbscan_g,-0.0018000000000000238,-0.0018000000000000793,-0.00462962962962965,-0.006165721478328279,,-2.9857010197903335
ablation,fashion_mnist,4.2,fed_g2l_25,2024,ablation_minus_full,main/fashion_mnist/4.2,fed_mdbscan_g,-0.0022000000000000353,-0.0022000000000000353,-0.07361111111111113,0.03141625619002286,,-2.989856467527958
ablation,fashion_mnist,5.2,mdbg_l0_only,42,ablation_minus_full,main/fashion_mnist/5.2,fed_mdbscan_g,-0.00010000000000001674,-0.00010000000000001674,-0.007870370370370416,0.002270104253107086,,-1.4639575753943064
ablation,fashion_mnist,5.2,mdbg_l0_only,137,ablation_minus_full,main/fashion_mnist/5.2,fed_mdbscan_g,-0.0015999999999999903,-0.0015999999999999903,-0.005092592592592593,0.0021511784919400756,,-2.252964077874397
ablation,fashion_mnist,5.2,mdbg_l0_only,2024,ablation_minus_full,main/fashion_mnist/5.2,fed_mdbscan_g,-0.011700000000000044,-0.011699999999999988,-0.061574074074074114,0.024858950156603388,,-2.4729264314635655
ablation,fashion_mnist,5.2,mdbg_no_momentum,42,ablation_minus_full,main/fashion_mnist/5.2,fed_mdbscan_g,0.0,0.0,0.0,0.0,,-0.13439249030391975
ablation,fashion_mnist,5.2,mdbg_no_momentum,137,ablation_minus_full,main/fashion_mnist/5.2,fed_mdbscan_g,0.0,0.0,0.0,0.0,,-0.3381746607134115
ablation,fashion_mnist,5.2,mdbg_no_momentum,2024,ablation_minus_full,main/fashion_mnist/5.2,fed_mdbscan_g,0.0,0.0,0.0,0.0,,-0.05215596286967994
ablation,fashion_mnist,5.2,mdbg_no_valve,42,ablation_minus_full,main/fashion_mnist/5.2,fed_mdbscan_g,-0.0002999999999999947,-0.0002999999999999947,0.14999999999999997,0.04380159734061731,,-0.2614330964007725
ablation,fashion_mnist,5.2,mdbg_no_valve,137,ablation_minus_full,main/fashion_mnist/5.2,fed_mdbscan_g,-0.0015000000000000013,-0.0014999999999999458,0.001388888888888884,0.005216930064179781,,0.02693703144323134
ablation,fashion_mnist,5.2,mdbg_no_valve,2024,ablation_minus_full,main/fashion_mnist/5.2,fed_mdbscan_g,0.0,0.0,0.0,0.0,,0.04524760378214232
ablation,fashion_mnist,5.2,mdbg_rtr15,42,ablation_minus_full,main/fashion_mnist/5.2,fed_mdbscan_g,0.0,0.0,0.018981481481481433,-0.005300767780197307,,-0.04820034410028384
ablation,fashion_mnist,5.2,mdbg_rtr15,137,ablation_minus_full,main/fashion_mnist/5.2,fed_mdbscan_g,0.03820000000000001,0.03820000000000007,0.03888888888888886,-0.010985096078165446,,0.18850343361652122
ablation,fashion_mnist,5.2,mdbg_rtr15,2024,ablation_minus_full,main/fashion_mnist/5.2,fed_mdbscan_g,-0.062,-0.061999999999999944,0.03749999999999998,0.01598146740727996,,-0.6751500223142406
ablation,fashion_mnist,5.2,mdbg_rtr20,42,ablation_minus_full,main/fashion_mnist/5.2,fed_mdbscan_g,0.0,0.0,0.007870370370370361,-0.0022272006707804437,,-0.21868446980370182
ablation,fashion_mnist,5.2,mdbg_rtr20,137,ablation_minus_full,main/fashion_mnist/5.2,fed_mdbscan_g,0.04899999999999999,0.049000000000000044,0.028703703703703676,-0.011547451645046225,,0.08663241910981068
ablation,fashion_mnist,5.2,mdbg_rtr20,2024,ablation_minus_full,main/fashion_mnist/5.2,fed_mdbscan_g,-0.016100000000000003,-0.016099999999999948,-0.008796296296296302,0.01768620658218617,,-0.26554943229615047
ablation,fashion_mnist,5.2,mdbg_rtr30,42,ablation_minus_full,main/fashion_mnist/5.2,fed_mdbscan_g,-0.00010000000000001674,-0.00010000000000001674,-0.009722222222222243,0.000807774542851275,,0.311878282914404
ablation,fashion_mnist,5.2,mdbg_rtr30,137,ablation_minus_full,main/fashion_mnist/5.2,fed_mdbscan_g,-0.04909999999999998,-0.04909999999999992,-0.042592592592592626,0.019048473534009513,,0.23296083081901742
ablation,fashion_mnist,5.2,mdbg_rtr30,2024,ablation_minus_full,main/fashion_mnist/5.2,fed_mdbscan_g,0.007000000000000006,0.007000000000000117,-0.031018518518518556,0.0015896271053250088,,-0.06321069703747817
ablation,fashion_mnist,5.2,fed_g2l_25,42,ablation_minus_full,main/fashion_mnist/5.2,fed_mdbscan_g,-0.00010000000000001674,-0.00010000000000001674,-0.007870370370370416,0.002270104253107086,,-2.173588136668938
ablation,fashion_mnist,5.2,fed_g2l_25,137,ablation_minus_full,main/fashion_mnist/5.2,fed_mdbscan_g,-0.0015999999999999903,-0.0015999999999999903,-0.005092592592592593,0.0021511784919400756,,-2.9367998412072964
ablation,fashion_mnist,5.2,fed_g2l_25,2024,ablation_minus_full,main/fashion_mnist/5.2,fed_mdbscan_g,-0.011700000000000044,-0.011699999999999988,-0.061574074074074114,0.024858950156603388,,-3.0355199026642365
clean,fashion_mnist,3.1,fedavg,42,method_minus_full,clean/fashion_mnist/3.1,fed_mdbscan_g,0.5509000000000001,0.5509000000000001,-0.4559259259259259,,,-3.2445414078654724
clean,fashion_mnist,3.1,fedavg,137,method_minus_full,clean/fashion_mnist/3.1,fed_mdbscan_g,0.33569999999999994,0.33570000000000005,-0.3474074074074074,,,-4.362219774835587
clean,fashion_mnist,3.1,fedavg,2024,method_minus_full,clean/fashion_mnist/3.1,fed_mdbscan_g,0.34129999999999994,0.34130000000000005,-0.38925925925925925,,,-3.9692534504962778
oracle,fashion_mnist,3.1,fedavg,42,oracle_minus_attacked,main/fashion_mnist/3.1,fedavg,0.14280000000000004,0.14280000000000004,0.0,1.0,,-0.006155753659550095
oracle,fashion_mnist,3.1,fedavg,137,oracle_minus_attacked,main/fashion_mnist/3.1,fedavg,0.18709999999999993,0.18710000000000004,0.0,1.0,,-0.013823581432613224
oracle,fashion_mnist,3.1,fedavg,2024,oracle_minus_attacked,main/fashion_mnist/3.1,fedavg,0.17109999999999992,0.1710999999999998,0.0,1.0,,-0.010043576503327739
clean,fashion_mnist,3.3,fedavg,42,method_minus_full,clean/fashion_mnist/3.3,fed_mdbscan_g,0.5213,0.5213000000000001,-0.4514814814814815,,,-3.2202675982223203
clean,fashion_mnist,3.3,fedavg,137,method_minus_full,clean/fashion_mnist/3.3,fed_mdbscan_g,0.3841,0.3841000000000001,-0.3411111111111111,,,-4.693761818157509
clean,fashion_mnist,3.3,fedavg,2024,method_minus_full,clean/fashion_mnist/3.3,fed_mdbscan_g,0.36560000000000004,0.3655999999999999,-0.37777777777777777,,,-3.9059782964410257
oracle,fashion_mnist,3.3,fedavg,42,oracle_minus_attacked,main/fashion_mnist/3.3,fedavg,0.07489999999999997,0.07490000000000008,0.0,1.0,,-0.019687300419900564
oracle,fashion_mnist,3.3,fedavg,137,oracle_minus_attacked,main/fashion_mnist/3.3,fedavg,0.09250000000000003,0.0924999999999998,0.0,1.0,,-0.02432910806965083
oracle,fashion_mnist,3.3,fedavg,2024,oracle_minus_attacked,main/fashion_mnist/3.3,fedavg,0.08409999999999995,0.08409999999999995,0.0,1.0,,-0.018280478594048563
clean,fashion_mnist,4.2,fedavg,42,method_minus_full,clean/fashion_mnist/4.2,fed_mdbscan_g,0.5509000000000001,0.5509000000000001,-0.4559259259259259,,,-3.4293238237073336
clean,fashion_mnist,4.2,fedavg,137,method_minus_full,clean/fashion_mnist/4.2,fed_mdbscan_g,0.33569999999999994,0.33570000000000005,-0.3474074074074074,,,-4.240703039022629
clean,fashion_mnist,4.2,fedavg,2024,method_minus_full,clean/fashion_mnist/4.2,fed_mdbscan_g,0.34129999999999994,0.34130000000000005,-0.38925925925925925,,,-4.208059192961082
oracle,fashion_mnist,4.2,fedavg,42,oracle_minus_attacked,main/fashion_mnist/4.2,fedavg,-0.044499999999999984,-0.044499999999999984,0.0,1.0,,-0.0007820986560545806
oracle,fashion_mnist,4.2,fedavg,137,oracle_minus_attacked,main/fashion_mnist/4.2,fedavg,-0.02980000000000005,-0.02980000000000005,0.0,1.0,,-0.015295322976695988
oracle,fashion_mnist,4.2,fedavg,2024,oracle_minus_attacked,main/fashion_mnist/4.2,fedavg,-0.0043000000000000815,-0.0042999999999999705,0.0,1.0,,-0.01630449239552642
clean,fashion_mnist,5.2,fedavg,42,method_minus_full,clean/fashion_mnist/5.2,fed_mdbscan_g,0.5509000000000001,0.5509000000000001,-0.4559259259259259,,,-3.3018140984427493
clean,fashion_mnist,5.2,fedavg,137,method_minus_full,clean/fashion_mnist/5.2,fed_mdbscan_g,0.33569999999999994,0.33570000000000005,-0.3474074074074074,,,-4.182993397019648
clean,fashion_mnist,5.2,fedavg,2024,method_minus_full,clean/fashion_mnist/5.2,fed_mdbscan_g,0.34129999999999994,0.34130000000000005,-0.38925925925925925,,,-3.9545169164504235
oracle,fashion_mnist,5.2,fedavg,42,oracle_minus_attacked,main/fashion_mnist/5.2,fedavg,-0.04500000000000004,-0.04500000000000004,0.0,1.0,,-0.019297782323944065
oracle,fashion_mnist,5.2,fedavg,137,oracle_minus_attacked,main/fashion_mnist/5.2,fedavg,-0.030000000000000027,-0.030000000000000027,0.0,1.0,,-0.024365987597654265
oracle,fashion_mnist,5.2,fedavg,2024,oracle_minus_attacked,main/fashion_mnist/5.2,fedavg,-0.0044000000000000705,-0.0043999999999998485,0.0,1.0,,-0.01199333958017329
temporal,fashion_mnist,2.1,mdbg_no_momentum,42,method_minus_full,temporal/fashion_mnist/2.1,fed_mdbscan_g,0.0,0.0,0.0,0.0,,-0.19628288471528021
temporal,fashion_mnist,2.1,mdbg_no_momentum,137,method_minus_full,temporal/fashion_mnist/2.1,fed_mdbscan_g,0.0,0.0,0.0,0.0,,-0.18447262638558937
temporal,fashion_mnist,2.1,mdbg_no_momentum,2024,method_minus_full,temporal/fashion_mnist/2.1,fed_mdbscan_g,0.0,0.0,0.0,0.0,,0.0162919212016277
temporal,fashion_mnist,3.1,mdbg_no_momentum,42,method_minus_full,temporal/fashion_mnist/3.1,fed_mdbscan_g,0.0,0.0,0.0,0.0,,-0.2180445193196645
temporal,fashion_mnist,3.1,mdbg_no_momentum,137,method_minus_full,temporal/fashion_mnist/3.1,fed_mdbscan_g,0.0,0.0,0.0,0.0,,0.13087993586668745
temporal,fashion_mnist,3.1,mdbg_no_momentum,2024,method_minus_full,temporal/fashion_mnist/3.1,fed_mdbscan_g,0.0,0.0,0.0,0.0,,0.012273762371235897
preserve_empty,fashion_mnist,6.2,mdbg_l0_only,42,method_minus_full,preserve_empty/fashion_mnist/6.2,fed_mdbscan_g,0.0,0.0,0.0,0.0,,-0.7939792523626239
preserve_empty,fashion_mnist,6.2,mdbg_l0_only,137,method_minus_full,preserve_empty/fashion_mnist/6.2,fed_mdbscan_g,0.018000000000000016,0.017999999999999905,-0.043859649122807015,0.0,,-0.7746323226640621
preserve_empty,fashion_mnist,6.2,mdbg_l0_only,2024,method_minus_full,preserve_empty/fashion_mnist/6.2,fed_mdbscan_g,0.0,0.0,0.0,0.0,,-1.0274418670334853
preserve_empty,fashion_mnist,6.2,fed_g2l_25,42,method_minus_full,preserve_empty/fashion_mnist/6.2,fed_mdbscan_g,0.0,0.0,0.0,0.0,,-1.3181873987273625
preserve_empty,fashion_mnist,6.2,fed_g2l_25,137,method_minus_full,preserve_empty/fashion_mnist/6.2,fed_mdbscan_g,0.018000000000000016,0.017999999999999905,-0.043859649122807015,0.0,,-1.5926175261304403
preserve_empty,fashion_mnist,6.2,fed_g2l_25,2024,method_minus_full,preserve_empty/fashion_mnist/6.2,fed_mdbscan_g,0.0,0.0,0.0,0.0,,-1.6024978955974802
preserve_empty,fashion_mnist,3.3,mdbg_l0_only,42,method_minus_full,preserve_empty/fashion_mnist/3.3,fed_mdbscan_g,0.015199999999999991,0.015200000000000102,-0.0017543859649122805,0.0008587290139711323,,-0.20250937282107784
preserve_empty,fashion_mnist,3.3,mdbg_l0_only,137,method_minus_full,preserve_empty/fashion_mnist/3.3,fed_mdbscan_g,-0.011499999999999955,-0.011500000000000066,-0.0050000000000000044,0.0053330041880895185,,-0.9198135262394014
preserve_empty,fashion_mnist,3.3,mdbg_l0_only,2024,method_minus_full,preserve_empty/fashion_mnist/3.3,fed_mdbscan_g,0.0,0.0,0.0,0.0,,-0.5727829062923167
preserve_empty,fashion_mnist,3.3,fed_g2l_25,42,method_minus_full,preserve_empty/fashion_mnist/3.3,fed_mdbscan_g,0.015199999999999991,0.015200000000000102,-0.0017543859649122805,0.0008587290139711323,,-0.933259695636419
preserve_empty,fashion_mnist,3.3,fed_g2l_25,137,method_minus_full,preserve_empty/fashion_mnist/3.3,fed_mdbscan_g,-0.011499999999999955,-0.011500000000000066,-0.0050000000000000044,0.0053330041880895185,,-1.4668658348266037
preserve_empty,fashion_mnist,3.3,fed_g2l_25,2024,method_minus_full,preserve_empty/fashion_mnist/3.3,fed_mdbscan_g,0.0,0.0,0.0,0.0,,-1.2286643894738516
fixed_steps,fashion_mnist,3.3,mdbg_l0_only,42,method_minus_full,fixed_steps/fashion_mnist/3.3,fed_mdbscan_g,0.0,0.0,0.0,0.0,,0.07493401928416765
fixed_steps,fashion_mnist,3.3,mdbg_l0_only,137,method_minus_full,fixed_steps/fashion_mnist/3.3,fed_mdbscan_g,0.0,0.0,0.0,0.0,,-0.10808792401027545
fixed_steps,fashion_mnist,3.3,mdbg_l0_only,2024,method_minus_full,fixed_steps/fashion_mnist/3.3,fed_mdbscan_g,0.0,0.0,0.0,0.0,,-0.03733976584626353
fixed_steps,fashion_mnist,3.3,fedavg,42,method_minus_full,fixed_steps/fashion_mnist/3.3,fed_mdbscan_g,0.0,0.0,0.0,0.0,,-1.545405181357637
fixed_steps,fashion_mnist,3.3,fedavg,137,method_minus_full,fixed_steps/fashion_mnist/3.3,fed_mdbscan_g,0.0,0.0,0.0,0.0,,-1.641811527921042
fixed_steps,fashion_mnist,3.3,fedavg,2024,method_minus_full,fixed_steps/fashion_mnist/3.3,fed_mdbscan_g,0.0,0.0,0.0,0.0,,-1.3223415183563094
fixed_steps,fashion_mnist,5.2,mdbg_l0_only,42,method_minus_full,fixed_steps/fashion_mnist/5.2,fed_mdbscan_g,0.0,0.0,0.0,0.0,,-1.658737524509585
fixed_steps,fashion_mnist,5.2,mdbg_l0_only,137,method_minus_full,fixed_steps/fashion_mnist/5.2,fed_mdbscan_g,0.0,0.0,0.0,0.0,,0.08884059234599873
fixed_steps,fashion_mnist,5.2,mdbg_l0_only,2024,method_minus_full,fixed_steps/fashion_mnist/5.2,fed_mdbscan_g,0.0014000000000000679,0.0014000000000000679,-0.00601851851851852,0.0026717068601885274,,-2.5392706481196607
fixed_steps,fashion_mnist,5.2,fedavg,42,method_minus_full,fixed_steps/fashion_mnist/5.2,fed_mdbscan_g,0.4063,0.4063,-0.425462962962963,-0.1773891317926296,,-3.2222282729344442
fixed_steps,fashion_mnist,5.2,fedavg,137,method_minus_full,fixed_steps/fashion_mnist/5.2,fed_mdbscan_g,0.0,0.0,0.0,0.0,,-1.957226537668612
fixed_steps,fashion_mnist,5.2,fedavg,2024,method_minus_full,fixed_steps/fashion_mnist/5.2,fed_mdbscan_g,0.10860000000000003,0.10860000000000003,-0.08148148148148149,-0.15701415701415702,,-3.909904429207866
main,fashion_mnist,7.1,fed_mdbscan_g,42,attack_minus_clean,clean/fashion_mnist/7.1,fed_mdbscan_g,-0.13960000000000006,-0.13959999999999995,-0.0007407407407407407,0.0,,0.6401891496808578
main,fashion_mnist,7.1,fed_mdbscan_g,137,attack_minus_clean,clean/fashion_mnist/7.1,fed_mdbscan_g,-0.3868,-0.3868000000000001,-0.0033333333333333335,0.0,,0.3293236711566958
main,fashion_mnist,7.1,fed_mdbscan_g,2024,attack_minus_clean,clean/fashion_mnist/7.1,fed_mdbscan_g,-0.14749999999999996,-0.1475000000000002,-0.010211640211640212,0.0,,0.5874089488604417
main,fashion_mnist,7.1,fedavg,42,attack_minus_clean,clean/fashion_mnist/7.1,fedavg,-0.13960000000000006,-0.13959999999999995,0.0,,,0.006798712963548795
main,fashion_mnist,7.1,fedavg,42,method_minus_full,main/fashion_mnist/7.1,fed_mdbscan_g,0.0,0.0,0.0,0.0,,-1.840082309806409
main,fashion_mnist,7.1,fedavg,137,attack_minus_clean,clean/fashion_mnist/7.1,fedavg,-0.38930000000000003,-0.38930000000000003,0.0,,,0.008191218339682865
main,fashion_mnist,7.1,fedavg,137,method_minus_full,main/fashion_mnist/7.1,fed_mdbscan_g,0.0,0.0,0.0,0.0,,-1.4382884764267754
main,fashion_mnist,7.1,fedavg,2024,attack_minus_clean,clean/fashion_mnist/7.1,fedavg,-0.14659999999999995,-0.14659999999999984,0.0,,,-0.004755612004858745
main,fashion_mnist,7.1,fedavg,2024,method_minus_full,main/fashion_mnist/7.1,fed_mdbscan_g,0.0020000000000000018,0.002000000000000224,-0.0005291005291005291,0.0,,-1.7636164025170729
main,fashion_mnist,7.1,sample_weighted_mean,42,method_minus_full,main/fashion_mnist/7.1,fed_mdbscan_g,0.03149999999999997,0.03149999999999986,0.0,0.0,,-1.7707528063096105
main,fashion_mnist,7.1,sample_weighted_mean,137,method_minus_full,main/fashion_mnist/7.1,fed_mdbscan_g,0.27599999999999997,0.2760000000000001,0.0,0.0,,-1.3750670229045985
main,fashion_mnist,7.1,sample_weighted_mean,2024,method_minus_full,main/fashion_mnist/7.1,fed_mdbscan_g,-0.04360000000000008,-0.04359999999999986,-0.0005291005291005291,0.0,,-1.7066339825163597
main,fashion_mnist,7.1,norm_clip,42,method_minus_full,main/fashion_mnist/7.1,fed_mdbscan_g,0.00029999999999996696,0.00029999999999996696,0.0,0.0,,-1.807669838653722
main,fashion_mnist,7.1,norm_clip,137,method_minus_full,main/fashion_mnist/7.1,fed_mdbscan_g,-0.005099999999999993,-0.005099999999999993,0.0,0.0,,-1.4092931269008357
main,fashion_mnist,7.1,norm_clip,2024,method_minus_full,main/fashion_mnist/7.1,fed_mdbscan_g,0.0045999999999999375,0.0046000000000002705,-0.0005291005291005291,0.0,,-1.7356581363400134
main,fashion_mnist,7.1,coord_median,42,method_minus_full,main/fashion_mnist/7.1,fed_mdbscan_g,-0.3952,-0.3952000000000001,0.0,0.0,,-1.566510716235886
main,fashion_mnist,7.1,coord_median,137,method_minus_full,main/fashion_mnist/7.1,fed_mdbscan_g,-0.14739999999999998,-0.14740000000000003,0.0,0.0,,-1.164297677227296
main,fashion_mnist,7.1,coord_median,2024,method_minus_full,main/fashion_mnist/7.1,fed_mdbscan_g,-0.33080000000000004,-0.33079999999999987,-0.0005291005291005291,0.0,,-1.4920175003159482
main,fashion_mnist,7.1,krum_bound30,42,method_minus_full,main/fashion_mnist/7.1,fed_mdbscan_g,-0.1684,-0.1684000000000001,0.4603174603174603,0.0,,-0.8446160360666302
main,fashion_mnist,7.1,krum_bound30,137,method_minus_full,main/fashion_mnist/7.1,fed_mdbscan_g,0.17070000000000002,0.17070000000000002,0.4603174603174603,0.0,,-0.5090652198569539
main,fashion_mnist,7.1,krum_bound30,2024,method_minus_full,main/fashion_mnist/7.1,fed_mdbscan_g,-0.09760000000000002,-0.0975999999999998,0.45978835978835975,0.0,,-0.8573075747621868
main,fashion_mnist,7.1,fltrust_normalized,42,method_minus_full,main/fashion_mnist/7.1,fed_mdbscan_g,0.09620000000000006,0.09619999999999984,0.28624338624338624,0.7496529384544193,,-1.778098032530397
main,fashion_mnist,7.1,fltrust_normalized,137,method_minus_full,main/fashion_mnist/7.1,fed_mdbscan_g,0.35259999999999997,0.35259999999999997,0.2714285714285714,0.759493670886076,,-1.368186483582637
main,fashion_mnist,7.1,fltrust_normalized,2024,method_minus_full,main/fashion_mnist/7.1,fed_mdbscan_g,0.08039999999999992,0.08040000000000025,0.2608465608465608,0.7663197729422895,,-1.6989531240076758
main,fashion_mnist,7.1,flame_hdbscan,42,method_minus_full,main/fashion_mnist/7.1,fed_mdbscan_g,-0.4395,-0.4395000000000001,0.644973544973545,0.0,,-1.4938264301473585
main,fashion_mnist,7.1,flame_hdbscan,137,method_minus_full,main/fashion_mnist/7.1,fed_mdbscan_g,-0.13040000000000002,-0.13039999999999996,0.665079365079365,0.0,,-1.0798642387613655
main,fashion_mnist,7.1,flame_hdbscan,2024,method_minus_full,main/fashion_mnist/7.1,fed_mdbscan_g,-0.22740000000000005,-0.22739999999999988,0.6571428571428571,0.0,,-1.4213139508424018
main,fashion_mnist,7.1,mdbg_l0_only,42,method_minus_full,main/fashion_mnist/7.1,fed_mdbscan_g,0.0,0.0,0.0,0.0,,-0.18118475563824177
main,fashion_mnist,7.1,mdbg_l0_only,137,method_minus_full,main/fashion_mnist/7.1,fed_mdbscan_g,0.0,0.0,0.0,0.0,,0.011935659140969168
main,fashion_mnist,7.1,mdbg_l0_only,2024,method_minus_full,main/fashion_mnist/7.1,fed_mdbscan_g,0.0,0.0,0.0,0.0,,-0.037020191367870936
clean,fashion_mnist,7.1,fedavg,42,method_minus_full,clean/fashion_mnist/7.1,fed_mdbscan_g,0.0,0.0,-0.0007407407407407407,,,-1.2066918730890999
clean,fashion_mnist,7.1,fedavg,137,method_minus_full,clean/fashion_mnist/7.1,fed_mdbscan_g,0.0025000000000000577,0.0024999999999999467,-0.0033333333333333335,,,-1.1171560236097624
clean,fashion_mnist,7.1,fedavg,2024,method_minus_full,clean/fashion_mnist/7.1,fed_mdbscan_g,0.0010999999999999899,0.0010999999999998789,-0.01074074074074074,,,-1.1714518416517725
oracle,fashion_mnist,7.1,fedavg,42,oracle_minus_attacked,main/fashion_mnist/7.1,fedavg,0.13939999999999997,0.13939999999999986,0.0,1.0,,-0.028859453659970308
oracle,fashion_mnist,7.1,fedavg,137,oracle_minus_attacked,main/fashion_mnist/7.1,fedavg,0.38689999999999997,0.38689999999999997,0.0,1.0,,-0.03306915956006075
oracle,fashion_mnist,7.1,fedavg,2024,oracle_minus_attacked,main/fashion_mnist/7.1,fedavg,0.14279999999999993,0.14280000000000004,0.0,1.0,,-0.032760471959287926
main,fashion_mnist,7.2,fed_mdbscan_g,42,attack_minus_clean,clean/fashion_mnist/7.2,fed_mdbscan_g,0.0068000000000000005,0.006799999999999973,0.016772486772486772,0.0,,0.5029195004142819
main,fashion_mnist,7.2,fed_mdbscan_g,137,attack_minus_clean,clean/fashion_mnist/7.2,fed_mdbscan_g,-0.10820000000000002,-0.10819999999999996,0.06894179894179897,0.0,,-0.9922988765989427
main,fashion_mnist,7.2,fed_mdbscan_g,2024,attack_minus_clean,clean/fashion_mnist/7.2,fed_mdbscan_g,-0.041800000000000004,-0.04179999999999995,0.036507936507936545,0.0,,-0.4610055540765945
main,fashion_mnist,7.2,fedavg,42,attack_minus_clean,clean/fashion_mnist/7.2,fedavg,-0.02629999999999999,-0.0263000000000001,0.0,,,0.0043883928408225414
main,fashion_mnist,7.2,fedavg,42,method_minus_full,main/fashion_mnist/7.2,fed_mdbscan_g,0.48819999999999997,0.48819999999999997,-0.46825396825396826,0.0,,-3.8445683373797994
main,fashion_mnist,7.2,fedavg,137,attack_minus_clean,clean/fashion_mnist/7.2,fedavg,-0.09189999999999998,-0.09189999999999998,0.0,,,0.000916811478479454
main,fashion_mnist,7.2,fedavg,137,method_minus_full,main/fashion_mnist/7.2,fed_mdbscan_g,0.40040000000000003,0.4004000000000001,-0.41005291005291006,0.0,,-3.918147653896207
main,fashion_mnist,7.2,fedavg,2024,attack_minus_clean,clean/fashion_mnist/7.2,fedavg,-0.05700000000000005,-0.05699999999999994,0.0,,,0.002404646889772266
main,fashion_mnist,7.2,fedavg,2024,method_minus_full,main/fashion_mnist/7.2,fed_mdbscan_g,0.3504,0.35039999999999993,-0.4142857142857143,0.0,,-3.213947918425159
main,fashion_mnist,7.2,sample_weighted_mean,42,method_minus_full,main/fashion_mnist/7.2,fed_mdbscan_g,0.5482,0.5482,-0.46825396825396826,0.0,,-3.7935247451455023
main,fashion_mnist,7.2,sample_weighted_mean,137,method_minus_full,main/fashion_mnist/7.2,fed_mdbscan_g,0.4946,0.49460000000000004,-0.41005291005291006,0.0,,-3.841781863414993
main,fashion_mnist,7.2,sample_weighted_mean,2024,method_minus_full,main/fashion_mnist/7.2,fed_mdbscan_g,0.44780000000000003,0.4478,-0.4142857142857143,0.0,,-3.155036048986949
main,fashion_mnist,7.2,norm_clip,42,method_minus_full,main/fashion_mnist/7.2,fed_mdbscan_g,0.23509999999999998,0.2351,-0.46825396825396826,0.0,,-3.8087803296201552
main,fashion_mnist,7.2,norm_clip,137,method_minus_full,main/fashion_mnist/7.2,fed_mdbscan_g,0.19510000000000005,0.1951,-0.41005291005291006,0.0,,-3.8864855122054
main,fashion_mnist,7.2,norm_clip,2024,method_minus_full,main/fashion_mnist/7.2,fed_mdbscan_g,0.1981,0.19809999999999994,-0.4142857142857143,0.0,,-3.1792926260076153
main,fashion_mnist,7.2,coord_median,42,method_minus_full,main/fashion_mnist/7.2,fed_mdbscan_g,-0.008500000000000008,-0.00849999999999998,-0.46825396825396826,0.0,,-3.628556408135531
main,fashion_mnist,7.2,coord_median,137,method_minus_full,main/fashion_mnist/7.2,fed_mdbscan_g,-0.16369999999999996,-0.1637,-0.41005291005291006,0.0,,-3.701450609842626
main,fashion_mnist,7.2,coord_median,2024,method_minus_full,main/fashion_mnist/7.2,fed_mdbscan_g,-0.1972,-0.19720000000000004,-0.4142857142857143,0.0,,-2.980378510411053
main,fashion_mnist,7.2,krum_bound30,42,method_minus_full,main/fashion_mnist/7.2,fed_mdbscan_g,0.0023999999999999855,0.0024000000000000132,-0.007936507936507964,0.0,,-2.7920299454786193
main,fashion_mnist,7.2,krum_bound30,137,method_minus_full,main/fashion_mnist/7.2,fed_mdbscan_g,-0.0262,-0.0262,0.050264550264550234,0.0,,-2.9805159456057786
main,fashion_mnist,7.2,krum_bound30,2024,method_minus_full,main/fashion_mnist/7.2,fed_mdbscan_g,-0.01899999999999996,-0.019000000000000017,0.04603174603174598,0.0,,-2.242234265198931
main,fashion_mnist,7.2,fltrust_normalized,42,method_minus_full,main/fashion_mnist/7.2,fed_mdbscan_g,0.4851,0.4851,-0.012698412698412709,0.3018292682926829,,-3.7815220049427203
main,fashion_mnist,7.2,fltrust_normalized,137,method_minus_full,main/fashion_mnist/7.2,fed_mdbscan_g,0.44160000000000005,0.4416,-0.0582010582010582,0.384446878422782,,-3.8553214629607586
main,fashion_mnist,7.2,fltrust_normalized,2024,method_minus_full,main/fashion_mnist/7.2,fed_mdbscan_g,0.35000000000000003,0.34999999999999987,0.03809523809523807,0.391304347826087,,-3.1444228456355634
main,fashion_mnist,7.2,flame_hdbscan,42,method_minus_full,main/fashion_mnist/7.2,fed_mdbscan_g,-0.0025000000000000022,-0.0024999999999999745,0.059259259259259234,0.0,,-3.5296208933151014
main,fashion_mnist,7.2,flame_hdbscan,137,method_minus_full,main/fashion_mnist/7.2,fed_mdbscan_g,0.02360000000000001,0.023599999999999954,0.28518518518518515,0.0,,-3.585173475719057
main,fashion_mnist,7.2,flame_hdbscan,2024,method_minus_full,main/fashion_mnist/7.2,fed_mdbscan_g,-0.13029999999999997,-0.13030000000000003,0.25873015873015875,0.0,,-2.84617981115977
main,fashion_mnist,7.2,mdbg_l0_only,42,method_minus_full,main/fashion_mnist/7.2,fed_mdbscan_g,0.0,0.0,0.0,0.0,,-1.242390215303749
main,fashion_mnist,7.2,mdbg_l0_only,137,method_minus_full,main/fashion_mnist/7.2,fed_mdbscan_g,0.0,0.0,0.0,0.0,,-1.6360824703976204
main,fashion_mnist,7.2,mdbg_l0_only,2024,method_minus_full,main/fashion_mnist/7.2,fed_mdbscan_g,0.0,0.0,0.0,0.0,,-1.116627384865812
clean,fashion_mnist,7.2,fedavg,42,method_minus_full,clean/fashion_mnist/7.2,fed_mdbscan_g,0.5213,0.5213000000000001,-0.4514814814814815,,,-3.34603722980634
clean,fashion_mnist,7.2,fedavg,137,method_minus_full,clean/fashion_mnist/7.2,fed_mdbscan_g,0.3841,0.3841000000000001,-0.3411111111111111,,,-4.911363341973629
clean,fashion_mnist,7.2,fedavg,2024,method_minus_full,clean/fashion_mnist/7.2,fed_mdbscan_g,0.36560000000000004,0.3655999999999999,-0.37777777777777777,,,-3.677358119391526
oracle,fashion_mnist,7.2,fedavg,42,oracle_minus_attacked,main/fashion_mnist/7.2,fedavg,-0.012199999999999989,-0.012199999999999878,0.0,1.0,,-0.03831141007055218
oracle,fashion_mnist,7.2,fedavg,137,oracle_minus_attacked,main/fashion_mnist/7.2,fedavg,0.026800000000000046,0.026799999999999824,0.0,1.0,,-0.028753538402573525
oracle,fashion_mnist,7.2,fedavg,2024,oracle_minus_attacked,main/fashion_mnist/7.2,fedavg,0.041200000000000014,0.041200000000000014,0.0,1.0,,-0.03716230056791877
main,fashion_mnist,8.1,fed_mdbscan_g,42,attack_minus_clean,clean/fashion_mnist/8.1,fed_mdbscan_g,0.0,0.0,0.0008465608465608466,0.0,0.9788888888888889,-0.06995508366186787
main,fashion_mnist,8.1,fed_mdbscan_g,137,attack_minus_clean,clean/fashion_mnist/8.1,fed_mdbscan_g,0.000500000000000056,0.0004999999999998339,0.003544973544973545,0.0024271844660194173,0.967,0.08479880370044457
main,fashion_mnist,8.1,fed_mdbscan_g,2024,attack_minus_clean,clean/fashion_mnist/8.1,fed_mdbscan_g,-0.0030000000000000027,-0.0029999999999998916,-0.009682539682539681,0.06666666666666667,0.9731111111111111,-0.03409504010730102
main,fashion_mnist,8.1,mdbg_l0_only,42,method_minus_full,main/fashion_mnist/8.1,fed_mdbscan_g,0.0,0.0,0.0,0.0,0.0,0.11004189479475213
main,fashion_mnist,8.1,mdbg_l0_only,137,method_minus_full,main/fashion_mnist/8.1,fed_mdbscan_g,0.0,0.0,0.0,0.0,0.0,-0.09358453147578993
main,fashion_mnist,8.1,mdbg_l0_only,2024,method_minus_full,main/fashion_mnist/8.1,fed_mdbscan_g,0.0,0.0,0.0,0.0,0.0,-0.036752042519704764
main,fashion_mnist,8.1,fedavg,42,attack_minus_clean,clean/fashion_mnist/8.1,fedavg,-0.001100000000000101,-0.0010999999999998789,0.0,,0.9788888888888889,-0.0036368214059621096
main,fashion_mnist,8.1,fedavg,42,method_minus_full,main/fashion_mnist/8.1,fed_mdbscan_g,-0.001100000000000101,-0.0010999999999998789,-0.0015873015873015873,0.0,0.0,-1.101771499721023
main,fashion_mnist,8.1,fedavg,137,attack_minus_clean,clean/fashion_mnist/8.1,fedavg,-0.0016000000000000458,-0.0015999999999999348,0.0,,0.9687777777777777,-0.0030017735009702506
main,fashion_mnist,8.1,fedavg,137,method_minus_full,main/fashion_mnist/8.1,fed_mdbscan_g,0.00039999999999995595,0.000400000000000178,-0.0068783068783068784,-0.0024271844660194173,0.0,-1.2143035166392413
main,fashion_mnist,8.1,fedavg,2024,attack_minus_clean,clean/fashion_mnist/8.1,fedavg,-0.0019000000000000128,-0.0018999999999997907,0.0,,0.974,-0.008891436632256958
main,fashion_mnist,8.1,fedavg,2024,method_minus_full,main/fashion_mnist/8.1,fed_mdbscan_g,0.0021999999999999797,0.0021999999999999797,-0.0010582010582010583,-0.06666666666666667,0.0003333333333332966,-1.1818194014330705
main,fashion_mnist,8.1,fltrust_normalized,42,method_minus_full,main/fashion_mnist/8.1,fed_mdbscan_g,-0.03380000000000005,-0.03380000000000005,0.2492063492063492,0.3889585947302384,-0.11099999999999999,-1.0034114569153947
main,fashion_mnist,8.1,fltrust_normalized,137,method_minus_full,main/fashion_mnist/8.1,fed_mdbscan_g,-0.031299999999999994,-0.031299999999999883,0.25767195767195766,0.30615900016922915,-0.030000000000000027,-1.1159111426755166
main,fashion_mnist,8.1,fltrust_normalized,2024,method_minus_full,main/fashion_mnist/8.1,fed_mdbscan_g,-0.05020000000000002,-0.05020000000000013,0.24973544973544973,0.2882340380098228,-0.1497777777777778,-1.1006203105246337
main,fashion_mnist,8.1,flame_hdbscan,42,method_minus_full,main/fashion_mnist/8.1,fed_mdbscan_g,-0.06800000000000006,-0.06800000000000017,0.5068783068783069,0.33630812588069514,0.0004444444444444695,-0.80884572644718
main,fashion_mnist,8.1,flame_hdbscan,137,method_minus_full,main/fashion_mnist/8.1,fed_mdbscan_g,-0.08930000000000005,-0.08929999999999982,0.5174603174603174,0.30331129154526937,-0.0015555555555555323,-0.8948594572100168
main,fashion_mnist,8.1,flame_hdbscan,2024,method_minus_full,main/fashion_mnist/8.1,fed_mdbscan_g,-0.119,-0.11900000000000022,0.46296296296296297,0.3455686274509804,-0.005222222222222239,-0.8748451606913781
clean,fashion_mnist,8.1,fedavg,42,method_minus_full,clean/fashion_mnist/8.1,fed_mdbscan_g,0.0,0.0,-0.0007407407407407407,,0.0,-1.1680897619769288
clean,fashion_mnist,8.1,fedavg,137,method_minus_full,clean/fashion_mnist/8.1,fed_mdbscan_g,0.0025000000000000577,0.0024999999999999467,-0.0033333333333333335,,-0.0017777777777777774,-1.1265029394378265
clean,fashion_mnist,8.1,fedavg,2024,method_minus_full,clean/fashion_mnist/8.1,fed_mdbscan_g,0.0010999999999999899,0.0010999999999998789,-0.01074074074074074,,-0.0005555555555555557,-1.2070230049081145
oracle,fashion_mnist,8.1,fedavg,42,oracle_minus_attacked,main/fashion_mnist/8.1,fedavg,0.0009000000000000119,0.0008999999999997899,0.0,1.0,-0.9837777777777778,-0.023524797859136012
oracle,fashion_mnist,8.1,fedavg,137,oracle_minus_attacked,main/fashion_mnist/8.1,fedavg,-0.0008000000000000229,-0.0008000000000001339,0.0,1.0,-0.9737777777777777,-0.0284476758291324
oracle,fashion_mnist,8.1,fedavg,2024,oracle_minus_attacked,main/fashion_mnist/8.1,fedavg,-0.0019000000000000128,-0.0019000000000000128,0.0,1.0,-0.9745555555555555,-0.029970417361861713
main,fashion_mnist,8.2,fed_mdbscan_g,42,attack_minus_clean,clean/fashion_mnist/8.2,fed_mdbscan_g,-0.00010000000000001674,-0.00010000000000001674,-0.014973544973544972,0.3625438157235854,0.2932222222222222,0.01198187897292291
main,fashion_mnist,8.2,fed_mdbscan_g,137,attack_minus_clean,clean/fashion_mnist/8.2,fed_mdbscan_g,0.015500000000000014,0.015499999999999958,0.023968253968253972,0.3050847457627119,0.6966666666666667,-0.08575161356323768
main,fashion_mnist,8.2,fed_mdbscan_g,2024,attack_minus_clean,clean/fashion_mnist/8.2,fed_mdbscan_g,0.0023000000000000242,0.0022999999999999687,0.06455026455026458,0.3091936312275295,0.64,0.49591408762304745
main,fashion_mnist,8.2,mdbg_l0_only,42,method_minus_full,main/fashion_mnist/8.2,fed_mdbscan_g,0.0,0.0,0.008465608465608454,-0.03359644730253275,0.07266666666666666,-2.012573695601896
main,fashion_mnist,8.2,mdbg_l0_only,137,method_minus_full,main/fashion_mnist/8.2,fed_mdbscan_g,0.0,0.0,0.0,0.0,0.0,-2.890213541659371
main,fashion_mnist,8.2,mdbg_l0_only,2024,method_minus_full,main/fashion_mnist/8.2,fed_mdbscan_g,0.009399999999999964,0.009400000000000075,-0.0851851851851852,0.026940822553983113,-0.05511111111111111,-2.9454145974479617
main,fashion_mnist,8.2,fedavg,42,attack_minus_clean,clean/fashion_mnist/8.2,fedavg,-0.0016999999999999238,-0.0017000000000000348,0.0,,0.9863333333333334,-0.008672379322039583
main,fashion_mnist,8.2,fedavg,42,method_minus_full,main/fashion_mnist/8.2,fed_mdbscan_g,0.5197,0.5197,-0.4365079365079365,-0.3625438157235854,0.7052222222222222,-3.5605269551160745
main,fashion_mnist,8.2,fedavg,137,attack_minus_clean,clean/fashion_mnist/8.2,fedavg,-0.006800000000000028,-0.006800000000000139,0.0,,0.9572222222222222,-0.0028376521775499014
main,fashion_mnist,8.2,fedavg,137,method_minus_full,main/fashion_mnist/8.2,fed_mdbscan_g,0.36179999999999995,0.3618,-0.36507936507936506,-0.3050847457627119,0.24744444444444447,-4.700810743228066
main,fashion_mnist,8.2,fedavg,2024,attack_minus_clean,clean/fashion_mnist/8.2,fedavg,-0.005199999999999982,-0.00519999999999976,0.0,,0.9491111111111111,-0.0051904425335427135
main,fashion_mnist,8.2,fedavg,2024,method_minus_full,main/fashion_mnist/8.2,fed_mdbscan_g,0.35810000000000003,0.3581000000000002,-0.44232804232804235,-0.3091936312275295,0.35544444444444445,-4.2981850369522965
main,fashion_mnist,8.2,fltrust_normalized,42,method_minus_full,main/fashion_mnist/8.2,fed_mdbscan_g,0.35119999999999996,0.35120000000000007,-0.09047619047619049,-0.05502936485653337,0.6805555555555556,-3.463612974031518
main,fashion_mnist,8.2,fltrust_normalized,137,method_minus_full,main/fashion_mnist/8.2,fed_mdbscan_g,0.3098,0.30979999999999996,-0.09629629629629627,0.05254765299118219,0.14400000000000002,-4.614865169565504
main,fashion_mnist,8.2,fltrust_normalized,2024,method_minus_full,main/fashion_mnist/8.2,fed_mdbscan_g,0.2052,0.20520000000000005,-0.08677248677248678,-0.007760966471082542,0.26188888888888884,-4.21796957832994
main,fashion_mnist,8.2,flame_hdbscan,42,method_minus_full,main/fashion_mnist/8.2,fed_mdbscan_g,-9.999999999998899e-05,-9.999999999998899e-05,0.046031746031746035,-0.031148466886376125,0.09888888888888892,-3.2348013487256444
main,fashion_mnist,8.2,flame_hdbscan,137,method_minus_full,main/fashion_mnist/8.2,fed_mdbscan_g,-0.05299999999999999,-0.052999999999999936,0.09735449735449736,0.0717827241168062,0.016000000000000014,-4.342269355962829
main,fashion_mnist,8.2,flame_hdbscan,2024,method_minus_full,main/fashion_mnist/8.2,fed_mdbscan_g,-0.07219999999999999,-0.07219999999999999,-0.0010582010582010914,0.10622805551945841,-0.13277777777777777,-3.9581395377366184
clean,fashion_mnist,8.2,fedavg,42,method_minus_full,clean/fashion_mnist/8.2,fed_mdbscan_g,0.5213,0.5213000000000001,-0.4514814814814815,,0.01211111111111111,-3.5398726968211123
clean,fashion_mnist,8.2,fedavg,137,method_minus_full,clean/fashion_mnist/8.2,fed_mdbscan_g,0.3841,0.3841000000000001,-0.3411111111111111,,-0.013111111111111108,-4.783724704613754
clean,fashion_mnist,8.2,fedavg,2024,method_minus_full,clean/fashion_mnist/8.2,fed_mdbscan_g,0.36560000000000004,0.3655999999999999,-0.37777777777777777,,0.04633333333333333,-3.7970805067957065
oracle,fashion_mnist,8.2,fedavg,42,oracle_minus_attacked,main/fashion_mnist/8.2,fedavg,-0.036800000000000055,-0.036799999999999944,0.0,1.0,-0.986,-0.02567723368604978
oracle,fashion_mnist,8.2,fedavg,137,oracle_minus_attacked,main/fashion_mnist/8.2,fedavg,-0.05829999999999991,-0.05830000000000002,0.0,1.0,-0.959,-0.030689181600852558
oracle,fashion_mnist,8.2,fedavg,2024,oracle_minus_attacked,main/fashion_mnist/8.2,fedavg,-0.010600000000000054,-0.010600000000000165,0.0,1.0,-0.9391111111111111,-0.035082782436317454
main,cifar10,6.1,fedavg,42,method_minus_full,main/cifar10/6.1,fed_mdbscan_g,-0.0006000000000000449,-0.0005999999999999339,-0.0007407407407407407,,,-7.685263446163542
main,cifar10,6.1,fedavg,137,method_minus_full,main/cifar10/6.1,fed_mdbscan_g,0.00020000000000003348,0.000200000000000089,0.0,,,-9.342949342879
main,cifar10,6.1,fedavg,2024,method_minus_full,main/cifar10/6.1,fed_mdbscan_g,0.0014999999999999458,0.0015000000000000568,-0.002962962962962963,,,-8.976388625788967
main,cifar10,6.1,flame_hdbscan,42,method_minus_full,main/cifar10/6.1,fed_mdbscan_g,-0.11770000000000003,-0.11769999999999986,0.487037037037037,0.0,,-5.3556649866048245
main,cifar10,6.1,flame_hdbscan,137,method_minus_full,main/cifar10/6.1,fed_mdbscan_g,-0.1664,-0.16639999999999994,0.4866666666666667,,,-7.095343386641858
main,cifar10,6.1,flame_hdbscan,2024,method_minus_full,main/cifar10/6.1,fed_mdbscan_g,-0.1784,-0.1784,0.4848148148148148,0.0,,-6.8164018439905085
main,cifar10,6.2,fedavg,42,method_minus_full,main/cifar10/6.2,fed_mdbscan_g,0.2344,0.2344,-0.4337037037037037,,,-20.869212310931957
main,cifar10,6.2,fedavg,137,method_minus_full,main/cifar10/6.2,fed_mdbscan_g,0.0681,0.06810000000000002,-0.45666666666666667,,,-22.603573333856183
main,cifar10,6.2,fedavg,2024,method_minus_full,main/cifar10/6.2,fed_mdbscan_g,0.1434,0.14339999999999997,-0.30777777777777776,,,-36.1427390489184
main,cifar10,6.2,flame_hdbscan,42,method_minus_full,main/cifar10/6.2,fed_mdbscan_g,0.0014000000000000123,0.0014000000000000123,0.05444444444444446,0.0,,-18.4520810275261
main,cifar10,6.2,flame_hdbscan,137,method_minus_full,main/cifar10/6.2,fed_mdbscan_g,-0.0010999999999999899,-0.0011000000000000176,0.03222222222222221,0.0,,-20.19104219083674
main,cifar10,6.2,flame_hdbscan,2024,method_minus_full,main/cifar10/6.2,fed_mdbscan_g,-0.021900000000000003,-0.021899999999999975,0.0788888888888889,0.0,,-33.65261215892775
main,cifar10,7.1,fed_mdbscan_g,42,attack_minus_clean,clean/cifar10/7.1,fed_mdbscan_g,-0.44619999999999993,-0.44620000000000004,0.005238095238095238,0.0,,5.934433897479902
main,cifar10,7.1,fed_mdbscan_g,137,attack_minus_clean,clean/cifar10/7.1,fed_mdbscan_g,-0.4038,-0.4038,0.01126984126984127,0.0,,5.175448243028949
main,cifar10,7.1,fed_mdbscan_g,2024,attack_minus_clean,clean/cifar10/7.1,fed_mdbscan_g,-0.4001,-0.4001,0.04804232804232804,0.0,,9.353951253582878
main,cifar10,7.1,fedavg,42,attack_minus_clean,clean/cifar10/7.1,fedavg,-0.41390000000000005,-0.41390000000000005,0.0,,,0.1793885536259041
main,cifar10,7.1,fedavg,42,method_minus_full,main/cifar10/7.1,fed_mdbscan_g,0.03249999999999999,0.03249999999999999,-0.006349206349206349,0.0,,-13.84339985384528
main,cifar10,7.1,fedavg,137,attack_minus_clean,clean/cifar10/7.1,fedavg,-0.39130000000000004,-0.39129999999999987,0.0,,,0.15065446562754614
main,cifar10,7.1,fedavg,137,method_minus_full,main/cifar10/7.1,fed_mdbscan_g,0.0126,0.012600000000000014,-0.01164021164021164,0.0,,-13.941002599021886
main,cifar10,7.1,fedavg,2024,attack_minus_clean,clean/cifar10/7.1,fedavg,-0.4033,-0.4033,0.0,,,0.10999710394535223
main,cifar10,7.1,fedavg,2024,method_minus_full,main/cifar10/7.1,fed_mdbscan_g,-0.003799999999999998,-0.003799999999999998,-0.05026455026455026,0.0,,-17.680128465313462
main,cifar10,7.1,flame_hdbscan,137,method_minus_full,main/cifar10/7.1,fed_mdbscan_g,0.0218,0.0218,0.6492063492063491,0.0,,-11.5589121451679
main,cifar10,7.1,flame_hdbscan,2024,method_minus_full,main/cifar10/7.1,fed_mdbscan_g,0.0509,0.0509,0.5476190476190477,0.13012048192771083,,-14.855858399327067
clean,cifar10,7.1,fedavg,42,method_minus_full,clean/cifar10/7.1,fed_mdbscan_g,0.000200000000000089,0.00019999999999997797,-0.0011111111111111111,,,-8.088354509991284
clean,cifar10,7.1,fedavg,137,method_minus_full,clean/cifar10/7.1,fed_mdbscan_g,0.0001000000000000445,9.999999999993348e-05,-0.00037037037037037035,,,-8.916208821620483
clean,cifar10,7.1,fedavg,2024,method_minus_full,clean/cifar10/7.1,fed_mdbscan_g,-0.0006000000000000449,-0.0006000000000000449,-0.0022222222222222222,,,-8.436174315675938
oracle,cifar10,7.1,fedavg,42,oracle_minus_attacked,main/cifar10/7.1,fedavg,0.41390000000000005,0.41390000000000005,0.0,1.0,,-0.32277345613110814
oracle,cifar10,7.1,fedavg,137,oracle_minus_attacked,main/cifar10/7.1,fedavg,0.3907,0.39069999999999994,0.0,1.0,,-0.4294316626192691
oracle,cifar10,7.1,fedavg,2024,oracle_minus_attacked,main/cifar10/7.1,fedavg,0.3954,0.3954000000000001,0.0,1.0,,-0.3785254095564597
main,cifar10,7.2,fed_mdbscan_g,42,attack_minus_clean,clean/cifar10/7.2,fed_mdbscan_g,-0.0050000000000000044,-0.0050000000000000044,-0.015026455026454999,0.0,,-12.6555808672371
main,cifar10,7.2,fed_mdbscan_g,137,attack_minus_clean,clean/cifar10/7.2,fed_mdbscan_g,-0.003799999999999998,-0.0038000000000000256,-0.01989417989417991,0.0,,-14.729697564756497
main,cifar10,7.2,fed_mdbscan_g,2024,attack_minus_clean,clean/cifar10/7.2,fed_mdbscan_g,-0.004899999999999988,-0.004899999999999988,0.003703703703703709,0.0,,-27.559587502506716
main,cifar10,7.2,fedavg,42,attack_minus_clean,clean/cifar10/7.2,fedavg,-0.15229999999999996,-0.1523,0.0,,,-0.3328304653055966
main,cifar10,7.2,fedavg,42,method_minus_full,main/cifar10/7.2,fed_mdbscan_g,0.05450000000000002,0.05449999999999999,-0.41904761904761906,0.0,,-7.893116287192485
main,cifar10,7.2,fedavg,137,attack_minus_clean,clean/cifar10/7.2,fedavg,-0.001700000000000007,-0.0016999999999999793,0.0,,,-0.28308792705259594
main,cifar10,7.2,fedavg,137,method_minus_full,main/cifar10/7.2,fed_mdbscan_g,0.065,0.065,-0.4312169312169312,0.0,,-7.975175189098809
main,cifar10,7.2,fedavg,2024,attack_minus_clean,clean/cifar10/7.2,fedavg,-0.1533,-0.1533,0.0,,,-0.18517499155908201
main,cifar10,7.2,fedavg,2024,method_minus_full,main/cifar10/7.2,fed_mdbscan_g,0.031399999999999983,0.031399999999999983,-0.3111111111111111,0.0,,-8.355957439149885
main,cifar10,7.2,flame_hdbscan,42,method_minus_full,main/cifar10/7.2,fed_mdbscan_g,0.0014000000000000123,0.0014000000000000123,0.1306878306878307,0.0,,-6.975949782982934
main,cifar10,7.2,flame_hdbscan,137,method_minus_full,main/cifar10/7.2,fed_mdbscan_g,0.0010000000000000009,0.0010000000000000286,0.11058201058201061,0.0,,-7.074598597203536
main,cifar10,7.2,flame_hdbscan,2024,method_minus_full,main/cifar10/7.2,fed_mdbscan_g,-0.027200000000000002,-0.02720000000000003,0.3227513227513228,0.0,,-7.443925794330426
clean,cifar10,7.2,fedavg,42,method_minus_full,clean/cifar10/7.2,fed_mdbscan_g,0.20179999999999998,0.20179999999999998,-0.43407407407407406,,,-20.215866689123988
clean,cifar10,7.2,fedavg,137,method_minus_full,clean/cifar10/7.2,fed_mdbscan_g,0.06290000000000001,0.06289999999999996,-0.45111111111111113,,,-22.42178482680271
clean,cifar10,7.2,fedavg,2024,method_minus_full,clean/cifar10/7.2,fed_mdbscan_g,0.1798,0.1798,-0.3074074074074074,,,-35.73036995009752
oracle,cifar10,7.2,fedavg,42,oracle_minus_attacked,main/cifar10/7.2,fedavg,0.1242,0.12420000000000003,0.0,1.0,,0.18454283657483755
oracle,cifar10,7.2,fedavg,137,oracle_minus_attacked,main/cifar10/7.2,fedavg,0.1195,0.1195,0.0,1.0,,0.09993255693310249
oracle,cifar10,7.2,fedavg,2024,oracle_minus_attacked,main/cifar10/7.2,fedavg,0.10399999999999998,0.10400000000000009,0.0,1.0,,0.04756432038266212
main,cifar10,8.1,fed_mdbscan_g,42,attack_minus_clean,clean/cifar10/8.1,fed_mdbscan_g,-0.006500000000000061,-0.00649999999999995,-0.000582010582010582,0.007371007371007371,0.891888888888889,-0.11685725766777466
main,cifar10,8.1,fed_mdbscan_g,137,attack_minus_clean,clean/cifar10/8.1,fed_mdbscan_g,0.00029999999999996696,0.00029999999999996696,-0.00037037037037037035,0.002466091245376079,0.9265555555555556,0.5417614695072803
main,cifar10,8.1,fed_mdbscan_g,2024,attack_minus_clean,clean/cifar10/8.1,fed_mdbscan_g,-0.0028000000000000247,-0.0028000000000001357,-0.00010582010582010568,0.0,0.9065555555555556,0.6498982391320158
main,cifar10,8.1,fedavg,42,attack_minus_clean,clean/cifar10/8.1,fedavg,-0.006299999999999972,-0.006299999999999972,0.0,,0.8914444444444445,0.098271049237034
main,cifar10,8.1,fedavg,42,method_minus_full,main/cifar10/8.1,fed_mdbscan_g,0.0006000000000000449,0.0005999999999999339,-0.0005291005291005291,-0.007371007371007371,-0.0005555555555555314,-8.166759015864226
main,cifar10,8.1,fedavg,137,attack_minus_clean,clean/cifar10/8.1,fedavg,-9.999999999998899e-05,-0.0001000000000000445,0.0,,0.9263333333333333,0.022938697699767863
main,cifar10,8.1,fedavg,137,method_minus_full,main/cifar10/8.1,fed_mdbscan_g,-0.0005999999999999894,-0.0005999999999999894,0.0,-0.002466091245376079,-0.00022222222222223476,-9.833983004663605
main,cifar10,8.1,fedavg,2024,attack_minus_clean,clean/cifar10/8.1,fedavg,-0.003999999999999948,-0.004000000000000059,0.0,,0.9091111111111112,0.15054941080743445
main,cifar10,8.1,fedavg,2024,method_minus_full,main/cifar10/8.1,fed_mdbscan_g,-0.0009999999999999454,-0.0009999999999999454,-0.0021164021164021165,0.0,-0.00477777777777777,-9.05880138046729
main,cifar10,8.1,flame_hdbscan,42,method_minus_full,main/cifar10/8.1,fed_mdbscan_g,-0.10930000000000001,-0.10930000000000012,0.5211640211640212,0.30307113750199355,0.003555555555555534,-5.783464759743461
main,cifar10,8.1,flame_hdbscan,137,method_minus_full,main/cifar10/8.1,fed_mdbscan_g,-0.1432,-0.14319999999999994,0.49894179894179896,0.34842760583834925,0.011333333333333306,-7.529370008048136
main,cifar10,8.1,flame_hdbscan,2024,method_minus_full,main/cifar10/8.1,fed_mdbscan_g,-0.16999999999999998,-0.16999999999999998,0.46825396825396826,0.3964134025483719,0.021666666666666612,-6.311317341479783
clean,cifar10,8.1,fedavg,42,method_minus_full,clean/cifar10/8.1,fed_mdbscan_g,0.00039999999999995595,0.00039999999999995595,-0.0011111111111111111,,-0.0001111111111111035,-8.381887322769035
clean,cifar10,8.1,fedavg,137,method_minus_full,clean/cifar10/8.1,fed_mdbscan_g,-0.00020000000000003348,-0.00019999999999997797,-0.00037037037037037035,,0.0,-9.315160232856092
clean,cifar10,8.1,fedavg,2024,method_minus_full,clean/cifar10/8.1,fed_mdbscan_g,0.00019999999999997797,0.00019999999999997797,-0.0022222222222222222,,-0.0073333333333333375,-8.559452552142709
oracle,cifar10,8.1,fedavg,42,oracle_minus_attacked,main/cifar10/8.1,fedavg,0.005699999999999927,0.005699999999999927,0.0,1.0,-0.8863333333333334,-0.2981777834162737
oracle,cifar10,8.1,fedavg,137,oracle_minus_attacked,main/cifar10/8.1,fedavg,-9.999999999998899e-05,-9.999999999993348e-05,0.0,1.0,-0.9433333333333334,-0.3388647506944836
oracle,cifar10,8.1,fedavg,2024,oracle_minus_attacked,main/cifar10/8.1,fedavg,-0.0050000000000000044,-0.00500000000000006,0.0,1.0,-0.9153333333333333,-0.4163623791032781
main,cifar10,8.2,fed_mdbscan_g,42,attack_minus_clean,clean/cifar10/8.2,fed_mdbscan_g,-0.0013999999999999846,-0.0014000000000000123,-0.027724867724867708,0.39552618200305034,0.0003333333333333333,2.5488199389656074
main,cifar10,8.2,fed_mdbscan_g,137,attack_minus_clean,clean/cifar10/8.2,fed_mdbscan_g,-0.0012000000000000066,-0.0012000000000000066,0.00232804232804229,0.36888454011741684,0.0,4.732303085954239
main,cifar10,8.2,fed_mdbscan_g,2024,attack_minus_clean,clean/cifar10/8.2,fed_mdbscan_g,-0.008099999999999996,-0.008100000000000024,-0.016402116402116418,0.32409118915588414,0.1814444444444444,-8.253302725889561
main,cifar10,8.2,fedavg,42,attack_minus_clean,clean/cifar10/8.2,fedavg,-0.016100000000000003,-0.016099999999999948,0.0,,0.8652222222222221,0.0782467195919404
main,cifar10,8.2,fedavg,42,method_minus_full,main/cifar10/8.2,fed_mdbscan_g,0.18649999999999997,0.18650000000000003,-0.40634920634920635,-0.39552618200305034,0.992,-22.207964915782213
main,cifar10,8.2,fedavg,137,attack_minus_clean,clean/cifar10/8.2,fedavg,0.09359999999999999,0.09360000000000007,0.0,,0.9744444444444444,0.2296383911122879
main,cifar10,8.2,fedavg,137,method_minus_full,main/cifar10/8.2,fed_mdbscan_g,0.1638,0.16380000000000003,-0.4534391534391534,-0.36888454011741684,0.9893333333333333,-26.25747943208941
main,cifar10,8.2,fedavg,2024,attack_minus_clean,clean/cifar10/8.2,fedavg,-0.015199999999999991,-0.015200000000000047,0.0,,0.9117777777777777,0.3134678225925503
main,cifar10,8.2,fedavg,2024,method_minus_full,main/cifar10/8.2,fed_mdbscan_g,0.17300000000000001,0.173,-0.291005291005291,-0.32409118915588414,0.1907777777777777,-28.87483130534723
main,cifar10,8.2,flame_hdbscan,42,method_minus_full,main/cifar10/8.2,fed_mdbscan_g,-0.0015999999999999903,-0.001600000000000018,0.06666666666666665,0.0022171184200808214,-0.0003333333333333333,-20.014867670562428
main,cifar10,8.2,flame_hdbscan,137,method_minus_full,main/cifar10/8.2,fed_mdbscan_g,-0.0011999999999999789,-0.0012000000000000066,0.022222222222222254,0.014275346353727902,0.0,-24.11757485419124
main,cifar10,8.2,flame_hdbscan,2024,method_minus_full,main/cifar10/8.2,fed_mdbscan_g,-0.04100000000000001,-0.04099999999999998,0.07301587301587303,0.036959139071686964,0.15444444444444438,-26.43812705918293
clean,cifar10,8.2,fedavg,42,method_minus_full,clean/cifar10/8.2,fed_mdbscan_g,0.2012,0.20119999999999996,-0.43407407407407406,,0.12711111111111112,-19.737391696408544
clean,cifar10,8.2,fedavg,137,method_minus_full,clean/cifar10/8.2,fed_mdbscan_g,0.069,0.06899999999999995,-0.45111111111111113,,0.014888888888888889,-21.754814737247457
clean,cifar10,8.2,fedavg,2024,method_minus_full,clean/cifar10/8.2,fed_mdbscan_g,0.1801,0.1801,-0.3074074074074074,,-0.5395555555555556,-37.44160185382934
oracle,cifar10,8.2,fedavg,42,oracle_minus_attacked,main/cifar10/8.2,fedavg,-0.009899999999999964,-0.00990000000000002,0.0,1.0,-0.8858888888888888,-0.4571675078050854
oracle,cifar10,8.2,fedavg,137,oracle_minus_attacked,main/cifar10/8.2,fedavg,0.016600000000000004,0.016599999999999948,0.0,1.0,-0.849111111111111,-0.4550786858773791
oracle,cifar10,8.2,fedavg,2024,oracle_minus_attacked,main/cifar10/8.2,fedavg,-0.03420000000000001,-0.03419999999999995,0.0,1.0,-0.9622222222222222,-0.4118950314625787
