phase,dataset,scenario,method,n_seeds,accuracy_mean,accuracy_std,balanced_accuracy_mean,balanced_accuracy_std,f1_mean,f1_std,fpr_mean,fpr_std,tpr_mean,tpr_std,server_seconds_mean_mean,server_seconds_mean_std,backdoor_asr_mean,backdoor_asr_std,tp,fp,tn,fn,f1_pooled_counts
main,har,6.2,fed_mdbscan_g,3,0.35086528673227013,0.11109459957427135,0.3447452229299363,0.1122420137889856,0.0,0.0,0.24370370370370373,0.046666666666666676,,,1.0480920572105485,0.29034979153044443,,,0,1974,6126,0,0.0
main,har,6.2,fedavg,3,0.4552652414885194,0.04513744438894967,0.45634182758447966,0.032573016122812645,,,0.0,0.0,,,0.01989722311910656,0.00016568949483948358,,,0,0,8100,0,
main,har,6.2,sample_weighted_mean,3,0.5704105870376655,0.17839754907492253,0.5663320316495664,0.17344290848810698,,,0.0,0.0,,,0.03530363041209057,0.00018564424140816462,,,0,0,8100,0,
main,har,6.2,norm_clip,3,0.45492591335821747,0.06432602951049843,0.4568449616667745,0.05770881111353187,,,0.0,0.0,,,0.023844286746397204,0.0003970748622323586,,,0,0,8100,0,
main,har,6.2,coord_median,3,0.2171700033932813,0.035673054905874246,0.20413908783155754,0.03494223901234184,,,0.0,0.0,,,0.057776040299278165,0.0023490888364868434,,,0,0,8100,0,
main,har,6.2,krum_bound30,3,0.34566225540097273,0.05406012935181601,0.34298376497369715,0.06292503266978658,0.0,0.0,0.32222222222222224,0.0,,,0.2045505806713158,0.006259247719641439,,,0,2610,5490,0,0.0
main,har,6.2,fltrust_normalized,3,0.34939486483429477,0.00885076356045226,0.3444198869533666,0.016438932947667694,0.0,0.0,0.31049382716049384,0.046690665982558374,,,0.02177972177483348,0.0008884893073683647,,,0,2515,5585,0,0.0
main,har,6.2,flame_hdbscan,3,0.30347245786675714,0.1138173185164579,0.2986051659323182,0.11845602943864444,0.0,0.0,0.4240740740740741,0.045289799964181886,,,0.09050055438549154,0.0028110649437459263,,,0,3435,4665,0,0.0
main,har,3.3,fed_mdbscan_g,3,0.34385250537269535,0.12728031864698722,0.34427868713802173,0.13974251034160518,0.22776849457611548,0.021058552565096086,0.16261022927689595,0.024603648703023437,0.17695473251028807,0.012179957684731462,0.9829033879899525,0.24634860099091307,,,430,922,4748,2000,0.22739291380222104
main,har,3.3,fedavg,3,0.3876258341816537,0.037468238665930166,0.39224523718591114,0.05759281923984878,0.0,0.0,0.0,0.0,0.0,0.0,0.02198153430621864,0.001890659413614411,,,0,0,5670,2430,0.0
main,har,3.3,sample_weighted_mean,3,0.39825811559778307,0.053892671519167074,0.3884991608527793,0.06448231638128382,0.0,0.0,0.0,0.0,0.0,0.0,0.036015381259171086,0.00021064523705259674,,,0,0,5670,2430,0.0
main,har,3.3,norm_clip,3,0.36998077140594954,0.04273963189522624,0.37433701570359396,0.06190089152982136,0.0,0.0,0.0,0.0,0.0,0.0,0.024168520080598277,0.00024615710537943884,,,0,0,5670,2430,0.0
main,har,3.3,coord_median,3,0.17859970591562038,0.03194073418253899,0.17660530340588862,0.01036831715702395,0.0,0.0,0.0,0.0,0.0,0.0,0.05740850573897155,0.0018855431047932118,,,0,0,5670,2430,0.0
main,har,3.3,krum_bound30,3,0.3375183802737247,0.09686396720264306,0.33359300265079517,0.10882710541851233,0.4924603174603175,0.1619849824604305,0.2414462081128748,0.07199332553796911,0.5106995884773663,0.16798442625526125,0.20351160975794,0.002409840586175443,,,1241,1369,4301,1189,0.4924603174603175
main,har,3.3,fltrust_normalized,3,0.34905553670399275,0.007200902179571106,0.3441036867694805,0.01604868462961273,0.5717513444067175,0.0591860474202726,0.30070546737213405,0.047431533606471586,0.679835390946502,0.057008882652757345,0.020360697575637864,0.00028401918855485,,,1652,1705,3965,778,0.5709348539830655
main,har,3.3,flame_hdbscan,3,0.35312747426761676,0.14966653078482847,0.34854618975869234,0.15752993104427906,0.555879127921565,0.19179533072052765,0.31922398589065254,0.08276548501481462,0.6765432098765433,0.24375448205775296,0.09048801391618327,0.0016210610398044811,,,1644,1810,3860,786,0.5588035350101972
main,har,4.2,fed_mdbscan_g,3,0.3712249745503902,0.15833830137260943,0.36634788564338266,0.1629390010443713,0.21247299747761828,0.04892136395691469,0.24243827160493828,0.07720430854780558,0.22962962962962963,0.02939723678960656,1.0683045459833618,0.2893251537602429,,,372,1571,4909,1248,0.20881279820376086
main,har,4.2,fedavg,3,0.4439543038117861,0.06311989696812322,0.44848823383138803,0.0680986635401226,0.0,0.0,0.0,0.0,0.0,0.0,0.020709886588156225,0.00021576349066226917,,,0,0,6480,1620,0.0
main,har,4.2,sample_weighted_mean,3,0.5830788372356068,0.15288693669259845,0.5860552994073197,0.14042867592638655,0.0,0.0,0.0,0.0,0.0,0.0,0.03598375771867318,0.00029117270248582534,,,0,0,6480,1620,0.0
main,har,4.2,norm_clip,3,0.4942879764732497,0.10971236395750138,0.49609401467021,0.09718353436210073,0.0,0.0,0.0,0.0,0.0,0.0,0.023725204794512438,5.1111376490557614e-05,,,0,0,6480,1620,0.0
main,har,4.2,coord_median,3,0.22576631602759867,0.0705788916020217,0.21304831534695925,0.0729056253585675,0.0,0.0,0.0,0.0,0.0,0.0,0.06330654096091166,0.0012738912359800403,,,0,0,6480,1620,0.0
main,har,4.2,krum_bound30,3,0.3309580364212193,0.033800783749711356,0.3282374590020471,0.041577333696686085,0.24302600472813238,0.06267406557513384,0.3234567901234568,0.020456118625217297,0.317283950617284,0.08182447450086919,0.6066499787822573,0.03864036346538066,,,514,2096,4384,1106,0.24302600472813238
main,har,4.2,fltrust_normalized,3,0.3702069901594842,0.031116593070897865,0.3646948361338403,0.028504023779075197,0.2378555829205895,0.028250372429008384,0.333641975308642,0.049353531113579485,0.3179012345679012,0.06688065792978692,0.07707024412229659,0.003675249200925747,,,515,2162,4318,1105,0.23970211775657435
main,har,4.2,flame_hdbscan,3,0.28458319194661236,0.09089835749812022,0.27990591397849457,0.09812000569257934,0.28286126734819317,0.04578970720598526,0.42731481481481487,0.030347919660319217,0.44876543209876546,0.09211605768883901,0.24398257806638465,0.003623358178220452,,,727,2769,3711,893,0.2842064112587959
main,har,5.2,fed_mdbscan_g,3,0.37574934962108353,0.13541715155128314,0.3721141097269805,0.1373287300692736,0.16561575765319383,0.11364444645656491,0.23657407407407408,0.08407208555324994,0.16913580246913576,0.10883995709166971,2.930856347635078,0.5591806622379084,,,274,1533,4947,1346,0.15990662386927343
main,har,5.2,fedavg,3,0.44406741318855336,0.06312263321508803,0.4486205089636632,0.06811344768695649,0.0,0.0,0.0,0.0,0.0,0.0,0.05248001901846793,0.002120504391023203,,,0,0,6480,1620,0.0
main,har,5.2,sample_weighted_mean,3,0.5829657278588395,0.1533763148965049,0.5859360160352499,0.14046652332621962,0.0,0.0,0.0,0.0,0.0,0.0,0.08686998408908646,0.0027775002187612036,,,0,0,6480,1620,0.0
main,har,5.2,norm_clip,3,0.4914602420540663,0.10481303452707184,0.4933089564175422,0.09224024247844607,0.0,0.0,0.0,0.0,0.0,0.0,0.05776935202302411,0.0005391752095436482,,,0,0,6480,1620,0.0
main,har,5.2,coord_median,3,0.2322135505033367,0.07477265577980616,0.22022614373009894,0.07718111549767855,0.0,0.0,0.0,0.0,0.0,0.0,0.1801887295415832,0.010534248547641949,,,0,0,6480,1620,0.0
main,har,5.2,krum_bound30,3,0.3306187082909173,0.033602623808463204,0.3279014374966707,0.0414910269708549,0.2851063829787234,0.06473743947372497,0.30972222222222223,0.021129580939340788,0.37222222222222223,0.08451832375736315,0.5721638095720362,0.021821214999035624,,,603,2007,4473,1017,0.2851063829787234
main,har,5.2,fltrust_normalized,3,0.36285488066960747,0.024047649365892588,0.35741317046454624,0.022298522072464837,0.23573597894835663,0.03014054270943708,0.328858024691358,0.048847163498012394,0.31234567901234567,0.06865185558166413,0.07311497649514219,0.005038466088253558,,,506,2131,4349,1114,0.23772609819121446
main,har,5.2,flame_hdbscan,3,0.284470082569845,0.0907792068857918,0.27979390681003585,0.09801772846510852,0.28322947037161916,0.046214722151657756,0.4271604938271605,0.030574255407707168,0.4493827160493827,0.09298681509950889,0.26879892326994903,0.010214948751486657,,,728,2768,3712,892,0.2845973416731822
main,har,6.1,fed_mdbscan_g,3,0.46601063228141615,0.13499816165981357,0.45831182289408395,0.12391379525853939,0.0,0.0,0.2406172839506173,0.10610017611119982,,,1.8099251376038106,0.23114343330715686,,,0,1949,6151,0,0.0
main,har,6.1,fedavg,3,0.7337405270896958,0.08066189629235537,0.7228084881019464,0.08305603969781171,,,0.0,0.0,,,0.05422742971503693,0.00395621321406468,,,0,0,8100,0,
main,har,6.1,sample_weighted_mean,3,0.6770727293292614,0.14269154717471388,0.6663376856032607,0.15132321841651464,,,0.0,0.0,,,0.08808940902947344,0.003890053351510732,,,0,0,8100,0,
main,har,6.1,norm_clip,3,0.712136636127135,0.052138883395694446,0.6985183094855528,0.052314440139039374,,,0.0,0.0,,,0.05821697682323348,0.0010706575454729672,,,0,0,8100,0,
main,har,6.1,coord_median,3,0.40052030313312975,0.059086307442803306,0.3839046130709089,0.05185678926351682,,,0.0,0.0,,,0.16120726779465464,0.002930775310045504,,,0,0,8100,0,
main,har,6.1,krum_bound30,3,0.4416921162764393,0.12004081324973175,0.4332142797111784,0.10959141058479514,0.0,0.0,0.32222222222222224,0.0,,,0.5464682727651153,0.011611465255017262,,,0,2610,5490,0,0.0
main,har,6.1,fltrust_normalized,3,0.4421445537835087,0.03589668235282334,0.454455909759277,0.040382480137333934,0.0,0.0,0.19592592592592592,0.007379577350063434,,,0.07661853551528314,0.003526487893134646,,,0,1587,6513,0,0.0
main,har,6.1,flame_hdbscan,3,0.3529012555140822,0.04937078534236324,0.35695758038661746,0.042992580281780275,0.0,0.0,0.47444444444444445,0.007435133296253615,,,0.24487168670036932,0.02250283096191001,,,0,3843,4257,0,0.0
main,har,3.1,fed_mdbscan_g,3,0.3677185838706029,0.04723532080053554,0.36898832925263897,0.04596518522866651,0.7245062194479943,0.03532543763573712,0.19120370370370368,0.03318834207041257,1.0,0.0,2.9871426188205885,0.22195649836987105,,,1620,1239,5241,0,0.7233757535164099
main,har,3.1,fedavg,3,0.3392150209252347,0.1482441973998091,0.346267343149135,0.1473409051406081,0.0,0.0,0.0,0.0,0.0,0.0,0.05326759311396421,0.0024287615026795323,,,0,0,6480,1620,0.0
main,har,3.1,sample_weighted_mean,1,0.17034272141160503,,0.17060611879160267,,0.0,,0.0,,0.0,,0.08798188312988107,,,,0,0,2160,540,0.0
main,har,3.1,norm_clip,3,0.4101346001583532,0.018340468325944378,0.4094795076586682,0.005486324976258574,0.0,0.0,0.0,0.0,0.0,0.0,0.05757122458502029,0.0028053482333185915,,,0,0,6480,1620,0.0
main,har,3.1,coord_median,3,0.20970478452663724,0.04790298953201185,0.19656590166144305,0.05041391241970814,0.0,0.0,0.0,0.0,0.0,0.0,0.18176190190457017,0.0045130508326369214,,,0,0,6480,1620,0.0
main,har,3.1,krum_bound30,3,0.3556158805564982,0.029878222434584344,0.35335658357563676,0.018562088790504274,0.7659574468085107,1.3597399555105182e-16,0.1527777777777778,0.0,1.0,0.0,0.5759431564313773,0.03599343821035186,,,1620,990,5490,0,0.7659574468085106
main,har,3.1,fltrust_normalized,3,0.43207781925121597,0.08347081171197365,0.4268549707331221,0.08233638352601849,0.368981452317078,0.011184068745972182,0.3106481481481482,0.05590361647250627,0.5061728395061729,0.032936596473960765,0.07215712616582297,0.004824284687079165,,,820,2013,4467,800,0.36829103974848415
main,har,3.1,flame_hdbscan,3,0.3595747087433548,0.17086656769329434,0.34656975306049104,0.16765349432596313,0.6216042137302741,0.027574621413153012,0.30540123456790125,0.03485878494690246,1.0,0.0,0.2427501878959851,0.014992938329218082,,,1620,1979,4501,0,0.6208085840199272
main,har,1.1,fed_mdbscan_g,3,0.7623571994118312,0.07931596950710514,0.7566384279972506,0.07841504093353797,0.0,0.0,0.02074074074074074,0.022819143408517574,,,0.8023499720535862,0.0676138581615869,,,0,168,7932,0,0.0
main,har,1.1,fedavg,3,0.7800022621875353,0.05168529227472739,0.774411077265826,0.052584276597709145,,,0.0,0.0,,,0.05419053935782157,0.002324885884285705,,,0,0,8100,0,
main,har,1.1,sample_weighted_mean,3,0.809976247030879,0.04112595344583946,0.8058761941563146,0.03885740690487663,,,0.0,0.0,,,0.09458678303959056,0.009157341554210335,,,0,0,8100,0,
main,har,1.1,norm_clip,3,0.7777400746521886,0.05441642626290824,0.7720232559008777,0.0551548388230005,,,0.0,0.0,,,0.06310766556093263,0.0025995898315321693,,,0,0,8100,0,
main,har,1.1,coord_median,3,0.6815971043999548,0.03398932066806183,0.674921813864069,0.030734903153172777,,,0.0,0.0,,,0.17023905724054203,0.005586782964584286,,,0,0,8100,0,
main,har,1.1,krum_bound30,3,0.7520642461260039,0.02547749480882452,0.7449126368410529,0.024273602993997064,0.0,0.0,0.32222222222222224,0.0,,,0.5393624772641084,0.02323762386805663,,,0,2610,5490,0,0.0
main,har,1.1,fltrust_normalized,3,0.6482298382535913,0.032660809947785654,0.6423120084486991,0.019202946168614544,0.0,0.0,0.11901234567901235,0.00864902710525284,,,0.08472652466734872,0.0027251429502012843,,,0,964,7136,0,0.0
main,har,1.1,flame_hdbscan,3,0.5835312747426762,0.171737025208672,0.5837450193316622,0.16608240030693905,0.0,0.0,0.48333333333333334,0.003394500514782101,,,0.2483869727015392,0.01273170458989326,,,0,3915,4185,0,0.0
main,har,1.2,fed_mdbscan_g,3,0.7427892772310826,0.03363972509370545,0.7364588743753298,0.03884835176907972,0.979638803920747,0.03366435894509961,0.010802469135802469,0.017908550016530054,1.0,0.0,1.2951209018265624,0.04484355180241935,,,1620,70,6410,0,0.9788519637462235
main,har,1.2,fedavg,3,0.25053726953964484,0.0892647993631288,0.2567006001677987,0.0897383087524525,0.0,0.0,0.0,0.0,0.0,0.0,0.04957345904808285,0.0016994856668267678,,,0,0,6480,1620,0.0
main,har,1.2,sample_weighted_mean,3,0.2980432077819251,0.12094624396724349,0.30482604273979247,0.12109672001525613,0.0,0.0,0.0,0.0,0.0,0.0,0.09165203603010418,0.0010144715152482784,,,0,0,6480,1620,0.0
main,har,1.2,norm_clip,3,0.7054631828978621,0.04801103340176421,0.6985345923329703,0.054795024258810734,0.0,0.0,0.0,0.0,0.0,0.0,0.05906856746749125,0.0026661151603347257,,,0,0,6480,1620,0.0
main,har,1.2,coord_median,3,0.6502658070354032,0.035808899567454644,0.6417060239796984,0.03768040664864997,0.0,0.0,0.0,0.0,0.0,0.0,0.19254534940830328,0.0037499381351281482,,,0,0,6480,1620,0.0
main,har,1.2,krum_bound30,3,0.7683519963804999,0.04768777711819694,0.7583353996509067,0.04734280746541813,0.7659574468085107,1.3597399555105182e-16,0.1527777777777778,0.0,1.0,0.0,0.5788439741202941,0.023299295107341574,,,1620,990,5490,0,0.7659574468085106
main,har,1.2,fltrust_normalized,3,0.6528673227010519,0.027222492188845076,0.6472548105013575,0.014954259922206937,0.49969143585176395,0.008810268321335399,0.1220679012345679,0.015509835073150912,0.49567901234567896,0.021937476103601073,0.07286479423055425,0.005158916003243629,,,803,791,5689,817,0.49968886123210954
main,har,1.2,flame_hdbscan,3,0.7296685895260717,0.049968107530928056,0.7129507817817614,0.05338663472684349,0.5847323408299018,0.0005486382032210526,0.35509259259259257,0.0008018753738744773,1.0,0.0,0.22493976040148278,0.02933198497192224,,,1620,2301,4179,0,0.584731997834326
main,har,1.3,fed_mdbscan_g,3,0.735550277117973,0.03548589258042138,0.7289613042602886,0.04041919290998746,0.43937233907153495,0.10560201682745161,0.01867283950617284,0.024111141927878506,0.3030864197530864,0.07818090706520474,1.1784910389196337,0.13543475738916635,,,491,121,6359,1129,0.4399641577060932
main,har,1.3,fedavg,3,0.7787580590430947,0.030165869999929363,0.7728467335724072,0.030271285815136953,0.0,0.0,0.0,0.0,0.0,0.0,0.05192197009843463,0.0037914051251103087,,,0,0,6480,1620,0.0
main,har,1.3,sample_weighted_mean,3,0.8086189345096709,0.016884771366983003,0.8036622458851594,0.01914243993655363,0.0,0.0,0.0,0.0,0.0,0.0,0.09426794934034761,0.0030213562521810853,,,0,0,6480,1620,0.0
main,har,1.3,norm_clip,3,0.7763827621309808,0.032851800186193554,0.7701408369917604,0.034404534459202545,0.0,0.0,0.0,0.0,0.0,0.0,0.05900216185125626,0.0025356941141779408,,,0,0,6480,1620,0.0
main,har,1.3,coord_median,3,0.6036647438072617,0.05065886014664818,0.5950849659080619,0.048124914514908794,0.0,0.0,0.0,0.0,0.0,0.0,0.1737207116468603,0.005316671972344568,,,0,0,6480,1620,0.0
main,har,1.3,krum_bound30,3,0.7210722768917543,0.005460969439915581,0.7138942984437233,0.00912940732946919,0.5442080378250591,0.06594346428978208,0.2251543209876543,0.0215232140390261,0.7104938271604938,0.0860928561561044,0.5533355778755827,0.024782005368752632,,,1151,1459,5021,469,0.5442080378250591
main,har,1.3,fltrust_normalized,3,0.6475511819929872,0.02494080993934101,0.6416711585952689,0.016808120744100083,0.7462101782433014,0.032142706589469695,0.1212962962962963,0.013663291262383057,0.8845679012345679,0.061260572932904205,0.07193495066344945,0.005934254677484406,,,1433,786,5694,187,0.7465485803594686
main,har,1.3,flame_hdbscan,3,0.7094220110847189,0.05421432840713928,0.6957474814846948,0.05594857984299922,0.4957231539345583,0.037224318768705175,0.3939814814814815,0.017241874490311185,0.8487654320987654,0.06214979617879933,0.23814158108758018,0.023723009437507298,,,1375,2553,3927,245,0.49567411679884643
main,har,2.1,fed_mdbscan_g,3,0.5964257436941524,0.1443897349290937,0.5937607668417991,0.14363734606916068,0.902729784639469,0.03612612627012464,0.054475308641975306,0.022482719574588677,1.0,0.0,1.5454481224374224,0.10461144828126306,,,1620,353,6127,0,0.9017534094071806
main,har,2.1,fedavg,3,0.3374052708969573,0.15331073747759053,0.34307796278449154,0.15192661875987976,0.0,0.0,0.0,0.0,0.0,0.0,0.05250980285927653,0.001804573076143407,,,0,0,6480,1620,0.0
main,har,2.1,sample_weighted_mean,3,0.1952267843004185,0.05462058713857459,0.20332483633139434,0.05939379485526039,0.0,0.0,0.0,0.0,0.0,0.0,0.08746780937459941,0.005009745989249949,,,0,0,6480,1620,0.0
main,har,2.1,norm_clip,3,0.7077253704332089,0.04138736857406326,0.6966174203813457,0.04344999457856367,0.0,0.0,0.0,0.0,0.0,0.0,0.06311749846338191,0.0010941928059545823,,,0,0,6480,1620,0.0
main,har,2.1,coord_median,3,0.34668023979187873,0.0044286329488637055,0.33294444211086377,0.0010386118057906578,0.0,0.0,0.0,0.0,0.0,0.0,0.1809994891855038,0.018567451685784914,,,0,0,6480,1620,0.0
main,har,2.1,krum_bound30,3,0.5454134147720846,0.026609326460866615,0.5214683577337151,0.031090602440110093,0.7659574468085107,1.3597399555105182e-16,0.1527777777777778,0.0,1.0,0.0,0.5286944622962942,0.018969642208447643,,,1620,990,5490,0,0.7659574468085106
main,har,2.1,fltrust_normalized,3,0.4485917882592467,0.053777888571586566,0.4568590079871829,0.06538280574871362,0.4245357081094008,0.011722891652009676,0.21558641975308643,0.0035960432709046444,0.5018518518518519,0.014463425325753074,0.07850279854481212,0.00476621654508182,,,813,1397,5083,807,0.4245430809399478
main,har,2.1,flame_hdbscan,3,0.4522112883158014,0.11109684518509558,0.43859682550201873,0.09296506161017291,0.5865455927950843,0.0035195265479868454,0.35246913580246914,0.005120574081184278,1.0,0.0,0.23960632139997973,0.03453651059028115,,,1620,2284,4196,0,0.5865314989138306
main,har,2.2,fed_mdbscan_g,3,0.5934848998982015,0.09491912191637265,0.5793385242381762,0.09169217023172876,0.3219852330330921,0.09064617818669177,0.18503086419753087,0.09433809977439843,0.3469135802469136,0.15132398465229197,1.5562115694008147,0.08858650055681627,,,562,1199,5281,1058,0.33244602188701566
main,har,2.2,fedavg,3,0.7329487614523243,0.04898445737085391,0.722585794584634,0.05268937562803795,0.0,0.0,0.0,0.0,0.0,0.0,0.051037529956859846,0.00046253932479781233,,,0,0,6480,1620,0.0
main,har,2.2,sample_weighted_mean,3,0.40945594389774914,0.15693598922969165,0.40636677169070806,0.14544077402219271,0.0,0.0,0.0,0.0,0.0,0.0,0.08443694590047623,0.00393551755140266,,,0,0,6480,1620,0.0
main,har,2.2,norm_clip,3,0.7021830109716095,0.02621698705607511,0.6898827684091463,0.03045199636857991,0.0,0.0,0.0,0.0,0.0,0.0,0.0612922847788367,0.00405035364795038,,,0,0,6480,1620,0.0
main,har,2.2,coord_median,3,0.35086528673227013,0.009997230989247551,0.33785448487152964,0.007830864172874211,0.0,0.0,0.0,0.0,0.0,0.0,0.15444443878950553,0.017228383919641575,,,0,0,6480,1620,0.0
main,har,2.2,krum_bound30,3,0.4599027259359801,0.06889057496233268,0.4409965932288347,0.05399311855112923,0.34940898345153665,0.04289070249144815,0.2887345679012346,0.01399904872984764,0.4561728395061728,0.05599619491939062,0.5305951901996094,0.03151447660474956,,,739,1871,4609,881,0.34940898345153665
main,har,2.2,fltrust_normalized,3,0.4097952720280511,0.07312527768873922,0.4212440378273989,0.08068473621319404,0.6502229510992689,0.006894932548275481,0.2109567901234568,0.003412553146218514,0.8882716049382716,0.01574981582984333,0.07496073455420425,0.008292492822547204,,,1439,1367,5113,181,0.6502485314053321
main,har,2.2,flame_hdbscan,3,0.3426083022282547,0.01506988788881469,0.3425707937290876,0.018783543740903005,0.33068393916170685,0.05131280218924767,0.45787037037037037,0.026234114012050336,0.5604938271604939,0.0835046250522758,0.2529091431228962,0.017861963761027288,,,908,2967,3513,712,0.3304822565969063
main,har,2.3,fed_mdbscan_g,3,0.7477660898088452,0.06086219968298747,0.7396083896792508,0.057524645472991374,0.9868790089214811,0.01065808811866849,0.01146384479717813,0.009410456135417355,1.0,0.0,1.633464636449288,0.13479345449456645,,,2430,65,5605,0,0.9868020304568528
main,har,2.3,fedavg,3,0.21434226897409794,0.1088721672192692,0.22407318457688516,0.09822885558347474,0.0,0.0,0.0,0.0,0.0,0.0,0.04915780249801982,0.00029022705814867744,,,0,0,5670,2430,0.0
main,har,2.3,sample_weighted_mean,3,0.18934509670851715,0.038208709098852156,0.18771048715251662,0.03508330086053549,0.0,0.0,0.0,0.0,0.0,0.0,0.09445012606576914,0.0007410103155405577,,,0,0,5670,2430,0.0
main,har,2.3,norm_clip,3,0.6809184481393507,0.08435313302867942,0.6688750917084487,0.08310246127570176,0.0,0.0,0.0,0.0,0.0,0.0,0.06351091988100153,0.0008500552046751798,,,0,0,5670,2430,0.0
main,har,2.3,coord_median,3,0.3583305055989141,0.014709003598027294,0.34455409002252174,0.019092290819905936,0.0,0.0,0.0,0.0,0.0,0.0,0.18254141836142582,0.029065989162121823,,,0,0,5670,2430,0.0
main,har,2.3,krum_bound30,3,0.7027485578554461,0.08139420227067799,0.689023219466799,0.08698410457944113,0.9642857142857143,0.0,0.031746031746031744,0.0,1.0,0.0,0.5323976784194302,0.043911963363657235,,,2430,180,5490,0,0.9642857142857143
main,har,2.3,fltrust_normalized,3,0.48376880443388753,0.06781499072448936,0.4956160822620241,0.07301879853298342,0.5132831970562793,0.00921260119035873,0.20705467372134037,0.012546861666195714,0.5119341563786008,0.002851112440442622,0.08020100829243247,0.0014242713023153843,,,1244,1174,4496,1186,0.5132013201320133
main,har,2.3,flame_hdbscan,3,0.5187196018549938,0.12393717054320164,0.504613369212353,0.12132723025437304,0.763313684801366,0.0018110806510420066,0.2657848324514991,0.0026630809295487647,1.0,0.0,0.24809701165779388,0.005482366109605317,,,2430,1507,4163,0,0.7633108214229621
main,har,3.2,fed_mdbscan_g,3,0.38592919353014365,0.05146650654397675,0.39073240425905525,0.052360065326018,0.8448383142221135,0.008822970077490984,0.15749559082892417,0.010639175401661842,1.0,0.0,2.7995069132820287,0.5270394407060328,,,2430,893,4777,0,0.8447766382756823
main,har,3.2,fedavg,3,0.26558081664970024,0.09691982067026361,0.27301949956283905,0.09445677640093239,0.0,0.0,0.0,0.0,0.0,0.0,0.047651214159042055,0.009140151728831598,,,0,0,5670,2430,0.0
main,har,3.2,sample_weighted_mean,1,0.16491347132677298,,0.16536770288125324,,0.0,,0.0,,0.0,,0.08939158615733807,,,,0,0,1890,810,0.0
main,har,3.2,norm_clip,3,0.37936884967763823,0.03521173198798195,0.3806972003340358,0.03431815048836974,0.0,0.0,0.0,0.0,0.0,0.0,0.059482014454746,0.004988830350482338,,,0,0,5670,2430,0.0
main,har,3.2,coord_median,3,0.24442936319420883,0.050234699967111336,0.24468354934376094,0.06945802334981495,0.0,0.0,0.0,0.0,0.0,0.0,0.19333167697121909,0.007862447096557805,,,0,0,5670,2430,0.0
main,har,3.2,krum_bound30,3,0.4054971157108924,0.06851403848862689,0.4050864811275958,0.07580911185399426,0.9642857142857143,0.0,0.031746031746031744,0.0,1.0,0.0,0.5599907357051658,0.016963884824046184,,,2430,180,5490,0,0.9642857142857143
main,har,3.2,fltrust_normalized,3,0.3441918335029974,0.01341240668842099,0.3381105070479857,0.0051381858120527054,0.43139682066021007,0.03666389227155965,0.32592592592592595,0.07498121784547404,0.48148148148148157,0.003266359643289605,0.07263329804021244,0.0008269877426876876,,,1170,1848,3822,1260,0.42951541850220265
main,har,3.2,flame_hdbscan,3,0.3987105531048523,0.15788387661096207,0.39295575915653136,0.15439489556621017,0.7928147046965189,0.012089661487086184,0.22416225749559082,0.016345124859397046,1.0,0.0,0.228866312549346,0.0071077942396430786,,,2430,1271,4399,0,0.7926928722883706
main,har,4.1,fed_mdbscan_g,3,0.49869924216717565,0.09672716846280281,0.4869157351151705,0.08848196593538049,0.25215413960794875,0.11332956960896579,0.2322530864197531,0.07052452251647942,0.29691358024691356,0.17727874919292846,1.739024081962028,0.17485240815140257,,,481,1505,4975,1139,0.266777592900721
main,har,4.1,fedavg,3,0.6912114014251781,0.09372891615903507,0.6896349885915706,0.09299641386635982,0.0,0.0,0.0,0.0,0.0,0.0,0.05637013193918392,0.001992329168457649,,,0,0,6480,1620,0.0
main,har,4.1,sample_weighted_mean,3,0.5974437280850583,0.018039793189324974,0.590920912427232,0.021852675410344406,0.0,0.0,0.0,0.0,0.0,0.0,0.09054550355714229,0.003838227052031445,,,0,0,6480,1620,0.0
main,har,4.1,norm_clip,3,0.7016174640877729,0.08869801930847807,0.6964914977993025,0.08461781813760255,0.0,0.0,0.0,0.0,0.0,0.0,0.059205292899989416,0.004351059676671841,,,0,0,6480,1620,0.0
main,har,4.1,coord_median,3,0.41590317837348717,0.09004437079283156,0.3997226875000272,0.07849852089054388,0.0,0.0,0.0,0.0,0.0,0.0,0.17097528332766768,0.006520423990457622,,,0,0,6480,1620,0.0
main,har,4.1,krum_bound30,3,0.4695170229612035,0.13432308788397718,0.46115559795968025,0.12259598305586036,0.27754137115839245,0.09798876140131788,0.3121913580246914,0.03198244295737459,0.36234567901234566,0.12792977182949836,0.5234080713332837,0.011402785063750058,,,587,2023,4457,1033,0.27754137115839245
main,har,4.1,fltrust_normalized,3,0.40606266259472906,0.04564226145592692,0.41870759058617874,0.05254310362430397,0.17980490109554406,0.013063400912344212,0.20015432098765432,0.008739256256029488,0.17777777777777778,0.011264375056107815,0.07086211940428862,0.0009502549644331617,,,288,1297,5183,1332,0.1797191887675507
main,har,4.1,flame_hdbscan,3,0.4057233344644271,0.12090815705891327,0.40607133019377767,0.10825770997095682,0.29125555926283436,0.03720782606650792,0.4743827160493827,0.017162963895416033,0.49382716049382713,0.06269915685789118,0.26813654043039103,0.010154380431392704,,,800,3074,3406,820,0.2912267928649436
main,har,4.3,fed_mdbscan_g,3,0.3570863024544735,0.14786000204808425,0.34597303269560586,0.1473391035910391,0.28445929683739873,0.03753405782333808,0.25008818342151673,0.06402189280562354,0.2637860082304527,0.05078762865208432,2.753800164729667,0.6104127445717017,,,641,1418,4252,1789,0.2855869904210292
main,har,4.3,fedavg,3,0.43139916299061193,0.08472428402094555,0.43581524034863567,0.10339318780620163,0.0,0.0,0.0,0.0,0.0,0.0,0.05723557385822966,0.0010005530151347979,,,0,0,5670,2430,0.0
main,har,4.3,sample_weighted_mean,3,0.45911096029860876,0.20114345768900357,0.4576320504409499,0.21460473848201359,0.0,0.0,0.0,0.0,0.0,0.0,0.09320246877614409,0.0043078914555214265,,,0,0,5670,2430,0.0
main,har,4.3,norm_clip,3,0.49971722655808165,0.13238552621636057,0.49712699779779373,0.11492872062288317,0.0,0.0,0.0,0.0,0.0,0.0,0.05605763598707401,0.0020329735812189323,,,0,0,5670,2430,0.0
main,har,4.3,coord_median,3,0.2104965501640086,0.048103677251949827,0.1956146662600844,0.04739011907714162,0.0,0.0,0.0,0.0,0.0,0.0,0.1713270925386395,0.007564975675278602,,,0,0,5670,2430,0.0
main,har,4.3,krum_bound30,3,0.3526750367605474,0.0601332467771442,0.349754453924117,0.06331553361776937,0.3365079365079365,0.039561322797990864,0.3107583774250441,0.01758281013244038,0.34897119341563787,0.04102655697569425,0.5196653270369603,0.03271736146092556,,,848,1762,3908,1582,0.33650793650793653
main,har,4.3,fltrust_normalized,3,0.3743920370998756,0.03573486649690186,0.36911259326912504,0.03238837321513593,0.31898318801547704,0.026316678342667887,0.31957671957671957,0.04640727439311729,0.3329218106995884,0.05204744610292141,0.0688417138130818,0.007151475920860611,,,809,1812,3858,1621,0.32033260740447433
main,har,4.3,flame_hdbscan,3,0.3242845831919466,0.14353633391285822,0.31894100670425923,0.14561260817880636,0.3525975391779637,0.05036237530983044,0.4192239858906526,0.03401640480068061,0.42633744855967076,0.0858919804288298,0.26810513449599965,0.06694556515262992,,,1036,2377,3293,1394,0.3546123566660962
main,har,5.1,fed_mdbscan_g,3,0.5106888361045131,0.097960099540414,0.4998493389147319,0.09063035749042912,0.26045238277812466,0.1075609130653753,0.22901234567901238,0.06826833286423643,0.304320987654321,0.17238476333506647,1.6634589934928548,0.29405836937274615,,,493,1484,4996,1127,0.2741173199888796
main,har,5.1,fedavg,3,0.6908720732948761,0.0936564081198171,0.6892858529183329,0.09286867249834561,0.0,0.0,0.0,0.0,0.0,0.0,0.05217502149235872,0.002388488133568529,,,0,0,6480,1620,0.0
main,har,5.1,sample_weighted_mean,3,0.5974437280850582,0.01903063163266427,0.5907616949498586,0.02285980166757777,0.0,0.0,0.0,0.0,0.0,0.0,0.08460335203368836,0.002957968923542794,,,0,0,6480,1620,0.0
main,har,5.1,norm_clip,3,0.7028616672322135,0.08695963348042215,0.697722288705534,0.08264927174364099,0.0,0.0,0.0,0.0,0.0,0.0,0.05865042611128754,0.0013140402045004008,,,0,0,6480,1620,0.0
main,har,5.1,coord_median,3,0.4165818346340912,0.09007058120306279,0.4005278862225121,0.07849756610500551,0.0,0.0,0.0,0.0,0.0,0.0,0.1887300594903839,0.008774318743161057,,,0,0,6480,1620,0.0
main,har,5.1,krum_bound30,3,0.47268408551068886,0.1359512130152129,0.464333448758879,0.12399613040805141,0.29219858156028367,0.0884565210080503,0.3074074074074074,0.028871225606794188,0.3814814814814815,0.11548490242717678,0.5197790133210624,0.022436354922882314,,,618,1992,4488,1002,0.29219858156028367
main,har,5.1,fltrust_normalized,3,0.40922972514421446,0.04004071937563625,0.42250573727803253,0.04594653758554983,0.17864163168322808,0.015091852379766185,0.20015432098765432,0.007969599588688486,0.17654320987654323,0.014021995915556236,0.07654168330546883,0.007938861525428702,,,286,1297,5183,1334,0.17858257883234468
main,har,5.1,flame_hdbscan,3,0.4000678656260604,0.12179752983831908,0.39994658505250724,0.10823096819545346,0.3003560542932973,0.03642013391204779,0.4705246913580247,0.016803280973847156,0.5092592592592592,0.061195228303178924,0.23317745838495385,0.021007011854163486,,,825,3049,3431,795,0.30032763014197306
main,har,5.3,fed_mdbscan_g,3,0.3474720054292501,0.1362240798442661,0.33474077654212947,0.13171756194617804,0.23138280444091075,0.031114354201665844,0.25767195767195766,0.07947787399206518,0.2074074074074074,0.008095603116422226,2.7973890676046715,0.381789918503516,,,504,1461,4209,1926,0.22935153583617748
main,har,5.3,fedavg,3,0.43151227236737927,0.0846909810277408,0.43594751548091076,0.10336003164781356,0.0,0.0,0.0,0.0,0.0,0.0,0.05023916530319386,0.0023139403800650983,,,0,0,5670,2430,0.0
main,har,5.3,sample_weighted_mean,3,0.4804886325076349,0.18761255624748802,0.4794976259708183,0.2016092024862588,0.0,0.0,0.0,0.0,0.0,0.0,0.08187044545387227,0.0043489477943703,,,0,0,5670,2430,0.0
main,har,5.3,norm_clip,3,0.496097726501527,0.12779792963879194,0.49325414168827125,0.10975986136954193,0.0,0.0,0.0,0.0,0.0,0.0,0.060247276917410386,0.003629288073179663,,,0,0,5670,2430,0.0
main,har,5.3,coord_median,3,0.2247483316366927,0.06703799153576734,0.21023858987697083,0.06596574617587227,0.0,0.0,0.0,0.0,0.0,0.0,0.18183409310359921,0.009933318374095909,,,0,0,5670,2430,0.0
main,har,5.3,krum_bound30,3,0.3527881461373148,0.0606290526857243,0.3498724062713687,0.06394872566517855,0.36984126984126986,0.05712218541438602,0.2959435626102293,0.025387637961949365,0.38353909465020575,0.05923782191121514,0.5857277215561933,0.02440035546697707,,,932,1678,3992,1498,0.36984126984126986
main,har,5.3,fltrust_normalized,3,0.396222146815971,0.07587329442950204,0.38885138002496555,0.062353900950039044,0.3154698474470085,0.03520305672173395,0.31463844797178137,0.05072011137359772,0.32716049382716045,0.06267180319257806,0.06759214553361137,0.002804756457489742,,,795,1784,3886,1635,0.31742862846875625
main,har,5.3,flame_hdbscan,3,0.3246239113222486,0.14404482461984405,0.3192710830308427,0.14608180337482873,0.3564252485735988,0.04566950237836589,0.42257495590828925,0.028797524640450524,0.43292181069958846,0.07718106721609484,0.23210066163964158,0.009553579796116091,,,1052,2396,3274,1378,0.35794487921061585
ablation,har,6.2,mdbg_l0_only,3,0.3374052708969573,0.09731817982538325,0.32698496950089306,0.09705848475878653,0.0,0.0,0.17209876543209876,0.026834178943640753,,,1.2132001184780772,0.2820968457734291,,,0,1394,6706,0,0.0
ablation,har,6.2,mdbg_no_momentum,3,0.35086528673227013,0.11109459957427135,0.3447452229299363,0.1122420137889856,0.0,0.0,0.24370370370370373,0.046666666666666676,,,3.008315444288827,0.9381658963085459,,,0,1974,6126,0,0.0
ablation,har,6.2,mdbg_no_valve,3,0.35131772423933944,0.11328749689688591,0.34531729181410703,0.11501614611498025,0.0,0.0,0.25246913580246916,0.053955137251685256,,,2.7342083452165955,0.618861808658478,,,0,2045,6055,0,0.0
ablation,har,6.2,mdbg_rtr15,3,0.36692681823323153,0.0703828493353779,0.3616768099820586,0.07488225276257045,0.0,0.0,0.3051851851851852,0.08239304910286058,,,2.473235731103665,0.29961692240655574,,,0,2472,5628,0,0.0
ablation,har,6.2,mdbg_rtr20,3,0.33084492704445195,0.10600895370585933,0.3245602373597167,0.11259688648006454,0.0,0.0,0.27296296296296296,0.03772872632522144,,,2.6095299147017714,0.6010745637730381,,,0,2211,5889,0,0.0
ablation,har,6.2,mdbg_rtr30,3,0.3509783961090374,0.11430389497042767,0.3442789385341536,0.11240983093109827,0.0,0.0,0.22444444444444445,0.06189175913729039,,,2.834002278677912,0.6752140732121499,,,0,1818,6282,0,0.0
ablation,har,6.2,fed_g2l_25,3,0.3374052708969573,0.09731817982538325,0.32698496950089306,0.09705848475878653,0.0,0.0,0.17209876543209876,0.026834178943640753,,,0.8511107589131118,0.2400276808707625,,,0,1394,6706,0,0.0
ablation,har,3.3,mdbg_l0_only,3,0.34385250537269535,0.12728031864698722,0.34427868713802173,0.13974251034160518,0.22776849457611548,0.021058552565096086,0.16261022927689595,0.024603648703023437,0.17695473251028807,0.012179957684731462,0.9390914425848879,0.10389810536783671,,,430,922,4748,2000,0.22739291380222104
ablation,har,3.3,mdbg_no_momentum,3,0.34385250537269535,0.12728031864698722,0.34427868713802173,0.13974251034160518,0.22776849457611548,0.021058552565096086,0.16261022927689595,0.024603648703023437,0.17695473251028807,0.012179957684731462,2.507823907221771,0.49510213425526445,,,430,922,4748,2000,0.22739291380222104
ablation,har,3.3,mdbg_no_valve,3,0.34385250537269535,0.12728031864698722,0.34427868713802173,0.13974251034160518,0.22776849457611548,0.021058552565096086,0.16261022927689595,0.024603648703023437,0.17695473251028807,0.012179957684731462,2.517039022326935,0.5295349640211563,,,430,922,4748,2000,0.22739291380222104
ablation,har,3.3,mdbg_rtr15,3,0.3728085058251329,0.054568915180182226,0.36922926509021914,0.06525340360232258,0.37111042733829214,0.19413091549998243,0.1922398589065256,0.02372314332625062,0.3440329218106996,0.21420850056705432,2.8474725769470552,0.24019281615591645,,,836,1090,4580,1594,0.3838383838383838
ablation,har,3.3,mdbg_rtr20,3,0.3449835991403687,0.08059620527119982,0.3427537060438692,0.09220268726390529,0.24503297190723192,0.013005444466622239,0.17795414462081127,0.03841114363220351,0.1979423868312757,0.022096121413430127,2.6416460859201227,0.5063663403522781,,,481,1009,4661,1949,0.24540816326530612
ablation,har,3.3,mdbg_rtr30,3,0.280058816875919,0.11361886159837742,0.28334091598422806,0.11763911729955738,0.20834184747228224,0.0246057318469664,0.15326278659611994,0.022704105879018124,0.15761316872427983,0.016300660345957504,2.6999595700724357,0.4988426056736547,,,383,869,4801,2047,0.2080391091797936
ablation,har,3.3,fed_g2l_25,3,0.34385250537269535,0.12728031864698722,0.34427868713802173,0.13974251034160518,0.22776849457611548,0.021058552565096086,0.16261022927689595,0.024603648703023437,0.17695473251028807,0.012179957684731462,0.6040563443209976,0.12680767561742098,,,430,922,4748,2000,0.22739291380222104
ablation,har,4.2,mdbg_l0_only,3,0.379595068431173,0.11711704490299928,0.37265580867105097,0.11799566932605757,0.1522891638494764,0.10561333787662175,0.17623456790123457,0.027546620498144044,0.14320987654320985,0.10736482766047847,1.2721593497359815,0.3099631735649443,,,232,1142,5338,1388,0.15497661990647962
ablation,har,4.2,mdbg_no_momentum,3,0.3712249745503902,0.15833830137260943,0.36634788564338266,0.1629390010443713,0.21247299747761828,0.04892136395691469,0.24243827160493828,0.07720430854780558,0.22962962962962963,0.02939723678960656,2.793798509454872,0.945423345468575,,,372,1571,4909,1248,0.20881279820376086
ablation,har,4.2,mdbg_no_valve,3,0.3807261621988463,0.1422497357500698,0.37745899675449385,0.14392075336408666,0.21208328931588938,0.04939664471727347,0.24058641975308645,0.074156975214894,0.22839506172839505,0.03016491783424843,2.856388440723014,0.6860318379062436,,,370,1559,4921,1250,0.20850943927867005
ablation,har,4.2,mdbg_rtr15,3,0.3756362402443163,0.07149845817843044,0.3717115290394788,0.07745728994603299,0.25951086664077067,0.04036885120413044,0.30493827160493825,0.09661886559962117,0.3253086419753086,0.012330237256443314,2.6216555553566043,0.4091896443971505,,,527,1976,4504,1093,0.2556390977443609
ablation,har,4.2,mdbg_rtr20,3,0.34034611469290804,0.13846625198550447,0.33455847465443506,0.1456557412224513,0.23547568342464956,0.07161937940312214,0.2657407407407408,0.06781577815526295,0.2697530864197531,0.05972999757979642,2.705782465587577,0.8096416390806401,,,437,1722,4758,1183,0.23127811590367822
ablation,har,4.2,mdbg_rtr30,3,0.3402330053161407,0.12713956843364765,0.3367397337544029,0.133950850035489,0.1957510182170107,0.04603296242441873,0.2134259259259259,0.09502928037685941,0.19876543209876543,0.044457302666742825,3.0944427320630186,0.6643919630469364,,,322,1383,5097,1298,0.1936842105263158
ablation,har,4.2,fed_g2l_25,3,0.379595068431173,0.11711704490299928,0.37265580867105097,0.11799566932605757,0.1522891638494764,0.10561333787662175,0.17623456790123457,0.027546620498144044,0.14320987654320985,0.10736482766047847,0.8653442336323982,0.2902919254003929,,,232,1142,5338,1388,0.15497661990647962
ablation,har,5.2,mdbg_l0_only,3,0.37303472457866754,0.10735450429292615,0.3653874558665686,0.10758102803279572,0.1605169269446944,0.11928697963853864,0.17700617283950618,0.027554400198133884,0.15308641975308643,0.12396807707436713,1.1939056851577738,0.23429349318217765,,,248,1147,5333,1372,0.16451077943615258
ablation,har,5.2,mdbg_no_momentum,3,0.37574934962108353,0.13541715155128314,0.3721141097269805,0.1373287300692736,0.16561575765319383,0.11364444645656491,0.23657407407407408,0.08407208555324994,0.16913580246913576,0.10883995709166971,2.809922901084388,0.4260929383967616,,,274,1533,4947,1346,0.15990662386927343
ablation,har,5.2,mdbg_no_valve,3,0.37574934962108353,0.13541715155128314,0.3721141097269805,0.1373287300692736,0.16561575765319383,0.11364444645656491,0.23657407407407408,0.08407208555324994,0.16913580246913576,0.10883995709166971,2.8908494377870944,0.5351049885370484,,,274,1533,4947,1346,0.15990662386927343
ablation,har,5.2,mdbg_rtr15,3,0.378916412170569,0.0806890139332439,0.37460779128036065,0.08715591174013845,0.22748658463558039,0.07339789270301769,0.30709876543209874,0.09236120780340865,0.2820987654320988,0.07931318115017799,2.5868031499286492,0.41288811346329607,,,457,1990,4490,1163,0.2247356774034915
ablation,har,5.2,mdbg_rtr20,3,0.34950797421106206,0.14212502629136184,0.34359699452098047,0.14991037750448666,0.18893177885104462,0.10803066371694818,0.2609567901234568,0.07113126241613223,0.20802469135802468,0.10993721448809317,2.7381343323595098,0.4147906901260197,,,337,1691,4789,1283,0.18475877192982457
ablation,har,5.2,mdbg_rtr30,3,0.3483768804433887,0.11163293825101922,0.34636752186266645,0.11594156893870951,0.1557292609985794,0.08996719273364598,0.21527777777777776,0.09475823869049936,0.14938271604938272,0.07550318930875255,2.8256298599971665,0.5068846536542084,,,242,1395,5085,1378,0.1486030089038993
ablation,har,5.2,fed_g2l_25,3,0.37303472457866754,0.10735450429292615,0.3653874558665686,0.10758102803279572,0.1605169269446944,0.11928697963853864,0.17700617283950618,0.027554400198133884,0.15308641975308643,0.12396807707436713,0.7927559987227951,0.2143068853193391,,,248,1147,5333,1372,0.16451077943615258
clean,har,3.1,fed_mdbscan_g,3,0.3712249745503902,0.15833830137260943,0.36634788564338266,0.1629390010443713,0.0,0.0,0.23987654320987653,0.05842154803499879,,,2.933913052071714,0.8602074851409596,,,0,1943,6157,0,0.0
clean,har,3.1,fedavg,3,0.4439543038117861,0.06311989696812322,0.44848823383138803,0.0680986635401226,,,0.0,0.0,,,0.05278934033121913,0.002816808883783873,,,0,0,8100,0,
oracle,har,3.1,fedavg,3,0.4463296007239,0.08928027694435084,0.45031917689173045,0.09926583217595943,1.0,0.0,0.0,0.0,1.0,0.0,0.0386014190217894,0.004792403078523171,,,1620,0,6480,0,1.0
clean,har,3.3,fed_mdbscan_g,3,0.3571994118312409,0.1476667497779118,0.346105307827881,0.14711046837932246,0.0,0.0,0.25432098765432104,0.05597414322388435,,,2.9439574153110804,0.5882962732891386,,,0,2060,6040,0,0.0
clean,har,3.3,fedavg,3,0.43139916299061193,0.08472428402094555,0.43581524034863567,0.10339318780620163,,,0.0,0.0,,,0.04972777192273902,0.001082499605799148,,,0,0,8100,0,
oracle,har,3.3,fedavg,3,0.4058364438411944,0.027321709851918098,0.4070246353289704,0.03568195575946176,1.0,0.0,0.0,0.0,1.0,0.0,0.03699686489352542,0.00393815879571664,,,2430,0,5670,0,1.0
clean,har,4.2,fed_mdbscan_g,3,0.3712249745503902,0.15833830137260943,0.36634788564338266,0.1629390010443713,0.0,0.0,0.23987654320987653,0.05842154803499879,,,2.96952054716983,0.9355128864256755,,,0,1943,6157,0,0.0
clean,har,4.2,fedavg,3,0.4439543038117861,0.06311989696812322,0.44848823383138803,0.0680986635401226,,,0.0,0.0,,,0.05366640966514954,0.006984809453050256,,,0,0,8100,0,
oracle,har,4.2,fedavg,3,0.4463296007239,0.08928027694435084,0.45031917689173045,0.09926583217595943,1.0,0.0,0.0,0.0,1.0,0.0,0.041964884051897876,0.008094778631878803,,,1620,0,6480,0,1.0
clean,har,5.2,fed_mdbscan_g,3,0.3712249745503902,0.15833830137260943,0.36634788564338266,0.1629390010443713,0.0,0.0,0.23987654320987653,0.05842154803499879,,,3.2462406366804823,0.7720778856844727,,,0,1943,6157,0,0.0
clean,har,5.2,fedavg,3,0.4439543038117861,0.06311989696812322,0.44848823383138803,0.0680986635401226,,,0.0,0.0,,,0.05778548265289929,0.00451977172519463,,,0,0,8100,0,
oracle,har,5.2,fedavg,3,0.4463296007239,0.08928027694435084,0.45031917689173045,0.09926583217595943,1.0,0.0,0.0,0.0,1.0,0.0,0.04214776249266126,0.00012162397953361254,,,1620,0,6480,0,1.0
temporal,har,2.1,fed_mdbscan_g,3,0.5643026806922293,0.028527790372560164,0.5493276718781321,0.02331615838709257,0.4454168680303991,0.08559295893278392,0.185978835978836,0.06369181541060157,1.0,0.0,1.719023988178621,0.005053517826986929,,,540,1406,6154,0,0.4344328238133548
temporal,har,2.1,mdbg_no_momentum,3,0.5681483995023188,0.03353230442472622,0.554576962947873,0.03037594934710277,0.44706504359161814,0.0855493836065842,0.1847883597883598,0.06388806729893368,1.0,0.0,1.6926781457383184,0.07022239725108428,,,540,1397,6163,0,0.4360113039967703
temporal,har,3.1,fed_mdbscan_g,3,0.41318855333107113,0.09823964488559563,0.41305399339501186,0.09625533137445053,0.4198750501554526,0.052502494180145326,0.20119047619047617,0.04574865055346263,1.0,0.0,3.138538436776596,0.4016477830552673,,,540,1521,6039,0,0.41522491349480967
temporal,har,3.1,mdbg_no_momentum,3,0.41318855333107113,0.09823964488559563,0.41305399339501186,0.09625533137445053,0.4198750501554526,0.052502494180145326,0.20119047619047617,0.04574865055346263,1.0,0.0,2.96774897526096,0.41927612723849855,,,540,1521,6039,0,0.41522491349480967
preserve_empty,har,6.2,fed_mdbscan_g,3,0.453455491460242,0.11624271066620002,0.45687707217530943,0.10864349401039798,0.0,0.0,0.25880644764365696,0.050214664543337326,,,1.0467570905314967,0.1351631478182364,,,0,941,2659,0,0.0
preserve_empty,har,6.2,mdbg_l0_only,3,0.44859178825924667,0.10724218480879423,0.4525951372910986,0.10070707677619309,0.0,0.0,0.2573778762150855,0.049813663688842096,,,0.38997897218214345,0.03810711113608172,,,0,936,2664,0,0.0
preserve_empty,har,6.2,fed_g2l_25,3,0.44859178825924667,0.10724218480879423,0.4525951372910986,0.10070707677619309,0.0,0.0,0.2573778762150855,0.049813663688842096,,,0.12459180878423569,0.0016855098584462752,,,0,936,2664,0,0.0
preserve_empty,har,3.3,fed_mdbscan_g,3,0.45549146024205406,0.09433647511389692,0.45974705336464167,0.07603808869468666,0.3373577909244127,0.13605931897507276,0.2600095579450418,0.03181337886080065,0.33944444444444444,0.14625257199384498,0.9788495696201508,0.06589003855522621,,,347,672,1908,673,0.3403629230014713
preserve_empty,har,3.3,mdbg_l0_only,3,0.4475738038683407,0.10136544039341923,0.4523503597317741,0.0818953055293767,0.3410616609073525,0.1359542198203908,0.26223178016726406,0.031905380123627286,0.345,0.14584047601555764,0.37327111695970716,0.0050070127046929385,,,352,677,1903,668,0.34358223523670084
preserve_empty,har,3.3,fed_g2l_25,3,0.4475738038683407,0.10136544039341923,0.4523503597317741,0.0818953055293767,0.3410616609073525,0.1359542198203908,0.26223178016726406,0.031905380123627286,0.345,0.14584047601555764,0.1183447774577265,0.006046177241209233,,,352,677,1903,668,0.34358223523670084
fixed_steps,har,3.3,fed_mdbscan_g,3,0.2716887229951363,0.0566346002552358,0.27405587163523265,0.04650767998329683,0.0,0.0,0.0,0.0,0.0,0.0,0.897742593975272,0.13431581974892418,,,0,0,5670,2430,0.0
fixed_steps,har,3.3,mdbg_l0_only,3,0.2716887229951363,0.0566346002552358,0.27405587163523265,0.04650767998329683,0.0,0.0,0.0,0.0,0.0,0.0,0.9060547638619836,0.08202571283845614,,,0,0,5670,2430,0.0
fixed_steps,har,3.3,fedavg,3,0.2716887229951363,0.0566346002552358,0.27405587163523265,0.04650767998329683,0.0,0.0,0.0,0.0,0.0,0.0,0.05096495314371876,0.0015921200280831795,,,0,0,5670,2430,0.0
fixed_steps,har,5.2,fed_mdbscan_g,3,0.4427101006673453,0.07940302417700315,0.44412326568138266,0.07969286897851914,0.0,0.0,0.006635802469135803,0.011493547025534217,0.0,0.0,1.2519856618549159,0.3848636777881204,,,0,43,6437,1620,0.0
fixed_steps,har,5.2,mdbg_l0_only,3,0.4427101006673453,0.07940302417700315,0.44412326568138266,0.07969286897851914,0.0,0.0,0.005864197530864198,0.01015708806907675,0.0,0.0,1.1772643461849335,0.3184807948190937,,,0,38,6442,1620,0.0
fixed_steps,har,5.2,fedavg,3,0.4435018663047166,0.07932516312116152,0.44504919160730855,0.07971592171524187,0.0,0.0,0.0,0.0,0.0,0.0,0.05054137115108056,0.0014375512991521289,,,0,0,6480,1620,0.0
main,har,7.1,fed_mdbscan_g,3,0.19047619047619047,0.010372197690299293,0.18768236399904267,0.01927315841506754,0.5057940623005559,0.4383709142359899,0.13403880070546736,0.05956161840558532,0.5111111111111111,0.44388854123195953,0.9638087098305631,0.12125236285230072,,,1242,760,4910,1188,0.5604693140794224
main,har,7.1,fedavg,3,0.08607623571994118,0.0731111048515543,0.09562773707091508,0.08373517551584533,0.0,0.0,0.0,0.0,0.0,0.0,0.0327684866833604,0.00011618396100281497,,,0,0,5670,2430,0.0
main,har,7.1,sample_weighted_mean,3,0.2664856916638389,0.07383824818390664,0.2711242487245049,0.0880222138812703,0.0,0.0,0.0,0.0,0.0,0.0,0.05800977412274935,0.0007603012403904878,,,0,0,5670,2430,0.0
main,har,7.1,norm_clip,3,0.09557742336839725,0.08108759075424063,0.10549208142951721,0.08975619731594288,0.0,0.0,0.0,0.0,0.0,0.0,0.05496377883116818,0.013851844709688206,,,0,0,5670,2430,0.0
main,har,7.1,coord_median,3,0.17011650265807035,0.01130697815550902,0.16666666666666666,0.0,0.0,0.0,0.0,0.0,0.0,0.0,0.1610144767884372,0.004287781627643686,,,0,0,5670,2430,0.0
main,har,7.1,krum_bound30,3,0.13957697093089017,0.0738780022567538,0.13379120695754324,0.06967273209564126,0.5583333333333333,0.41017563021106895,0.21216931216931215,0.18230028009380844,0.5790123456790123,0.4253673202188864,0.5283254579408094,0.013497985792556951,,,1407,1203,4467,1023,0.5583333333333333
main,har,7.1,fltrust_normalized,3,0.48501300757832827,0.06788372114832639,0.49669639480040245,0.0727759114707984,0.805222715281206,0.008077519634871723,0.2074074074074074,0.010621618994648009,1.0,0.0,0.06965603445682468,0.0010089786331140727,,,2430,1176,4494,0,0.805168986083499
main,har,7.1,flame_hdbscan,3,0.5003958828186857,0.15067710149217625,0.4863501362315155,0.14902456611102108,0.7426104890334034,0.03611387821549184,0.2724867724867725,0.012203769941450582,0.9666666666666667,0.05773502691896256,0.23448352858863974,0.01990270324879155,,,2349,1545,4125,81,0.7428842504743833
main,har,7.1,mdbg_l0_only,3,0.19047619047619047,0.010372197690299293,0.18768236399904267,0.01927315841506754,0.5057940623005559,0.4383709142359899,0.13403880070546736,0.05956161840558532,0.5111111111111111,0.44388854123195953,0.727154169328666,0.025390820028061697,,,1242,760,4910,1188,0.5604693140794224
clean,har,7.1,fed_mdbscan_g,3,0.47698224182784754,0.1367935749354829,0.46457023890622695,0.12303857611768496,0.0,0.0,0.2375308641975309,0.10063333962635343,,,1.960901173724172,0.15682531793275467,,,0,1924,6176,0,0.0
clean,har,7.1,fedavg,3,0.7811333559552086,0.04756407320783232,0.7678083140828861,0.050517830891026225,,,0.0,0.0,,,0.059524846214076714,0.00047842519277973005,,,0,0,8100,0,
oracle,har,7.1,fedavg,3,0.7244655581947743,0.026312703141746937,0.7147101815972915,0.02114320232370952,1.0,0.0,0.0,0.0,1.0,0.0,0.03621145042771887,0.002041494426205544,,,2430,0,5670,0,1.0
main,har,7.2,fed_mdbscan_g,3,0.2662594729103043,0.07587329442950204,0.2609105921207832,0.0854492100942,0.0,0.0,0.2054673721340388,0.002385846430065029,0.0,0.0,1.1556491052796547,0.03219562407709268,,,0,1165,4505,2430,0.0
main,har,7.2,fedavg,3,0.3596878181201221,0.035013335979477124,0.35480568166129084,0.030979380773163936,0.0,0.0,0.0,0.0,0.0,0.0,0.03391753904547335,0.0003420847084552945,,,0,0,5670,2430,0.0
main,har,7.2,sample_weighted_mean,3,0.34701956792218075,0.010785796076680336,0.34808417157023164,0.025549201280537646,0.0,0.0,0.0,0.0,0.0,0.0,0.05934709490587314,0.0005390810299815807,,,0,0,5670,2430,0.0
main,har,7.2,norm_clip,3,0.3644384119443502,0.06890283079197587,0.366331297432335,0.07043751501711987,0.0,0.0,0.0,0.0,0.0,0.0,0.05623904878092515,0.014954771455624342,,,0,0,5670,2430,0.0
main,har,7.2,coord_median,3,0.18165365908833842,0.0009795559368673673,0.16666666666666666,0.0,0.0,0.0,0.0,0.0,0.0,0.0,0.14106397729289408,0.008856641110643325,,,0,0,5670,2430,0.0
main,har,7.2,krum_bound30,3,0.3034724578667572,0.042814999416328825,0.3023952751659758,0.040587579162036286,0.0,0.0,0.4603174603174603,0.0,0.0,0.0,0.5783181161762009,0.009825265779386243,,,0,2610,3060,2430,0.0
main,har,7.2,fltrust_normalized,3,0.44746069449157333,0.08683905644055996,0.44563557683961746,0.09820099628596,0.39128664236813027,0.12195970186272048,0.38888888888888884,0.051320023927966744,0.4666666666666666,0.15275252316519466,0.07418236395007828,0.0033342521058432415,,,1134,2205,3465,1296,0.39313572542901715
main,har,7.2,flame_hdbscan,3,0.1874222373034725,0.005271430923077038,0.17300733913637137,0.004971208223836893,0.0,0.0,0.5947089947089946,0.05749694331948156,0.0,0.0,0.23165513222467982,0.015186727128229624,,,0,3372,2298,2430,0.0
main,har,7.2,mdbg_l0_only,3,0.2662594729103043,0.07587329442950204,0.2609105921207832,0.0854492100942,0.0,0.0,0.2054673721340388,0.002385846430065029,0.0,0.0,0.9515201008788102,0.13736556889125875,,,0,1165,4505,2430,0.0
clean,har,7.2,fed_mdbscan_g,3,0.3571994118312409,0.1476667497779118,0.346105307827881,0.14711046837932246,0.0,0.0,0.25432098765432104,0.05597414322388435,,,3.1363972091038406,0.8495193851672501,,,0,2060,6040,0,0.0
clean,har,7.2,fedavg,3,0.43139916299061193,0.08472428402094555,0.43581524034863567,0.10339318780620163,,,0.0,0.0,,,0.05709278451330546,0.0016413523372218516,,,0,0,8100,0,
oracle,har,7.2,fedavg,3,0.4058364438411944,0.027321709851918098,0.4070246353289704,0.03568195575946176,1.0,0.0,0.0,0.0,1.0,0.0,0.03387907071478872,0.002674394253039817,,,2430,0,5670,0,1.0
main,mnist,6.2,fed_mdbscan_g,3,0.2643333333333333,0.058452231209196244,0.2559321215412141,0.05715753619709646,0.0,0.0,0.425679012345679,0.020428648397639193,,,2.952398467344594,0.06130568611213067,,,0,3448,4652,0,0.0
main,mnist,6.2,fedavg,3,0.8564666666666666,0.0203237135714252,0.8542973356715483,0.021216243546057566,,,0.0,0.0,,,0.09168334871840973,0.0035032940668680867,,,0,0,8100,0,
main,mnist,6.2,sample_weighted_mean,3,0.8992333333333334,0.021950018982527884,0.8978747753811392,0.0225391524068046,,,0.0,0.0,,,0.1472286994672484,0.0028563447324680426,,,0,0,8100,0,
main,mnist,6.2,norm_clip,3,0.6318666666666667,0.14652430970092756,0.6251281688144373,0.14901735769084187,,,0.0,0.0,,,0.12763120580800913,0.006387131891445288,,,0,0,8100,0,
main,mnist,6.2,coord_median,3,0.2128,0.014952257354660537,0.20857567256796927,0.014299754484897443,,,0.0,0.0,,,0.3072707728185277,0.01126409704755222,,,0,0,8100,0,
main,mnist,6.2,krum_bound30,3,0.4070666666666667,0.0869975478581628,0.3995754789883564,0.08231849377395574,0.0,0.0,0.32222222222222224,0.0,,,0.9783061023335904,0.08527701576200197,,,0,2610,5490,0,0.0
main,mnist,6.2,fltrust_normalized,3,0.7409333333333334,0.08101520433433057,0.7371187979397303,0.08304235015038532,0.0,0.0,0.3032098765432099,0.04544300057070143,,,0.15894637118326502,0.002537596357480199,,,0,2456,5644,0,0.0
main,mnist,6.2,flame_hdbscan,3,0.20096666666666665,0.010845429144728814,0.19647614402029376,0.0018804543369655854,0.0,0.0,0.487037037037037,0.0011111111111111183,,,0.4252437363611534,0.008003559287211507,,,0,3945,4155,0,0.0
main,mnist,3.3,fed_mdbscan_g,3,0.318,0.09321094356351083,0.3114047035889938,0.08362256490172126,0.4756404947474239,0.0957727772063997,0.3389770723104057,0.051728428134259125,0.5592592592592593,0.11641654552223489,4.067883002761906,0.3982830314000361,,,1359,1922,3748,1071,0.4759236561022588
main,mnist,3.3,fedavg,3,0.6392,0.02927182946110476,0.6396919465916086,0.023563446010345542,0.0,0.0,0.0,0.0,0.0,0.0,0.08934532038013761,0.0020494303935738056,,,0,0,5670,2430,0.0
main,mnist,3.3,sample_weighted_mean,3,0.6246666666666667,0.12770048290172337,0.6197067704182426,0.12322838469189985,0.0,0.0,0.0,0.0,0.0,0.0,0.1547326425737184,0.013400954857660175,,,0,0,5670,2430,0.0
main,mnist,3.3,norm_clip,3,0.6038666666666667,0.03740017825269463,0.6042066689812567,0.03977560855424762,0.0,0.0,0.0,0.0,0.0,0.0,0.12117753085913137,0.006975060983004001,,,0,0,5670,2430,0.0
main,mnist,3.3,coord_median,3,0.3416666666666666,0.05632320421756324,0.3378962442252684,0.051212647201352934,0.0,0.0,0.0,0.0,0.0,0.0,0.3079315043714208,0.008158798996825175,,,0,0,5670,2430,0.0
main,mnist,3.3,krum_bound30,3,0.3890666666666666,0.038385717830116614,0.3790985070841219,0.04223235709127578,0.3742063492063492,0.03715989637653801,0.29400352733686064,0.016515509500683534,0.38806584362139923,0.038536188834928306,1.009628303795277,0.05973589104289055,,,943,1667,4003,1487,0.3742063492063492
main,mnist,3.3,fltrust_normalized,3,0.7387333333333334,0.11205732164090543,0.7338327783181954,0.11214855765367353,0.4989249687053064,0.01321298910479207,0.28218694885361556,0.06842874414049041,0.5518518518518518,0.06299926331937318,0.16354019137927228,0.004193482523622563,,,1341,1600,4070,1089,0.4993483522621486
main,mnist,3.3,flame_hdbscan,3,0.2895666666666667,0.01478862175232479,0.2837618457057027,0.00988617746145144,0.4082028464719731,0.05467352553743901,0.4338624338624339,0.04209924938525417,0.5156378600823045,0.06712614105688666,0.41164375977047407,0.028802304173140923,,,1253,2460,3210,1177,0.4079440013022953
main,mnist,4.2,fed_mdbscan_g,3,0.24873333333333333,0.053384485886194814,0.24068288911085825,0.05006722755116819,0.20011567126768617,0.05490294548942161,0.459104938271605,0.010580839331124633,0.31666666666666665,0.0941899257483668,2.8445366885823513,0.034343938426087815,,,513,2975,3505,1107,0.20086139389193422
main,mnist,4.2,fedavg,3,0.8525666666666667,0.019958039315858007,0.8502458404978981,0.02099804305055302,0.0,0.0,0.0,0.0,0.0,0.0,0.08579009406190985,0.0038526255288020613,,,0,0,6480,1620,0.0
main,mnist,4.2,sample_weighted_mean,3,0.8868333333333333,0.03541783919627699,0.8846638226007766,0.03738285606818847,0.0,0.0,0.0,0.0,0.0,0.0,0.15635551915685128,0.0072061215719550755,,,0,0,6480,1620,0.0
main,mnist,4.2,norm_clip,3,0.6165666666666666,0.13761240254182516,0.6097192435987653,0.14027389655822992,0.0,0.0,0.0,0.0,0.0,0.0,0.12189817569322055,0.003950709049699377,,,0,0,6480,1620,0.0
main,mnist,4.2,coord_median,3,0.20693333333333333,0.007900210967647203,0.20250646069756847,0.00393924412872978,0.0,0.0,0.0,0.0,0.0,0.0,0.32854038867193996,0.006677336007652441,,,0,0,6480,1620,0.0
main,mnist,4.2,krum_bound30,3,0.39963333333333334,0.06100797762041725,0.3921286721414499,0.05368690146332842,0.16926713947990546,0.03137713479534195,0.3475308641975308,0.010241148162368556,0.22098765432098766,0.040964592649474205,1.0046987896228934,0.016253431313270294,,,358,2252,4228,1262,0.16926713947990543
main,mnist,4.2,fltrust_normalized,3,0.7363666666666667,0.08842965188969895,0.732727176904093,0.09038567456268731,0.27270251078426133,0.0272166898654042,0.3205246913580247,0.072356139691629,0.36172839506172844,0.0713944330203754,0.16668349165443538,0.004907950202906234,,,586,2077,4403,1034,0.2736399719822554
main,mnist,4.2,flame_hdbscan,3,0.2006,0.010930233300346327,0.19611546803885718,0.002482464631063653,0.21774168773552213,0.060860316630342186,0.5140432098765432,0.025367385153739815,0.37345679012345673,0.10463099529317416,0.44646038984647024,0.04079148978160272,,,605,3331,3149,1015,0.2177825773938085
main,mnist,5.2,fed_mdbscan_g,3,0.24980000000000002,0.052008556988249556,0.24182733339102538,0.049304150991514695,0.20195975029811708,0.05496160269263506,0.45709876543209876,0.009900626501447787,0.3191358024691358,0.0949755100433887,2.9448489751744393,0.0272347189572663,,,517,2962,3518,1103,0.20278485977642674
main,mnist,5.2,fedavg,3,0.8525,0.01992485884517123,0.850186720007502,0.020964806492146094,0.0,0.0,0.0,0.0,0.0,0.0,0.09071232160656817,0.0013386239403747843,,,0,0,6480,1620,0.0
main,mnist,5.2,sample_weighted_mean,3,0.8869333333333334,0.03513606883721246,0.884756345788396,0.03710570140944266,0.0,0.0,0.0,0.0,0.0,0.0,0.156488720780342,0.008095512713753153,,,0,0,6480,1620,0.0
main,mnist,5.2,norm_clip,3,0.6166999999999999,0.1376674616603357,0.6098314164099853,0.14032039688827883,0.0,0.0,0.0,0.0,0.0,0.0,0.12248312858476613,0.003988772236890808,,,0,0,6480,1620,0.0
main,mnist,5.2,coord_median,3,0.20806666666666665,0.007123435500749152,0.2036081935862716,0.004718898680876204,0.0,0.0,0.0,0.0,0.0,0.0,0.37326999488416024,0.025341155942704578,,,0,0,6480,1620,0.0
main,mnist,5.2,krum_bound30,3,0.4016666666666666,0.0503230894653074,0.39394837557981194,0.04338942689837983,0.17257683215130024,0.030499202691007345,0.3464506172839506,0.009954600878314884,0.22530864197530864,0.03981840351325962,1.0074552027327526,0.0583503344124984,,,365,2245,4235,1255,0.17257683215130024
main,mnist,5.2,fltrust_normalized,3,0.7359333333333332,0.08727785133316088,0.7322594235482688,0.08918124272825587,0.2743466073988192,0.025413551233044788,0.32160493827160497,0.07293736233833972,0.36481481481481487,0.06985680042170375,0.17590002929921159,0.011190552462746979,,,591,2084,4396,1029,0.2752037252619325
main,mnist,5.2,flame_hdbscan,3,0.2006,0.010930233300346327,0.19611567756825418,0.0024824773473611653,0.2179839785871839,0.06140610357317617,0.5143518518518518,0.025622396485225393,0.37407407407407406,0.10562051282666073,0.42127414029609,0.041552496388464005,,,606,3333,3147,1014,0.2180248246087426
main,mnist,6.1,fed_mdbscan_g,3,0.9413666666666667,0.002311565126344741,0.9407455825603203,0.0023509731725437737,0.0,0.0,0.0018518518518518517,0.0012830005981991684,,,1.196759619887194,0.044769984876175735,,,0,15,8085,0,0.0
main,mnist,6.1,fedavg,3,0.9412333333333334,0.0020550750189064423,0.9406168444690115,0.0020953817919888767,,,0.0,0.0,,,0.08632833295010238,0.00319957792976597,,,0,0,8100,0,
main,mnist,6.1,sample_weighted_mean,3,0.9524,0.005092150822589615,0.952075873436168,0.004934619760315302,,,0.0,0.0,,,0.15574030727018706,0.006862853944090932,,,0,0,8100,0,
main,mnist,6.1,norm_clip,3,0.9413333333333332,0.002100793500878488,0.9407168935277284,0.0021424041627818246,,,0.0,0.0,,,0.1210232819016609,0.0044078201500122125,,,0,0,8100,0,
main,mnist,6.1,coord_median,3,0.8944666666666666,0.00368555739791601,0.8925666354402123,0.003836624369256823,,,0.0,0.0,,,0.34141354110842154,0.0024760663466187097,,,0,0,8100,0,
main,mnist,6.1,krum_bound30,3,0.8947333333333334,0.009696562964954797,0.8920997616130354,0.011500247339451763,0.0,0.0,0.32222222222222224,0.0,,,1.0580155511942897,0.03932126563007255,,,0,2610,5490,0,0.0
main,mnist,6.1,fltrust_normalized,3,0.9084666666666665,0.007663115119410203,0.9068394699267618,0.007565073647241868,0.0,0.0,0.25320987654320987,0.0166680383523335,,,0.17992427689282017,0.01667351909464119,,,0,2051,6049,0,0.0
main,mnist,6.1,flame_hdbscan,3,0.8373333333333334,0.016804860408028793,0.8322059024001094,0.01746964037809441,0.0,0.0,0.4885185185185185,0.00037037037037035425,,,0.4195272124980369,0.01498392076412151,,,0,3957,4143,0,0.0
main,mnist,3.1,fed_mdbscan_g,3,0.6417333333333334,0.20819189065218974,0.6341110321841522,0.20951434923933618,0.8017857740805069,0.08564629603669016,0.12854938271604938,0.06948507042114288,1.0,0.0,3.1867939396243954,0.402072911519424,,,1620,833,5647,0,0.7954824453719617
main,mnist,3.1,fedavg,3,0.6071666666666666,0.01093175801659247,0.6047457058898219,0.011694813898696907,0.0,0.0,0.0,0.0,0.0,0.0,0.09001257091036273,0.009507160110964228,,,0,0,6480,1620,0.0
main,mnist,3.1,sample_weighted_mean,3,0.7044,0.034207016824037734,0.6996204106223026,0.03632224483055554,0.0,0.0,0.0,0.0,0.0,0.0,0.15227617865505938,0.006152587056016895,,,0,0,6480,1620,0.0
main,mnist,3.1,norm_clip,3,0.8297666666666667,0.015118972628235462,0.826555097875674,0.01633304596338009,0.0,0.0,0.0,0.0,0.0,0.0,0.12109588461850458,0.0023226969340307308,,,0,0,6480,1620,0.0
main,mnist,3.1,coord_median,3,0.26186666666666664,0.045309638415389424,0.2556928970543208,0.05163796118495654,0.0,0.0,0.0,0.0,0.0,0.0,0.37553162664149164,0.009579042490444006,,,0,0,6480,1620,0.0
main,mnist,3.1,krum_bound30,3,0.6331333333333333,0.05735933518908087,0.624188602351814,0.06209651909394618,0.7659574468085107,1.3597399555105182e-16,0.1527777777777778,0.0,1.0,0.0,0.9842354219212818,0.027901450991927472,,,1620,990,5490,0,0.7659574468085106
main,mnist,3.1,fltrust_normalized,3,0.7423666666666667,0.07369018478286866,0.7385110637579886,0.07583143987863253,0.3529611361821952,0.05170149986361108,0.31234567901234567,0.06768818287259915,0.4771604938271605,0.03495702502411795,0.1672966208955687,0.010578106302505491,,,773,2024,4456,847,0.35001131990038487
main,mnist,3.1,flame_hdbscan,3,0.37353333333333333,0.028237799725427143,0.36557333120961033,0.025548865401333016,0.5837907371120393,0.0024705340790486083,0.35648148148148145,0.0036158563314382685,1.0,0.0,0.41668639578727174,0.020191634810068918,,,1620,2310,4170,0,0.5837837837837838
main,mnist,1.1,fed_mdbscan_g,3,0.9563666666666667,0.00032145502536645975,0.9558101520326582,0.000340743105246074,0.0,0.0,0.0027160493827160493,0.0009320783253420679,,,1.0975589088953306,0.011515312907028284,,,0,22,8078,0,0.0
main,mnist,1.1,fedavg,3,0.9566,0.00029999999999996696,0.9560650368440591,0.0002769356318575227,,,0.0,0.0,,,0.0872794254644153,0.005870163984177858,,,0,0,8100,0,
main,mnist,1.1,sample_weighted_mean,3,0.9599666666666667,0.0006506407098647535,0.9594452799746401,0.000755546679947864,,,0.0,0.0,,,0.15973619233506423,0.0061325340754678085,,,0,0,8100,0,
main,mnist,1.1,norm_clip,3,0.9564666666666667,0.00015275252316517785,0.9559323489781093,0.00016463270779329674,,,0.0,0.0,,,0.12016504058976556,0.004260685482946461,,,0,0,8100,0,
main,mnist,1.1,coord_median,3,0.9501666666666667,0.001050396750439244,0.9494990705373842,0.0010739802345801927,,,0.0,0.0,,,0.3497481734026224,0.004151484238770424,,,0,0,8100,0,
main,mnist,1.1,krum_bound30,3,0.9464666666666667,0.0022143471573656355,0.9456913744156523,0.002211845352073101,0.0,0.0,0.32222222222222224,0.0,,,1.0118033040301977,0.06462396262754641,,,0,2610,5490,0,0.0
main,mnist,1.1,fltrust_normalized,3,0.9329666666666666,0.006610849668033107,0.9319200759003184,0.006772396777905939,0.0,0.0,0.331358024691358,0.061481853338158525,,,0.16062770524036346,0.008148080507270573,,,0,2684,5416,0,0.0
main,mnist,1.1,flame_hdbscan,3,0.9397000000000001,0.002553429066960738,0.9387490551446621,0.0026595612582333435,0.0,0.0,0.4887654320987654,0.00021383343303318542,,,0.42099785371683535,0.025303634878011582,,,0,3959,4141,0,0.0
main,mnist,1.2,fed_mdbscan_g,3,0.9567,0.0005567764362830505,0.9561741902112494,0.000565122601633401,0.994173546137087,0.0023020776256036184,0.002932098765432099,0.0011650979066775847,1.0,0.0,2.393822095796673,0.05425751252400178,,,1620,19,6461,0,0.9941699907947223
main,mnist,1.2,fedavg,3,0.8572666666666667,0.0013051181300301072,0.856456184218319,0.0018193073273557946,0.0,0.0,0.0,0.0,0.0,0.0,0.08905478882629218,0.003977409059738682,,,0,0,6480,1620,0.0
main,mnist,1.2,sample_weighted_mean,3,0.858,0.004114608122288186,0.857042481549889,0.0041479515056179325,0.0,0.0,0.0,0.0,0.0,0.0,0.15038892106385904,0.004291161153381905,,,0,0,6480,1620,0.0
main,mnist,1.2,norm_clip,3,0.9526,0.0006557438524302379,0.9520372091620266,0.0007309320345374943,0.0,0.0,0.0,0.0,0.0,0.0,0.12258479136507956,0.004072072732777803,,,0,0,6480,1620,0.0
main,mnist,1.2,coord_median,3,0.9504666666666667,0.0023094010767585054,0.9498506278908639,0.00245637108415683,0.0,0.0,0.0,0.0,0.0,0.0,0.3889474373918751,0.02027482152175609,,,0,0,6480,1620,0.0
main,mnist,1.2,krum_bound30,3,0.9513333333333334,0.0017387735140993695,0.9506254102688247,0.0018658573032119049,0.7659574468085107,1.3597399555105182e-16,0.1527777777777778,0.0,1.0,0.0,1.0139551730516054,0.07299360885377566,,,1620,990,5490,0,0.7659574468085106
main,mnist,1.2,fltrust_normalized,3,0.9316,0.007562407024221867,0.930618200179059,0.00775801847016165,0.364692510859411,0.038550964525165925,0.3228395061728395,0.054919845363250654,0.5080246913580247,0.024590844798817416,0.15566297683916572,0.004124528008223833,,,823,2092,4388,797,0.362954796030871
main,mnist,1.2,flame_hdbscan,3,0.9448333333333333,0.0020428737928059465,0.9439965581250528,0.002284054507548302,0.5809578404294128,0.0005415761553709355,0.3606481481481481,0.0008018753738744773,1.0,0.0,0.41683347051342334,0.03812102035494739,,,1620,2337,4143,0,0.5809575040344271
main,mnist,1.3,fed_mdbscan_g,3,0.9569333333333333,0.0010263202878893864,0.9564086955791158,0.001066473006480332,0.9554293783764377,0.0038288277594714657,0.0032407407407407406,0.0025776686864953805,0.9265432098765433,0.012605294973248252,2.415331531234551,0.12181362345889796,,,1501,21,6459,119,0.9554423933800127
main,mnist,1.3,fedavg,3,0.9521333333333333,0.001357694123627773,0.9517502010910214,0.0013242000341344771,0.0,0.0,0.0,0.0,0.0,0.0,0.08411169804037653,0.0035478708758142816,,,0,0,6480,1620,0.0
main,mnist,1.3,sample_weighted_mean,3,0.9553666666666668,0.003800438571182719,0.9549945402036691,0.003761932460145383,0.0,0.0,0.0,0.0,0.0,0.0,0.14904074575363968,0.001268002616838705,,,0,0,6480,1620,0.0
main,mnist,1.3,norm_clip,3,0.9525,0.0013114877048603657,0.9520854724507432,0.0012850912599128314,0.0,0.0,0.0,0.0,0.0,0.0,0.1239371036334584,0.0042905482933910475,,,0,0,6480,1620,0.0
main,mnist,1.3,coord_median,3,0.9505666666666667,0.002122105872319598,0.9500292971109774,0.0021805949993855224,0.0,0.0,0.0,0.0,0.0,0.0,0.33751416833579745,0.0135928507173955,,,0,0,6480,1620,0.0
main,mnist,1.3,krum_bound30,3,0.9514333333333335,0.0019087517736294081,0.9507353128501762,0.0020565898133157057,0.7640661938534278,0.0021667024562438994,0.15339506172839507,0.0007071876072462712,0.9975308641975308,0.0028287504289850724,0.9595712480225806,0.05068079034020419,,,1616,994,5486,4,0.7640661938534279
main,mnist,1.3,fltrust_normalized,3,0.9318666666666666,0.007746827307571355,0.9308775739709597,0.007930711393301367,0.5738932318851532,0.07597815323935125,0.3157407407407407,0.05573466498202385,0.9074074074074074,0.10642913367037785,0.15863189165376954,0.008670151481512183,,,1470,2046,4434,150,0.572429906542056
main,mnist,1.3,flame_hdbscan,3,0.9447333333333333,0.00213619599600161,0.9439002776843317,0.0023560908365915867,0.576401106840421,0.004504178031269851,0.3625,0.0024056261216234324,0.9919753086419753,0.007010997957778104,0.42004671497787865,0.0355096369359041,,,1607,2349,4131,13,0.5763988522238164
main,mnist,2.1,fed_mdbscan_g,3,0.9408333333333333,0.00582437407223585,0.940099350752691,0.005874830921796199,0.9975405406555439,0.002319797595001779,0.0012345679012345679,0.0011650979066775847,1.0,0.0,2.887755839469739,0.14198533617171177,,,1620,8,6472,0,0.9975369458128078
main,mnist,2.1,fedavg,3,0.8045333333333332,0.0049652123150307585,0.8032725512146132,0.00492000341635135,0.0,0.0,0.0,0.0,0.0,0.0,0.0886129529719862,0.004707960631207834,,,0,0,6480,1620,0.0
main,mnist,2.1,sample_weighted_mean,3,0.8185333333333332,0.006115826463637868,0.8177005464405752,0.006634413737357772,0.0,0.0,0.0,0.0,0.0,0.0,0.1582412820477556,0.01107324034515656,,,0,0,6480,1620,0.0
main,mnist,2.1,norm_clip,3,0.9350999999999999,0.006223343153000627,0.9342818064720019,0.006305324518792576,0.0,0.0,0.0,0.0,0.0,0.0,0.12487847620440233,0.008741128442889264,,,0,0,6480,1620,0.0
main,mnist,2.1,coord_median,3,0.8891333333333334,0.007507551753623384,0.8870175086526734,0.008103493393340577,0.0,0.0,0.0,0.0,0.0,0.0,0.3846134009176037,0.015258170605046858,,,0,0,6480,1620,0.0
main,mnist,2.1,krum_bound30,3,0.9213333333333334,0.009513323989717423,0.9198088222876075,0.010504985995765624,0.7659574468085107,1.3597399555105182e-16,0.1527777777777778,0.0,1.0,0.0,0.9891197238389092,0.08756944688582013,,,1620,990,5490,0,0.7659574468085106
main,mnist,2.1,fltrust_normalized,3,0.9074666666666668,0.004860384072615376,0.9060530179554446,0.005483884082169712,0.39676491817296,0.01646099567249771,0.2507716049382716,0.008897244015678756,0.49567901234567907,0.02048229632473711,0.16085196858685877,0.006802236914487482,,,803,1625,4855,817,0.3967391304347826
main,mnist,2.1,flame_hdbscan,3,0.8882666666666666,0.009371410423908122,0.8859690556051888,0.009302587091894113,0.5810619546774475,0.00047766201614772114,0.36049382716049383,0.0007071876072462711,1.0,0.0,0.43335326059281615,0.00392975023167673,,,1620,2336,4144,0,0.5810616929698709
main,mnist,2.2,fed_mdbscan_g,3,0.9396666666666667,0.006137045977775734,0.9389571163258864,0.0061535806605791,0.7746133631889451,0.038053696040532436,0.001080246913580247,0.0009637342590120986,0.6358024691358025,0.04890198103787251,2.413533909653779,0.01058356414843004,,,1030,7,6473,590,0.7753105005645465
main,mnist,2.2,fedavg,3,0.9303333333333333,0.006115826463637868,0.9295628540379156,0.006137852997840011,0.0,0.0,0.0,0.0,0.0,0.0,0.08936700419419341,0.006331745975110707,,,0,0,6480,1620,0.0
main,mnist,2.2,sample_weighted_mean,3,0.9365333333333333,0.017889195994603365,0.9360896959432495,0.017294306051941585,0.0,0.0,0.0,0.0,0.0,0.0,0.14717100017393628,0.011025961134042745,,,0,0,6480,1620,0.0
main,mnist,2.2,norm_clip,3,0.9321,0.006934695379034339,0.9313191841759121,0.006945954545750178,0.0,0.0,0.0,0.0,0.0,0.0,0.11853516902386523,0.002341026523050559,,,0,0,6480,1620,0.0
main,mnist,2.2,coord_median,3,0.8801333333333333,0.010193298452087695,0.877865162577392,0.010330095820995682,0.0,0.0,0.0,0.0,0.0,0.0,0.3368744966858584,0.010171120198185076,,,0,0,6480,1620,0.0
main,mnist,2.2,krum_bound30,3,0.9162,0.015116547224812924,0.9147006548443252,0.015999241359461257,0.6699763593380615,0.05173579410229895,0.18410493827160493,0.01688598835283368,0.8746913580246914,0.06754395341133472,1.0012264977222205,0.06600404741543078,,,1417,1193,5287,203,0.6699763593380614
main,mnist,2.2,fltrust_normalized,3,0.9065666666666665,0.004291076011134437,0.9050674014899126,0.004753958144241979,0.591771137622587,0.036943124230952626,0.24876543209876545,0.007527005184109385,0.8395061728395062,0.0731735383345059,0.1552058385982592,0.009194612141176705,,,1360,1612,4868,260,0.5923344947735192
main,mnist,2.2,flame_hdbscan,3,0.8824333333333333,0.013731108233982162,0.8800085041353638,0.01349468786454124,0.5012561257204708,0.04630744558470651,0.3945987654320988,0.01992534362818912,0.8623456790123457,0.07965833533698946,0.41923583938817804,0.013229713682160834,,,1397,2557,3923,223,0.5012558306422676
main,mnist,2.3,fed_mdbscan_g,3,0.9411999999999999,0.0051097945164165015,0.9404414157936154,0.005336593565694602,0.9985623323479712,0.0009399314058495026,0.0012345679012345679,0.0008082144082814533,1.0,0.0,2.894187011585261,0.09146758763712219,,,2430,7,5663,0,0.9985617423464146
main,mnist,2.3,fedavg,3,0.8010999999999999,0.005741950887982274,0.7989253840092113,0.006476817444330076,0.0,0.0,0.0,0.0,0.0,0.0,0.09335184630084163,0.004347522674975769,,,0,0,5670,2430,0.0
main,mnist,2.3,sample_weighted_mean,3,0.8222666666666667,0.012543657095653304,0.8200528648994139,0.012598809334485352,0.0,0.0,0.0,0.0,0.0,0.0,0.15599668034507583,0.007937282712662874,,,0,0,5670,2430,0.0
main,mnist,2.3,norm_clip,3,0.9316,0.005977457653551365,0.9306151795786802,0.00624773722162411,0.0,0.0,0.0,0.0,0.0,0.0,0.12210784432633469,0.011273640792777274,,,0,0,5670,2430,0.0
main,mnist,2.3,coord_median,3,0.8915000000000001,0.014604109010822949,0.8888279136679688,0.015037920686012025,0.0,0.0,0.0,0.0,0.0,0.0,0.3876258441699772,0.010241542376424283,,,0,0,5670,2430,0.0
main,mnist,2.3,krum_bound30,3,0.9369,0.0057471732182003835,0.9361052268955289,0.006010047612748546,0.9642857142857143,0.0,0.031746031746031744,0.0,1.0,0.0,0.9678008596322293,0.022829977334155257,,,2430,180,5490,0,0.9642857142857143
main,mnist,2.3,fltrust_normalized,3,0.907,0.012939474487010676,0.9053280847186836,0.013353107400358154,0.4982189449819147,0.020686728589793292,0.24550264550264553,0.023850640570549524,0.5213991769547325,0.011862992020905008,0.15916190513720116,0.006611619302519468,,,1267,1392,4278,1163,0.49793672627235214
main,mnist,2.3,flame_hdbscan,3,0.9047333333333333,0.020381445810671365,0.9019474312662078,0.0231950274216796,0.7606824601909247,0.00020625245295511098,0.2696649029982363,0.00030547633290454144,1.0,0.0,0.4223905855621625,0.01814918164030779,,,2430,1529,4141,0,0.7606824229143841
main,mnist,3.2,fed_mdbscan_g,3,0.7934333333333333,0.09719281523514653,0.7872953103208169,0.10213129653968317,0.9539739293641748,0.025871142358144694,0.0417989417989418,0.024596062008824252,1.0,0.0,2.974707868824609,0.41477510132130746,,,2430,237,5433,0,0.9535020600353149
main,mnist,3.2,fedavg,3,0.6066333333333334,0.012395294806229222,0.6012356649851864,0.012364071313279493,0.0,0.0,0.0,0.0,0.0,0.0,0.08748483463811378,0.0031009816955156226,,,0,0,5670,2430,0.0
main,mnist,3.2,sample_weighted_mean,3,0.7251666666666666,0.020153494320671338,0.7208353319175947,0.021626854584299627,0.0,0.0,0.0,0.0,0.0,0.0,0.16865772383235808,0.004271286917828919,,,0,0,5670,2430,0.0
main,mnist,3.2,norm_clip,3,0.8035333333333333,0.030772769347807052,0.7990068078376767,0.03224773442345417,0.0,0.0,0.0,0.0,0.0,0.0,0.1220436456470957,0.007392864830740613,,,0,0,5670,2430,0.0
main,mnist,3.2,coord_median,3,0.21730000000000002,0.017839562774911277,0.21325890886177165,0.018941915155328143,0.0,0.0,0.0,0.0,0.0,0.0,0.3804727512372968,0.02305225194047949,,,0,0,5670,2430,0.0
main,mnist,3.2,krum_bound30,3,0.7759333333333333,0.02625953794973045,0.7697811775057737,0.027441782759844605,0.9642857142857143,0.0,0.031746031746031744,0.0,1.0,0.0,1.0400432681457865,0.021870923951807435,,,2430,180,5490,0,0.9642857142857143
main,mnist,3.2,fltrust_normalized,3,0.8055,0.0802037405611484,0.8021834573437531,0.08361286644559172,0.4410946503346267,0.028407694589595626,0.3102292768959436,0.05292151551320258,0.48641975308641977,0.011315001715940362,0.1646919736535185,0.004834638736991,,,1182,1759,3911,1248,0.44014150065164775
main,mnist,3.2,flame_hdbscan,3,0.4063333333333334,0.054630058880925016,0.39818066563348015,0.05218844461354851,0.7668190480008361,0.0042448194265561805,0.26067019400352737,0.006177876503752026,1.0,0.0,0.4110376040296008,0.0128281220273969,,,2430,1478,4192,0,0.7668034080151467
main,mnist,4.1,fed_mdbscan_g,3,0.9399666666666667,0.003955165398985665,0.9392752324336483,0.003950917881535975,0.0024532871113277766,0.002124676389810752,0.001697530864197531,0.001488217710029777,0.0012345679012345679,0.0010691671651659736,1.1820521991350688,0.02758100342031619,,,2,11,6469,1618,0.002449479485609308
main,mnist,4.1,fedavg,3,0.9401666666666667,0.0037898988552906745,0.9394809659012471,0.00378185697567931,0.0,0.0,0.0,0.0,0.0,0.0,0.09012953269993888,0.00558297996135385,,,0,0,6480,1620,0.0
main,mnist,4.1,sample_weighted_mean,3,0.9501,0.00953100204595506,0.949640700307576,0.009504977663990123,0.0,0.0,0.0,0.0,0.0,0.0,0.16062338768711523,0.010508266823727457,,,0,0,6480,1620,0.0
main,mnist,4.1,norm_clip,3,0.9401999999999999,0.0037322915213043413,0.9395136903980346,0.0037135609884688383,0.0,0.0,0.0,0.0,0.0,0.0,0.12284245499306255,0.0018864244077842947,,,0,0,6480,1620,0.0
main,mnist,4.1,coord_median,3,0.8931333333333334,0.008203860879691507,0.8911227684830068,0.008229746051843213,0.0,0.0,0.0,0.0,0.0,0.0,0.3353870393501388,0.010367290262201734,,,0,0,6480,1620,0.0
main,mnist,4.1,krum_bound30,3,0.8936333333333333,0.009955065712155478,0.8908568981708781,0.011745023668768166,0.21654846335697397,0.058592606815438465,0.33209876543209876,0.01912397583559452,0.28271604938271605,0.07649590334237799,1.0682093552727665,0.019666979038850934,,,458,2152,4328,1162,0.216548463356974
main,mnist,4.1,fltrust_normalized,3,0.9096666666666667,0.0059936077059925446,0.9081419357641035,0.006423416084773125,0.23919630642611076,0.04464400993210789,0.24891975308641975,0.01230413534893681,0.27283950617283953,0.06165118628221659,0.16841769077194235,0.0058706735390986605,,,442,1613,4867,1178,0.24054421768707482
main,mnist,4.1,flame_hdbscan,3,0.8406333333333333,0.018858508247826325,0.8355917618997268,0.019204890858614692,0.270614339699971,0.036070649482718715,0.49367283950617286,0.016258724927241897,0.4654320987654321,0.061567692048353995,0.4315974187196439,0.028849694671310256,,,754,3199,3281,866,0.2705903463125785
main,mnist,4.3,fed_mdbscan_g,3,0.2601333333333333,0.05701055457837026,0.2519701223698441,0.05539644584652996,0.3944939364837386,0.04747312162399626,0.40987654320987654,0.03635938388410349,0.4806584362139918,0.058238813400278144,2.9795673088131784,0.12204527554135029,,,1168,2324,3346,1262,0.39446133063154337
main,mnist,4.3,fedavg,3,0.8534333333333334,0.022818924894335704,0.8509491568721668,0.023710706458744877,0.0,0.0,0.0,0.0,0.0,0.0,0.08663845834089441,0.003972465959037436,,,0,0,5670,2430,0.0
main,mnist,4.3,sample_weighted_mean,3,0.8983333333333333,0.023056524745358558,0.8962752590419188,0.024563083005177268,0.0,0.0,0.0,0.0,0.0,0.0,0.14993034805973163,0.008294883860027892,,,0,0,5670,2430,0.0
main,mnist,4.3,norm_clip,3,0.6325666666666667,0.15390173271712487,0.6259639190304674,0.15633599979236826,0.0,0.0,0.0,0.0,0.0,0.0,0.12688900151988491,0.007896921364175226,,,0,0,5670,2430,0.0
main,mnist,4.3,coord_median,3,0.21113333333333337,0.012466889481074793,0.2068511317205813,0.011252211612064293,0.0,0.0,0.0,0.0,0.0,0.0,0.3125796042499132,0.004759360818841862,,,0,0,5670,2430,0.0
main,mnist,4.3,krum_bound30,3,0.397,0.06118145143750677,0.38868240803657567,0.056277099556062186,0.3456349206349206,0.05448081759680768,0.30670194003527335,0.024213696709692308,0.35843621399176956,0.05649862565594869,0.9964177056797782,0.016123925005817098,,,871,1739,3931,1559,0.34563492063492063
main,mnist,4.3,fltrust_normalized,3,0.7465,0.08486171103625004,0.7426344514444508,0.0869075168260503,0.2928012009941657,0.030008205203086846,0.3165784832451499,0.05061789846550389,0.3,0.054489077754849166,0.16320681729379835,0.0010068561211684784,,,729,1795,3875,1701,0.29430763019781997
main,mnist,4.3,flame_hdbscan,3,0.20096666666666665,0.011045964572337424,0.1965274999880123,0.001828740143792861,0.40871789474049874,0.042936819310683605,0.46596119929453267,0.022053614154977915,0.5362139917695473,0.057541107196735504,0.44267116565929937,0.017143630020594797,,,1303,2642,3028,1127,0.4087843137254902
main,mnist,5.1,fed_mdbscan_g,3,0.9401333333333333,0.0037527767497326026,0.9394439875222161,0.0037417314181751454,0.0024555274805406232,0.002126592451396792,0.001388888888888889,0.0012248848662336066,0.0012345679012345679,0.0010691671651659736,1.190554517517901,0.10337087358396724,,,2,9,6471,1618,0.002452483139178418
main,mnist,5.1,fedavg,3,0.9402666666666667,0.0037898988552906745,0.9395806380296614,0.003791639746622403,0.0,0.0,0.0,0.0,0.0,0.0,0.08454687885370933,0.005034092515408782,,,0,0,6480,1620,0.0
main,mnist,5.1,sample_weighted_mean,3,0.9501333333333334,0.009487535682849001,0.9496793446504416,0.009450986328689683,0.0,0.0,0.0,0.0,0.0,0.0,0.15542163479969734,0.005812503691970566,,,0,0,6480,1620,0.0
main,mnist,5.1,norm_clip,3,0.9401999999999999,0.003900000000000019,0.9394988276713176,0.0039013906361917384,0.0,0.0,0.0,0.0,0.0,0.0,0.11844245004855718,0.006476341384032434,,,0,0,6480,1620,0.0
main,mnist,5.1,coord_median,3,0.8934666666666667,0.00838649708360609,0.8914611042674029,0.00843840312575762,0.0,0.0,0.0,0.0,0.0,0.0,0.3784130446237719,0.02139135325632596,,,0,0,6480,1620,0.0
main,mnist,5.1,krum_bound30,3,0.8943,0.009366429415737874,0.8915957563740037,0.01107233117437457,0.2458628841607565,0.05450082743226874,0.32253086419753085,0.01778846450914327,0.32098765432098764,0.0711538580365731,0.974979485197562,0.09398875909376045,,,520,2090,4390,1100,0.2458628841607565
main,mnist,5.1,fltrust_normalized,3,0.9104,0.006907242575731667,0.9089271170620291,0.007402835033484563,0.23708476661502478,0.043635569216009536,0.2503086419753086,0.014874974303828281,0.27098765432098765,0.06153983546354135,0.1735759940929711,0.014139157173920286,,,439,1622,4858,1181,0.23852214072262973
main,mnist,5.1,flame_hdbscan,3,0.8382000000000001,0.009493682109698028,0.83232877435936,0.00860254494406459,0.28766888765232723,0.043191086107362046,0.4867283950617283,0.01877332416077998,0.49506172839506174,0.07419742815465047,0.41067109683968334,0.028123557753202945,,,802,3154,3326,818,0.28766140602582496
main,mnist,5.3,fed_mdbscan_g,3,0.2531666666666667,0.04662749546494358,0.24518726025331317,0.045960740991686226,0.39577823623382463,0.05084696173969187,0.40652557319223986,0.03693990791346889,0.4806584362139918,0.061732510150900775,2.928375903606259,0.15005078089180976,,,1168,2305,3365,1262,0.395730984245299
main,mnist,5.3,fedavg,3,0.8535,0.022827833887603097,0.851013079025877,0.023714029691181537,0.0,0.0,0.0,0.0,0.0,0.0,0.09061504010007615,0.0030552444036019105,,,0,0,5670,2430,0.0
main,mnist,5.3,sample_weighted_mean,3,0.8980333333333332,0.02300876644527764,0.8959791921071455,0.024525336219765024,0.0,0.0,0.0,0.0,0.0,0.0,0.15518192132650357,0.0035249189604677936,,,0,0,5670,2430,0.0
main,mnist,5.3,norm_clip,3,0.6318333333333334,0.15305738575231626,0.625169609915475,0.15547444324125337,0.0,0.0,0.0,0.0,0.0,0.0,0.12415057903207423,0.0018026302318239467,,,0,0,5670,2430,0.0
main,mnist,5.3,coord_median,3,0.2114666666666667,0.012728838648255905,0.20719021434442395,0.011684759011385172,0.0,0.0,0.0,0.0,0.0,0.0,0.3787966044037603,0.010401616317805711,,,0,0,5670,2430,0.0
main,mnist,5.3,krum_bound30,3,0.3990666666666667,0.07044695403871862,0.3916958458017501,0.06530039800316,0.3523809523809524,0.05480071088801859,0.30370370370370375,0.02435587150578603,0.3654320987654321,0.0568303668468341,1.0304331717766926,0.024656879261744112,,,888,1722,3948,1542,0.3523809523809524
main,mnist,5.3,fltrust_normalized,3,0.7468666666666667,0.08411815103372955,0.7430282977407527,0.08612870288656552,0.29266514997843657,0.032212025018475296,0.3178130511463845,0.04989374037784203,0.3004115226337449,0.056228209494486384,0.16725487563526256,0.009871839753661295,,,730,1802,3868,1700,0.294236195082628
main,mnist,5.3,flame_hdbscan,3,0.2017,0.010958558299338469,0.1972525747750907,0.001610127474008521,0.41451114690135776,0.0374574410844217,0.4631393298059965,0.019686047742599255,0.5440329218106995,0.05000127011545369,0.4571818760466866,0.021301297992991897,,,1322,2626,3044,1108,0.4145500156788962
ablation,mnist,6.2,mdbg_l0_only,3,0.2659333333333333,0.060414926411718264,0.2575137070278238,0.05903725984930462,0.0,0.0,0.42111111111111116,0.021908276179511497,,,1.4911117080741354,0.15555601010478695,,,0,3411,4689,0,0.0
ablation,mnist,6.2,mdbg_no_momentum,3,0.2643333333333333,0.058452231209196244,0.2559321215412141,0.05715753619709646,0.0,0.0,0.425679012345679,0.020428648397639193,,,2.8878573020260467,0.11784998115074521,,,0,3448,4652,0,0.0
ablation,mnist,6.2,mdbg_no_valve,3,0.26163333333333333,0.05968595591371,0.2532374714833754,0.057640575967543045,0.0,0.0,0.5170370370370371,0.1760942664374784,,,2.8187613615003,0.1580453836552883,,,0,4188,3912,0,0.0
ablation,mnist,6.2,mdbg_rtr15,3,0.24146666666666664,0.06866180403494603,0.23302333185878657,0.06169426164613493,0.0,0.0,0.4595061728395062,0.01633553077236849,,,2.811608021710223,0.10025293623333459,,,0,3722,4378,0,0.0
ablation,mnist,6.2,mdbg_rtr20,3,0.24560000000000004,0.06902658907986112,0.23733645082895305,0.06299441329150354,0.0,0.0,0.4386419753086419,0.018667303536068817,,,2.7681273146260836,0.1368864642494267,,,0,3553,4547,0,0.0
ablation,mnist,6.2,mdbg_rtr30,3,0.2783333333333333,0.06983096256914503,0.2694341114106194,0.06816909731199265,0.0,0.0,0.40345679012345675,0.025543027883043298,,,2.940936674041829,0.08037774295738385,,,0,3268,4832,0,0.0
ablation,mnist,6.2,fed_g2l_25,3,0.2659333333333333,0.060414926411718264,0.2575137070278238,0.05903725984930462,0.0,0.0,0.42111111111111116,0.021908276179511497,,,0.9221779801210183,0.13638765693862975,,,0,3411,4689,0,0.0
ablation,mnist,3.3,mdbg_l0_only,3,0.3243333333333333,0.05943991363834014,0.31708613918674794,0.04972468042132033,0.37208555616067457,0.06379895400415121,0.3315696649029982,0.0500114298778496,0.4049382716049383,0.0704028515031272,1.728143109964569,0.03458961846487844,,,984,1880,3790,1446,0.3717415942576502
ablation,mnist,3.3,mdbg_no_momentum,3,0.318,0.09321094356351083,0.3114047035889938,0.08362256490172126,0.4756404947474239,0.0957727772063997,0.3389770723104057,0.051728428134259125,0.5592592592592593,0.11641654552223489,4.02397906063642,0.2681403758044906,,,1359,1922,3748,1071,0.4759236561022588
ablation,mnist,3.3,mdbg_no_valve,3,0.3483,0.12452385313665812,0.3426731243330054,0.11756716052178108,0.5271428179716444,0.053256662244464875,0.33474426807760144,0.0599924720540264,0.6349794238683129,0.037371602742740984,3.970354527377316,0.2192660278939589,,,1543,1898,3772,887,0.5256344745358542
ablation,mnist,3.3,mdbg_rtr15,3,0.31856666666666666,0.04993719388725536,0.30859428263641325,0.04650831795911975,0.40294352500850034,0.05335473927348003,0.3954144620811288,0.026793252363223073,0.4851851851851852,0.06546703004228568,3.822964576237266,0.4354307184415344,,,1179,2242,3428,1251,0.40300803281490344
ablation,mnist,3.3,mdbg_rtr20,3,0.3001333333333333,0.008367994582534902,0.2918772775043883,0.0022149433470246248,0.4441871246489571,0.0674905276361136,0.373015873015873,0.042713194795077,0.5333333333333333,0.07653325303619196,3.9934055388129006,0.5491544804301624,,,1296,2115,3555,1134,0.4437596302003082
ablation,mnist,3.3,mdbg_rtr30,3,0.44616666666666666,0.04552332735349355,0.43868857839099534,0.051247870673231014,0.5040667938748328,0.10618923533320154,0.27037037037037037,0.019317604511670562,0.5539094650205761,0.13650956952449314,4.142322493458374,0.3594720669573707,,,1346,1533,4137,1084,0.5070634771143342
ablation,mnist,3.3,fed_g2l_25,3,0.3243333333333333,0.05943991363834014,0.31708613918674794,0.04972468042132033,0.37208555616067457,0.06379895400415121,0.3315696649029982,0.0500114298778496,0.4049382716049383,0.0704028515031272,1.1838231331746405,0.09942914517017494,,,984,1880,3790,1446,0.3717415942576502
ablation,mnist,4.2,mdbg_l0_only,3,0.25433333333333336,0.06124886393504236,0.24579086596148902,0.05708403527144699,0.2006737741190674,0.05409400235473976,0.45108024691358023,0.01738629860142955,0.31419753086419755,0.09344667818804707,1.5695668943019376,0.12206527005342308,,,509,2923,3557,1111,0.20150435471100553
ablation,mnist,4.2,mdbg_no_momentum,3,0.24873333333333333,0.053384485886194814,0.24068288911085825,0.05006722755116819,0.20011567126768617,0.05490294548942161,0.459104938271605,0.010580839331124633,0.31666666666666665,0.0941899257483668,2.878424761963025,0.12308450253185384,,,513,2975,3505,1107,0.20086139389193422
ablation,mnist,4.2,mdbg_no_valve,3,0.24829999999999997,0.05382304339221259,0.24029743019411917,0.05055388230894596,0.2180588837696338,0.0856055840154737,0.5726851851851852,0.1910489464284294,0.4364197530864198,0.30080101871136683,2.8934108720937126,0.243724355788376,,,707,3711,2769,913,0.23418350447167938
ablation,mnist,4.2,mdbg_rtr15,3,0.21716666666666665,0.027808332084706802,0.21107858095121154,0.023664220522799758,0.20770439885403494,0.052204806232947494,0.49135802469135803,0.016461789456710185,0.3444444444444444,0.09102374612921856,2.8625183650939205,0.054025854075996596,,,558,3184,3296,1062,0.2081312942931742
ablation,mnist,4.2,mdbg_rtr20,3,0.23673333333333332,0.05982343465008787,0.228684985364599,0.05349474009604341,0.20599605798838014,0.05398400242492087,0.4714506172839506,0.014766510757908255,0.33271604938271604,0.09515587769977164,2.7883839582248284,0.012113865692623245,,,539,3055,3425,1081,0.20675105485232068
ablation,mnist,4.2,mdbg_rtr30,3,0.2610666666666666,0.04913260967354912,0.2529148434640546,0.05002449020060723,0.19707363097291294,0.051153625222458886,0.44382716049382714,0.009648456192802834,0.3049382716049383,0.08837298848480633,2.9765570761829925,0.16769988491444382,,,494,2876,3604,1126,0.19799599198396794
ablation,mnist,4.2,fed_g2l_25,3,0.25433333333333336,0.06124886393504236,0.24579086596148902,0.05708403527144699,0.2006737741190674,0.05409400235473976,0.45108024691358023,0.01738629860142955,0.31419753086419755,0.09344667818804707,0.9715196703858155,0.1893859034833757,,,509,2923,3557,1111,0.20150435471100553
ablation,mnist,5.2,mdbg_l0_only,3,0.25523333333333337,0.06063805185964777,0.24669485127048474,0.05674003497759268,0.20265810450052987,0.05296997127698467,0.4503086419753086,0.016700925010455187,0.3172839506172839,0.09179906886430274,1.6029378735369797,0.17377006688486882,,,514,2918,3562,1106,0.2034837688044339
ablation,mnist,5.2,mdbg_no_momentum,3,0.24980000000000002,0.052008556988249556,0.24182733339102538,0.049304150991514695,0.20195975029811708,0.05496160269263506,0.45709876543209876,0.009900626501447787,0.3191358024691358,0.0949755100433887,2.90809239841118,0.13886583383580015,,,517,2962,3518,1103,0.20278485977642674
ablation,mnist,5.2,mdbg_no_valve,3,0.2472,0.05029194766560549,0.23938385531923778,0.047660254616616604,0.2187674547346655,0.08275427324374769,0.5672839506172839,0.18209359952915233,0.4327160493827161,0.28782051575811374,2.8739055513417244,0.17256623982634273,,,701,3676,2804,919,0.2337835584458896
ablation,mnist,5.2,mdbg_rtr15,3,0.2172333333333333,0.027816242257597153,0.2111453187346084,0.023680157851066246,0.20973977396254295,0.0511493442913539,0.49135802469135803,0.017386298601429553,0.3481481481481481,0.08896601592195787,2.866357561657464,0.08726179080100031,,,564,3184,3296,1056,0.21013412816691504
ablation,mnist,5.2,mdbg_rtr20,3,0.23643333333333336,0.05949935573880891,0.22851769532777924,0.053378294436104125,0.2063353254633917,0.05372872963086619,0.47052469135802477,0.01511794432163702,0.33271604938271604,0.09355670898480598,2.9429630764449635,0.17401014468956266,,,539,3049,3431,1081,0.20698924731182797
ablation,mnist,5.2,mdbg_rtr30,3,0.2622333333333334,0.05070940083784598,0.2540693747826152,0.05142649428160269,0.19964070432090594,0.0538832317267656,0.44305555555555554,0.009566656629524007,0.3092592592592593,0.0938616733146236,2.9813302854735717,0.17680265760631314,,,501,2871,3609,1119,0.20072115384615385
ablation,mnist,5.2,fed_g2l_25,3,0.25523333333333337,0.06063805185964777,0.24669485127048474,0.05674003497759268,0.20265810450052987,0.05296997127698467,0.4503086419753086,0.016700925010455187,0.3172839506172839,0.09179906886430274,0.9535144841427811,0.14939690207277748,,,514,2918,3562,1106,0.2034837688044339
clean,mnist,3.1,fed_mdbscan_g,3,0.24873333333333333,0.053384485886194814,0.24068288911085825,0.05006722755116819,0.0,0.0,0.43061728395061727,0.01448395987759255,,,3.161579352907008,0.03962662510338183,,,0,3488,4612,0,0.0
clean,mnist,3.1,fedavg,3,0.8525666666666667,0.02005002078136915,0.8502501736964208,0.021082310077462262,,,0.0,0.0,,,0.09362778492763431,0.002386422542230297,,,0,0,8100,0,
oracle,mnist,3.1,fedavg,3,0.8533333333333334,0.01428997317468906,0.8507708890303922,0.01528662574440098,1.0,0.0,0.0,0.0,1.0,0.0,0.0777787788771093,0.0022885653431720986,,,1620,0,6480,0,1.0
clean,mnist,3.3,fed_mdbscan_g,3,0.2601333333333333,0.05701055457837026,0.2519701223698441,0.05539644584652996,0.0,0.0,0.43111111111111117,0.02264717147586731,,,3.1290743724391277,0.1266417262218438,,,0,3492,4608,0,0.0
clean,mnist,3.3,fedavg,3,0.8534666666666667,0.022872764007293336,0.8509831012034635,0.02376613236963111,,,0.0,0.0,,,0.08926024652836433,0.007104056856500023,,,0,0,8100,0,
oracle,mnist,3.3,fedavg,3,0.8375333333333334,0.0265196782283144,0.8337514674724038,0.027833032050901,1.0,0.0,0.0,0.0,1.0,0.0,0.0647866384902348,0.0028404664012691965,,,2430,0,5670,0,1.0
clean,mnist,4.2,fed_mdbscan_g,3,0.24873333333333333,0.053384485886194814,0.24068288911085825,0.05006722755116819,0.0,0.0,0.43061728395061727,0.01448395987759255,,,3.0452758667007505,0.035077674594873896,,,0,3488,4612,0,0.0
clean,mnist,4.2,fedavg,3,0.8525666666666667,0.02005002078136915,0.8502501736964208,0.021082310077462262,,,0.0,0.0,,,0.09085075027542189,0.005927399840796616,,,0,0,8100,0,
oracle,mnist,4.2,fedavg,3,0.8533333333333334,0.01428997317468906,0.8507708890303922,0.01528662574440098,1.0,0.0,0.0,0.0,1.0,0.0,0.07451094213562708,0.0009608958202644388,,,1620,0,6480,0,1.0
clean,mnist,5.2,fed_mdbscan_g,3,0.24873333333333333,0.053384485886194814,0.24068288911085825,0.05006722755116819,0.0,0.0,0.43061728395061727,0.01448395987759255,,,3.023720495256647,0.08497080300358123,,,0,3488,4612,0,0.0
clean,mnist,5.2,fedavg,3,0.8525666666666667,0.02005002078136915,0.8502501736964208,0.021082310077462262,,,0.0,0.0,,,0.08843948179985293,0.0036430541736801572,,,0,0,8100,0,
oracle,mnist,5.2,fedavg,3,0.8533333333333334,0.01428997317468906,0.8507708890303922,0.01528662574440098,1.0,0.0,0.0,0.0,1.0,0.0,0.07408167862126397,0.0009279225210428026,,,1620,0,6480,0,1.0
temporal,mnist,2.1,fed_mdbscan_g,3,0.9407,0.004592385001282033,0.9399738189215029,0.004595929726102567,0.9917707862913342,0.007254341988005404,0.0011904761904761904,0.00104990131391452,1.0,0.0,1.941716447546302,0.12780101351236833,,,540,9,7551,0,0.9917355371900827
temporal,mnist,2.1,mdbg_no_momentum,3,0.9407,0.004592385001282033,0.9399738189215029,0.004595929726102567,0.9917707862913342,0.007254341988005404,0.0011904761904761904,0.00104990131391452,1.0,0.0,1.8612405825742624,0.08138763718516182,,,540,9,7551,0,0.9917355371900827
temporal,mnist,3.1,fed_mdbscan_g,3,0.48249999999999993,0.10897247358851683,0.4737701983579276,0.10951869742068943,0.2930478380380878,0.02070369161559841,0.34629629629629627,0.0353916941733637,1.0,0.0,2.9556020830809655,0.34760723460436443,,,540,2618,4942,0,0.2920497566252028
temporal,mnist,3.1,mdbg_no_momentum,3,0.48249999999999993,0.10897247358851683,0.4737701983579276,0.10951869742068943,0.2930478380380878,0.02070369161559841,0.34629629629629627,0.0353916941733637,1.0,0.0,2.9926943391147582,0.19815366091590264,,,540,2618,4942,0,0.2920497566252028
preserve_empty,mnist,6.2,fed_mdbscan_g,3,0.8567666666666667,0.05042244870425602,0.8538720306681921,0.0515996964233401,0.0,0.0,0.023029324724239977,0.02842815443897561,,,1.1730819371813495,0.45742059501437493,,,0,121,4889,0,0.0
preserve_empty,mnist,6.2,mdbg_l0_only,3,0.8567666666666667,0.05042244870425602,0.8538720306681921,0.0515996964233401,0.0,0.0,0.023029324724239977,0.02842815443897561,,,0.9738039533594728,0.06626205243105938,,,0,121,4889,0,0.0
preserve_empty,mnist,6.2,fed_g2l_25,3,0.8567666666666667,0.05042244870425602,0.8538720306681921,0.0515996964233401,0.0,0.0,0.023029324724239977,0.02842815443897561,,,0.41078759132004866,0.07585174637745197,,,0,121,4889,0,0.0
preserve_empty,mnist,3.3,fed_mdbscan_g,3,0.749,0.005745432968889245,0.7442834279173858,0.0031247401105431324,0.04074639498993742,0.06700614951801405,0.0,0.0,0.02160947712418301,0.03563971872073908,0.9367316480984704,0.073777765611979,,,33,0,3570,1407,0.04480651731160896
preserve_empty,mnist,3.3,mdbg_l0_only,3,0.749,0.005745432968889245,0.7442834279173858,0.0031247401105431324,0.04074639498993742,0.06700614951801405,0.0,0.0,0.02160947712418301,0.03563971872073908,0.9178842715906083,0.06751973293277079,,,33,0,3570,1407,0.04480651731160896
preserve_empty,mnist,3.3,fed_g2l_25,3,0.749,0.005745432968889245,0.7442834279173858,0.0031247401105431324,0.04074639498993742,0.06700614951801405,0.0,0.0,0.02160947712418301,0.03563971872073908,0.3921172855745277,0.07924707039591884,,,33,0,3570,1407,0.04480651731160896
fixed_steps,mnist,3.3,fed_mdbscan_g,3,0.5222,0.06852802346485706,0.5175453650541815,0.07338461343597265,0.0,0.0,0.0,0.0,0.0,0.0,1.8630537493063863,0.24047661887101968,,,0,0,5670,2430,0.0
fixed_steps,mnist,3.3,mdbg_l0_only,3,0.5222,0.06852802346485706,0.5175453650541815,0.07338461343597265,0.0,0.0,0.0,0.0,0.0,0.0,1.8808380129578939,0.24895779042466276,,,0,0,5670,2430,0.0
fixed_steps,mnist,3.3,fedavg,3,0.5222,0.06852802346485706,0.5175453650541815,0.07338461343597265,0.0,0.0,0.0,0.0,0.0,0.0,0.09057913734836298,0.0009377924040999845,,,0,0,5670,2430,0.0
fixed_steps,mnist,5.2,fed_mdbscan_g,3,0.28436666666666666,0.07365231383557024,0.2821793205169311,0.0812827177620516,0.19516601358414043,0.09757477955599975,0.38888888888888884,0.018043680805467678,0.2839506172839506,0.15575751146473266,3.1183292830492264,0.11815148014953343,,,460,2520,3960,1160,0.2
fixed_steps,mnist,5.2,mdbg_l0_only,3,0.33193333333333336,0.14823121578578963,0.32548442316788667,0.1470620703734253,0.2003295889971651,0.08916390114504116,0.3410493827160494,0.09451061286551803,0.2796296296296296,0.16041783576079788,1.5653343004058116,0.20687485996070495,,,453,2210,4270,1167,0.21153397151529302
fixed_steps,mnist,5.2,fedavg,3,0.7226666666666667,0.0635496918429455,0.7181680540778151,0.06542383364856597,0.0,0.0,0.0,0.0,0.0,0.0,0.09146023798061327,0.002070558354939886,,,0,0,6480,1620,0.0
main,mnist,7.1,fed_mdbscan_g,3,0.8027333333333333,0.045477613540436924,0.797560068755617,0.046807799640753475,0.0,0.0,0.0007054673721340388,0.0008082144082814533,0.0,0.0,1.830484755567482,0.11281211847383227,,,0,4,5666,2430,0.0
main,mnist,7.1,fedavg,3,0.8058,0.04869260724175694,0.8007609751680039,0.05023159392495094,0.0,0.0,0.0,0.0,0.0,0.0,0.09280792190822669,0.0026048136386092676,,,0,0,5670,2430,0.0
main,mnist,7.1,sample_weighted_mean,3,0.8134333333333332,0.04964285782802327,0.8131448550446475,0.04966183423896244,0.0,0.0,0.0,0.0,0.0,0.0,0.16123424756806345,0.005829689197514749,,,0,0,5670,2430,0.0
main,mnist,7.1,norm_clip,3,0.8048333333333334,0.04763741526713359,0.7997631858271642,0.0491408789656204,0.0,0.0,0.0,0.0,0.0,0.0,0.12886117212603695,0.005308889168592566,,,0,0,5670,2430,0.0
main,mnist,7.1,coord_median,3,0.28909999999999997,0.0541401884001155,0.28871901673024286,0.04397277453682123,0.0,0.0,0.0,0.0,0.0,0.0,0.32997209784419584,0.019205199592397425,,,0,0,5670,2430,0.0
main,mnist,7.1,krum_bound30,3,0.6158666666666667,0.10327469841802173,0.6062446053468388,0.10173399534148819,0.0,0.0,0.4603174603174603,0.0,0.0,0.0,1.0456941933603956,0.0579766636077523,,,0,2610,3060,2430,0.0
main,mnist,7.1,fltrust_normalized,3,0.9055333333333334,0.011426868920808245,0.9038258017700546,0.011867260213088496,0.7691739252815558,0.009979026121601592,0.24215167548500882,0.02142911576376587,0.9777777777777779,0.01924500897298752,0.16687716175931402,0.004365042941622783,,,2376,1373,4297,54,0.7690564816313319
main,mnist,7.1,flame_hdbscan,3,0.3042333333333333,0.1198675240977861,0.29521340382817324,0.11769471850160344,0.0,0.0,0.6811287477954145,0.009789551383688144,0.0,0.0,0.43731646854947837,0.017090930135709493,,,0,3862,1808,2430,0.0
main,mnist,7.1,mdbg_l0_only,3,0.8027333333333333,0.045477613540436924,0.797560068755617,0.046807799640753475,0.0,0.0,0.0007054673721340388,0.0008082144082814533,0.0,0.0,1.7084221468345884,0.09375723773883038,,,0,4,5666,2430,0.0
clean,mnist,7.1,fed_mdbscan_g,3,0.9413666666666667,0.0029569128044860185,0.940736863783307,0.002963265876506767,0.0,0.0,0.0016049382716049384,0.0011315001715940347,,,1.3053155169951627,0.037177971389652696,,,0,13,8087,0,0.0
clean,mnist,7.1,fedavg,3,0.9415,0.002961418578992175,0.9408856895110665,0.0029799020659515654,,,0.0,0.0,,,0.09112736138566914,0.002213213086764355,,,0,0,8100,0,
oracle,mnist,7.1,fedavg,3,0.9411,0.004676537180435966,0.9403498401305415,0.004893689654580401,1.0,0.0,0.0,0.0,1.0,0.0,0.06699291614737983,0.003962169324641856,,,2430,0,5670,0,1.0
main,mnist,7.2,fed_mdbscan_g,3,0.22319999999999998,0.03037614195384266,0.21946706342059608,0.02695248289325583,0.0,0.0,0.4693121693121693,0.020375523295206043,0.0,0.0,3.8406936704659738,0.39185820377985764,,,0,2661,3009,2430,0.0
main,mnist,7.2,fedavg,3,0.7879333333333333,0.020920404712465163,0.783067799124756,0.022120603576290702,0.0,0.0,0.0,0.0,0.0,0.0,0.09493882651440799,0.013048832204166728,,,0,0,5670,2430,0.0
main,mnist,7.2,sample_weighted_mean,3,0.7950666666666667,0.12038605954733017,0.7952776139370608,0.11278054128568436,0.0,0.0,0.0,0.0,0.0,0.0,0.16535859037992648,0.015536714611210789,,,0,0,5670,2430,0.0
main,mnist,7.2,norm_clip,3,0.35593333333333327,0.03796911025206323,0.3512107014897028,0.03826544017340879,0.0,0.0,0.0,0.0,0.0,0.0,0.12712162668661522,0.0026999157440250965,,,0,0,5670,2430,0.0
main,mnist,7.2,coord_median,3,0.2044,0.015544452386623338,0.20015535552212635,0.009361360111789122,0.0,0.0,0.0,0.0,0.0,0.0,0.2929477726885428,0.013243577448116155,,,0,0,5670,2430,0.0
main,mnist,7.2,krum_bound30,3,0.23550000000000001,0.045679645357642615,0.23195177028229916,0.04413411801977983,0.0,0.0,0.4603174603174603,0.0,0.0,0.0,1.0162954028398314,0.040243981535103245,,,0,2610,3060,2430,0.0
main,mnist,7.2,fltrust_normalized,3,0.8593666666666667,0.029606812279158547,0.8550736479715314,0.031073040480851553,0.10875650665124349,0.11400415132543594,0.3109347442680776,0.07859473285476082,0.10000000000000002,0.1,0.19114660925956237,0.005303467356487228,,,243,1763,3907,2187,0.10955816050495942
main,mnist,7.2,flame_hdbscan,3,0.21943333333333334,0.029195947207332276,0.21569262156670918,0.02651538277459223,0.0,0.0,0.5881834215167548,0.0688183331118572,0.0,0.0,0.4282073986289712,0.009418929225653952,,,0,3335,2335,2430,0.0
main,mnist,7.2,mdbg_l0_only,3,0.22319999999999998,0.03037614195384266,0.21946706342059608,0.02695248289325583,0.0,0.0,0.4693121693121693,0.020375523295206043,0.0,0.0,2.7498541589308942,0.39966745557233097,,,0,2661,3009,2430,0.0
clean,mnist,7.2,fed_mdbscan_g,3,0.2601333333333333,0.05701055457837026,0.2519701223698441,0.05539644584652996,0.0,0.0,0.43111111111111117,0.02264717147586731,,,3.101482205046341,0.042408855057820403,,,0,3492,4608,0,0.0
clean,mnist,7.2,fedavg,3,0.8534666666666667,0.022872764007293336,0.8509831012034635,0.02376613236963111,,,0.0,0.0,,,0.09050253206838128,0.0034094302004128527,,,0,0,8100,0,
oracle,mnist,7.2,fedavg,3,0.8375333333333334,0.0265196782283144,0.8337514674724038,0.027833032050901,1.0,0.0,0.0,0.0,1.0,0.0,0.0670192272686917,0.005093915912095872,,,2430,0,5670,0,1.0
main,mnist,8.1,fed_mdbscan_g,3,0.9397000000000001,0.004313930922024571,0.9390489466442854,0.004361444738950683,0.004073984514082313,0.005090126225692834,0.0026455026455026454,0.0013998684185526934,0.0020576131687242796,0.0025699580240322625,1.2140956132465768,0.03249340569489381,0.9999260901699927,0.00012801558075159177,5,15,5655,2425,0.004081632653061225
main,mnist,8.1,mdbg_l0_only,3,0.9397000000000001,0.004313930922024571,0.9390489466442854,0.004361444738950683,0.004073984514082313,0.005090126225692834,0.0026455026455026454,0.0013998684185526934,0.0020576131687242796,0.0025699580240322625,1.2448704261371555,0.06960707093195508,0.9999260901699927,0.00012801558075159177,5,15,5655,2425,0.004081632653061225
main,mnist,8.1,fedavg,3,0.9396666666666667,0.00418608807042246,0.9390245673490165,0.0042274875596789736,0.0,0.0,0.0,0.0,0.0,0.0,0.08488268693650348,0.0021197488746838426,0.9999260901699927,0.00012801558075159177,0,0,5670,2430,0.0
main,mnist,8.1,fltrust_normalized,3,0.9065,0.008529361054616021,0.904931003410946,0.008836533710549054,0.3337503291325727,0.031879509347763645,0.23315696649029982,0.0193706683273588,0.3102880658436214,0.04368928640854848,0.1781041327695776,0.012463705113178363,0.9898743532889874,0.0043750624056019755,754,1322,4348,1676,0.334664891256103
main,mnist,8.1,flame_hdbscan,3,0.8491333333333332,0.009775650021013143,0.8439292565725248,0.008819344609289775,0.37233447723026786,0.051719208353443194,0.4874779541446208,0.030118479281796676,0.48888888888888893,0.06742820644158705,0.46368666025292543,0.04268260805721477,0.999630450849963,0.00046156674045810277,1188,2764,2906,1242,0.37229708555311813
clean,mnist,8.1,fed_mdbscan_g,3,0.9413666666666667,0.0029569128044860185,0.940736863783307,0.002963265876506767,0.0,0.0,0.0016049382716049384,0.0011315001715940347,,,1.2604727336852293,0.02670984809918889,0.005728011825572802,0.0014638065277411945,0,13,8087,0,0.0
clean,mnist,8.1,fedavg,3,0.9415,0.002961418578992175,0.9408856895110665,0.0029799020659515654,,,0.0,0.0,,,0.09046840716877745,0.008217807251038649,0.005728011825572802,0.0014638065277411945,0,0,8100,0,
oracle,mnist,8.1,fedavg,3,0.9411,0.004676537180435966,0.9403498401305415,0.004893689654580401,1.0,0.0,0.0,0.0,1.0,0.0,0.06448556888563972,0.0012683451901999811,0.005136733185513674,0.0013950174492370197,2430,0,5670,0,1.0
main,mnist,8.2,fed_mdbscan_g,3,0.28200000000000003,0.05266801686032994,0.27448893218712206,0.048940663383665095,0.38347814484963255,0.04869546705980357,0.40740740740740744,0.036752497326586794,0.46213991769547325,0.05280334134105491,3.232244610659675,0.6007127126843826,0.7984848484848485,0.09465475416892162,1123,2310,3360,1307,0.3830803342998465
main,mnist,8.2,mdbg_l0_only,3,0.3001666666666667,0.054797931834452786,0.2925067756017066,0.04643165028167093,0.37106718729822347,0.055920182152765875,0.399647266313933,0.03404519682940649,0.43991769547325105,0.06382051369901037,1.6707833848440916,0.11040212789881709,0.819660014781966,0.05403929490422702,1069,2266,3404,1361,0.3708586296617519
main,mnist,8.2,fedavg,3,0.8466666666666667,0.02288609475933659,0.8437524321286873,0.02399353142251121,0.0,0.0,0.0,0.0,0.0,0.0,0.09216346984677432,0.005633692251701282,0.9999260901699927,0.00012801558075159174,0,0,5670,2430,0.0
main,mnist,8.2,fltrust_normalized,3,0.7262333333333334,0.07799732901409721,0.7216411547063073,0.07976880373431983,0.2727819872695736,0.0890498229751197,0.290652557319224,0.0533062765555683,0.26954732510288065,0.10169522812232737,0.17605704283471116,0.005525383408590494,0.9981152993348115,0.0032643973091652694,655,1648,4022,1775,0.27678005493344604
main,mnist,8.2,flame_hdbscan,3,0.21183333333333332,0.021766105148448896,0.20756705346695878,0.019658894424222813,0.4081276033425556,0.04429800521300293,0.46472663139329806,0.02162418607748539,0.5345679012345679,0.05987336124929452,0.3993672558934324,0.029303762759389253,0.62960088691796,0.2506252229810184,1299,2635,3035,1131,0.4082338152105594
clean,mnist,8.2,fed_mdbscan_g,3,0.2601333333333333,0.05701055457837026,0.2519701223698441,0.05539644584652996,0.0,0.0,0.43111111111111117,0.02264717147586731,,,3.0966530883891714,0.26556048964228834,0.05517368810051737,0.09498814319699955,0,3492,4608,0,0.0
clean,mnist,8.2,fedavg,3,0.8534666666666667,0.022872764007293336,0.8509831012034635,0.02376613236963111,,,0.0,0.0,,,0.09276820419278618,0.003098385071296728,0.013229859571322986,0.002494662059384726,0,0,8100,0,
oracle,mnist,8.2,fedavg,3,0.8375333333333334,0.0265196782283144,0.8337514674724038,0.027833032050901,1.0,0.0,0.0,0.0,1.0,0.0,0.06414884950888033,0.00339761481822085,0.014301552106430153,0.007989187682570497,2430,0,5670,0,1.0
main,fashion_mnist,6.2,fed_mdbscan_g,3,0.31766666666666665,0.103564778440034,0.3176666666666667,0.10356477844003402,0.0,0.0,0.38691358024691364,0.06460848994538106,,,3.8689971814578814,0.5265746404404673,,,0,3134,4966,0,0.0
main,fashion_mnist,6.2,fedavg,3,0.7363333333333332,0.02934796983324964,0.7363333333333332,0.02934796983324964,,,0.0,0.0,,,0.09003824045260746,0.003817519703555511,,,0,0,8100,0,
main,fashion_mnist,6.2,sample_weighted_mean,3,0.7151,0.04729873148404722,0.7151,0.04729873148404721,,,0.0,0.0,,,0.15445229791544582,0.006062088836759944,,,0,0,8100,0,
main,fashion_mnist,6.2,norm_clip,3,0.6037666666666667,0.03262825973498023,0.6037666666666667,0.03262825973498027,,,0.0,0.0,,,0.12619915350417918,0.006744603682502587,,,0,0,8100,0,
main,fashion_mnist,6.2,coord_median,3,0.32713333333333333,0.10080601833885383,0.32713333333333333,0.10080601833885383,,,0.0,0.0,,,0.3490450083161704,0.0038751956369186234,,,0,0,8100,0,
main,fashion_mnist,6.2,krum_bound30,3,0.40040000000000003,0.042309927912961516,0.40040000000000003,0.04230992791296149,0.0,0.0,0.32222222222222224,0.0,,,0.9823476826190017,0.04095758594985014,,,0,2610,5490,0,0.0
main,fashion_mnist,6.2,fltrust_normalized,3,0.6853666666666668,0.05117522186892146,0.6853666666666666,0.05117522186892133,0.0,0.0,0.3232098765432099,0.05288563810599595,,,0.17146259281111673,0.007713696945895746,,,0,2618,5482,0,0.0
main,fashion_mnist,6.2,flame_hdbscan,3,0.27736666666666665,0.06801369960039913,0.27736666666666665,0.06801369960039913,0.0,0.0,0.4696296296296296,0.012813958438523107,,,0.4211624440659459,0.011628305039132559,,,0,3804,4296,0,0.0
main,fashion_mnist,3.3,fed_mdbscan_g,3,0.4241333333333333,0.03454567025450995,0.4241333333333333,0.03454567025451001,0.4360082363114368,0.08920367652382752,0.28465608465608466,0.05256767531694942,0.4674897119341564,0.11624185072765472,5.628213254018273,1.227800920526462,,,1136,1614,4056,1294,0.4386100386100386
main,fashion_mnist,3.3,fedavg,3,0.6224,0.016219432789095933,0.6224000000000002,0.016219432789095923,0.0,0.0,0.0,0.0,0.0,0.0,0.08765199413109158,0.0018087603450538633,,,0,0,5670,2430,0.0
main,fashion_mnist,3.3,sample_weighted_mean,3,0.6536666666666667,0.053206891784178964,0.6536666666666667,0.053206891784178964,0.0,0.0,0.0,0.0,0.0,0.0,0.15628602961078286,0.004304966876882589,,,0,0,5670,2430,0.0
main,fashion_mnist,3.3,norm_clip,3,0.5929666666666665,0.01934743738414296,0.5929666666666666,0.019347437384142973,0.0,0.0,0.0,0.0,0.0,0.0,0.12144214618795862,0.0003914780432271901,,,0,0,5670,2430,0.0
main,fashion_mnist,3.3,coord_median,3,0.34990000000000004,0.11001540801178718,0.34990000000000004,0.11001540801178719,0.0,0.0,0.0,0.0,0.0,0.0,0.3571475759265013,0.014802508851761353,,,0,0,5670,2430,0.0
main,fashion_mnist,3.3,krum_bound30,3,0.42440000000000005,0.02936783955281694,0.42440000000000005,0.029367839552817007,0.34126984126984133,0.01860853029792595,0.30864197530864196,0.008270457910189296,0.35390946502057613,0.019297735123775087,0.9823879517925281,0.004762123905466408,,,860,1750,3920,1570,0.3412698412698413
main,fashion_mnist,3.3,fltrust_normalized,3,0.6776666666666668,0.06950944779908223,0.6776666666666665,0.06950944779908216,0.5462730517142754,0.017622396000474095,0.33315696649029986,0.04997223084122369,0.6674897119341564,0.039819998386530976,0.15235632902218235,0.005124120280258512,,,1622,1889,3781,808,0.5460360208719071
main,fashion_mnist,3.3,flame_hdbscan,3,0.3224333333333333,0.0821493964270787,0.3224333333333333,0.08214939642707875,0.518127110828713,0.06909345443481793,0.39400352733686067,0.03328851161935958,0.6716049382716051,0.09419194844549374,0.3988757600192912,0.004929609086715918,,,1632,2234,3436,798,0.5184243964421855
main,fashion_mnist,4.2,fed_mdbscan_g,3,0.34286666666666665,0.12496696896913734,0.34286666666666665,0.12496696896913734,0.2640883258078358,0.02833377882182453,0.39891975308641975,0.06984657233625652,0.39197530864197533,0.008751510418986308,3.867987552843988,0.6687423700063658,,,635,2585,3895,985,0.26239669421487605
main,fashion_mnist,4.2,fedavg,3,0.7519333333333332,0.01322585851025684,0.7519333333333332,0.013225858510256892,0.0,0.0,0.0,0.0,0.0,0.0,0.0867186716887065,0.0027478139034689065,,,0,0,6480,1620,0.0
main,fashion_mnist,4.2,sample_weighted_mean,3,0.7739333333333334,0.03418981329772558,0.7739333333333333,0.034189813297725594,0.0,0.0,0.0,0.0,0.0,0.0,0.15042944660979427,0.004513352797241975,,,0,0,6480,1620,0.0
main,fashion_mnist,4.2,norm_clip,3,0.6122333333333333,0.03797753722048512,0.6122333333333333,0.037977537220485115,0.0,0.0,0.0,0.0,0.0,0.0,0.12157590785451855,0.001841116245356674,,,0,0,6480,1620,0.0
main,fashion_mnist,4.2,coord_median,3,0.33113333333333334,0.10898698699080242,0.33113333333333334,0.10898698699080239,0.0,0.0,0.0,0.0,0.0,0.0,0.37385956364580325,0.02575638493484036,,,0,0,6480,1620,0.0
main,fashion_mnist,4.2,krum_bound30,3,0.4213,0.025350936866317175,0.4213,0.025350936866317182,0.26713947990543735,0.040228044012114966,0.31558641975308643,0.013129986587287519,0.3487654320987654,0.05251994634915009,0.9963988819133697,0.06255356562109343,,,565,2045,4435,1055,0.26713947990543735
main,fashion_mnist,4.2,fltrust_normalized,3,0.6865,0.027384667242820394,0.6865,0.027384667242820394,0.2537509898136557,0.031746908200602726,0.3279320987654321,0.04308873008415543,0.33827160493827163,0.0693476691942813,0.17050746340408093,0.00647469346886951,,,548,2125,4355,1072,0.25529932448171444
main,fashion_mnist,4.2,flame_hdbscan,3,0.28323333333333334,0.073188546462772,0.2832333333333333,0.07318854646277198,0.2936974210540106,0.05551965332463012,0.46388888888888885,0.03709775116215858,0.4901234567901234,0.08434231424172961,0.4299764213695501,0.016204277751035952,,,794,3006,3474,826,0.29298892988929887
main,fashion_mnist,5.2,fed_mdbscan_g,3,0.3454333333333333,0.1265710209065777,0.34543333333333326,0.12657102090657768,0.2630794564023691,0.025280810073522144,0.396604938271605,0.07372651874064717,0.3888888888888889,0.0,3.8894265536490518,0.6138630279805332,,,630,2570,3910,990,0.26141078838174275
main,fashion_mnist,5.2,fedavg,3,0.7522000000000001,0.013255564869140798,0.7521999999999999,0.013255564869140903,0.0,0.0,0.0,0.0,0.0,0.0,0.09150453406748259,0.003704153975216871,,,0,0,6480,1620,0.0
main,fashion_mnist,5.2,sample_weighted_mean,3,0.7718666666666666,0.03790439728228552,0.7718666666666666,0.03790439728228552,0.0,0.0,0.0,0.0,0.0,0.0,0.15558467481104243,0.011360826901723553,,,0,0,6480,1620,0.0
main,fashion_mnist,5.2,norm_clip,3,0.6128,0.037960110642620594,0.6128,0.03796011064262069,0.0,0.0,0.0,0.0,0.0,0.0,0.12353456926583829,0.0037094746916611415,,,0,0,6480,1620,0.0
main,fashion_mnist,5.2,coord_median,3,0.33280000000000004,0.10847677170712633,0.33280000000000004,0.10847677170712633,0.0,0.0,0.0,0.0,0.0,0.0,0.3781235678496564,0.006420047367796477,,,0,0,6480,1620,0.0
main,fashion_mnist,5.2,krum_bound30,3,0.4207,0.024938123425791277,0.4207000000000001,0.024938123425791298,0.2690307328605201,0.04035288566118558,0.3149691358024691,0.01317073351441474,0.3512345679012346,0.05268293405765893,1.0322552147217923,0.06861947709433366,,,569,2041,4439,1051,0.2690307328605201
main,fashion_mnist,5.2,fltrust_normalized,3,0.6802000000000001,0.033460872672421434,0.6802000000000001,0.03346087267242152,0.2511340927288131,0.031708173793244476,0.33317901234567904,0.0469612736776054,0.337037037037037,0.06856855030212453,0.1674731662458119,0.006939536799551474,,,546,2159,4321,1074,0.25248554913294796
main,fashion_mnist,5.2,flame_hdbscan,3,0.27593333333333336,0.06593825394513668,0.27593333333333336,0.0659382539451367,0.2958793551811711,0.05797243393006609,0.4646604938271605,0.036484105627248284,0.49506172839506163,0.08970178709557018,0.4259227819391526,0.04000743854013304,,,802,3011,3469,818,0.2952328363703295
main,fashion_mnist,6.1,fed_mdbscan_g,3,0.8341666666666666,0.008904680417248768,0.8341666666666668,0.008904680417248654,0.0,0.0,0.005308641975308642,0.005055702525788461,,,1.260118011977627,0.08468654911772416,,,0,43,8057,0,0.0
main,fashion_mnist,6.1,fedavg,3,0.8353,0.010250365847129591,0.8352999999999998,0.010250365847129426,,,0.0,0.0,,,0.08987936978875143,0.004961146655517442,,,0,0,8100,0,
main,fashion_mnist,6.1,sample_weighted_mean,3,0.8461666666666666,0.010515861036231578,0.8461666666666666,0.010515861036231578,,,0.0,0.0,,,0.15627022717510244,0.0014263430770396295,,,0,0,8100,0,
main,fashion_mnist,6.1,norm_clip,3,0.8353666666666667,0.010150041050820098,0.8353666666666667,0.010150041050820098,,,0.0,0.0,,,0.11921760717458608,0.004314690836999639,,,0,0,8100,0,
main,fashion_mnist,6.1,coord_median,3,0.7840666666666666,0.009434157796715782,0.7840666666666666,0.009434157796715737,,,0.0,0.0,,,0.3858046589393376,0.007188494447406562,,,0,0,8100,0,
main,fashion_mnist,6.1,krum_bound30,3,0.7869999999999999,0.009093404203047417,0.7869999999999999,0.009093404203047417,0.0,0.0,0.32222222222222224,0.0,,,1.0476692976455928,0.045121074232646705,,,0,2610,5490,0,0.0
main,fashion_mnist,6.1,fltrust_normalized,3,0.7940666666666667,0.0051393903659221534,0.7940666666666667,0.005139390365922122,0.0,0.0,0.2734567901234568,0.003193214112685819,,,0.17036351959945428,0.008241231129057622,,,0,2215,5885,0,0.0
main,fashion_mnist,6.1,flame_hdbscan,3,0.7680666666666666,0.006963715483370483,0.7680666666666668,0.0069637154833704215,0.0,0.0,0.4867901234567901,0.0015419748144193527,,,0.4270873953704722,0.03293448089551842,,,0,3943,4157,0,0.0
main,fashion_mnist,3.1,fed_mdbscan_g,3,0.45133333333333336,0.11559067148058848,0.4513333333333333,0.1155906714805885,0.7213987121538622,0.07503019544385066,0.19799382716049382,0.07070815211481304,1.0,0.0,4.0752861342379925,0.2737751305331888,,,1620,1283,5197,0,0.7163387132434225
main,fashion_mnist,3.1,fedavg,3,0.5587333333333334,0.008450641001328411,0.5587333333333334,0.008450641001328512,0.0,0.0,0.0,0.0,0.0,0.0,0.08616400990479935,0.004112060393162271,,,0,0,6480,1620,0.0
main,fashion_mnist,3.1,sample_weighted_mean,3,0.5967666666666668,0.021205030849619937,0.5967666666666666,0.02120503084961988,0.0,0.0,0.0,0.0,0.0,0.0,0.14851125576274676,0.001982354078065503,,,0,0,6480,1620,0.0
main,fashion_mnist,3.1,norm_clip,3,0.6726000000000001,0.020245740292713418,0.6726000000000001,0.02024574029271338,0.0,0.0,0.0,0.0,0.0,0.0,0.12067379186628385,0.005268422857152304,,,0,0,6480,1620,0.0
main,fashion_mnist,3.1,coord_median,3,0.32066666666666666,0.08782581245472958,0.32066666666666666,0.08782581245472958,0.0,0.0,0.0,0.0,0.0,0.0,0.3746598978591565,0.0114145905228021,,,0,0,6480,1620,0.0
main,fashion_mnist,3.1,krum_bound30,3,0.5145666666666667,0.019445393627626397,0.5145666666666667,0.019445393627626397,0.7659574468085107,1.3597399555105182e-16,0.1527777777777778,0.0,1.0,0.0,1.0020274662360962,0.06870548126056536,,,1620,990,5490,0,0.7659574468085106
main,fashion_mnist,3.1,fltrust_normalized,3,0.6738,0.03701904915040359,0.6738,0.03701904915040366,0.3513156622977962,0.017398428324515113,0.3479938271604938,0.05735199934605142,0.5080246913580247,0.022630003431880694,0.15923980332445353,0.00679736423075575,,,823,2255,4225,797,0.3503618561089826
main,fashion_mnist,3.1,flame_hdbscan,3,0.3215666666666667,0.015563525735942158,0.32156666666666667,0.015563525735942142,0.5837886774577483,0.0020709259173086855,0.35648148148148157,0.003035851168658341,1.0,0.0,0.4235199863750798,0.0020037540181092085,,,1620,2310,4170,0,0.5837837837837838
main,fashion_mnist,1.1,fed_mdbscan_g,3,0.8563999999999999,0.0014177446878757948,0.8563999999999999,0.0014177446878757712,0.0,0.0,0.004074074074074074,0.0024286809349266672,,,1.129778536043078,0.05214244912800261,,,0,33,8067,0,0.0
main,fashion_mnist,1.1,fedavg,3,0.8565666666666667,0.0014011899704655909,0.8565666666666667,0.0014011899704655937,,,0.0,0.0,,,0.09158526819147583,0.009346628705337541,,,0,0,8100,0,
main,fashion_mnist,1.1,sample_weighted_mean,3,0.8617333333333334,0.0014047538337136544,0.8617333333333331,0.0014047538337137123,,,0.0,0.0,,,0.1527015140732854,0.008615534810174252,,,0,0,8100,0,
main,fashion_mnist,1.1,norm_clip,3,0.8565333333333335,0.0017039170558842507,0.8565333333333335,0.0017039170558843081,,,0.0,0.0,,,0.11596436645421716,0.0015475087034664925,,,0,0,8100,0,
main,fashion_mnist,1.1,coord_median,3,0.8486666666666668,0.0022007574453658547,0.8486666666666668,0.0022007574453658547,,,0.0,0.0,,,0.38741334673638145,0.004426943464379488,,,0,0,8100,0,
main,fashion_mnist,1.1,krum_bound30,3,0.8436,0.0011532562594670584,0.8436,0.0011532562594669719,0.0,0.0,0.32222222222222224,0.0,,,0.9928175888528736,0.021947337856709655,,,0,2610,5490,0,0.0
main,fashion_mnist,1.1,fltrust_normalized,3,0.8312666666666666,0.006666583332812498,0.8312666666666667,0.006666583332812486,0.0,0.0,0.3191358024691358,0.02160987597896495,,,0.1618365888419147,0.011025358989338499,,,0,2585,5515,0,0.0
main,fashion_mnist,1.1,flame_hdbscan,3,0.8371,0.0027874719729532823,0.8370999999999998,0.002787471972953129,0.0,0.0,0.4887654320987654,0.00021383343303318542,,,0.44146895303080474,0.02199153495988744,,,0,3959,4141,0,0.0
main,fashion_mnist,1.2,fed_mdbscan_g,3,0.8553666666666667,0.001975685535031671,0.8553666666666668,0.0019756855350317702,0.9960106508476523,0.0032243720048173267,0.002006172839506173,0.0016258724927241883,1.0,0.0,2.330971491605871,0.038399183237116434,,,1620,13,6467,0,0.9960036889025515
main,fashion_mnist,1.2,fedavg,3,0.6710666666666666,0.012661885062396263,0.6710666666666666,0.012661885062396284,0.0,0.0,0.0,0.0,0.0,0.0,0.08535964134433825,0.004416933879026209,,,0,0,6480,1620,0.0
main,fashion_mnist,1.2,sample_weighted_mean,3,0.6538,0.019650190838767966,0.6538,0.019650190838767914,0.0,0.0,0.0,0.0,0.0,0.0,0.1528942202929304,0.008481723830408357,,,0,0,6480,1620,0.0
main,fashion_mnist,1.2,norm_clip,3,0.8500333333333333,0.0011547005383792527,0.8500333333333335,0.0011547005383791243,0.0,0.0,0.0,0.0,0.0,0.0,0.12051090090664933,0.0016060000630743715,,,0,0,6480,1620,0.0
main,fashion_mnist,1.2,coord_median,3,0.8475999999999999,0.0033151168908501466,0.8475999999999999,0.0033151168908501717,0.0,0.0,0.0,0.0,0.0,0.0,0.4065054737484186,0.018748311824105076,,,0,0,6480,1620,0.0
main,fashion_mnist,1.2,krum_bound30,3,0.8500666666666667,0.0015695009822657593,0.8500666666666667,0.0015695009822657593,0.7659574468085107,1.3597399555105182e-16,0.1527777777777778,0.0,1.0,0.0,0.9925997096178536,0.0322319528155009,,,1620,990,5490,0,0.7659574468085106
main,fashion_mnist,1.2,fltrust_normalized,3,0.8323999999999999,0.009721625378505395,0.8323999999999999,0.009721625378505431,0.3561669714957241,0.007562015018991005,0.33179012345679015,0.013689411131879683,0.504320987654321,0.019801253002895643,0.16719005924468447,0.020848980295470058,,,817,2150,4330,803,0.35622411161979506
main,fashion_mnist,1.2,flame_hdbscan,3,0.8415,0.0037999999999999818,0.8414999999999999,0.0037999999999999965,0.5806451612903226,0.0,0.3611111111111111,0.0,1.0,0.0,0.4133111645984981,0.02803366327902013,,,1620,2340,4140,0,0.5806451612903226
main,fashion_mnist,1.3,fed_mdbscan_g,3,0.8544,0.00211660104885167,0.8544,0.002116601048851754,0.9614999662261781,0.01628749023073061,0.0029320987654320985,0.003151323743312058,0.9370370370370371,0.03276260372769281,2.5873940657526773,0.08276997975687664,,,1518,19,6461,102,0.9616724738675958
main,fashion_mnist,1.3,fedavg,3,0.8338,0.021713820483737982,0.8338000000000001,0.02171382048373792,0.0,0.0,0.0,0.0,0.0,0.0,0.0889733872984329,0.006614027326422381,,,0,0,6480,1620,0.0
main,fashion_mnist,1.3,sample_weighted_mean,3,0.8424,0.015447653543499779,0.8424,0.015447653543499779,0.0,0.0,0.0,0.0,0.0,0.0,0.14887930751752315,0.007110800072789983,,,0,0,6480,1620,0.0
main,fashion_mnist,1.3,norm_clip,3,0.8422,0.0038157568056678107,0.8422000000000001,0.0038157568056678744,0.0,0.0,0.0,0.0,0.0,0.0,0.11767921587969694,0.004708716620357267,,,0,0,6480,1620,0.0
main,fashion_mnist,1.3,coord_median,3,0.8454666666666667,0.0021501937897160034,0.8454666666666668,0.0021501937897161144,0.0,0.0,0.0,0.0,0.0,0.0,0.3909934907297914,0.008108597269391584,,,0,0,6480,1620,0.0
main,fashion_mnist,1.3,krum_bound30,3,0.8496333333333334,0.0013012814197295099,0.8496333333333332,0.0013012814197294559,0.7650118203309693,0.0008189365520420235,0.15308641975308643,0.0002672917912914818,0.9987654320987653,0.0010691671651659911,0.9964507388662444,0.030201247427041146,,,1618,992,5488,2,0.7650118203309693
main,fashion_mnist,1.3,fltrust_normalized,3,0.8290333333333333,0.005350077881053094,0.8290333333333333,0.005350077881053039,0.5235259088480183,0.07047258441695305,0.3183641975308642,0.004906825029501445,0.8111111111111112,0.14869113456404312,0.15823311794989017,0.003431605526813075,,,1314,2063,4417,306,0.5259155493295977
main,fashion_mnist,1.3,flame_hdbscan,3,0.8415,0.003517101079013797,0.8415,0.0035171010790138037,0.576804887971141,0.004908355398411448,0.3626543209876543,0.0019274685180241976,0.9932098765432098,0.00875151041898635,0.45373533637288754,0.020458087965514623,,,1609,2350,4130,11,0.576805879189819
main,fashion_mnist,2.1,fed_mdbscan_g,3,0.8306666666666667,0.007335075550622009,0.8306666666666668,0.0073350755506219785,0.9920777555543688,0.007563064121069913,0.004012345679012346,0.003854937036048394,1.0,0.0,2.885108955979296,0.08387036244344656,,,1620,26,6454,0,0.9920391916717698
main,fashion_mnist,2.1,fedavg,3,0.656,0.00855102333057278,0.656,0.008551023330572744,0.0,0.0,0.0,0.0,0.0,0.0,0.09704951394297597,0.00754535576836917,,,0,0,6480,1620,0.0
main,fashion_mnist,2.1,sample_weighted_mean,3,0.6293,0.033375290260910136,0.6293,0.03337529026091008,0.0,0.0,0.0,0.0,0.0,0.0,0.16659478823938925,0.011687249888792418,,,0,0,6480,1620,0.0
main,fashion_mnist,2.1,norm_clip,3,0.8276333333333333,0.007726793211503302,0.8276333333333333,0.0077267932115033635,0.0,0.0,0.0,0.0,0.0,0.0,0.12440864879430996,0.001930460846659243,,,0,0,6480,1620,0.0
main,fashion_mnist,2.1,coord_median,3,0.7777333333333333,0.012775497381054615,0.7777333333333333,0.012775497381054615,0.0,0.0,0.0,0.0,0.0,0.0,0.399085673414326,0.02075379564771598,,,0,0,6480,1620,0.0
main,fashion_mnist,2.1,krum_bound30,3,0.7982999999999999,0.014068048905232042,0.7982999999999999,0.014068048905232153,0.7659574468085107,1.3597399555105182e-16,0.1527777777777778,0.0,1.0,0.0,0.9684124193801028,0.02554869634071005,,,1620,990,5490,0,0.7659574468085106
main,fashion_mnist,2.1,fltrust_normalized,3,0.7873666666666667,0.008963444278475409,0.7873666666666667,0.008963444278475409,0.38790343710263236,0.011887042946011036,0.2726851851851852,0.009566656629523995,0.5030864197530863,0.01817584180782153,0.1699313324229378,0.004552586042113598,,,815,1767,4713,805,0.38791051880057115
main,fashion_mnist,2.1,flame_hdbscan,3,0.7653333333333334,0.01716459534429322,0.7653333333333334,0.01716459534429322,0.5810618424250843,0.00036085644798127453,0.36049382716049383,0.0005345835825829957,1.0,0.0,0.4066985384819822,0.023982948561648315,,,1620,2336,4144,0,0.5810616929698709
main,fashion_mnist,2.2,fed_mdbscan_g,3,0.8286666666666668,0.008984616482261969,0.8286666666666666,0.00898461648226187,0.48464316501226756,0.28744612659355373,0.004012345679012346,0.0035359380362313575,0.3561728395061729,0.23674992256487953,2.0823889043906494,0.7190648611691731,,,577,26,6454,1043,0.5191183085919928
main,fashion_mnist,2.2,fedavg,3,0.8268999999999999,0.009556673061269812,0.8269000000000001,0.009556673061269871,0.0,0.0,0.0,0.0,0.0,0.0,0.0940833217309167,0.0053610223764352155,,,0,0,6480,1620,0.0
main,fashion_mnist,2.2,sample_weighted_mean,3,0.7929666666666666,0.08718379054235556,0.7929666666666666,0.08718379054235553,0.0,0.0,0.0,0.0,0.0,0.0,0.1623273629928008,0.006211240795083124,,,0,0,6480,1620,0.0
main,fashion_mnist,2.2,norm_clip,3,0.8272666666666666,0.009857146307797847,0.8272666666666666,0.009857146307797954,0.0,0.0,0.0,0.0,0.0,0.0,0.120817775994591,0.004799828211778908,,,0,0,6480,1620,0.0
main,fashion_mnist,2.2,coord_median,3,0.7797999999999999,0.007171471257698749,0.7797999999999999,0.007171471257698824,0.0,0.0,0.0,0.0,0.0,0.0,0.37878853759288583,0.007900543508527487,,,0,0,6480,1620,0.0
main,fashion_mnist,2.2,krum_bound30,3,0.7977333333333334,0.009827681991870344,0.7977333333333334,0.009827681991870282,0.7144208037825059,0.03360634637147395,0.16959876543209876,0.010968738051800535,0.9327160493827159,0.043874952207202104,0.948169248635208,0.031783546348513395,,,1511,1099,5381,109,0.7144208037825059
main,fashion_mnist,2.2,fltrust_normalized,3,0.7863333333333333,0.011650035765324206,0.7863333333333333,0.011650035765324264,0.5944410578537085,0.013964239906430278,0.2705246913580247,0.00919343889420154,0.8808641975308641,0.03728313301368272,0.16294772209237432,0.0043443508710324305,,,1427,1753,4727,193,0.5945833333333334
main,fashion_mnist,2.2,flame_hdbscan,3,0.7618,0.013879121009631694,0.7617999999999999,0.013879121009631706,0.5489328104921806,0.025255819296622458,0.37330246913580245,0.010324523878813437,0.9432098765432099,0.044380097451898026,0.4259393849047936,0.015900507356785002,,,1528,2419,4061,92,0.5489491647206755
main,fashion_mnist,2.3,fed_mdbscan_g,3,0.8335,0.0068088178122197186,0.8334999999999999,0.00680881781221967,0.9991777160282999,0.00035573002465604924,0.0007054673721340388,0.0003054763329045639,1.0,0.0,2.9028364671044984,0.26595885083029697,,,2430,4,5666,0,0.9991776315789473
main,fashion_mnist,2.3,fedavg,3,0.6519,0.010717742299570347,0.6518999999999999,0.010717742299570428,0.0,0.0,0.0,0.0,0.0,0.0,0.09783292746481798,0.007034689744033483,,,0,0,5670,2430,0.0
main,fashion_mnist,2.3,sample_weighted_mean,3,0.6220333333333333,0.02937368436770116,0.6220333333333333,0.029373684367701207,0.0,0.0,0.0,0.0,0.0,0.0,0.1576323718026591,0.005461727753593289,,,0,0,5670,2430,0.0
main,fashion_mnist,2.3,norm_clip,3,0.8257333333333333,0.005404936015655806,0.8257333333333334,0.005404936015655826,0.0,0.0,0.0,0.0,0.0,0.0,0.12028105639231701,0.005303708244672615,,,0,0,5670,2430,0.0
main,fashion_mnist,2.3,coord_median,3,0.7878,0.006518435395092927,0.7878,0.006518435395092818,0.0,0.0,0.0,0.0,0.0,0.0,0.3906712883501314,0.00682771505514766,,,0,0,5670,2430,0.0
main,fashion_mnist,2.3,krum_bound30,3,0.8277666666666667,0.004508140784551148,0.8277666666666667,0.004508140784551196,0.9642857142857143,0.0,0.031746031746031744,0.0,1.0,0.0,1.0143391140904796,0.03800646831413431,,,2430,180,5490,0,0.9642857142857143
main,fashion_mnist,2.3,fltrust_normalized,3,0.7864,0.012161825520866542,0.7864,0.012161825520866481,0.47421839381473196,0.013390704646751909,0.2728395061728395,0.012985439248112842,0.508641975308642,0.015170624354869747,0.17350961347239915,0.0007641355435348269,,,1236,1547,4123,1194,0.47419911759063876
main,fashion_mnist,2.3,flame_hdbscan,3,0.7853666666666667,0.02227203029212495,0.7853666666666667,0.022272030292124986,0.7611591157373394,0.00041308671818935527,0.2689594356261023,0.000610952665809147,1.0,0.0,0.47574696104792463,0.01697625448621743,,,2430,1525,4145,0,0.7611589663273297
main,fashion_mnist,3.2,fed_mdbscan_g,3,0.6419666666666667,0.0035529330606322343,0.6419666666666667,0.0035529330606321927,0.9281612397831672,0.014341070250170753,0.06649029982363315,0.01439633180750795,1.0,0.0,4.46774687008777,0.352639931252991,,,2430,377,5293,0,0.9280122207370632
main,fashion_mnist,3.2,fedavg,3,0.5477,0.01967231557290602,0.5477,0.01967231557290601,0.0,0.0,0.0,0.0,0.0,0.0,0.0967399429426425,0.004500157276201286,,,0,0,5670,2430,0.0
main,fashion_mnist,3.2,sample_weighted_mean,3,0.5856333333333333,0.05067162256464004,0.5856333333333333,0.050671622564639925,0.0,0.0,0.0,0.0,0.0,0.0,0.1604275104796721,0.012225306506206029,,,0,0,5670,2430,0.0
main,fashion_mnist,3.2,norm_clip,3,0.6911666666666666,0.010010660983837856,0.6911666666666666,0.010010660983837856,0.0,0.0,0.0,0.0,0.0,0.0,0.12414393775397913,0.007537285421972963,,,0,0,5670,2430,0.0
main,fashion_mnist,3.2,coord_median,3,0.35756666666666664,0.12660175090942988,0.35756666666666664,0.12660175090942988,0.0,0.0,0.0,0.0,0.0,0.0,0.3938405314835513,0.012760647481583422,,,0,0,5670,2430,0.0
main,fashion_mnist,3.2,krum_bound30,3,0.6636666666666667,0.03635193713316157,0.6636666666666667,0.03635193713316167,0.9642857142857143,0.0,0.031746031746031744,0.0,1.0,0.0,0.9775155405966668,0.013358557180108298,,,2430,180,5490,0,0.9642857142857143
main,fashion_mnist,3.2,fltrust_normalized,3,0.6738333333333334,0.03465967878289315,0.6738333333333334,0.034659678782893145,0.4261850787157117,0.04843451239900324,0.3523809523809524,0.06159421041631851,0.49135802469135803,0.03653987305419441,0.16582615742356413,0.012936853323928743,,,1194,1998,3672,1236,0.4247598719316969
main,fashion_mnist,3.2,flame_hdbscan,3,0.41556666666666664,0.031605432022570636,0.4155666666666667,0.03160543202257066,0.7642717170023231,0.0008332068888345704,0.264373897707231,0.0012219053316182618,1.0,0.0,0.4394028038019315,0.012215361615099781,,,2430,1499,4171,0,0.764271111810033
main,fashion_mnist,4.1,fed_mdbscan_g,3,0.8344666666666667,0.006616141876753645,0.8344666666666667,0.006616141876753645,0.0,0.0,0.005864197530864197,0.0048629479187002255,0.0,0.0,1.2542348081323629,0.11106843377233641,,,0,38,6442,1620,0.0
main,fashion_mnist,4.1,fedavg,3,0.8353666666666667,0.007563949585589093,0.8353666666666667,0.007563949585589152,0.0,0.0,0.0,0.0,0.0,0.0,0.09178358907423294,0.00847035721883604,,,0,0,6480,1620,0.0
main,fashion_mnist,4.1,sample_weighted_mean,3,0.8465333333333334,0.01266978031906368,0.8465333333333334,0.012669780319063673,0.0,0.0,0.0,0.0,0.0,0.0,0.14867689542136053,0.0047520298901956495,,,0,0,6480,1620,0.0
main,fashion_mnist,4.1,norm_clip,3,0.8353,0.007474623736349552,0.8353,0.007474623736349499,0.0,0.0,0.0,0.0,0.0,0.0,0.128963456032539,0.003919680582710482,,,0,0,6480,1620,0.0
main,fashion_mnist,4.1,coord_median,3,0.7854666666666666,0.00961994455978482,0.7854666666666666,0.00961994455978482,0.0,0.0,0.0,0.0,0.0,0.0,0.3862317731021903,0.007379583882360893,,,0,0,6480,1620,0.0
main,fashion_mnist,4.1,krum_bound30,3,0.7889666666666666,0.011607038094765328,0.7889666666666667,0.011607038094765357,0.2855791962174941,0.02425213920233033,0.30956790123456795,0.007915628767427253,0.3728395061728395,0.03166251506970904,1.0154700015645681,0.03961432115019363,,,604,2006,4474,1016,0.2855791962174941
main,fashion_mnist,4.1,fltrust_normalized,3,0.7946333333333334,0.0026102362600602586,0.7946333333333332,0.00261023626006024,0.21871393338706144,0.05212912115827601,0.2765432098765432,0.020160606283659663,0.25864197530864197,0.06286302889916845,0.1751479581347667,0.0007935798954116198,,,419,1792,4688,1201,0.21874184286087184
main,fashion_mnist,4.1,flame_hdbscan,3,0.7686666666666667,0.00626604606856138,0.7686666666666667,0.006266046068561348,0.30429228869971214,0.060890057092382585,0.47824074074074074,0.025170883739015174,0.5228395061728395,0.10528446887973804,0.4230935786178129,0.016424341870647684,,,847,3099,3381,773,0.30434782608695654
main,fashion_mnist,4.3,fed_mdbscan_g,3,0.32239999999999996,0.10660783273287192,0.32239999999999996,0.10660783273287192,0.30399583066307356,0.022413188522478072,0.4072310405643739,0.06405686470889022,0.3502057613168725,0.04619879994649719,4.189997618659658,0.682156636325939,,,851,2309,3361,1579,0.3044722719141324
main,fashion_mnist,4.3,fedavg,3,0.7460333333333334,0.02827195312201358,0.7460333333333334,0.028271953122013516,0.0,0.0,0.0,0.0,0.0,0.0,0.09272483377458735,0.003130635057415435,,,0,0,5670,2430,0.0
main,fashion_mnist,4.3,sample_weighted_mean,3,0.7891666666666666,0.03714301190443946,0.7891666666666666,0.03714301190443946,0.0,0.0,0.0,0.0,0.0,0.0,0.15636709533735282,0.005917620613588207,,,0,0,5670,2430,0.0
main,fashion_mnist,4.3,norm_clip,3,0.6103666666666667,0.03558178372894384,0.6103666666666666,0.035581783728943814,0.0,0.0,0.0,0.0,0.0,0.0,0.12317255437891517,0.0062279652047612915,,,0,0,5670,2430,0.0
main,fashion_mnist,4.3,coord_median,3,0.33176666666666665,0.10736337053824892,0.33176666666666665,0.1073633705382489,0.0,0.0,0.0,0.0,0.0,0.0,0.3682778132833644,0.005943156762476033,,,0,0,5670,2430,0.0
main,fashion_mnist,4.3,krum_bound30,3,0.3968,0.0242099153240981,0.3968,0.024209915324098098,0.30992063492063493,0.014693260779026683,0.3225749559082892,0.006530338124011833,0.32139917695473247,0.01523745562269436,1.0286194343132795,0.0313680528762327,,,781,1829,3841,1649,0.30992063492063493
main,fashion_mnist,4.3,fltrust_normalized,3,0.6765666666666666,0.04005874852430283,0.6765666666666666,0.040058748524302794,0.30484544580917233,0.030852251975130092,0.3412698412698412,0.04858226297302535,0.32469135802469135,0.05494867428214291,0.16252302960622023,0.001660233483633274,,,789,1935,3735,1641,0.3061699650756694
main,fashion_mnist,4.3,flame_hdbscan,3,0.2758333333333333,0.06643886914550347,0.2758333333333334,0.06643886914550348,0.364917781096377,0.049144446398634196,0.47054673721340384,0.035181538313345126,0.4679012345679013,0.06068249741947909,0.4193909089663066,0.023916974458087784,,,1137,2668,3002,1293,0.36471531676022456
main,fashion_mnist,5.1,fed_mdbscan_g,3,0.8339666666666666,0.0063516402081141956,0.8339666666666666,0.0063516402081141956,0.0,0.0,0.005709876543209876,0.004862947918700225,0.0,0.0,1.2568381205951382,0.03947865755049523,,,0,37,6443,1620,0.0
main,fashion_mnist,5.1,fedavg,3,0.8354333333333335,0.007596271015000278,0.8354333333333334,0.007596271015000285,0.0,0.0,0.0,0.0,0.0,0.0,0.09440068888555592,0.0025729596891647115,,,0,0,6480,1620,0.0
main,fashion_mnist,5.1,sample_weighted_mean,3,0.8458333333333333,0.01145440235600847,0.8458333333333332,0.01145440235600836,0.0,0.0,0.0,0.0,0.0,0.0,0.16062471219985228,0.011945165892424251,,,0,0,6480,1620,0.0
main,fashion_mnist,5.1,norm_clip,3,0.8352333333333334,0.00737992773225679,0.8352333333333334,0.007379927732256849,0.0,0.0,0.0,0.0,0.0,0.0,0.12363747763835514,0.0038917082341095987,,,0,0,6480,1620,0.0
main,fashion_mnist,5.1,coord_median,3,0.7859666666666666,0.009714079129456078,0.7859666666666666,0.009714079129456078,0.0,0.0,0.0,0.0,0.0,0.0,0.3870547609054484,0.00851213684089871,,,0,0,6480,1620,0.0
main,fashion_mnist,5.1,krum_bound30,3,0.7906333333333334,0.014146495443512985,0.7906333333333334,0.01414649544351302,0.31867612293144204,0.019362264992381337,0.29876543209876544,0.006319628157235576,0.4160493827160494,0.02527851262894232,1.0301773340648248,0.11400312546740274,,,674,1936,4544,946,0.3186761229314421
main,fashion_mnist,5.1,fltrust_normalized,3,0.7937666666666668,0.003557152419187756,0.7937666666666666,0.0035571524191877076,0.21314471132867344,0.052380588878594626,0.2760802469135803,0.017533608070784558,0.2512345679012346,0.0638911253857964,0.17082646035641016,0.008516779164205556,,,407,1789,4691,1213,0.21331236897274633
main,fashion_mnist,5.1,flame_hdbscan,3,0.7678333333333334,0.0018610033136277372,0.7678333333333334,0.0018610033136276854,0.3196552426739807,0.07233845195462536,0.47175925925925927,0.029802735073020517,0.5493827160493826,0.12532992582123287,0.4117661738548324,0.05881054745357877,,,890,3057,3423,730,0.3197413328543201
main,fashion_mnist,5.3,fed_mdbscan_g,3,0.3300666666666667,0.1128397684034017,0.3300666666666667,0.1128397684034017,0.3050963485398688,0.020117080341011263,0.4054673721340388,0.06725268042096806,0.35102880658436214,0.046429164618105,4.085665974314583,0.792882100297157,,,853,2299,3371,1577,0.3056252239340738
main,fashion_mnist,5.3,fedavg,3,0.7456,0.029004137635861522,0.7455999999999999,0.02900413763586146,0.0,0.0,0.0,0.0,0.0,0.0,0.08840266478170332,0.004567885333246207,,,0,0,5670,2430,0.0
main,fashion_mnist,5.3,sample_weighted_mean,3,0.7898999999999999,0.03680448342253966,0.7898999999999999,0.03680448342253966,0.0,0.0,0.0,0.0,0.0,0.0,0.1536911870404664,0.0076027617390230185,,,0,0,5670,2430,0.0
main,fashion_mnist,5.3,norm_clip,3,0.6091,0.0346827046234863,0.6091,0.0346827046234863,0.0,0.0,0.0,0.0,0.0,0.0,0.1222150434494122,0.002102147709928271,,,0,0,5670,2430,0.0
main,fashion_mnist,5.3,coord_median,3,0.336,0.10977381290635758,0.336,0.1097738129063576,0.0,0.0,0.0,0.0,0.0,0.0,0.3876352661806676,0.007139277120962605,,,0,0,5670,2430,0.0
main,fashion_mnist,5.3,krum_bound30,3,0.4009666666666667,0.02215047027341255,0.4009666666666667,0.022150470273412527,0.3123015873015873,0.017830668205286476,0.3215167548500882,0.007924741424571766,0.3238683127572017,0.018491063324000804,1.0253073950621505,0.046363308627525676,,,787,1823,3847,1643,0.3123015873015873
main,fashion_mnist,5.3,fltrust_normalized,3,0.6768666666666667,0.038820784810888784,0.6768666666666667,0.038820784810888846,0.3037037232197737,0.028161173616337055,0.34215167548500885,0.04705525543746679,0.3234567901234568,0.051334871324177266,0.16984743487555531,0.0006363723431784549,,,786,1940,3730,1644,0.3048875096974399
main,fashion_mnist,5.3,flame_hdbscan,3,0.2735,0.06409360342499085,0.2735,0.06409360342499086,0.37210426887141707,0.04841166073685409,0.46948853615520286,0.03478140165525144,0.47860082304526746,0.05913481446290982,0.4390607589157298,0.015381722469492267,,,1163,2662,3008,1267,0.3718625099920064
ablation,fashion_mnist,6.2,mdbg_l0_only,3,0.31759999999999994,0.10349101410267462,0.31760000000000005,0.10349101410267464,0.0,0.0,0.37419753086419755,0.06728145878271738,,,1.8241267048921956,0.2785382465314888,,,0,3031,5069,0,0.0
ablation,fashion_mnist,6.2,mdbg_no_momentum,3,0.31766666666666665,0.103564778440034,0.3176666666666667,0.10356477844003402,0.0,0.0,0.38691358024691364,0.06460848994538106,,,3.9850681482167496,0.7072345863203744,,,0,3134,4966,0,0.0
ablation,fashion_mnist,6.2,mdbg_no_valve,3,0.3176333333333333,0.10362168370246323,0.3176333333333333,0.10362168370246325,0.0,0.0,0.4058024691358025,0.09688235716270022,,,4.082874921766213,0.4001995244269291,,,0,3287,4813,0,0.0
ablation,fashion_mnist,6.2,mdbg_rtr15,3,0.3354333333333333,0.13014954219409813,0.3354333333333333,0.13014954219409813,0.0,0.0,0.42456790123456783,0.05019896398699962,,,3.7760414738376213,0.8001337532484112,,,0,3439,4661,0,0.0
ablation,fashion_mnist,6.2,mdbg_rtr20,3,0.3471666666666667,0.13294834836632358,0.3471666666666666,0.13294834836632355,0.0,0.0,0.4041975308641976,0.054325055964377,,,3.9461199216855065,0.8270363254123972,,,0,3274,4826,0,0.0
ablation,fashion_mnist,6.2,mdbg_rtr30,3,0.3301,0.1204582500287963,0.3301,0.12045825002879629,0.0,0.0,0.3838271604938271,0.07590725455455533,,,4.084230295502736,0.7653294427607612,,,0,3109,4991,0,0.0
ablation,fashion_mnist,6.2,fed_g2l_25,3,0.31759999999999994,0.10349101410267462,0.31760000000000005,0.10349101410267464,0.0,0.0,0.37419753086419755,0.06728145878271738,,,1.1439726680180886,0.3191854538312159,,,0,3031,5069,0,0.0
ablation,fashion_mnist,3.3,mdbg_l0_only,3,0.40909999999999996,0.05375304642529574,0.40909999999999996,0.053753046425295735,0.3321182239475352,0.01717704974540867,0.2890652557319224,0.03551022767872114,0.33415637860082303,0.035809563650711244,1.792816555208992,0.2984198845901587,,,812,1639,4031,1618,0.33271870518336405
ablation,fashion_mnist,3.3,mdbg_no_momentum,3,0.4241333333333333,0.03454567025450995,0.4241333333333333,0.03454567025451001,0.4360082363114368,0.08920367652382752,0.28465608465608466,0.05256767531694942,0.4674897119341564,0.11624185072765472,5.76740566350442,1.320481309457908,,,1136,1614,4056,1294,0.4386100386100386
ablation,fashion_mnist,3.3,mdbg_no_valve,3,0.4241333333333333,0.03454567025450995,0.4241333333333333,0.03454567025451001,0.4360082363114368,0.08920367652382752,0.28465608465608466,0.05256767531694942,0.4674897119341564,0.11624185072765472,5.634806850963893,0.9186157803194469,,,1136,1614,4056,1294,0.4386100386100386
ablation,fashion_mnist,3.3,mdbg_rtr15,3,0.33990000000000004,0.08644587902265786,0.33990000000000004,0.08644587902265786,0.45338182774192326,0.016809564049659196,0.37389770723104054,0.01496834031232364,0.5489711934156378,0.024824742603877653,4.708538692695503,1.3170292019174226,,,1334,2120,3550,1096,0.45343303874915025
ablation,fashion_mnist,3.3,mdbg_rtr20,3,0.40209999999999996,0.04912138027376675,0.40210000000000007,0.04912138027376674,0.4408029416100518,0.0631924616734488,0.326984126984127,0.029799212360484068,0.4991769547325102,0.07909268035384859,5.486627765572888,1.116908107680172,,,1213,1854,3816,1217,0.44133163543751136
ablation,fashion_mnist,3.3,mdbg_rtr30,3,0.4594333333333333,0.018762284864411723,0.4594333333333333,0.018762284864411723,0.4391906111683533,0.05058105469830703,0.2492063492063492,0.04525897596629604,0.448559670781893,0.09279265081523588,5.839807270617328,1.2193150303223705,,,1090,1413,4257,1340,0.4419217514696939
ablation,fashion_mnist,3.3,fed_g2l_25,3,0.40909999999999996,0.05375304642529574,0.40909999999999996,0.053753046425295735,0.3321182239475352,0.01717704974540867,0.2890652557319224,0.03551022767872114,0.33415637860082303,0.035809563650711244,1.15822854448084,0.2798215121963028,,,812,1639,4031,1618,0.33271870518336405
ablation,fashion_mnist,4.2,mdbg_l0_only,3,0.34149999999999997,0.12390593206138276,0.34149999999999997,0.12390593206138274,0.27281886667760386,0.03019308046015313,0.3717592592592593,0.0848284094716973,0.3888888888888889,0.0,1.7898889884805411,0.2764608314769336,,,630,2409,4071,990,0.27044430135222153
ablation,fashion_mnist,4.2,mdbg_no_momentum,3,0.34286666666666665,0.12496696896913734,0.34286666666666665,0.12496696896913734,0.2640883258078358,0.02833377882182453,0.39891975308641975,0.06984657233625652,0.39197530864197533,0.008751510418986308,3.9955272068010856,0.48847661634518025,,,635,2585,3895,985,0.26239669421487605
ablation,fashion_mnist,4.2,mdbg_no_valve,3,0.34236666666666665,0.12453390435272371,0.34236666666666665,0.12453390435272371,0.2643110045258272,0.024757720707285772,0.4055555555555555,0.08094970622721004,0.3962962962962963,0.011111111111111101,3.957648262016786,0.40955100368358155,,,642,2628,3852,978,0.2625766871165644
ablation,fashion_mnist,4.2,mdbg_rtr15,3,0.3412,0.1392997846373066,0.3412,0.13929978463730658,0.26376810878093254,0.029044907984031323,0.4291666666666667,0.06137534066464282,0.4104938271604938,0.02698455925233877,3.909140236420919,0.762400685813047,,,665,2781,3699,955,0.2625345440189499
ablation,fashion_mnist,4.2,mdbg_rtr20,3,0.35923333333333335,0.14335390937582876,0.35923333333333335,0.1433539093758288,0.2615630729966732,0.024421742263246483,0.4103395061728395,0.06430742760076276,0.39506172839506176,0.005657500857970181,4.029947522300709,0.6129073858341113,,,640,2659,3821,980,0.2602154909534458
ablation,fashion_mnist,4.2,mdbg_rtr30,3,0.3333333333333333,0.11748814124554587,0.3333333333333333,0.11748814124554587,0.2598833681070482,0.04169334837677706,0.3842592592592593,0.08775438233305329,0.37407407407407406,0.026254531256958938,4.117015551144464,0.42324368783097577,,,606,2490,3990,1014,0.25699745547073793
ablation,fashion_mnist,4.2,fed_g2l_25,3,0.34149999999999997,0.12390593206138276,0.34149999999999997,0.12390593206138274,0.27281886667760386,0.03019308046015313,0.3717592592592593,0.0848284094716973,0.3888888888888889,0.0,1.2061998855219118,0.2936319808352822,,,630,2409,4071,990,0.27044430135222153
ablation,fashion_mnist,5.2,mdbg_l0_only,3,0.34096666666666664,0.12334380135756046,0.34096666666666664,0.12334380135756044,0.27283953403625266,0.030318637312402308,0.3717592592592593,0.08521160017181273,0.3888888888888889,0.0,1.8261438587382954,0.4191856228918243,,,630,2409,4071,990,0.27044430135222153
ablation,fashion_mnist,5.2,mdbg_no_momentum,3,0.3454333333333333,0.1265710209065777,0.34543333333333326,0.12657102090657768,0.2630794564023691,0.025280810073522144,0.396604938271605,0.07372651874064717,0.3888888888888889,0.0,3.7145188490200476,0.5223949185716218,,,630,2570,3910,990,0.26141078838174275
ablation,fashion_mnist,5.2,mdbg_no_valve,3,0.3448333333333333,0.1262511122063221,0.3448333333333333,0.12625111220632207,0.27941896553730156,0.011354628017956166,0.44706790123456797,0.15797306677483347,0.4524691358024691,0.10221036789379051,3.826343733257252,0.7635296257830162,,,733,2897,3583,887,0.27923809523809523
ablation,fashion_mnist,5.2,mdbg_rtr15,3,0.3375000000000001,0.13383396429905228,0.3375000000000001,0.13383396429905228,0.2629779909186749,0.028617316950728826,0.4283950617283951,0.06299756220742708,0.40864197530864194,0.02804399183111247,3.7111442427163843,0.8505314611959113,,,662,2776,3704,958,0.26176354290233295
ablation,fashion_mnist,5.2,mdbg_rtr20,3,0.3564,0.14233379781344976,0.3564,0.14233379781344976,0.264383307824489,0.027413759912169065,0.40586419753086417,0.06918211769840815,0.39691358024691353,0.01389917314715766,3.756892725985704,0.7754920333779483,,,643,2630,3850,977,0.2628244430819538
ablation,fashion_mnist,5.2,mdbg_rtr30,3,0.33136666666666664,0.11534662254844455,0.3313666666666667,0.11534662254844458,0.27022808146309774,0.03403936343318876,0.36882716049382713,0.09038376178355953,0.3820987654320988,0.008751510418986308,4.049969359214366,0.6069919649909069,,,619,2390,4090,1001,0.26744437243465113
ablation,fashion_mnist,5.2,fed_g2l_25,3,0.34096666666666664,0.12334380135756046,0.34096666666666664,0.12334380135756044,0.27283953403625266,0.030318637312402308,0.3717592592592593,0.08521160017181273,0.3888888888888889,0.0,1.1741239268022279,0.36360701702967907,,,630,2409,4071,990,0.27044430135222153
clean,fashion_mnist,3.1,fed_mdbscan_g,3,0.34286666666666665,0.12496696896913734,0.34286666666666665,0.12496696896913734,0.0,0.0,0.3975308641975308,0.054730081322382856,,,3.947737254829715,0.5710516376049809,,,0,3220,4880,0,0.0
clean,fashion_mnist,3.1,fedavg,3,0.7521666666666667,0.013559621430310418,0.7521666666666667,0.013559621430310424,,,0.0,0.0,,,0.08906571043060264,0.004069874936552536,,,0,0,8100,0,
oracle,fashion_mnist,3.1,fedavg,3,0.7257333333333333,0.017267406676549118,0.7257333333333333,0.017267406676549118,1.0,0.0,0.0,0.0,1.0,0.0,0.07615637270630234,0.0017956771025707376,,,1620,0,6480,0,1.0
clean,fashion_mnist,3.3,fed_mdbscan_g,3,0.32236666666666663,0.1065745904675844,0.32236666666666663,0.1065745904675844,0.0,0.0,0.39012345679012345,0.056211355673298685,,,4.0312437790045,0.742413335597761,,,0,3160,4940,0,0.0
clean,fashion_mnist,3.3,fedavg,3,0.7460333333333334,0.02863028699355516,0.7460333333333334,0.028630286993555187,,,0.0,0.0,,,0.09124120806421464,0.005080395335558616,,,0,0,8100,0,
oracle,fashion_mnist,3.3,fedavg,3,0.7062333333333334,0.02128669380935738,0.7062333333333334,0.021286693809357302,1.0,0.0,0.0,0.0,1.0,0.0,0.06688636510322492,0.004473166914635893,,,2430,0,5670,0,1.0
clean,fashion_mnist,4.2,fed_mdbscan_g,3,0.34286666666666665,0.12496696896913734,0.34286666666666665,0.12496696896913734,0.0,0.0,0.3975308641975308,0.054730081322382856,,,4.047360401018523,0.46094134353926636,,,0,3220,4880,0,0.0
clean,fashion_mnist,4.2,fedavg,3,0.7521666666666667,0.013559621430310418,0.7521666666666667,0.013559621430310424,,,0.0,0.0,,,0.08799838245484153,0.0016643669334007482,,,0,0,8100,0,
oracle,fashion_mnist,4.2,fedavg,3,0.7257333333333333,0.017267406676549118,0.7257333333333333,0.017267406676549118,1.0,0.0,0.0,0.0,1.0,0.0,0.07592470034594752,0.0060577611502042085,,,1620,0,6480,0,1.0
clean,fashion_mnist,5.2,fed_mdbscan_g,3,0.34286666666666665,0.12496696896913734,0.34286666666666665,0.12496696896913734,0.0,0.0,0.3975308641975308,0.054730081322382856,,,3.8990495058074077,0.45999582020964375,,,0,3220,4880,0,0.0
clean,fashion_mnist,5.2,fedavg,3,0.7521666666666667,0.013559621430310418,0.7521666666666667,0.013559621430310424,,,0.0,0.0,,,0.08594136850313387,0.003560909305454546,,,0,0,8100,0,
oracle,fashion_mnist,5.2,fedavg,3,0.7257333333333333,0.017267406676549118,0.7257333333333333,0.017267406676549118,1.0,0.0,0.0,0.0,1.0,0.0,0.0729521642335587,0.0029195962637659522,,,1620,0,6480,0,1.0
temporal,fashion_mnist,2.1,fed_mdbscan_g,3,0.8338333333333333,0.006146001410131081,0.8338333333333333,0.006146001410131089,0.967388284761423,0.027265398934290204,0.004894179894179894,0.004168241073171622,1.0,0.0,1.9442572042552964,0.08357795236089298,,,540,37,7523,0,0.9668755595344674
temporal,fashion_mnist,2.1,mdbg_no_momentum,3,0.8338333333333333,0.006146001410131081,0.8338333333333333,0.006146001410131089,0.967388284761423,0.027265398934290204,0.004894179894179894,0.004168241073171622,1.0,0.0,1.822769340955549,0.09565433238853475,,,540,37,7523,0,0.9668755595344674
temporal,fashion_mnist,3.1,fed_mdbscan_g,3,0.3544333333333333,0.03289594706545677,0.3544333333333333,0.032895947065456746,0.2960144803537952,0.017603258457666165,0.3408730158730158,0.028474814604619435,1.0,0.0,4.00757729858548,0.4297092946767374,,,540,2577,4983,0,0.29532403609515995
temporal,fashion_mnist,3.1,mdbg_no_momentum,3,0.3544333333333333,0.03289594706545677,0.3544333333333333,0.032895947065456746,0.2960144803537952,0.017603258457666165,0.3408730158730158,0.028474814604619435,1.0,0.0,3.9826136915582335,0.6016366756440805,,,540,2577,4983,0,0.29532403609515995
preserve_empty,fashion_mnist,6.2,fed_mdbscan_g,3,0.6801666666666667,0.0721011326771871,0.6801666666666667,0.07210113267718711,0.0,0.0,0.12393329001516135,0.08236239957160309,,,1.9715318740371408,0.1540214663064656,,,0,622,4328,0,0.0
preserve_empty,fashion_mnist,6.2,mdbg_l0_only,3,0.6861666666666667,0.06240331187792307,0.6861666666666667,0.06240331187792314,0.0,0.0,0.10931340697422569,0.05716435279106485,,,1.1061807266837504,0.1875594357333567,,,0,547,4403,0,0.0
preserve_empty,fashion_mnist,6.2,fed_g2l_25,3,0.6861666666666667,0.06240331187792307,0.6861666666666667,0.06240331187792314,0.0,0.0,0.10931340697422569,0.05716435279106485,,,0.46709760055204647,0.04641453525604668,,,0,547,4403,0,0.0
preserve_empty,fashion_mnist,3.3,fed_mdbscan_g,3,0.6663666666666667,0.05201156922583025,0.6663666666666668,0.05201156922583025,0.23202660488656499,0.09746533301024633,0.02156432748538012,0.028356826300292702,0.1426062091503268,0.0747585515556135,1.6319764791651525,0.3339008352138965,,,212,77,3403,1258,0.24104604889141557
preserve_empty,fashion_mnist,3.3,mdbg_l0_only,3,0.6675999999999999,0.0475397728223432,0.6676000000000001,0.04753977282234316,0.23409051595391853,0.1001190265632443,0.01931286549707602,0.02609115872590969,0.14325980392156865,0.07579545408694416,1.0669412107142204,0.04961777304998744,,,213,69,3411,1257,0.24315068493150685
preserve_empty,fashion_mnist,3.3,fed_g2l_25,3,0.6675999999999999,0.0475397728223432,0.6676000000000001,0.04753977282234316,0.23409051595391853,0.1001190265632443,0.01931286549707602,0.02609115872590969,0.14325980392156865,0.07579545408694416,0.42237983918619443,0.0832313112196014,,,213,69,3411,1257,0.24315068493150685
fixed_steps,fashion_mnist,3.3,fed_mdbscan_g,3,0.5233,0.058764274861517696,0.5233,0.0587642748615177,0.0,0.0,0.0,0.0,0.0,0.0,1.589535656175576,0.16556848260998427,,,0,0,5670,2430,0.0
fixed_steps,fashion_mnist,3.3,mdbg_l0_only,3,0.5233,0.058764274861517696,0.5233,0.0587642748615177,0.0,0.0,0.0,0.0,0.0,0.0,1.5660377659847857,0.17519650892057004,,,0,0,5670,2430,0.0
fixed_steps,fashion_mnist,3.3,fedavg,3,0.5233,0.058764274861517696,0.5233,0.0587642748615177,0.0,0.0,0.0,0.0,0.0,0.0,0.08634958029724658,0.0018186589632707307,,,0,0,5670,2430,0.0
fixed_steps,fashion_mnist,5.2,fed_mdbscan_g,3,0.4758,0.25051347269158997,0.4758,0.25051347269158997,0.11146776293559553,0.09706998263987401,0.16898148148148148,0.225824867349249,0.12530864197530864,0.13191547223609543,3.1214864398236393,0.9931876780263535,,,203,1095,5385,1417,0.13913639479095272
fixed_steps,fashion_mnist,5.2,mdbg_l0_only,3,0.4762666666666666,0.250690752388941,0.4762666666666666,0.250690752388941,0.11235833188899173,0.09770694695058406,0.16697530864197532,0.22701446049109336,0.12530864197530864,0.13191547223609543,1.7517639130625564,0.34539356537352006,,,203,1082,5398,1417,0.13975903614457832
fixed_steps,fashion_mnist,5.2,fedavg,3,0.6474333333333333,0.0413500100765808,0.6474333333333333,0.0413500100765808,0.0,0.0,0.0,0.0,0.0,0.0,0.09170002655333115,0.0036687964959780397,,,0,0,6480,1620,0.0
main,fashion_mnist,7.1,fed_mdbscan_g,3,0.6096,0.14079328819229986,0.6096,0.14079328819229983,0.0,0.0,0.0001763668430335097,0.00030547633290456394,0.0,0.0,1.7780950028035374,0.21220809752283815,,,0,1,5669,2430,0.0
main,fashion_mnist,7.1,fedavg,3,0.6102666666666666,0.14140397212714123,0.6102666666666667,0.1414039721271413,0.0,0.0,0.0,0.0,0.0,0.0,0.09743260655345187,0.0016244157493534486,,,0,0,5670,2430,0.0
main,fashion_mnist,7.1,sample_weighted_mean,3,0.6975666666666666,0.03997315766027664,0.6975666666666666,0.039973157660276676,0.0,0.0,0.0,0.0,0.0,0.0,0.16061039889334805,0.007227548790015109,,,0,0,5670,2430,0.0
main,fashion_mnist,7.1,norm_clip,3,0.6095333333333334,0.14522920964232136,0.6095333333333334,0.14522920964232144,0.0,0.0,0.0,0.0,0.0,0.0,0.12722130217201386,0.00321552330321666,,,0,0,5670,2430,0.0
main,fashion_mnist,7.1,coord_median,3,0.3184666666666667,0.03990918858274788,0.3184666666666666,0.03990918858274786,0.0,0.0,0.0,0.0,0.0,0.0,0.3704863715438276,0.0028739361106947105,,,0,0,5670,2430,0.0
main,fashion_mnist,7.1,krum_bound30,3,0.5778333333333334,0.05263196113896323,0.5778333333333334,0.05263196113896323,0.0,0.0,0.4603174603174603,0.0,0.0,0.0,1.0410987259082807,0.04685180380784319,,,0,2610,3060,2430,0.0
main,fashion_mnist,7.1,fltrust_normalized,3,0.786,0.012413299319681279,0.786,0.012413299319681246,0.7584887940942616,0.00837873355505236,0.273015873015873,0.012509619489457028,1.0,0.0,0.1630157894299676,0.00526740639859188,,,2430,1548,4122,0,0.7584269662921348
main,fashion_mnist,7.1,flame_hdbscan,3,0.34383333333333327,0.11277523368777977,0.3438333333333334,0.11277523368777971,0.0,0.0,0.6559082892416226,0.010168278875061408,0.0,0.0,0.446426796219829,0.009936298212417196,,,0,3719,1951,2430,0.0
main,fashion_mnist,7.1,mdbg_l0_only,3,0.6096,0.14079328819229986,0.6096,0.14079328819229983,0.0,0.0,0.0001763668430335097,0.00030547633290456394,0.0,0.0,1.7093385735151567,0.14253850854879674,,,0,1,5669,2430,0.0
clean,fashion_mnist,7.1,fed_mdbscan_g,3,0.8342333333333333,0.008205079727420881,0.8342333333333333,0.008205079727420878,0.0,0.0,0.0049382716049382715,0.005189592483205852,,,1.2591210795708725,0.04612411654201632,,,0,40,8060,0,0.0
clean,fashion_mnist,7.1,fedavg,3,0.8354333333333334,0.008789956389728733,0.8354333333333334,0.008789956389728681,,,0.0,0.0,,,0.09402116678732757,0.005605717873674226,,,0,0,8100,0,
oracle,fashion_mnist,7.1,fedavg,3,0.8332999999999999,0.0069763887506359736,0.8333,0.006976388750636026,1.0,0.0,0.0,0.0,1.0,0.0,0.06586957816034555,0.002872662017945722,,,2430,0,5670,0,1.0
main,fashion_mnist,7.2,fed_mdbscan_g,3,0.27463333333333334,0.06348797786457946,0.27463333333333334,0.0634879778645795,0.0,0.0,0.43086419753086425,0.03244958203063682,0.0,0.0,3.755642057148119,0.3867728675207788,,,0,2443,3227,2430,0.0
main,fashion_mnist,7.2,fedavg,3,0.6876333333333333,0.006351640208114221,0.6876333333333333,0.0063516402081142,0.0,0.0,0.0,0.0,0.0,0.0,0.09675408724773055,0.00519024289079646,,,0,0,5670,2430,0.0
main,fashion_mnist,7.2,sample_weighted_mean,3,0.7715,0.014464784823840254,0.7715000000000001,0.014464784823840287,0.0,0.0,0.0,0.0,0.0,0.0,0.1588611712989708,0.00802232296360758,,,0,0,5670,2430,0.0
main,fashion_mnist,7.2,norm_clip,3,0.48406666666666665,0.044482843134553945,0.48406666666666665,0.044482843134553945,0.0,0.0,0.0,0.0,0.0,0.0,0.13078923453706215,0.007261306597549275,,,0,0,5670,2430,0.0
main,fashion_mnist,7.2,coord_median,3,0.1515,0.04094239856188203,0.1515,0.04094239856188203,0.0,0.0,0.0,0.0,0.0,0.0,0.3188468810183824,0.010922378705881959,,,0,0,5670,2430,0.0
main,fashion_mnist,7.2,krum_bound30,3,0.2603666666666667,0.05216764642317435,0.2603666666666667,0.05216764642317435,0.0,0.0,0.4603174603174603,0.0,0.0,0.0,1.0840486717203426,0.06411005239941349,,,0,2610,3060,2430,0.0
main,fashion_mnist,7.2,fltrust_normalized,3,0.7002,0.023341165352226963,0.7002,0.023341165352227005,0.3591934981805173,0.049797061907531755,0.4199294532627866,0.05897829589542773,0.43333333333333335,0.06666666666666668,0.16188661930177153,0.006435848857100241,,,1053,2381,3289,1377,0.3591405184174625
main,fashion_mnist,7.2,flame_hdbscan,3,0.2382333333333333,0.060948366125215626,0.2382333333333333,0.060948366125215626,0.0,0.0,0.6319223985890653,0.09110111439319019,0.0,0.0,0.43531733041680937,0.025431195609013378,,,0,3583,2087,2430,0.0
main,fashion_mnist,7.2,mdbg_l0_only,3,0.27463333333333334,0.06348797786457946,0.27463333333333334,0.0634879778645795,0.0,0.0,0.43086419753086425,0.03244958203063682,0.0,0.0,2.423942033625725,0.2588337127418548,,,0,2443,3227,2430,0.0
clean,fashion_mnist,7.2,fed_mdbscan_g,3,0.32236666666666663,0.1065745904675844,0.32236666666666663,0.1065745904675844,0.0,0.0,0.39012345679012345,0.056211355673298685,,,4.0724370339018705,0.8216303391448407,,,0,3160,4940,0,0.0
clean,fashion_mnist,7.2,fedavg,3,0.7460333333333334,0.02863028699355516,0.7460333333333334,0.028630286993555187,,,0.0,0.0,,,0.09418413684470579,0.003452282908510389,,,0,0,8100,0,
oracle,fashion_mnist,7.2,fedavg,3,0.7062333333333334,0.02128669380935738,0.7062333333333334,0.021286693809357302,1.0,0.0,0.0,0.0,1.0,0.0,0.06201167090071572,0.002282941903963741,,,2430,0,5670,0,1.0
main,fashion_mnist,8.1,fed_mdbscan_g,3,0.8334,0.0067557383016217986,0.8334000000000001,0.006755738301621841,0.02303128371089536,0.03780883217425043,0.003174603174603175,0.0032183928731736615,0.01193415637860082,0.019611115320895236,1.2534217742827929,0.05893441497232866,0.9992962962962962,0.00033945005147822954,29,18,5652,2401,0.023415421881308032
main,fashion_mnist,8.1,mdbg_l0_only,3,0.8334,0.0067557383016217986,0.8334000000000001,0.006755738301621841,0.02303128371089536,0.03780883217425043,0.003174603174603175,0.0032183928731736615,0.01193415637860082,0.019611115320895236,1.2466568812158787,0.04616834179225819,0.9992962962962962,0.00033945005147822954,29,18,5652,2401,0.023415421881308032
main,fashion_mnist,8.1,fedavg,3,0.8339,0.008386298349093026,0.8339000000000002,0.008386298349092968,0.0,0.0,0.0,0.0,0.0,0.0,0.0874569683516812,0.0011921190828068098,0.9994074074074074,0.0005250906251391769,0,0,5670,2430,0.0
main,fashion_mnist,8.1,fltrust_normalized,3,0.7949666666666667,0.007201620188078076,0.7949666666666667,0.007201620188078076,0.35081516134732543,0.04034166362881139,0.255379188712522,0.007942384655518655,0.339917695473251,0.04386337111891611,0.18010747091094448,0.010349908863976333,0.9023703703703703,0.06095073231346218,826,1448,4222,1604,0.35119047619047616
main,fashion_mnist,8.1,flame_hdbscan,3,0.7413,0.019085858639317207,0.7412999999999998,0.01908585863931723,0.351427298669877,0.054834615947105356,0.49894179894179896,0.03126621524379717,0.4613168724279835,0.07173607971131202,0.39390499283326785,0.01439310181520381,0.9971851851851853,0.00253453512754454,1121,2829,2841,1309,0.35141065830721
clean,fashion_mnist,8.1,fed_mdbscan_g,3,0.8342333333333333,0.008205079727420881,0.8342333333333333,0.008205079727420878,0.0,0.0,0.0049382716049382715,0.005189592483205852,,,1.2598388809723675,0.04234078904528547,0.026296296296296293,0.006059716545272847,0,40,8060,0,0.0
clean,fashion_mnist,8.1,fedavg,3,0.8354333333333334,0.008789956389728733,0.8354333333333334,0.008789956389728681,,,0.0,0.0,,,0.09263364553141096,0.002963076016463505,0.02551851851851852,0.005183465323237115,0,0,8100,0,
oracle,fashion_mnist,8.1,fedavg,3,0.8332999999999999,0.0069763887506359736,0.8333,0.006976388750636026,1.0,0.0,0.0,0.0,1.0,0.0,0.06014267133497115,0.0029809196301262453,0.022037037037037036,0.005901802751716174,2430,0,5670,0,1.0
main,fashion_mnist,8.2,fed_mdbscan_g,3,0.3282666666666667,0.11250717014187733,0.32826666666666665,0.1125071701418773,0.3256073975712756,0.032053782528470146,0.41463844797178134,0.04301796637211418,0.38395061728395063,0.057787801177621986,4.273831768595199,0.5792990050516035,0.5617777777777778,0.23923584623433167,933,2351,3319,1497,0.3265663283164158
main,fashion_mnist,8.2,mdbg_l0_only,3,0.3314,0.11462883581368172,0.3314,0.1146288358136817,0.32338885598842576,0.016254042185282588,0.38906525573192235,0.048580342156064125,0.3683127572016461,0.03399734905732163,1.6577644903587903,0.23011821870006988,0.5676296296296296,0.1936887006441048,895,2206,3464,1535,0.3236304465738564
main,fashion_mnist,8.2,fedavg,3,0.7414666666666667,0.02625268240262947,0.7414666666666667,0.026252682402629457,0.0,0.0,0.0,0.0,0.0,0.0,0.08732419016305355,0.0010140175770720053,0.9978148148148148,0.0021266484770304395,0,0,5670,2430,0.0
main,fashion_mnist,8.2,fltrust_normalized,3,0.617,0.08923177685107479,0.617,0.08923177685107468,0.322193171459131,0.030841549150637613,0.3234567901234568,0.047587683184478,0.3358024691358024,0.016144070161261747,0.17501586128621258,0.007695261168277956,0.9239259259259258,0.04326951616099473,816,1834,3836,1614,0.32125984251968503
main,fashion_mnist,8.2,flame_hdbscan,3,0.28650000000000003,0.07954099571918874,0.2865,0.07954099571918873,0.37456150182123843,0.0420606048713809,0.46208112874779544,0.020637181624423396,0.47901234567901235,0.05503182490869796,0.4287616877868358,0.017422882038393744,0.5558148148148149,0.19265235539995937,1164,2620,3050,1266,0.3746379143868684
clean,fashion_mnist,8.2,fed_mdbscan_g,3,0.32236666666666663,0.1065745904675844,0.32236666666666663,0.1065745904675844,0.0,0.0,0.39012345679012345,0.056211355673298685,,,4.133116984250956,0.6548096736498459,0.01848148148148148,0.03201086492506925,0,3160,4940,0,0.0
clean,fashion_mnist,8.2,fedavg,3,0.7460333333333334,0.02863028699355516,0.7460333333333334,0.028630286993555187,,,0.0,0.0,,,0.0928910148407643,0.00193211335743603,0.03359259259259259,0.018710706426520188,0,0,8100,0,
oracle,fashion_mnist,8.2,fedavg,3,0.7062333333333334,0.02128669380935738,0.7062333333333334,0.021286693809357302,1.0,0.0,0.0,0.0,1.0,0.0,0.056841124255313645,0.004049165138709665,0.036444444444444446,0.022231386999043368,2430,0,5670,0,1.0
main,cifar10,6.1,fed_mdbscan_g,3,0.5027333333333334,0.012328963189714439,0.5027333333333333,0.012328963189714392,0.0,0.0,0.0012345679012345679,0.0015419748144193575,,,9.308127900458768,0.8965026640932862,,,0,10,8090,0,0.0
main,cifar10,6.1,fedavg,3,0.5031,0.012209832103677723,0.5031,0.012209832103677713,,,0.0,0.0,,,0.6399274288482654,0.02845554335923342,,,0,0,8100,0,
main,cifar10,6.1,flame_hdbscan,3,0.3485666666666667,0.040632786433289714,0.3485666666666667,0.04063278643328973,0.0,0.0,0.48740740740740734,0.0006415002990995562,,,2.885657828046371,0.07913483086524799,,,0,3948,4152,0,0.0
main,cifar10,6.2,fed_mdbscan_g,3,0.16026666666666667,0.016574780038761706,0.16026666666666664,0.01657478003876169,0.0,0.0,0.39938271604938275,0.08015873597941785,,,27.162397696198116,8.337297868320992,,,0,3235,4865,0,0.0
main,cifar10,6.2,fedavg,3,0.3089,0.0869018411772731,0.3089,0.08690184117727308,,,0.0,0.0,,,0.6238894649626067,0.02557139430696845,,,0,0,8100,0,
main,cifar10,6.2,flame_hdbscan,3,0.15306666666666668,0.005518453889753297,0.15306666666666666,0.005518453889753312,0.0,0.0,0.45456790123456786,0.05880536043674172,,,3.0638192371012543,0.020608272378348523,,,0,3682,4418,0,0.0
main,cifar10,7.1,fed_mdbscan_g,3,0.08176666666666667,0.020520802453445463,0.08176666666666667,0.020520802453445463,0.0,0.0,0.022751322751322748,0.023973567744358076,0.0,0.0,15.897843835689125,2.1339575889792926,,,0,129,5541,2430,0.0
main,cifar10,7.1,fedavg,3,0.09553333333333332,0.004552288801617642,0.09553333333333332,0.004552288801617634,0.0,0.0,0.0,0.0,0.0,0.0,0.7430001962955833,0.053767142246918045,,,0,0,5670,2430,0.0
main,cifar10,7.1,flame_hdbscan,2,0.1274,0.0386080302527855,0.1274,0.0386080302527855,0.06506024096385542,0.09200907514234594,0.6293650793650793,0.044521538074708496,0.08333333333333333,0.11785113019775792,3.3324928317063796,0.24442082293231554,,,135,2379,1401,1485,0.06531204644412192
clean,cifar10,7.1,fed_mdbscan_g,3,0.49846666666666667,0.01443825935953962,0.49846666666666667,0.014438259359539664,0.0,0.0,0.0012345679012345679,0.0009320783253420679,,,9.07656603765855,0.43604589560247875,,,0,10,8090,0,0.0
clean,cifar10,7.1,fedavg,3,0.4983666666666666,0.014350725881757113,0.4983666666666666,0.014350725881757176,,,0.0,0.0,,,0.5963201552293159,0.028308831859056603,,,0,0,8100,0,
oracle,cifar10,7.1,fedavg,3,0.4955333333333334,0.014000476182378027,0.4955333333333334,0.014000476182378027,1.0,0.0,0.0,0.0,1.0,0.0,0.36609002019330444,0.074183701005567,,,2430,0,5670,0,1.0
main,cifar10,7.2,fed_mdbscan_g,3,0.15373333333333333,0.008053156730955474,0.15373333333333333,0.008053156730955474,0.0,0.0,0.3871252204585538,0.06611075294218234,0.0,0.0,8.339161854999192,0.24573313047061582,,,0,2195,3475,2430,0.0
main,cifar10,7.2,fedavg,3,0.20403333333333332,0.009911777506246468,0.20403333333333332,0.009911777506246462,0.0,0.0,0.0,0.0,0.0,0.0,0.2644122165187986,0.0028672020933457865,,,0,0,5670,2430,0.0
main,cifar10,7.2,flame_hdbscan,3,0.14546666666666666,0.011118153323881323,0.14546666666666666,0.011118153323881337,0.0,0.0,0.5751322751322752,0.0510163767618673,0.0,0.0,1.1743371301602261,0.011095978041821872,,,0,3261,2409,2430,0.0
clean,cifar10,7.2,fed_mdbscan_g,3,0.1583,0.008648121183239746,0.1583,0.008648121183239732,0.0,0.0,0.39753086419753086,0.07851269486905466,,,26.654117166499294,8.318616364138313,,,0,3220,4880,0,0.0
clean,cifar10,7.2,fedavg,3,0.30646666666666667,0.08227249439109849,0.3064666666666666,0.0822724943910985,,,0.0,0.0,,,0.5314433444912235,0.07682711233929279,,,0,0,8100,0,
oracle,cifar10,7.2,fedavg,3,0.31993333333333335,0.02029638719903949,0.31993333333333335,0.020296387199039426,1.0,0.0,0.0,0.0,1.0,0.0,0.3750921211489993,0.07145613865975775,,,2430,0,5670,0,1.0
main,cifar10,8.1,fed_mdbscan_g,3,0.49546666666666667,0.010886842211281162,0.4954666666666667,0.0108868422112812,0.003279032872127817,0.0037521451174282383,0.0008818342151675486,0.0011014105817281127,0.0016460905349794238,0.001885833619323391,9.668023373988559,0.8250279282849,0.9658888888888889,0.0019277057303219542,4,5,5665,2426,0.003280032800328003
main,cifar10,8.1,fedavg,3,0.49513333333333337,0.011244702456416256,0.49513333333333337,0.011244702456416256,0.0,0.0,0.0,0.0,0.0,0.0,0.6481755736568529,0.01542666106838172,0.9640370370370371,0.0006697459748157278,0,0,5670,2430,0.0
main,cifar10,8.1,flame_hdbscan,3,0.35463333333333336,0.0342503041349027,0.35463333333333336,0.03425030413490269,0.3525830815016994,0.04301051965920695,0.4970017636684303,0.02571631784452583,0.4621399176954732,0.055573842440697144,3.1266393375647668,0.22555459690352767,0.978074074074074,0.01089644484628201,1123,2818,2852,1307,0.3525349238738032
clean,cifar10,8.1,fed_mdbscan_g,3,0.49846666666666667,0.014035787592199221,0.49846666666666667,0.014035787592199239,0.0,0.0,0.0012345679012345679,0.0009320783253420679,,,9.309755890331386,0.5468473650831088,0.057555555555555554,0.0175671550989796,0,10,8090,0,0.0
clean,cifar10,8.1,fedavg,3,0.4986,0.014339804740651116,0.4986,0.014339804740651102,,,0.0,0.0,,,0.5575891877421074,0.07069965234749785,0.055074074074074074,0.017182510966898063,0,0,8100,0,
oracle,cifar10,8.1,fedavg,3,0.49533333333333335,0.013579518891821341,0.49533333333333335,0.013579518891821319,1.0,0.0,0.0,0.0,1.0,0.0,0.29704060258550774,0.07503509802156123,0.04903703703703704,0.028236508486755827,2430,0,5670,0,1.0
main,cifar10,8.2,fed_mdbscan_g,3,0.15473333333333336,0.00601193257890784,0.15473333333333333,0.006011932578907816,0.36283397042545046,0.03609981434809158,0.38359788359788355,0.08357276429254257,0.42345679012345677,0.08585352420105537,26.404757925593813,3.3380434174152454,0.26855555555555555,0.46486322161988125,1029,2175,3495,1401,0.3652822151224707
main,cifar10,8.2,fedavg,3,0.32916666666666666,0.01676732934409452,0.32916666666666666,0.016767329344094514,0.0,0.0,0.0,0.0,0.0,0.0,0.6246660411875281,0.024334703670013984,0.9925925925925925,0.003396318510367997,0,0,5670,2430,0.0
main,cifar10,8.2,flame_hdbscan,3,0.14013333333333333,0.02076928822404209,0.14013333333333333,0.02076928822404208,0.3806511717072823,0.01847467968493234,0.43756613756613755,0.06370554937648669,0.4765432098765432,0.06089561706241249,2.88123473094828,0.13505196641378064,0.3199259259259259,0.5541279583622208,1158,2481,3189,1272,0.3816114681166584
clean,cifar10,8.2,fed_mdbscan_g,3,0.1583,0.008612200647918051,0.15830000000000002,0.008612200647918039,0.0,0.0,0.39753086419753086,0.07851269486905466,,,26.728817825917048,9.568199738563765,0.207962962962963,0.36020241794441654,0,3220,4880,0,0.0
clean,cifar10,8.2,fedavg,3,0.3084,0.0786471232786044,0.3084,0.07864712327860442,,,0.0,0.0,,,0.4175483967552686,0.1402700220982668,0.07544444444444444,0.05663670231733762,0,0,8100,0,
oracle,cifar10,8.2,fedavg,3,0.32,0.02047119928094101,0.32,0.02047119928094101,1.0,0.0,0.0,0.0,1.0,0.0,0.18328563280584706,0.0021837603201545603,0.09351851851851851,0.05433234869970502,2430,0,5670,0,1.0
