dataset,method,seed,round,n,norm_missing,fpr,accuracy,floor_n,floor_fp,nonfloor_n,nonfloor_fp,rho_samples_norm,rho_samples_reject,rho_entropy_norm,rho_samples_entropy,rho_samples_norm_nonfloor,rho_samples_reject_nonfloor,accepted_mass_fraction,quartile_gap
cifar10,fed_mdbscan_g,137,0,90,0,0.35555555555555557,0.1,55,3,35,29,0.531405691765455,0.75818790367383,-0.8910750408991718,-0.6550616546649408,-0.22998809496837094,0.0037534074287867065,0.2572692297626214,0.774703557312253
cifar10,fed_mdbscan_g,137,1,90,0,0.4444444444444444,0.1035,57,8,33,32,0.677662917983698,0.7613483577753849,-0.6359615796086301,-0.6807482569956884,-0.013202974893594134,-0.2970690858791229,0.2306172560751884,0.8675889328063242
cifar10,fed_mdbscan_g,137,2,90,0,0.4666666666666667,0.1304,55,8,35,34,0.6864161961128648,0.759193572416688,-0.5839724443570636,-0.6706968420570041,-0.10490930763173557,-0.28869535206408126,0.20000983937224806,0.8565217391304348
cifar10,fed_mdbscan_g,137,3,90,0,0.4777777777777778,0.1446,56,10,34,33,0.6818635400016467,0.7247582088969566,-0.5569707817394977,-0.6401885111643234,-0.028420811451270185,-0.2927923903776884,0.20261797107241888,0.8201581027667985
cifar10,fed_mdbscan_g,137,4,90,0,0.4222222222222222,0.1533,57,8,33,30,0.6811700756612217,0.7058042084590589,-0.5283441260210796,-0.6405557677736026,-0.018885267885773886,-0.2103511121791565,0.25546098118612787,0.7803030303030303
cifar10,fed_mdbscan_g,137,5,90,0,0.4111111111111111,0.1513,56,8,34,29,0.7052083013747737,0.6719130535136257,-0.6196941987873208,-0.6658729711921747,-0.11811444759049383,-0.02116356461974718,0.24154406188381616,0.7784679089026916
cifar10,fed_mdbscan_g,137,6,90,0,0.4444444444444444,0.1539,54,8,36,32,0.7028719447819066,0.6998799284490298,-0.7206652102880328,-0.6517019830367641,-0.1426089197881937,0.0,0.21835122544055094,0.7786561264822134
cifar10,fed_mdbscan_g,137,7,90,0,0.4666666666666667,0.1531,58,11,32,31,0.6779654125068818,0.7087342723867792,-0.6463154376466258,-0.6583136700768613,-0.2139125661994877,-0.3015389795482243,0.20835361947469572,0.8136363636363636
cifar10,fed_mdbscan_g,137,8,90,0,0.4,0.1559,55,5,35,31,0.6863880873415252,0.7592126186005956,-0.6334818105445854,-0.6462961984534215,-0.09342390946644544,-0.008892410164973772,0.22275682039207656,0.7836363636363637
cifar10,fed_mdbscan_g,137,9,90,0,0.4444444444444444,0.1565,54,9,36,31,0.6919637944730134,0.6537038627371574,-0.6664940065427776,-0.663232138899019,0.0028314028314028314,-0.019329912957275763,0.22907669666336944,0.7333333333333334
cifar10,fed_mdbscan_g,137,10,90,0,0.4222222222222222,0.1572,55,8,35,30,0.6868003493211726,0.6732020394753041,-0.654872464601064,-0.6409570900508134,-0.08025772132574698,-0.0161701740738715,0.2371713553714897,0.7028985507246377
cifar10,fed_mdbscan_g,137,11,90,0,0.4222222222222222,0.1581,58,11,32,27,0.6736371141834119,0.6106411377036852,-0.6079759224219436,-0.6569177186919374,0.05773989576078717,-0.032628249127679684,0.267852126523962,0.6895238095238095
cifar10,fed_mdbscan_g,137,12,90,0,0.4,0.1584,56,7,34,29,0.7222799257378819,0.6888724990953662,-0.5976268436714339,-0.6796353007346853,0.06387042573457492,-0.0465598421634438,0.24610599907469285,0.7727272727272728
cifar10,fed_mdbscan_g,137,13,90,0,0.4222222222222222,0.1571,56,7,34,31,0.7733247439082603,0.7558228605579869,-0.6165935398214785,-0.6996242395931738,0.1191840480214556,0.12155957614203461,0.06253819515176207,0.8330434782608696
cifar10,fed_mdbscan_g,137,14,90,0,0.4111111111111111,0.1583,57,8,33,29,0.6983913634962363,0.6928994272045922,-0.6015866060179327,-0.6654525076095451,0.03994317720973414,-0.058510622969529295,0.2417559662473469,0.7803030303030303
cifar10,fed_mdbscan_g,137,15,90,0,0.4222222222222222,0.1597,56,9,34,29,0.6817370264768533,0.6534527765474725,-0.6143411483278601,-0.6444181447270896,-0.006569900687547746,-0.012697168670714545,0.2325269472760084,0.7351778656126482
cifar10,fed_mdbscan_g,137,16,90,0,0.43333333333333335,0.1606,55,9,35,30,0.6873625247479644,0.6508586491638889,-0.6637040333230202,-0.69814983033737,0.008263884045757543,-0.040425435184678754,0.26789987893121603,0.6818181818181819
cifar10,fed_mdbscan_g,137,17,90,0,0.43333333333333335,0.1607,55,8,35,31,0.6833242312655097,0.694085487749868,-0.6641694279518857,-0.6749486320279678,-0.0530849500566459,-0.05335446098984263,0.22663579870841963,0.7743271221532091
cifar10,fed_mdbscan_g,137,18,90,0,0.4222222222222222,0.1616,53,6,37,32,0.6854893446991311,0.7105351097196336,-0.6363648882384465,-0.6428667670252705,-0.05453144458633925,-0.03702399932986962,0.23244758654314968,0.7380952380952381
cifar10,fed_mdbscan_g,137,19,90,0,0.4111111111111111,0.1602,55,6,35,31,0.6880465048505612,0.7326633299146622,-0.6516090245986972,-0.6406158161562032,-0.040198893578515506,-0.0622468711548164,0.23920596801389812,0.7743271221532091
cifar10,fed_mdbscan_g,137,20,90,0,0.43333333333333335,0.1629,56,10,34,29,0.6806600178292684,0.6285302082535379,-0.6323150340126021,-0.6510790810402242,-0.16210847975553858,-0.06348584335357273,0.2561789887458941,0.6931818181818182
cifar10,fed_mdbscan_g,137,21,90,0,0.4444444444444444,0.163,53,8,37,32,0.681401691183157,0.6705601466082518,-0.6377735146867397,-0.6492229994358656,-0.06294825451162206,-0.03702399932986962,0.23147245246221357,0.7463768115942029
cifar10,fed_mdbscan_g,137,22,90,0,0.4,0.1629,57,7,33,29,0.780371174208353,0.7307944182025536,-0.5852986372076773,-0.7066591206889422,0.028745717489850515,0.11702124593905859,0.07208611952382381,0.8136645962732919
cifar10,fed_mdbscan_g,137,23,90,0,0.45555555555555555,0.1623,53,8,37,33,0.6968757204072846,0.6839778623738079,-0.6671220647966798,-0.6515610282173991,0.05690237695965835,-0.13043866144719715,0.22569835076716854,0.7899999999999999
cifar10,fed_mdbscan_g,137,24,90,0,0.43333333333333335,0.1635,55,9,35,30,0.7008509976870518,0.6538024471964833,-0.6335325432809428,-0.6722363641546765,0.024649859943977594,-0.016169041669088863,0.2320675105485232,0.7424242424242424
cifar10,fed_mdbscan_g,137,25,90,0,0.4,0.1637,54,5,36,31,0.7115081742378159,0.7291150926227667,-0.6387587162130072,-0.6920594730743168,-0.07696762999398903,-0.05799347087549122,0.27498564043653073,0.7806324110671937
cifar10,fed_mdbscan_g,137,26,90,0,0.3888888888888889,0.1644,55,5,35,30,0.7151527300123757,0.7314934666288099,-0.6206909005404366,-0.6758392389776187,0.06667133569119645,-0.040425435184678754,0.23738248391885206,0.7760869565217391
cifar10,fed_mdbscan_g,137,27,90,0,0.4222222222222222,0.1642,56,8,34,30,0.6828271845423423,0.6937072408540101,-0.637218319382579,-0.6701578511936496,-0.09779203940221999,-0.05583331812818341,0.26033519553072626,0.7683982683982684
cifar10,fed_mdbscan_g,137,28,90,0,0.43333333333333335,0.1653,55,9,35,30,0.6793234161448408,0.6498762210142076,-0.6374459277946902,-0.6732268709535101,-0.041459486060071736,-0.04851052222161451,0.2389562771541224,0.722943722943723
cifar10,fed_mdbscan_g,137,29,90,0,0.3888888888888889,0.1653,57,7,33,28,0.6841302307352596,0.6942658613543811,-0.5710148150107908,-0.657004808362987,-0.02038770053475936,0.008875895031209079,0.2347802681804835,0.7391304347826086
cifar10,fed_mdbscan_g,2024,0,90,0,0.0,0.1191,58,0,32,0,0.2662657981277733,,-0.8816630433883804,-0.23086995817740524,0.1660557184750733,,1.0,0.0
cifar10,fed_mdbscan_g,2024,1,90,0,0.0,0.131,55,0,35,0,0.4258549845038728,,-0.8652879513658496,-0.24234725882044628,0.007002801120448179,,1.0,0.0
cifar10,fed_mdbscan_g,2024,2,90,0,0.0,0.1109,58,0,32,0,0.5568661145253608,,-0.7454293798437138,-0.19152413992940387,0.003665689149560117,,1.0,0.0
cifar10,fed_mdbscan_g,2024,3,90,0,0.0,0.1445,56,0,34,0,0.4836713572083116,,-0.6945438096381096,-0.1809771999853583,0.0744079449961803,,1.0,0.0
cifar10,fed_mdbscan_g,2024,4,90,0,0.0,0.1105,57,0,33,0,0.43190217909996836,,-0.6974852129556708,-0.1484980926601007,0.10327540106951873,,1.0,0.0
cifar10,fed_mdbscan_g,2024,5,90,0,0.0,0.1025,55,0,35,0,0.3597809850160439,,-0.6436305538741897,-0.2168222700745518,0.09495798319327732,,1.0,0.0
cifar10,fed_mdbscan_g,2024,6,90,0,0.0,0.1638,57,0,33,0,0.3627696208530703,,-0.3339520200545487,-0.1982150078907098,-0.08255347593582889,,1.0,0.0
cifar10,fed_mdbscan_g,2024,7,90,0,0.0,0.1207,57,0,33,0,0.2679434622431124,,-0.6413109769461307,-0.21560977550941138,0.05213903743315509,,1.0,0.0
cifar10,fed_mdbscan_g,2024,8,90,0,0.0,0.1852,57,0,33,0,0.49752759901837745,,-0.41464269064009623,-0.2336221321185788,0.0554812834224599,,1.0,0.0
cifar10,fed_mdbscan_g,2024,9,90,0,0.0,0.1126,56,0,34,0,0.27090546464466636,,-0.6905204225124986,-0.16252176519159114,0.05699006875477463,,1.0,0.0
cifar10,fed_mdbscan_g,2024,10,90,0,0.0,0.1541,55,0,35,0,0.43603030546867455,,-0.3951881268310259,-0.23635872175029388,0.043697478991596636,,1.0,0.0
cifar10,fed_mdbscan_g,2024,11,90,0,0.0,0.1336,58,0,32,0,0.21470251086144326,,-0.66462430590305,-0.20457730606257654,-0.00036656891495601173,,1.0,0.0
cifar10,fed_mdbscan_g,2024,12,90,0,0.0,0.1632,57,0,33,0,0.37515896820914524,,-0.21570748377080656,-0.23125192071159928,0.19385026737967917,,1.0,0.0
cifar10,fed_mdbscan_g,2024,13,90,0,0.0,0.1441,60,0,30,0,0.23680868221540996,,-0.6559433914673999,-0.16303307806851047,-0.03759733036707453,,1.0,0.0
cifar10,fed_mdbscan_g,2024,14,90,0,0.0,0.1754,58,0,32,0,0.4439173998840849,,-0.13411191313601256,-0.17642508427337242,0.05388563049853372,,1.0,0.0
cifar10,fed_mdbscan_g,2024,15,90,0,0.0,0.1989,59,0,31,0,0.26952388737970745,,-0.754601431677374,-0.20765622165063802,-0.10040322580645164,,1.0,0.0
cifar10,fed_mdbscan_g,2024,16,90,0,0.0,0.1976,57,0,33,0,0.5311885027581131,,-0.4284092772154174,-0.2043658797554788,0.043114973262032084,,1.0,0.0
cifar10,fed_mdbscan_g,2024,17,90,0,0.0,0.1774,55,0,35,0,0.39564758598589767,,-0.6799929233071983,-0.19980018383607773,-0.07591036414565827,,1.0,0.0
cifar10,fed_mdbscan_g,2024,18,90,0,0.0,0.1936,58,0,32,0,0.3961813468512438,,-0.5618212678773048,-0.18573795411104715,0.2111436950146627,,1.0,0.0
cifar10,fed_mdbscan_g,2024,19,90,0,0.0,0.1941,56,0,34,0,0.47243834596288853,,-0.5239168455514482,-0.22372440869953733,-0.022765469824293352,,1.0,0.0
cifar10,fed_mdbscan_g,2024,20,90,0,0.0,0.1695,56,0,34,0,0.19128240427761323,,-0.6322143413839252,-0.16415005409312874,0.3142857142857143,,1.0,0.0
cifar10,fed_mdbscan_g,2024,21,90,0,0.0,0.1861,56,0,34,0,0.5249755835876135,,-0.3596487436974276,-0.1867187083339382,-0.035294117647058816,,1.0,0.0
cifar10,fed_mdbscan_g,2024,22,90,0,0.0,0.1271,58,0,32,0,0.2508667610724482,,-0.7221367304846452,-0.20700806113145342,0.15615835777126097,,1.0,0.0
cifar10,fed_mdbscan_g,2024,23,90,0,0.0,0.1838,56,0,34,0,0.48308561566313396,,-0.2549981957772513,-0.12957473955892942,0.022459893048128343,,1.0,0.0
cifar10,fed_mdbscan_g,2024,24,90,0,0.0,0.1862,57,0,33,0,0.28193389448828,,-0.6968980234523776,-0.18939809837299554,0.080548128342246,,1.0,0.0
cifar10,fed_mdbscan_g,2024,25,90,0,0.0,0.2001,56,0,34,0,0.4302932970429284,,-0.33690531698602444,-0.1932313688125952,0.07165775401069518,,1.0,0.0
cifar10,fed_mdbscan_g,2024,26,90,0,0.0,0.2334,59,0,31,0,0.48597047864287485,,-0.6184736417974578,-0.16748364212165562,-0.0774193548387097,,1.0,0.0
cifar10,fed_mdbscan_g,2024,27,90,0,0.0,0.1793,58,0,32,0,0.49756876071769107,,-0.5066835848927891,-0.15481353842134507,0.04655425219941349,,1.0,0.0
cifar10,fed_mdbscan_g,2024,28,90,0,0.0,0.2449,57,0,33,0,0.48858820838760947,,-0.6709639780595799,-0.19426531452413703,-0.04712566844919786,,1.0,0.0
cifar10,fed_mdbscan_g,2024,29,90,0,0.0,0.1879,57,0,33,0,0.3850704460940052,,-0.23567002434716486,-0.19113692397491908,0.10093582887700536,,1.0,0.0
cifar10,fed_mdbscan_g,42,0,90,0,0.45555555555555555,0.1,53,7,37,34,0.661175649406599,0.72922340710508,-0.9161268589986238,-0.653188149378605,-0.1375140776525077,-0.12983783530751408,0.18396153648377642,0.7662337662337662
cifar10,fed_mdbscan_g,42,1,90,0,0.43333333333333335,0.1112,52,4,38,35,0.6866386245296604,0.7872747149542368,-0.5564503207543402,-0.6705981877172305,-0.038408929312838264,-0.12904897873419552,0.18553378029912326,0.759090909090909
cifar10,fed_mdbscan_g,42,2,90,0,0.4666666666666667,0.1124,54,9,36,33,0.7073397347707008,0.6966093426756219,-0.5401890333621621,-0.657262884600982,-0.011840411840411841,-0.0919097842855071,0.1691279304051011,0.7391304347826086
cifar10,fed_mdbscan_g,42,3,90,0,0.4111111111111111,0.1411,51,3,39,34,0.708016346972569,0.7769968244322185,-0.5518289506551431,-0.6399151241448598,-0.04990131085898825,0.0,0.19184434829917874,0.8636363636363636
cifar10,fed_mdbscan_g,42,4,90,0,0.43333333333333335,0.1395,50,3,40,36,0.7783126271563335,0.8163862973048479,-0.6246634365968802,-0.7102277770941485,0.08133589764564904,0.1516089399187569,0.06850884672777659,0.9065217391304348
cifar10,fed_mdbscan_g,42,5,90,0,0.4222222222222222,0.1479,52,4,38,34,0.7168462162336793,0.7884144412053592,-0.5789677276187241,-0.6526591429318506,0.035126114841655495,0.07820090248313427,0.14621840586037937,0.8636363636363636
cifar10,fed_mdbscan_g,42,6,90,0,0.4,0.1514,51,3,39,33,0.7379671393924144,0.7422602882739046,-0.5740965889435417,-0.6596157774960122,0.03977934111071477,-0.0884069176969878,0.2714351215038973,0.8295454545454546
cifar10,fed_mdbscan_g,42,7,90,0,0.3888888888888889,0.146,57,6,33,29,0.7143737097603864,0.7328684455376901,-0.473302667006638,-0.639279686935624,-0.0999415061565733,-0.058510622969529295,0.22465878070973613,0.7797619047619048
cifar10,fed_mdbscan_g,42,8,90,0,0.4111111111111111,0.1555,51,4,39,33,0.708717109967503,0.7193347224335382,-0.5853940147951128,-0.6566237318935053,-0.011741484907997236,-0.09472169753248692,0.26979858962000913,0.7786561264822134
cifar10,fed_mdbscan_g,42,9,90,0,0.4,0.1518,52,3,38,33,0.7051186707738236,0.7594087364311065,-0.5869076002627633,-0.6499636335645381,-0.18339990179007667,-0.13844391069671996,0.2490967953830995,0.8273809523809523
cifar10,fed_mdbscan_g,42,10,90,0,0.4111111111111111,0.1543,52,4,38,33,0.713602816942438,0.7570774076959728,-0.601948333503297,-0.6784345089542649,-0.0966241726018125,0.00354984386401846,0.19832342385773208,0.8138528138528138
cifar10,fed_mdbscan_g,42,11,90,0,0.4222222222222222,0.1575,51,4,39,34,0.7039391804565888,0.7563305407107056,-0.6040894148625684,-0.6804376281098706,-0.12318437183648825,0.006815007654142534,0.1875603189922284,0.8138528138528138
cifar10,fed_mdbscan_g,42,12,90,0,0.43333333333333335,0.1586,50,4,40,35,0.7135376428611158,0.7542802549430971,-0.6116669884707078,-0.6706480784798802,-0.06191660028388509,0.0032744453188503168,0.20349801061007958,0.826086956521739
cifar10,fed_mdbscan_g,42,13,90,0,0.4,0.1629,50,3,40,33,0.7070719003271102,0.7140465391637294,-0.5831787358025793,-0.6907044097616237,-0.14784933643545894,-0.11685159196041701,0.30518301769216183,0.7734553775743707
cifar10,fed_mdbscan_g,42,14,90,0,0.3888888888888889,0.1605,52,3,38,32,0.7079222871103205,0.7431286872634063,-0.5895194113516345,-0.6509201611127342,-0.2223559668481121,-0.09214221342815836,0.266274255499576,0.8181818181818182
cifar10,fed_mdbscan_g,42,15,90,0,0.4,0.1621,52,4,38,32,0.7035611061424365,0.7210253134125156,-0.5521234120455281,-0.6448648797885275,-0.12091699968856488,-0.09214221342815836,0.26303966823825625,0.7695652173913043
cifar10,fed_mdbscan_g,42,16,90,0,0.3888888888888889,0.1607,53,3,37,32,0.704543530953051,0.7784011770248712,-0.5598525968073403,-0.6478469990853748,-0.20461146381743817,-0.007404799865973924,0.21552847175983555,0.8095238095238095
cifar10,fed_mdbscan_g,42,17,90,0,0.3888888888888889,0.1617,53,4,37,31,0.7190025672048149,0.7233279415057394,-0.5666606394576404,-0.6604400844335462,-0.14759054023911383,-0.08241344911612294,0.26983444963983316,0.8116883116883117
cifar10,fed_mdbscan_g,42,18,90,0,0.4,0.1657,52,4,38,32,0.7008272134400751,0.7249085460098458,-0.5908949560874461,-0.6605062868469894,-0.08020571178465914,-0.06581226581158205,0.2693017260987136,0.7916666666666666
cifar10,fed_mdbscan_g,42,19,90,0,0.3888888888888889,0.1639,53,4,37,31,0.6915793025333138,0.7125099845287671,-0.5789348854605273,-0.6509469767896432,-0.2310473597799461,-0.1579591108059023,0.2769814294862322,0.7272727272727273
cifar10,fed_mdbscan_g,42,20,90,0,0.4,0.1662,52,4,38,32,0.6976515226880562,0.7249122423257908,-0.6025085302523389,-0.6529374500289729,-0.12015100964528891,-0.06581586673439882,0.2679271849542392,0.7826086956521738
cifar10,fed_mdbscan_g,42,21,90,0,0.3888888888888889,0.1664,53,4,37,31,0.6999668353685743,0.7213610402371989,-0.5768871510680593,-0.6471732253268974,-0.14676071390845216,-0.09614902396881012,0.26580356031370594,0.7738095238095237
cifar10,fed_mdbscan_g,42,22,90,0,0.4111111111111111,0.1684,52,5,38,32,0.6889199986073979,0.6995104993791542,-0.575901615869044,-0.6613475023758892,-0.19828199405943855,-0.09214221342815836,0.2724106136666325,0.7826086956521738
cifar10,fed_mdbscan_g,42,23,90,0,0.4111111111111111,0.1678,50,3,40,34,0.7053537309824096,0.7438898064664562,-0.6505332042024705,-0.6494002504088469,-0.12430226572143596,-0.06672127915477652,0.24814521020950958,0.7880434782608696
cifar10,fed_mdbscan_g,42,24,90,0,0.4,0.1678,51,4,39,32,0.6801314402650616,0.6949641190600927,-0.6013112388668332,-0.6458679856681613,-0.24393947093339083,-0.10686593861497297,0.281677461301858,0.7272727272727273
cifar10,fed_mdbscan_g,42,25,90,0,0.4222222222222222,0.1675,52,4,38,34,0.7123897813342521,0.7729891903622964,-0.5942164272307339,-0.6682558308164568,-0.12156691104059525,-0.046917974369567336,0.18389567480977173,0.826086956521739
cifar10,fed_mdbscan_g,42,26,90,0,0.4111111111111111,0.1684,51,4,39,33,0.6879854462991931,0.7241398976000948,-0.6114519757622598,-0.6447998001742172,-0.21731869049543162,-0.06314779835499128,0.2698328132531649,0.7797619047619048
cifar10,fed_mdbscan_g,42,27,90,0,0.4,0.1688,53,4,37,32,0.7609362960567054,0.7613724401522004,-0.5673743342160815,-0.6773999456574172,-0.060929350403034606,0.029617443887954616,0.1719313682358117,0.8178053830227743
cifar10,fed_mdbscan_g,42,28,90,0,0.37777777777777777,0.1702,54,3,36,31,0.7577477924441592,0.7865470426213582,-0.5699389063951673,-0.6905754414092314,-0.033335478542547085,0.05026100809209239,0.1609446156363339,0.8656126482213439
cifar10,fed_mdbscan_g,42,29,90,0,0.4111111111111111,0.1682,52,4,38,33,0.699777140302655,0.7377271864130085,-0.5833912505258253,-0.6503656391122362,-0.10986485763558294,-0.13844391069671996,0.24816185079379946,0.7916666666666666
cifar10,fedavg,137,0,90,0,0.0,0.1,55,0,35,0,0.531405691765455,,-0.8910750408991718,-0.6550616546649408,-0.22998809496837094,,1.0,0.0
cifar10,fedavg,137,1,90,0,0.0,0.1046,57,0,33,0,0.6860210084271446,,-0.6473743180605769,-0.6807482569956884,-0.05114063692961778,,1.0,0.0
cifar10,fedavg,137,2,90,0,0.0,0.1145,55,0,35,0,0.6945771093917935,,-0.7148759674179418,-0.6706968420570041,-0.04440086851703629,,1.0,0.0
cifar10,fedavg,137,3,90,0,0.0,0.1467,56,0,34,0,0.7021756553202314,,-0.6587422732421657,-0.6401885111643234,-0.015127206095030904,,1.0,0.0
cifar10,fedavg,137,4,90,0,0.0,0.1186,57,0,33,0,0.6926922322702602,,-0.6317251730831271,-0.6405557677736026,-0.03860616709392715,,1.0,0.0
cifar10,fedavg,137,5,90,0,0.0,0.142,56,0,34,0,0.7325682483341326,,-0.6521418696928591,-0.6658729711921747,-0.02276720917332934,,1.0,0.0
cifar10,fedavg,137,6,90,0,0.0,0.1369,54,0,36,0,0.7294685567015584,,-0.7557613022171003,-0.6517019830367641,-0.04131540004694059,,1.0,0.0
cifar10,fedavg,137,7,90,0,0.0,0.154,58,0,32,0,0.6695011846743186,,-0.6700370130321618,-0.6583136700768613,-0.3112455333391004,,1.0,0.0
cifar10,fedavg,137,8,90,0,0.0,0.1525,55,0,35,0,0.6933309538624047,,-0.6364425097180413,-0.6462961984534215,-0.06653126985991242,,1.0,0.0
cifar10,fedavg,137,9,90,0,0.0,0.154,54,0,36,0,0.7016411547208324,,-0.6975230865004565,-0.663232138899019,-0.06435006435006435,,1.0,0.0
cifar10,fedavg,137,10,90,0,0.0,0.1509,55,0,35,0,0.6903982720526406,,-0.607876574279745,-0.6409570900508134,0.016527768091515085,,1.0,0.0
cifar10,fedavg,137,11,90,0,0.0,0.1551,58,0,32,0,0.6969618329265551,,-0.6632479672641571,-0.6569177186919374,0.06085601711930585,,1.0,0.0
cifar10,fedavg,137,12,90,0,0.0,0.1517,56,0,34,0,0.7225350081163014,,-0.5936266529079458,-0.6796353007346853,-0.0371304149605304,,1.0,0.0
cifar10,fedavg,137,13,90,0,0.0,0.1559,56,0,34,0,0.7825643945043422,,-0.659488659323789,-0.6996242395931738,-0.015891206402860746,,1.0,0.0
cifar10,fedavg,137,14,90,0,0.0,0.1508,57,0,33,0,0.7087412907728416,,-0.5845997932950022,-0.6654525076095451,0.05063925813619015,,1.0,0.0
cifar10,fedavg,137,15,90,0,0.0,0.1572,56,0,34,0,0.7266690714585458,,-0.6586459113620401,-0.6444181447270896,-0.009625668449197862,,1.0,0.0
cifar10,fedavg,137,16,90,0,0.0,0.168,55,0,35,0,0.6843455166241815,,-0.6814232986472333,-0.69814983033737,-0.016807899754083137,,1.0,0.0
cifar10,fedavg,137,17,90,0,0.0,0.1574,55,0,35,0,0.7200061778636787,,-0.6711433147462464,-0.6749486320279678,0.07409482474924983,,1.0,0.0
cifar10,fedavg,137,18,90,0,0.0,0.1711,53,0,37,0,0.6879068734151249,,-0.6529627556154072,-0.6428667670252705,-0.06923122530091767,,1.0,0.0
cifar10,fedavg,137,19,90,0,0.0,0.1578,55,0,35,0,0.6956920906549305,,-0.6733641734832286,-0.6406158161562032,-0.06821205983532073,,1.0,0.0
cifar10,fedavg,137,20,90,0,0.0,0.169,56,0,34,0,0.6693514270296289,,-0.6324062951209684,-0.6510790810402242,-0.15935828877005345,,1.0,0.0
cifar10,fedavg,137,21,90,0,0.0,0.1592,53,0,37,0,0.7247326638942503,,-0.6641351297391682,-0.6492229994358656,-0.008890996399946617,,1.0,0.0
cifar10,fedavg,137,22,90,0,0.0,0.1583,57,0,33,0,0.7876428081973492,,-0.5657787361877085,-0.7066591206889422,0.14055318842421097,,1.0,0.0
cifar10,fedavg,137,23,90,0,0.0,0.1588,53,0,37,0,0.7165296752357831,,-0.6827542377535335,-0.6515610282173991,-0.02359077711452503,,1.0,0.0
cifar10,fedavg,137,24,90,0,0.0,0.1707,55,0,35,0,0.7037368161558906,,-0.6244971039209744,-0.6722363641546765,-0.08515406162464986,,1.0,0.0
cifar10,fedavg,137,25,90,0,0.0,0.1589,54,0,36,0,0.7375377140403413,,-0.6637558589284814,-0.6920594730743168,-0.09923418515947413,,1.0,0.0
cifar10,fedavg,137,26,90,0,0.0,0.1655,55,0,35,0,0.7177481065660647,,-0.59561398707098,-0.6758392389776187,0.12830030145616794,,1.0,0.0
cifar10,fedavg,137,27,90,0,0.0,0.1587,56,0,34,0,0.7049532189963542,,-0.6987045158710732,-0.6701578511936496,-0.10191764106450113,,1.0,0.0
cifar10,fedavg,137,28,90,0,0.0,0.1841,55,0,35,0,0.6801104617423495,,-0.6417091698756029,-0.6732268709535101,-0.046221724323728626,,1.0,0.0
cifar10,fedavg,137,29,90,0,0.0,0.1616,57,0,33,0,0.7113677343842304,,-0.6291929948392262,-0.657004808362987,-0.02573529411764706,,1.0,0.0
cifar10,fedavg,2024,0,90,0,0.0,0.1191,58,0,32,0,0.2662657981277733,,-0.8816630433883804,-0.23086995817740524,0.1660557184750733,,1.0,0.0
cifar10,fedavg,2024,1,90,0,0.0,0.131,55,0,35,0,0.4258549845038728,,-0.8652879513658496,-0.24234725882044628,0.007002801120448179,,1.0,0.0
cifar10,fedavg,2024,2,90,0,0.0,0.1109,58,0,32,0,0.5568661145253608,,-0.7456291663140272,-0.19152413992940387,0.003665689149560117,,1.0,0.0
cifar10,fedavg,2024,3,90,0,0.0,0.1445,56,0,34,0,0.4836713572083116,,-0.6945438096381096,-0.1809771999853583,0.0744079449961803,,1.0,0.0
cifar10,fedavg,2024,4,90,0,0.0,0.1105,57,0,33,0,0.43190217909996836,,-0.6974852129556708,-0.1484980926601007,0.10327540106951873,,1.0,0.0
cifar10,fedavg,2024,5,90,0,0.0,0.1025,55,0,35,0,0.3597809850160439,,-0.6436305538741897,-0.2168222700745518,0.09495798319327732,,1.0,0.0
cifar10,fedavg,2024,6,90,0,0.0,0.164,57,0,33,0,0.3627696208530703,,-0.3339520200545487,-0.1982150078907098,-0.08255347593582889,,1.0,0.0
cifar10,fedavg,2024,7,90,0,0.0,0.1207,57,0,33,0,0.2679434622431124,,-0.6413109769461307,-0.21560977550941138,0.05213903743315509,,1.0,0.0
cifar10,fedavg,2024,8,90,0,0.0,0.1853,57,0,33,0,0.4983853230661056,,-0.41464269064009623,-0.2336221321185788,0.0554812834224599,,1.0,0.0
cifar10,fedavg,2024,9,90,0,0.0,0.1125,56,0,34,0,0.27090546464466636,,-0.6903467023126163,-0.16252176519159114,0.05699006875477463,,1.0,0.0
cifar10,fedavg,2024,10,90,0,0.0,0.1542,55,0,35,0,0.43677986870733404,,-0.3947657423133092,-0.23635872175029388,0.043697478991596636,,1.0,0.0
cifar10,fedavg,2024,11,90,0,0.0,0.1335,58,0,32,0,0.2135570391876224,,-0.6639031743296331,-0.20457730606257654,-0.00036656891495601173,,1.0,0.0
cifar10,fedavg,2024,12,90,0,0.0,0.1632,57,0,33,0,0.3763216608071768,,-0.2157772637898185,-0.23125192071159928,0.19385026737967917,,1.0,0.0
cifar10,fedavg,2024,13,90,0,0.0,0.144,60,0,30,0,0.23704417605700973,,-0.6559780031546788,-0.16303307806851047,-0.03225806451612903,,1.0,0.0
cifar10,fedavg,2024,14,90,0,0.0,0.1751,58,0,32,0,0.44496580403088715,,-0.13518904748596175,-0.17642508427337242,0.05388563049853372,,1.0,0.0
cifar10,fedavg,2024,15,90,0,0.0,0.199,59,0,31,0,0.26952388737970745,,-0.7531496142598709,-0.20765622165063802,-0.10040322580645164,,1.0,0.0
cifar10,fedavg,2024,16,90,0,0.0,0.1974,57,0,33,0,0.5304451419167487,,-0.42891735896735467,-0.2043658797554788,0.043114973262032084,,1.0,0.0
cifar10,fedavg,2024,17,90,0,0.0,0.1771,55,0,35,0,0.39564758598589767,,-0.6799929233071983,-0.19980018383607773,-0.07591036414565827,,1.0,0.0
cifar10,fedavg,2024,18,90,0,0.0,0.1937,58,0,32,0,0.3972682245447177,,-0.561423273293146,-0.18573795411104715,0.2111436950146627,,1.0,0.0
cifar10,fedavg,2024,19,90,0,0.0,0.1945,56,0,34,0,0.47243834596288853,,-0.5239168455514482,-0.22372440869953733,-0.022765469824293352,,1.0,0.0
cifar10,fedavg,2024,20,90,0,0.0,0.1695,56,0,34,0,0.19128240427761323,,-0.6322143413839252,-0.16415005409312874,0.3142857142857143,,1.0,0.0
cifar10,fedavg,2024,21,90,0,0.0,0.1861,56,0,34,0,0.5272429702141077,,-0.3611341058646641,-0.1867187083339382,-0.03437738731856379,,1.0,0.0
cifar10,fedavg,2024,22,90,0,0.0,0.127,58,0,32,0,0.25531045571302297,,-0.721971006768837,-0.20700806113145342,0.15615835777126097,,1.0,0.0
cifar10,fedavg,2024,23,90,0,0.0,0.1842,56,0,34,0,0.4813850756932634,,-0.2526962976344195,-0.12957473955892942,0.022459893048128343,,1.0,0.0
cifar10,fedavg,2024,24,90,0,0.0,0.1864,57,0,33,0,0.2837637057901003,,-0.6966557625746597,-0.18939809837299554,0.080548128342246,,1.0,0.0
cifar10,fedavg,2024,25,90,0,0.0,0.2006,56,0,34,0,0.4274874060926419,,-0.33751860486736374,-0.1932313688125952,0.07165775401069518,,1.0,0.0
cifar10,fedavg,2024,26,90,0,0.0,0.2341,59,0,31,0,0.48719421868142637,,-0.6185947804992104,-0.16748364212165562,-0.07016129032258064,,1.0,0.0
cifar10,fedavg,2024,27,90,0,0.0,0.1792,58,0,32,0,0.4999541206113329,,-0.5014621200947239,-0.15481353842134507,0.04912023460410556,,1.0,0.0
cifar10,fedavg,2024,28,90,0,0.0,0.2443,57,0,33,0,0.4910851383932185,,-0.6695760680411096,-0.19426531452413703,-0.04378342245989305,,1.0,0.0
cifar10,fedavg,2024,29,90,0,0.0,0.188,57,0,33,0,0.38144894455915246,,-0.22897995777644517,-0.19113692397491908,0.10227272727272728,,1.0,0.0
cifar10,fedavg,42,0,90,0,0.0,0.1,53,0,37,0,0.661175649406599,,-0.9161268589986238,-0.653188149378605,-0.1375140776525077,,1.0,0.0
cifar10,fedavg,42,1,90,0,0.0,0.1427,52,0,38,0,0.7299480834271118,,-0.7217712584903859,-0.6705981877172305,-0.03709580352436516,,1.0,0.0
cifar10,fedavg,42,2,90,0,0.0,0.1014,54,0,36,0,0.7355072674804911,,-0.7487775342343139,-0.657262884600982,-0.028056628056628057,,1.0,0.0
cifar10,fedavg,42,3,90,0,0.0,0.1345,51,0,39,0,0.734436021963396,,-0.7500763993870353,-0.6399151241448598,-0.09180626561684047,,1.0,0.0
cifar10,fedavg,42,4,90,0,0.0,0.1,50,0,40,0,0.7788732929424992,,-0.858263083526005,-0.7102277770941485,0.047094141428045924,,1.0,0.0
cifar10,fedavg,42,5,90,0,0.0,0.1396,52,0,38,0,0.7197414540190812,,-0.6399378802529814,-0.6526591429318506,0.07769327581799192,,1.0,0.0
cifar10,fedavg,42,6,90,0,0.0,0.1068,51,0,39,0,0.7514363502041349,,-0.8620803795441536,-0.6596157774960122,-0.08310137163332527,,1.0,0.0
cifar10,fedavg,42,7,90,0,0.0,0.152,57,0,33,0,0.6502155970291646,,-0.5354601303703302,-0.639279686935624,-0.16144397148369535,,1.0,0.0
cifar10,fedavg,42,8,90,0,0.0,0.1359,51,0,39,0,0.7259449586611425,,-0.8826135679739537,-0.6566237318935053,-0.11397337936555936,,1.0,0.0
cifar10,fedavg,42,9,90,0,0.0,0.2034,52,0,38,0,0.7122193330639707,,-0.6416917190308498,-0.6499636335645381,-0.07495759709200629,,1.0,0.0
cifar10,fedavg,42,10,90,0,0.0,0.1504,52,0,38,0,0.6300165691062947,,-0.8388022417842004,-0.6784345089542649,-0.2138206492230369,,1.0,0.0
cifar10,fedavg,42,11,90,0,0.0,0.142,51,0,39,0,0.7010633219319242,,-0.6183244489715801,-0.6804376281098706,-0.09231236410425414,,1.0,0.0
cifar10,fedavg,42,12,90,0,0.0,0.1529,50,0,40,0,0.6966814972899463,,-0.8080856989843432,-0.6706480784798802,-0.21079788005740877,,1.0,0.0
cifar10,fedavg,42,13,90,0,0.0,0.151,50,0,40,0,0.7306741213253678,,-0.6749735476092132,-0.6907044097616237,-0.09812843014688453,,1.0,0.0
cifar10,fedavg,42,14,90,0,0.0,0.1554,52,0,38,0,0.714317464243898,,-0.8159909969383351,-0.6509201611127342,-0.15210373716480108,,1.0,0.0
cifar10,fedavg,42,15,90,0,0.0,0.1567,52,0,38,0,0.7157192724121463,,-0.6540224096835536,-0.6448648797885275,-0.09082453370272295,,1.0,0.0
cifar10,fedavg,42,16,90,0,0.0,0.1607,53,0,37,0,0.7301398082742974,,-0.8080218720503475,-0.6478469990853748,-0.2660186122864028,,1.0,0.0
cifar10,fedavg,42,17,90,0,0.0,0.1492,53,0,37,0,0.7209771898965044,,-0.6143371509864332,-0.6604400844335462,-0.061525695087630596,,1.0,0.0
cifar10,fedavg,42,18,90,0,0.0,0.1628,52,0,38,0,0.7270216521163443,,-0.8290227455881948,-0.6605062868469894,-0.019367545683335156,,1.0,0.0
cifar10,fedavg,42,19,90,0,0.0,0.1378,53,0,37,0,0.7173324424048345,,-0.6567867851968334,-0.6509469767896432,-0.16157904124169653,,1.0,0.0
cifar10,fedavg,42,20,90,0,0.0,0.1593,52,0,38,0,0.6717776255172495,,-0.6787186495916071,-0.6529374500289729,-0.1322974231886651,,1.0,0.0
cifar10,fedavg,42,21,90,0,0.0,0.1431,53,0,37,0,0.7104304901927608,,-0.6693869362483628,-0.6471732253268974,0.04789283394104578,,1.0,0.0
cifar10,fedavg,42,22,90,0,0.0,0.1562,52,0,38,0,0.6840823861052074,,-0.6797876382884714,-0.6613475023758892,-0.07441046134680916,,1.0,0.0
cifar10,fedavg,42,23,90,0,0.0,0.1461,50,0,40,0,0.7174713463608252,,-0.7498165594713501,-0.6494002504088469,0.006754538212787464,,1.0,0.0
cifar10,fedavg,42,24,90,0,0.0,0.1622,51,0,39,0,0.663531548021428,,-0.6609713834329668,-0.6458679856681613,-0.19393694037691986,,1.0,0.0
cifar10,fedavg,42,25,90,0,0.0,0.162,52,0,38,0,0.7170074788133844,,-0.6674484930587735,-0.6682558308164568,0.016960280118174857,,1.0,0.0
cifar10,fedavg,42,26,90,0,0.0,0.1653,51,0,39,0,0.7234786369516991,,-0.7344265755450539,-0.6447998001742172,-0.1999089025284012,,1.0,0.0
cifar10,fedavg,42,27,90,0,0.0,0.1783,53,0,37,0,0.7684102965636468,,-0.6781257380310356,-0.6773999456574172,-0.0023707918444760548,,1.0,0.0
cifar10,fedavg,42,28,90,0,0.0,0.1668,54,0,36,0,0.736924160602139,,-0.722874404924391,-0.6905754414092314,0.0673144991419001,,1.0,0.0
cifar10,fedavg,42,29,90,0,0.0,0.2273,52,0,38,0,0.7194116168030228,,-0.6102494503867274,-0.6503656391122362,-0.062264047803432955,,1.0,0.0
cifar10,flame_hdbscan,137,0,90,0,0.4888888888888889,0.1,55,10,35,34,0.531405691765455,0.7236053166066696,-0.8910750408991718,-0.6550616546649408,-0.22998809496837094,-0.28869535206408126,0.21175639247297756,0.8241106719367589
cifar10,flame_hdbscan,137,1,90,0,0.4888888888888889,0.1005,57,12,33,32,0.6800931495265474,0.6914411512574652,-0.5747839932557524,-0.6807482569956884,-0.0023397677026622513,-0.2970690858791229,0.22835934633513025,0.8675889328063242
cifar10,flame_hdbscan,137,2,90,0,0.4888888888888889,0.113,55,10,35,34,0.6862100651230412,0.7236053166066696,-0.5914488565523978,-0.6706968420570041,-0.10799075591998414,-0.28869535206408126,0.199025902147443,0.7565217391304349
cifar10,flame_hdbscan,137,3,90,0,0.4888888888888889,0.1282,56,11,34,33,0.6848395010832068,0.7075269813567722,-0.5561336679157523,-0.6401885111643234,-0.02536481021995081,-0.2927923903776884,0.20211835827233893,0.7747035573122529
cifar10,flame_hdbscan,137,4,90,0,0.4888888888888889,0.1374,57,12,33,32,0.7068638177769933,0.6914411512574652,-0.5250782398326218,-0.6405557677736026,0.013202974893594134,-0.2970690858791229,0.22287414263284025,0.787878787878788
cifar10,flame_hdbscan,137,5,90,0,0.4888888888888889,0.1438,56,11,34,33,0.7066821106723082,0.7075269813567722,-0.5298626810965664,-0.6658729711921747,-0.08663763490790427,-0.2927923903776884,0.20453511299863492,0.8612836438923396
cifar10,flame_hdbscan,137,6,90,0,0.4888888888888889,0.1454,54,9,36,35,0.685497226963721,0.7396835852068051,-0.6236529050905363,-0.6517019830367641,-0.15213334222892144,-0.28476572400804984,0.20485618796840185,0.8201581027667985
cifar10,flame_hdbscan,137,7,90,0,0.4888888888888889,0.1484,58,13,32,31,0.6809856028925919,0.6753398133863726,-0.5853147303243245,-0.6583136700768613,-0.20401429835478133,-0.3015389795482243,0.20732863549007047,0.7681818181818181
cifar10,flame_hdbscan,137,8,90,0,0.4888888888888889,0.1488,55,10,35,34,0.6888897679907491,0.7236053166066696,-0.6022825100108586,-0.6462961984534215,-0.10588976845072375,-0.28869535206408126,0.20706863899268055,0.7945454545454546
cifar10,flame_hdbscan,137,9,90,0,0.4888888888888889,0.1482,54,9,36,35,0.6923542355204758,0.7396797023431482,-0.6043444869166236,-0.663232138899019,-0.018275418275418277,-0.2847473987257497,0.19520374436053947,0.8583333333333334
cifar10,flame_hdbscan,137,10,90,0,0.4888888888888889,0.1489,55,10,35,34,0.6835022534839936,0.7236053166066696,-0.5828187372793242,-0.6409570900508134,-0.08614048623967609,-0.28869535206408126,0.20125363778822475,0.7844202898550725
cifar10,flame_hdbscan,137,11,90,0,0.4888888888888889,0.1518,58,13,32,31,0.6705207393905136,0.6753398133863726,-0.5380718237360261,-0.6569177186919374,0.024562368355382478,-0.3015389795482243,0.2272880498904433,0.8323809523809523
cifar10,flame_hdbscan,137,12,90,0,0.4888888888888889,0.1495,56,11,34,33,0.71826474015165,0.7075269813567722,-0.5475623443644243,-0.6796353007346853,0.01191840480214556,-0.2927923903776884,0.20796278209016605,0.8636363636363636
cifar10,flame_hdbscan,137,13,90,0,0.4888888888888889,0.151,56,10,34,34,0.7744489958724052,0.7679196383358721,-0.5670666907840682,-0.6996242395931738,0.10527924241895244,,0.026772982568460262,0.88
cifar10,flame_hdbscan,137,14,90,0,0.4888888888888889,0.1525,57,12,33,32,0.6964471782619568,0.6914411512574652,-0.5545188065521042,-0.6654525076095451,0.005849419256655628,-0.2970690858791229,0.2094269296474608,0.787878787878788
cifar10,flame_hdbscan,137,15,90,0,0.4888888888888889,0.1529,56,11,34,33,0.6774100969979602,0.7075231454722544,-0.5729287089560309,-0.6444181447270896,-0.04568372803666921,-0.2927700218845599,0.19731258840169733,0.8201581027667985
cifar10,flame_hdbscan,137,16,90,0,0.4888888888888889,0.1527,55,10,35,34,0.6869408931778707,0.7236053166066696,-0.6102804068344998,-0.69814983033737,-0.021290006355171972,-0.28869535206408126,0.22780640256778445,0.8181818181818182
cifar10,flame_hdbscan,137,17,90,0,0.4888888888888889,0.1515,55,10,35,34,0.6816939225278132,0.7236053166066696,-0.6069271680928217,-0.6749486320279678,-0.0813782479760192,-0.28869535206408126,0.1971731448763251,0.8612836438923396
cifar10,flame_hdbscan,137,18,90,0,0.4888888888888889,0.1522,53,8,37,36,0.685101801927865,0.7557686884270133,-0.6001596500590323,-0.6428667670252705,-0.07160215767423678,-0.2809923983302458,0.19724524622135545,0.8630952380952381
cifar10,flame_hdbscan,137,19,90,0,0.4888888888888889,0.1532,55,10,35,34,0.69388375969875,0.7236053166066696,-0.619631776772235,-0.6406158161562032,-0.03473632615843848,-0.28869535206408126,0.2067089060344387,0.813664596273292
cifar10,flame_hdbscan,137,20,90,0,0.4888888888888889,0.1548,56,11,34,33,0.6741318338338208,0.7075231454722544,-0.5992287339976148,-0.6510790810402242,-0.1896103896103896,-0.2927700218845599,0.21783964245328738,0.8295454545454546
cifar10,flame_hdbscan,137,21,90,0,0.4888888888888889,0.1552,53,8,37,36,0.6869103348604405,0.7557686884270133,-0.6174857750571556,-0.6492229994358656,-0.08890996399946617,-0.2809923983302458,0.19724524622135545,0.8713768115942029
cifar10,flame_hdbscan,137,22,90,0,0.4888888888888889,0.1541,57,11,33,33,0.776015818070776,0.7518679567398512,-0.5427029805870319,-0.7066591206889422,-0.01871814162129801,,0.02758703409397583,0.8695652173913043
cifar10,flame_hdbscan,137,23,90,0,0.4666666666666667,0.1625,53,9,37,33,0.696026817194035,0.6650108977001299,-0.629842153387368,-0.6515610282173991,0.014581234095912452,-0.13043866144719715,0.2252196184503435,0.74
cifar10,flame_hdbscan,137,24,90,0,0.4888888888888889,0.1579,55,10,35,34,0.7171727372088609,0.7236014579854042,-0.6276441863744922,-0.6722363641546765,-0.009243697478991597,-0.2886751345948129,0.19733665032560183,0.8674242424242424
cifar10,flame_hdbscan,137,25,90,0,0.4888888888888889,0.157,54,9,36,35,0.7058002680096906,0.7396835852068051,-0.6055066259363326,-0.6920594730743168,-0.13565866557468967,-0.28476572400804984,0.23236645605973577,0.8656126482213439
cifar10,flame_hdbscan,137,26,90,0,0.4888888888888889,0.1574,55,10,35,34,0.7116110248235868,0.7236053166066696,-0.574548053812765,-0.6758392389776187,0.0019609216379763658,-0.28869535206408126,0.20017318159327066,0.8565217391304348
cifar10,flame_hdbscan,137,27,90,0,0.4888888888888889,0.1558,56,11,34,33,0.6895160113542298,0.7075269813567722,-0.615309921524226,-0.6701578511936496,-0.09626403878656029,-0.2927923903776884,0.22600558659217876,0.8116883116883118
cifar10,flame_hdbscan,137,28,90,0,0.4888888888888889,0.1583,55,10,35,34,0.6801573096945821,0.7236053166066696,-0.615988715220135,-0.6732268709535101,-0.07549548306209009,-0.28869535206408126,0.20319445490846078,0.8593073593073594
cifar10,flame_hdbscan,137,29,90,0,0.4888888888888889,0.1584,57,12,33,32,0.6839205648569259,0.6914373365675835,-0.5457260806246167,-0.657004808362987,-0.10227272727272728,-0.2970442628930023,0.19797885876480376,0.782608695652174
cifar10,flame_hdbscan,2024,0,90,0,0.23333333333333334,0.1321,58,15,32,6,0.2662657981277733,-0.09570852866318805,-0.8816630433883804,-0.23086995817740524,0.1660557184750733,-0.1300713854222445,0.850285779281713,-0.12987012987012986
cifar10,flame_hdbscan,2024,1,90,0,0.4,0.1045,55,15,35,21,0.2702456561581748,0.30805583341899734,-0.818799164650341,-0.24234725882044628,0.10756302521008403,-0.028873288694801554,0.45881375560142995,0.2651515151515152
cifar10,flame_hdbscan,2024,2,90,0,0.4222222222222222,0.1094,58,18,32,20,0.3255535335487752,0.2812879574544178,-0.5911247338156569,-0.19152413992940387,-0.007697947214076245,-0.09787577659555899,0.43865533503139736,0.23090909090909095
cifar10,flame_hdbscan,2024,3,90,0,0.3333333333333333,0.1713,56,13,34,17,0.2578585440980479,0.27125852486813223,-0.5411688097819305,-0.1809771999853583,0.17433155080213902,0.03297717121066989,0.5370449450197502,0.21739130434782605
cifar10,flame_hdbscan,2024,4,90,0,0.37777777777777777,0.1,57,17,33,17,0.2642647791050778,0.2083528061121912,-0.6078782805681804,-0.1484980926601007,0.08856951871657755,0.0,0.5410195456946646,0.21739130434782605
cifar10,flame_hdbscan,2024,5,90,0,0.4444444444444444,0.1067,55,18,35,22,0.1732896512375773,0.26256429612280546,-0.5083012777792373,-0.2168222700745518,0.033893557422969185,-0.1288070335244529,0.5222485386010884,0.303030303030303
cifar10,flame_hdbscan,2024,6,90,0,0.37777777777777777,0.1244,57,17,33,17,0.2253241073382147,0.22265152810028277,-0.6507221674164743,-0.1982150078907098,0.031751336898395724,0.08914967391898634,0.4860370585440532,0.19762845849802368
cifar10,flame_hdbscan,2024,7,90,0,0.4777777777777778,0.1014,57,18,33,25,0.23620767247716662,0.3930634787031151,-0.37524368343673353,-0.21560977550941138,-0.014037433155080216,-0.1410960248741761,0.376400032861407,0.3271221532091097
cifar10,flame_hdbscan,2024,8,90,0,0.43333333333333335,0.117,57,17,33,22,0.3620834416148877,0.3432511558817672,-0.6079124577789432,-0.2336221321185788,0.07787433155080214,-0.020253017924522883,0.3622945671516801,0.2727272727272727
cifar10,flame_hdbscan,2024,9,90,0,0.4111111111111111,0.1288,56,17,34,20,0.23765046078941873,0.25739068739945814,-0.2750425064637887,-0.16252176519159114,-0.04660045836516424,-0.07918883750351244,0.47987452882410314,0.19762845849802368
cifar10,flame_hdbscan,2024,10,90,0,0.32222222222222224,0.1023,55,13,35,16,0.24414211637186015,0.20886531921512172,-0.6425589126456175,-0.23635872175029388,0.10028011204481793,-0.0681466275636382,0.6195971773007939,0.13043478260869562
cifar10,flame_hdbscan,2024,11,90,0,0.4666666666666667,0.1037,58,18,32,24,0.28918641355740465,0.3746503580614754,-0.35342462332583435,-0.20457730606257654,-0.05425219941348973,-0.265754794779307,0.41727292768959434,0.37944664031620556
cifar10,flame_hdbscan,2024,12,90,0,0.4666666666666667,0.1421,57,19,33,23,0.33566554094485723,0.33350064028131443,-0.5924498064165273,-0.23125192071159928,-0.043114973262032084,-0.04154928051118867,0.392244196460991,0.33003952569169953
cifar10,flame_hdbscan,2024,13,90,0,0.45555555555555555,0.1017,60,19,30,22,0.2645184575769877,0.3705821497963771,-0.2479667805883608,-0.16303307806851047,0.07274749721913237,-0.11321339017999653,0.35798685953203313,0.375
cifar10,flame_hdbscan,2024,14,90,0,0.4111111111111111,0.1003,58,17,32,20,0.30328696841256175,0.31486378417020205,-0.6343018336099989,-0.17642508427337242,-0.01099706744868035,0.01398225379936557,0.4222840109215701,0.31636363636363635
cifar10,flame_hdbscan,2024,15,90,0,0.4888888888888889,0.1106,59,20,31,24,0.2390663575313141,0.38866164230391487,-0.3856078604701992,-0.20765622165063802,-0.01693548387096774,-0.11213565339313257,0.36733534125134965,0.38333333333333336
cifar10,flame_hdbscan,2024,16,90,0,0.4222222222222222,0.1246,57,17,33,21,0.322933103969691,0.306782523076092,-0.5938424476522471,-0.2043658797554788,0.017379679144385027,-0.07938841860374447,0.4037379317466054,0.2272727272727273
cifar10,flame_hdbscan,2024,17,90,0,0.4222222222222222,0.1651,55,17,35,21,0.2845060967736705,0.2700678992656059,-0.30421009276699057,-0.19980018383607773,0.012885154061624651,-0.03464794643376186,0.4454596673443892,0.20238095238095244
cifar10,flame_hdbscan,2024,18,90,0,0.43333333333333335,0.1774,58,20,32,19,0.23233212996338418,0.23952234565239308,-0.6662948462190074,-0.18573795411104715,0.10153958944281524,0.044793777267210726,0.40939311285373337,0.15612648221343878
cifar10,flame_hdbscan,2024,19,90,0,0.4888888888888889,0.1317,56,17,34,27,0.40548430837137156,0.4610438817477077,-0.5037360255525023,-0.22372440869953733,0.0857142857142857,0.018535689146702925,0.2564267517562595,0.5175438596491229
cifar10,flame_hdbscan,2024,20,90,0,0.4888888888888889,0.1707,56,20,34,24,0.31415586454504235,0.33878623898393856,-0.5561606926304906,-0.16415005409312874,0.06982429335370512,0.08553372034476997,0.3299871232228734,0.37351778656126483
cifar10,flame_hdbscan,2024,21,90,0,0.4777777777777778,0.1582,56,20,34,23,0.2757992407801829,0.30120296501038224,-0.3091985479821668,-0.1867187083339382,-0.014820473644003056,0.016020622201141848,0.4021519673019156,0.3043478260869565
cifar10,flame_hdbscan,2024,22,90,0,0.4888888888888889,0.1937,58,21,32,23,0.29312995209124804,0.342416856063117,-0.5762911382724297,-0.20700806113145342,0.12133431085043987,0.08656961254896814,0.3296923456925652,0.354978354978355
cifar10,flame_hdbscan,2024,23,90,0,0.4222222222222222,0.1964,56,17,34,21,0.3262580406639549,0.30063796943819077,-0.43447675965344584,-0.12957473955892942,0.09304812834224599,0.021591675854376522,0.37986047123864686,0.2486956521739131
cifar10,flame_hdbscan,2024,24,90,0,0.3888888888888889,0.2208,57,17,33,18,0.29466633146344623,0.24530388517495688,-0.6279574993932245,-0.18939809837299554,0.054812834224598934,0.05752237416355279,0.4473601426099722,0.11688311688311687
cifar10,flame_hdbscan,2024,25,90,0,0.4111111111111111,0.222,56,19,34,18,0.2851616580587483,0.18556072812519073,-0.5388522550556105,-0.1932313688125952,0.03712757830404889,0.030031248756518632,0.5147465177916878,0.11688311688311687
cifar10,flame_hdbscan,2024,26,90,0,0.43333333333333335,0.1561,59,20,31,19,0.30188501284362534,0.2530609928186697,-0.5400190268838836,-0.16748364212165562,-0.09153225806451613,-0.01480872194397731,0.3854634981802612,0.17142857142857137
cifar10,flame_hdbscan,2024,27,90,0,0.4222222222222222,0.174,58,18,32,20,0.31132793966693517,0.28432343900968127,-0.38510931139824023,-0.15481353842134507,-0.11510263929618768,-0.07690239589651063,0.45982375638752737,0.24505928853754944
cifar10,flame_hdbscan,2024,28,90,0,0.4777777777777778,0.1499,57,18,33,25,0.3456913820360809,0.40099414157732677,-0.6008012473743058,-0.19426531452413703,-0.054144385026737976,-0.08168717229557564,0.32745681953543776,0.3540372670807454
cifar10,flame_hdbscan,2024,29,90,0,0.3888888888888889,0.1791,57,15,33,20,0.29129261687571506,0.30523319873736876,-0.3839156194396707,-0.19113692397491908,0.02774064171122995,-0.14328877907269919,0.5186325924692694,0.24110671936758887
cifar10,flame_hdbscan,42,0,90,0,0.4777777777777778,0.1,53,9,37,34,0.661175649406599,0.6915423160132039,-0.9161268589986238,-0.653188149378605,-0.1375140776525077,-0.12983783530751408,0.1829331002211138,0.7662337662337662
cifar10,flame_hdbscan,42,1,90,0,0.4888888888888889,0.1,52,9,38,35,0.7022142708435313,0.6899662899988626,-0.5740811344023992,-0.6705981877172305,-0.033156426158945845,-0.12904897873419552,0.1829551315110882,0.759090909090909
cifar10,flame_hdbscan,42,2,90,0,0.4666666666666667,0.1056,54,9,36,33,0.6995030251752049,0.6966093426756219,-0.5079072823731297,-0.657262884600982,-0.005920205920205921,-0.0919097842855071,0.1691279304051011,0.7826086956521738
cifar10,flame_hdbscan,42,3,90,0,0.4888888888888889,0.1137,51,8,39,36,0.7059777637145789,0.7056861433451912,-0.5471603049180763,-0.6399151241448598,-0.03573055321140538,-0.1368040370677751,0.18381305215161015,0.8181818181818181
cifar10,flame_hdbscan,42,4,90,0,0.4888888888888889,0.1213,50,6,40,38,0.7664391726847963,0.7839181925417416,-0.5984401853445389,-0.7102277770941485,0.10037994288448036,0.03975025852891374,0.061314218716691536,0.8565217391304348
cifar10,flame_hdbscan,42,5,90,0,0.4888888888888889,0.1317,52,8,38,36,0.7124575488311239,0.7418685160926349,-0.5595010539193446,-0.6526591429318506,0.03939377365419308,-0.0537384301594315,0.13918401009071946,0.8181818181818182
cifar10,flame_hdbscan,42,6,90,0,0.4888888888888889,0.1311,51,8,39,36,0.7347272481431089,0.7066321033228657,-0.5465201499597367,-0.6596157774960122,0.06994281096056974,-0.12825378475103916,0.18072749503285954,0.7803030303030303
cifar10,flame_hdbscan,42,7,90,0,0.4888888888888889,0.1309,57,14,33,30,0.6985915002115298,0.605258658192423,-0.43183123394970085,-0.639279686935624,-0.03526364180440965,-0.14392444517521236,0.21519563239308462,0.6964285714285714
cifar10,flame_hdbscan,42,8,90,0,0.4888888888888889,0.134,51,8,39,36,0.6913709506383552,0.7066321033228657,-0.5420505329535791,-0.6566237318935053,0.002834151529516574,-0.12825378475103916,0.1799756481152656,0.7766798418972332
cifar10,flame_hdbscan,42,9,90,0,0.4888888888888889,0.1395,52,9,38,35,0.689387267996814,0.6918709588463404,-0.5425550007821879,-0.6499636335645381,-0.18460360042951035,-0.11124911959844441,0.1664477079716605,0.8214285714285714
cifar10,flame_hdbscan,42,10,90,0,0.4888888888888889,0.1424,52,9,38,35,0.7050911843391522,0.6890139555751236,-0.5744919441775488,-0.6784345089542649,0.019149751081899414,-0.13794890830207104,0.19002089024586213,0.7662337662337662
cifar10,flame_hdbscan,42,11,90,0,0.4888888888888889,0.1446,51,8,39,36,0.6949657737941859,0.7066321033228657,-0.5711175274708737,-0.6804376281098706,-0.08067209889373964,-0.12825378475103916,0.18019505257276375,0.7662337662337662
cifar10,flame_hdbscan,42,12,90,0,0.4777777777777778,0.1473,50,6,40,37,0.7136913738024836,0.7417003563586637,-0.5911237029517233,-0.6706480784798802,0.02289037949889085,-0.13567793254850843,0.19659040671971706,0.7826086956521738
cifar10,flame_hdbscan,42,13,90,0,0.4888888888888889,0.151,50,7,40,37,0.7189453547986475,0.7223514759812092,-0.5598820741780075,-0.6907044097616237,-0.025986209513085105,-0.13567793254850843,0.19222953751117614,0.8077803203661327
cifar10,flame_hdbscan,42,14,90,0,0.4888888888888889,0.1483,52,9,38,35,0.7000336803595893,0.6899662899988626,-0.5568452728913614,-0.6509201611127342,-0.10318980154417799,-0.12904897873419552,0.1769591460068838,0.8181818181818181
cifar10,flame_hdbscan,42,15,90,0,0.4888888888888889,0.1498,52,9,38,35,0.6968727403723626,0.6899662899988626,-0.5147054970523599,-0.6448648797885275,0.03468840624549781,-0.12904897873419552,0.1751376169435462,0.7630434782608695
cifar10,flame_hdbscan,42,16,90,0,0.4888888888888889,0.1506,53,10,37,34,0.6995147021354305,0.6713681242371946,-0.516806119578221,-0.6478469990853748,-0.02987374790382064,-0.1483860974943018,0.2053961728859682,0.7142857142857143
cifar10,flame_hdbscan,42,17,90,0,0.4888888888888889,0.1515,53,10,37,34,0.7151363667009928,0.6742454161982111,-0.5289384733965582,-0.6604400844335462,-0.0846422857274918,-0.1205637042141202,0.17932516112725894,0.7683982683982684
cifar10,flame_hdbscan,42,18,90,0,0.4888888888888889,0.1556,52,9,38,35,0.6888157027354272,0.6909151014395712,-0.5439544312877305,-0.6605062868469894,-0.04497209760367655,-0.12014247556220252,0.17930703328363112,0.7916666666666666
cifar10,flame_hdbscan,42,19,90,0,0.4888888888888889,0.1571,53,10,37,34,0.6806266056406247,0.6742454161982111,-0.5362817624182908,-0.6509469767896432,-0.1506727523244287,-0.1205637042141202,0.1747450864489434,0.7727272727272727
cifar10,flame_hdbscan,42,20,90,0,0.4888888888888889,0.1589,52,9,38,35,0.6925207215493694,0.6909186244226015,-0.5489682473044927,-0.6529374500289729,-0.036001532033970905,-0.12014904916631995,0.1783918334506688,0.7826086956521738
cifar10,flame_hdbscan,42,21,90,0,0.4888888888888889,0.1581,53,10,37,34,0.6918007555454658,0.6732863188778723,-0.5486525547497008,-0.6471732253268974,-0.10360974471404456,-0.12983783530751408,0.1766463338727748,0.7380952380952381
cifar10,flame_hdbscan,42,22,90,0,0.4888888888888889,0.161,52,9,38,35,0.6855666535774705,0.6890139555751236,-0.5457392866350393,-0.6613475023758892,-0.15221316431384052,-0.13794890830207104,0.1817180616740088,0.7391304347826086
cifar10,flame_hdbscan,42,23,90,0,0.4888888888888889,0.1597,50,7,40,37,0.6998375030862651,0.7251713255946686,-0.6101547664473609,-0.6494002504088469,-0.07495661155579421,-0.1110092175396887,0.16553123979282347,0.786231884057971
cifar10,flame_hdbscan,42,24,90,0,0.4888888888888889,0.1607,51,8,39,36,0.6820699145237754,0.7066321033228657,-0.5671320705691818,-0.6458679856681613,-0.14373197042548339,-0.12825378475103916,0.17742379154267424,0.7727272727272727
cifar10,flame_hdbscan,42,25,90,0,0.4888888888888889,0.1631,52,9,38,35,0.702852037136282,0.6909151014395712,-0.5466363183229805,-0.6682558308164568,-0.08698982383192909,-0.12014247556220252,0.17758810572687225,0.7391304347826086
cifar10,flame_hdbscan,42,26,90,0,0.4888888888888889,0.1619,51,8,39,36,0.6882493700245578,0.7085240232782147,-0.5990600856049745,-0.6447998001742172,-0.15840882656047994,-0.11115328011756727,0.1799984778141411,0.8214285714285714
cifar10,flame_hdbscan,42,27,90,0,0.4888888888888889,0.1629,53,9,37,35,0.7586479600990246,0.733705655563159,-0.5248585101639398,-0.6773999456574172,0.022285443338074917,0.0447773662839645,0.06748790145182577,0.8219461697722567
cifar10,flame_hdbscan,42,28,90,0,0.4888888888888889,0.1627,54,10,36,34,0.7590957507553614,0.7179423955697665,-0.5367698756419309,-0.6905754414092314,0.07336379447587582,0.05837128249902551,0.06274712988464999,0.8241106719367589
cifar10,flame_hdbscan,42,29,90,0,0.4888888888888889,0.1625,52,9,38,35,0.6945455555701726,0.6918709588463404,-0.5518109118861712,-0.6503656391122362,-0.1001258413710741,-0.11124911959844441,0.16613590596169156,0.7916666666666666
fashion_mnist,fed_mdbscan_g,137,0,90,0,0.0,0.2394,53,0,37,0,0.08301762727392764,,-0.5996898962159125,-0.028555661665662802,-0.25583876883998924,,1.0,0.0
fashion_mnist,fed_mdbscan_g,137,1,90,0,0.0,0.3803,52,0,38,0,0.6558538176975391,,0.0009251180508084035,-0.021047749045726583,0.1231055426693534,,1.0,0.0
fashion_mnist,fed_mdbscan_g,137,2,90,0,0.0,0.4175,50,0,40,0,0.6572359463342378,,0.12232524348652701,-0.06254861177831872,0.09371921770242606,,1.0,0.0
fashion_mnist,fed_mdbscan_g,137,3,90,0,0.0,0.4258,51,0,39,0,0.6279109459152975,,0.060176102292022644,-0.10118152410164512,0.13583683402183008,,1.0,0.0
fashion_mnist,fed_mdbscan_g,137,4,90,0,0.0,0.4454,51,0,39,0,0.6171295812289251,,0.1466018950413352,-0.057364347002107276,0.10841178312450468,,1.0,0.0
fashion_mnist,fed_mdbscan_g,137,5,90,0,0.0,0.4621,51,0,39,0,0.63621409283248,,0.14350441024089275,-0.048907215421238236,0.20315821543499615,,1.0,0.0
fashion_mnist,fed_mdbscan_g,137,6,90,0,0.0,0.4776,51,0,39,0,0.6095636965933866,,0.16335885287956914,-0.01040307313421627,0.21205526622632936,,1.0,0.0
fashion_mnist,fed_mdbscan_g,137,7,90,0,0.0,0.4923,54,0,36,0,0.6122487472827658,,0.14999943190172513,-0.07950961780815825,0.15933075933075935,,1.0,0.0
fashion_mnist,fed_mdbscan_g,137,8,90,0,0.0,0.4944,50,0,40,0,0.5348416447228527,,0.15624169414831618,-0.012345769370534939,0.11323764005177149,,1.0,0.0
fashion_mnist,fed_mdbscan_g,137,9,90,0,0.0,0.4789,54,0,36,0,0.5370851881500697,,0.2610554109300988,-0.06078207212547846,0.08212125180656302,,1.0,0.0
fashion_mnist,fed_mdbscan_g,137,10,90,0,0.0,0.5123,52,0,38,0,0.5333128491683694,,0.07563880446792574,-0.034089832839916116,0.10483694525457625,,1.0,0.0
fashion_mnist,fed_mdbscan_g,137,11,90,0,0.0,0.5531,53,0,37,0,0.5842052946086674,,0.2501389426280331,-0.034186397722782744,0.09057498581730851,,1.0,0.0
fashion_mnist,fed_mdbscan_g,137,12,90,0,0.0,0.5652,52,0,38,0,0.5468454061746518,,0.16860063676384102,-0.03600131479636327,0.13460275852101125,,1.0,0.0
fashion_mnist,fed_mdbscan_g,137,13,90,0,0.0,0.544,55,0,35,0,0.5700365131765026,,0.2387425079400447,-0.03436013968125949,0.13362280304496094,,1.0,0.0
fashion_mnist,fed_mdbscan_g,137,14,90,0,0.0,0.5783,51,0,39,0,0.5634953552900569,,0.1137896427876871,-0.08793013478606704,0.2639809710349723,,1.0,0.0
fashion_mnist,fed_mdbscan_g,137,15,90,0,0.0,0.5942,55,0,35,0,0.4970500541429012,,0.27110976105239243,-0.015623772763820138,0.11668300996949485,,1.0,0.0
fashion_mnist,fed_mdbscan_g,137,16,90,0,0.0,0.5861,54,0,36,0,0.5236984974079348,,0.18782278949812026,-0.08738235306197542,0.19474836047543864,,1.0,0.0
fashion_mnist,fed_mdbscan_g,137,17,90,0,0.0,0.6011,53,0,37,0,0.5885021525853531,,0.17823371814699882,-0.06315843852480324,0.21302827374272099,,1.0,0.0
fashion_mnist,fed_mdbscan_g,137,18,90,0,0.0,0.6246,52,0,38,0,0.5305825160689299,,0.26493296317406356,-0.0038572371201665914,0.17837601332459216,,1.0,0.0
fashion_mnist,fed_mdbscan_g,137,19,90,0,0.0,0.6189,52,0,38,0,0.5705571580583746,,0.14765536287994402,-0.03006020319030698,0.061063690450995356,,1.0,0.0
fashion_mnist,fed_mdbscan_g,137,20,90,0,0.0,0.6458,52,0,38,0,0.5316453302955574,,0.16300086233400923,-0.05811764454708238,0.16819873158275958,,1.0,0.0
fashion_mnist,fed_mdbscan_g,137,21,90,0,0.0,0.6389,54,0,36,0,0.5502022858147588,,0.2906021730578685,-0.04321717386057139,0.1654009538737202,,1.0,0.0
fashion_mnist,fed_mdbscan_g,137,22,90,0,0.0,0.6372,51,0,39,0,0.5440132406361927,,0.1671656242196945,-0.010871846973116437,0.08533252397194906,,1.0,0.0
fashion_mnist,fed_mdbscan_g,137,23,90,0,0.0,0.6661,51,0,39,0,0.5017397278090527,,0.2090131916236554,-0.028145073867439103,0.16307318638055746,,1.0,0.0
fashion_mnist,fed_mdbscan_g,137,24,90,0,0.0,0.6598,53,0,37,0,0.5048298228272199,,0.13924626082424713,-0.06388305332263897,0.09874933334874045,,1.0,0.0
fashion_mnist,fed_mdbscan_g,137,25,90,0,0.0,0.6704,49,0,41,0,0.5387983824735737,,0.21936824467900565,-0.02824392866551099,0.13729418991029127,,1.0,0.0
fashion_mnist,fed_mdbscan_g,137,26,90,0,0.0,0.6795,50,0,40,0,0.5270827151412856,,0.10594636752414474,-0.0015101139455122952,0.1536729531108548,,1.0,0.0
fashion_mnist,fed_mdbscan_g,137,27,90,0,0.0,0.6609,52,0,38,0,0.5176611863139428,,0.20001001114716316,-0.05275685184683282,0.11664934087602731,,1.0,0.0
fashion_mnist,fed_mdbscan_g,137,28,90,0,0.011111111111111112,0.664,50,0,40,1,0.4924749954342255,0.1501626444129918,0.16847299252082495,-0.11664327620655708,0.13997560808387993,0.11792170712618034,0.9653210221172429,0.043478260869565216
fashion_mnist,fed_mdbscan_g,137,29,90,0,0.0,0.6616,54,0,36,0,0.48256907541039,,0.11856869495455745,0.03929713846118127,0.10850119077747951,,1.0,0.0
fashion_mnist,fed_mdbscan_g,2024,0,90,0,0.0,0.2943,54,0,36,0,-0.3032890279395723,,-0.6676494432869224,-0.05310984865363252,-0.2447876447876448,,1.0,0.0
fashion_mnist,fed_mdbscan_g,2024,1,90,0,0.0,0.3286,51,0,39,0,0.5789092286988695,,-0.4175325119307521,-0.12009059777708876,0.013157894736842106,,1.0,0.0
fashion_mnist,fed_mdbscan_g,2024,2,90,0,0.0,0.3774,53,0,37,0,0.5705984164799327,,-0.12173060821541032,-0.09669358828026033,-0.009720246562351825,,1.0,0.0
fashion_mnist,fed_mdbscan_g,2024,3,90,0,0.0,0.4067,55,0,35,0,0.56600457105222,,-0.10225209121906208,-0.09930483746519293,-0.013165266106442579,,1.0,0.0
fashion_mnist,fed_mdbscan_g,2024,4,90,0,0.0,0.441,52,0,38,0,0.5680958972095365,,-0.03896634151503865,-0.03601820544083053,0.09049130101761681,,1.0,0.0
fashion_mnist,fed_mdbscan_g,2024,5,90,0,0.0,0.4731,54,0,36,0,0.5904677145636111,,-0.09956030139673382,-0.1506719730578016,0.12844272844272847,,1.0,0.0
fashion_mnist,fed_mdbscan_g,2024,6,90,0,0.0,0.496,50,0,40,0,0.5920149145199316,,-0.04823612486038544,-0.05988290520019796,0.1478424015009381,,1.0,0.0
fashion_mnist,fed_mdbscan_g,2024,7,90,0,0.011111111111111112,0.5066,53,0,37,1,0.5669813693210178,0.057171645920043764,-0.0672275372373597,-0.1723087305833941,0.1434329065908013,-0.21853668936906193,0.9980659232130366,0.0
fashion_mnist,fed_mdbscan_g,2024,8,90,0,0.022222222222222223,0.5226,52,0,38,2,0.5820772590213541,0.15501632115631062,-0.05505270898034934,-0.11248231194764707,0.1296640770324981,-0.04298839201461074,0.9474541178362514,0.043478260869565216
fashion_mnist,fed_mdbscan_g,2024,9,90,0,0.05555555555555555,0.5219,55,0,35,5,0.5849123037474042,0.2964801462157872,-0.029436965856560467,-0.11368117460114167,0.23445378151260504,0.016169041669088863,0.8820861195110524,0.13636363636363635
fashion_mnist,fed_mdbscan_g,2024,10,90,0,0.17777777777777778,0.5065,52,1,38,15,0.5394551783211079,0.48498033967268006,-0.016571990250898266,-0.09046903279447087,0.1465149359886202,0.09082797637952501,0.621149158908379,0.3913043478260869
fashion_mnist,fed_mdbscan_g,2024,11,90,0,0.1,0.5291,54,1,36,8,0.5679708732574422,0.32201046933431926,-0.018299341993889346,-0.051018533284224066,0.11737451737451739,0.012863576254021375,0.7884970289399501,0.18379446640316205
fashion_mnist,fed_mdbscan_g,2024,12,90,0,0.12222222222222222,0.5367,56,1,34,10,0.5521842231055434,0.39414659662165724,-0.010297874202230222,-0.13261401623793564,0.14041252864782275,0.0,0.7082610246047784,0.24223602484472048
fashion_mnist,fed_mdbscan_g,2024,13,90,0,0.14444444444444443,0.5234,54,0,36,13,0.56854723861322,0.5173109867956371,0.05923430554706156,-0.10286856751437967,0.22445302445302445,0.14195814807290816,0.608484279680901,0.391304347826087
fashion_mnist,fed_mdbscan_g,2024,14,90,0,0.16666666666666666,0.5084,52,1,38,14,0.5314108561253177,0.4726264093119884,-0.007074878210805537,-0.08265063986257126,0.2513404092351461,0.12437349182508894,0.6320557491289198,0.35652173913043483
fashion_mnist,fed_mdbscan_g,2024,15,90,0,0.14444444444444443,0.517,53,1,37,12,0.538284898238811,0.419366530894554,0.005561337946908503,-0.06661951627819276,0.1353722143195827,0.04325904563487001,0.6823459832429768,0.28985507246376807
fashion_mnist,fed_mdbscan_g,2024,16,90,0,0.13333333333333333,0.5207,53,1,37,11,0.4817777635418866,0.4047712500574367,0.0814270082748674,-0.013808995898615381,0.10953058321479373,0.07753407204140514,0.7025597078877752,0.2833333333333333
fashion_mnist,fed_mdbscan_g,2024,17,90,0,0.15555555555555556,0.5196,56,1,34,13,0.5020655312157455,0.4787739635145365,-0.014378716964701525,-0.09363735389718944,0.023071046600458365,0.040098826586699256,0.6898623067323759,0.3850931677018633
fashion_mnist,fed_mdbscan_g,2024,18,90,0,0.14444444444444443,0.5188,53,1,37,12,0.5148663633170615,0.4248217052801742,0.03471346324264287,-0.061785519570566626,0.19037458511142719,0.06488856845230502,0.7010266080033521,0.3002070393374741
fashion_mnist,fed_mdbscan_g,2024,19,90,0,0.12222222222222222,0.5258,53,0,37,11,0.5219343687347368,0.45301903516716624,0.06347366255300452,-0.07060757065021078,0.1642958748221906,0.09968666405323519,0.6937113441665707,0.3333333333333333
fashion_mnist,fed_mdbscan_g,2024,20,90,0,0.12222222222222222,0.5273,54,1,36,10,0.48856260117591493,0.3612933404682078,0.057261794198570574,-0.027356749943966446,0.05328185328185329,-0.0417894932532299,0.7510244702025524,0.21739130434782608
fashion_mnist,fed_mdbscan_g,2024,21,90,0,0.15555555555555556,0.5252,53,1,37,13,0.5191662203988326,0.45372111609319304,0.0501215836485317,-0.08033038455019093,0.20791844476055002,0.09014034142156853,0.6754994780888897,0.35454545454545455
fashion_mnist,fed_mdbscan_g,2024,22,90,0,0.15555555555555556,0.529,57,2,33,12,0.4934105235892817,0.4576955095662035,0.06809847678661365,-0.08440793452548875,0.20454545454545456,0.17200824030811301,0.5722113011836547,0.38857142857142857
fashion_mnist,fed_mdbscan_g,2024,23,90,0,0.15555555555555556,0.5275,56,2,34,12,0.4804592261541117,0.4239215009336631,0.036134632073473075,-0.08549857993157532,0.12605042016806722,0.06900655593423542,0.6833029547198772,0.32842105263157895
fashion_mnist,fed_mdbscan_g,2024,24,90,0,0.15555555555555556,0.5304,54,2,36,12,0.5079173216715528,0.38648348827459394,0.03088029430349078,-0.09240584234088108,0.11119691119691119,0.011344607913018796,0.6956324875011791,0.29782608695652174
fashion_mnist,fed_mdbscan_g,2024,25,90,0,0.12222222222222222,0.5346,56,2,34,9,0.4648520482084102,0.32595773674984957,-0.014754090063913082,-0.11969535038379191,0.17799847211611916,-0.0033976479429175034,0.7731146616162634,0.2292490118577075
fashion_mnist,fed_mdbscan_g,2024,26,90,0,0.13333333333333333,0.5371,54,2,36,10,0.46445751460281726,0.3438596382797435,0.04903308694736212,-0.06327506073412756,0.21209781209781212,0.04775942086083416,0.739688835830092,0.24818840579710147
fashion_mnist,fed_mdbscan_g,2024,27,90,0,0.14444444444444443,0.5391,55,2,35,11,0.5153153570378759,0.37875307330021446,-0.01920429168508837,-0.10545394425080143,0.23053221288515408,0.03656362120635654,0.712952726307876,0.3045454545454545
fashion_mnist,fed_mdbscan_g,2024,28,90,0,0.13333333333333333,0.5367,56,2,34,10,0.42300931750531595,0.35522956444473425,-0.0425296887233243,-0.20473394890667948,0.025210084033613443,0.0,0.7675944544396233,0.2583333333333333
fashion_mnist,fed_mdbscan_g,2024,29,90,0,0.18888888888888888,0.5377,55,2,35,15,0.4969323186097534,0.49438708360229316,0.010102446477415605,-0.09730630411216236,0.2296918767507003,0.1143323900950059,0.5308470455433508,0.3893280632411067
fashion_mnist,fed_mdbscan_g,42,0,90,0,0.0,0.2037,50,0,40,0,-0.4615093289831701,,-0.5707982332392705,0.23121818414595066,-0.03836952956986212,,1.0,0.0
fashion_mnist,fed_mdbscan_g,42,1,90,0,0.0,0.2203,52,0,38,0,0.6400491177614055,,-0.05162975968532267,0.17390338489413906,0.10570662597208477,,1.0,0.0
fashion_mnist,fed_mdbscan_g,42,2,90,0,0.2777777777777778,0.2386,50,1,40,24,0.6755208853604739,0.5989897246395245,-0.006334438199456974,0.1889587171427727,0.0038463342600595285,-0.03978905820484566,0.43996952869715134,0.5652173913043479
fashion_mnist,fed_mdbscan_g,42,3,90,0,0.4,0.2199,51,3,39,33,0.6854099147723575,0.7538430235915728,0.13874670873360653,0.2172062752640227,0.05344400027088397,-0.012629559670998254,0.22684130223710544,0.8219461697722568
fashion_mnist,fed_mdbscan_g,42,4,90,0,0.3888888888888889,0.2148,51,3,39,32,0.6961488801492695,0.7774387370587318,0.14433716242045583,0.1730919675200009,0.32268839557495854,0.2612278499477117,0.14555664688047146,0.865424430641822
fashion_mnist,fed_mdbscan_g,42,5,90,0,0.4111111111111111,0.2101,49,2,41,35,0.7202099882611831,0.7693030979313481,0.2690595594801825,0.18829756055848335,0.09939457302864282,-0.034994234783526514,0.22924513182146006,0.8695652173913043
fashion_mnist,fed_mdbscan_g,42,6,90,0,0.4222222222222222,0.2077,49,3,41,35,0.6798427784007012,0.7536125292329588,0.1875623740543766,0.15461323812891337,0.01263121217278984,0.005832372463921086,0.22858243607680923,0.8273809523809523
fashion_mnist,fed_mdbscan_g,42,7,90,0,0.4,0.2058,49,2,41,34,0.6877076879148232,0.75597653584228,0.30048920607318524,0.17041114419940084,0.09922034941246642,0.0054785599673452924,0.2517857142857143,0.8636363636363636
fashion_mnist,fed_mdbscan_g,42,8,90,0,0.4,0.2039,52,4,38,32,0.6337730485114047,0.7297709034673845,0.26481984901902583,0.17516900010183356,0.05230617724084526,-0.03290793336719941,0.274327593226834,0.7766798418972332
fashion_mnist,fed_mdbscan_g,42,9,90,0,0.4,0.202,51,3,39,33,0.650499176479277,0.7470864279895997,0.3028381143936296,0.1924847791788248,0.0741940382548446,-0.05683301851949215,0.26102413345183567,0.8116883116883117
fashion_mnist,fed_mdbscan_g,42,10,90,0,0.4111111111111111,0.2005,52,4,38,33,0.6682467923373075,0.7628785841553116,0.2980020504343112,0.19856403053482052,0.11106247948353211,0.04614544538090546,0.16894441611422745,0.8077803203661327
fashion_mnist,fed_mdbscan_g,42,11,90,0,0.4222222222222222,0.2,51,4,39,34,0.7133585272066769,0.7505862581230293,0.25706005225411327,0.11601027971879388,0.09625993230608079,-0.03407503827071267,0.23691838618942307,0.8221343873517786
fashion_mnist,fed_mdbscan_g,42,12,90,0,0.4444444444444444,0.1998,49,4,41,36,0.6815415988557515,0.7424981098503919,0.2619749071547002,0.20155341855482592,0.11368090955510855,-0.06299682265867786,0.20935265336846068,0.7445652173913043
fashion_mnist,fed_mdbscan_g,42,13,90,0,0.4,0.1998,52,4,38,32,0.6627437506552044,0.7297709034673845,0.33718873004855815,0.2047780726848654,0.0806478088420564,-0.03290793336719941,0.23644771066429957,0.7766798418972332
fashion_mnist,fed_mdbscan_g,42,14,90,0,0.4444444444444444,0.1998,48,4,42,36,0.7126930280513349,0.7270357768119828,0.2941680536358713,0.1735184550673793,0.1801385682771904,-0.01122755479496181,0.21047372316802368,0.7747368421052632
fashion_mnist,fed_mdbscan_g,42,15,90,0,0.4222222222222222,0.1998,49,3,41,35,0.702215075292872,0.7479391601295738,0.3083375232149784,0.15131421366968867,0.12186941951539991,-0.02916186231960543,0.22761082417691986,0.8169336384439359
fashion_mnist,fed_mdbscan_g,42,16,90,0,0.43333333333333335,0.1998,49,4,41,35,0.6531020860526865,0.7233429475789872,0.3070897570494151,0.2043171926656502,0.12361165567716402,-0.04665897971136869,0.2301864684135033,0.7583732057416268
fashion_mnist,fed_mdbscan_g,42,17,90,0,0.4444444444444444,0.1998,50,5,40,35,0.7056159778823903,0.7257270871922126,0.2708470952215285,0.1488286531202524,0.1536657443409148,-0.04911667978275475,0.22346891070593736,0.759090909090909
fashion_mnist,fed_mdbscan_g,42,18,90,0,0.4,0.1998,53,5,37,31,0.6630361165768935,0.7163555606573402,0.3524537213649132,0.15813733157472054,0.02299668089141773,0.020602141085758228,0.2173393294244891,0.75
fashion_mnist,fed_mdbscan_g,42,19,90,0,0.43333333333333335,0.1998,50,5,40,34,0.6650671813474527,0.7082933380798159,0.32433073828585657,0.16518118564474296,0.19447441270983906,-0.018196712496757236,0.22940323749697994,0.7391304347826086
fashion_mnist,fed_mdbscan_g,42,20,90,0,0.4,0.1998,55,7,35,29,0.6779143625840732,0.6727541910472942,0.4006520757916834,0.18891852668792863,0.1750700280112045,0.015012578303701498,0.2292358803986711,0.6971428571428571
fashion_mnist,fed_mdbscan_g,42,21,90,0,0.43333333333333335,0.1998,51,5,39,34,0.7098729138682386,0.7266587920215499,0.3214303444432467,0.1667456422480702,0.10607824296190607,-0.05452006123314027,0.23083855552993943,0.7797619047619048
fashion_mnist,fed_mdbscan_g,42,22,90,0,0.4444444444444444,0.1998,48,4,42,36,0.6880982996236109,0.7270357768119828,0.2879282693087399,0.17491790027313983,0.18281269007347797,-0.01122755479496181,0.21008884537948613,0.7847619047619048
fashion_mnist,fed_mdbscan_g,42,23,90,0,0.4222222222222222,0.1998,53,6,37,32,0.6785008386134783,0.7221794913860681,0.3181791979435289,0.13252087812986413,0.08108108108108107,0.05183052680392058,0.1770592970217333,0.7697368421052632
fashion_mnist,fed_mdbscan_g,42,24,90,0,0.4444444444444444,0.1998,50,6,40,34,0.6589179436927343,0.6836490997263448,0.3150768317922627,0.1988594990495019,0.11351376718712267,-0.04245899582576688,0.233470862327319,0.7272727272727273
fashion_mnist,fed_mdbscan_g,42,25,90,0,0.43333333333333335,0.1998,51,5,39,34,0.724707247397363,0.7505149572225202,0.3517153363959212,0.17905749098262655,0.25983096343818024,0.11585513012042307,0.14199076272283853,0.7930434782608695
fashion_mnist,fed_mdbscan_g,42,26,90,0,0.43333333333333335,0.1998,51,5,39,34,0.7145416335617605,0.7476522173984036,0.3409211053164379,0.2077961963473951,0.29424566058231005,0.0954101071579955,0.1423625386795923,0.7786561264822134
fashion_mnist,fed_mdbscan_g,42,27,90,0,0.4222222222222222,0.1998,53,5,37,33,0.7226104058611261,0.7386847247221874,0.3294676092352955,0.20871351822413525,0.1989212261214723,-0.17120074314944628,0.23223098662842198,0.8214285714285714
fashion_mnist,fed_mdbscan_g,42,28,90,0,0.43333333333333335,0.1998,48,3,42,36,0.7162767802677293,0.7515331815110962,0.33101704460730813,0.21554587076550033,0.2692759614867763,0.005613777397480905,0.20973382910576888,0.7930434782608695
fashion_mnist,fed_mdbscan_g,42,29,90,0,0.4222222222222222,0.1998,52,4,38,34,0.7276758714942648,0.7633548134897853,0.358896626469869,0.19974277142025354,0.1990479841027145,-0.12512144397301483,0.22390810246329626,0.7797619047619048
fashion_mnist,fedavg,137,0,90,0,0.0,0.2394,53,0,37,0,0.08301762727392764,,-0.5996898962159125,-0.028555661665662802,-0.25583876883998924,,1.0,0.0
fashion_mnist,fedavg,137,1,90,0,0.0,0.3803,52,0,38,0,0.6558538176975391,,0.0009251180508084035,-0.021047749045726583,0.1231055426693534,,1.0,0.0
fashion_mnist,fedavg,137,2,90,0,0.0,0.4175,50,0,40,0,0.6572359463342378,,0.12232524348652701,-0.06254861177831872,0.09371921770242606,,1.0,0.0
fashion_mnist,fedavg,137,3,90,0,0.0,0.4258,51,0,39,0,0.6279109459152975,,0.060176102292022644,-0.10118152410164512,0.13583683402183008,,1.0,0.0
fashion_mnist,fedavg,137,4,90,0,0.0,0.4454,51,0,39,0,0.6171295812289251,,0.1466018950413352,-0.057364347002107276,0.10841178312450468,,1.0,0.0
fashion_mnist,fedavg,137,5,90,0,0.0,0.4621,51,0,39,0,0.63621409283248,,0.14350441024089275,-0.048907215421238236,0.20315821543499615,,1.0,0.0
fashion_mnist,fedavg,137,6,90,0,0.0,0.4776,51,0,39,0,0.6095636965933866,,0.16335885287956914,-0.01040307313421627,0.21205526622632936,,1.0,0.0
fashion_mnist,fedavg,137,7,90,0,0.0,0.4923,54,0,36,0,0.6122487472827658,,0.14999943190172513,-0.07950961780815825,0.15933075933075935,,1.0,0.0
fashion_mnist,fedavg,137,8,90,0,0.0,0.4944,50,0,40,0,0.5348416447228527,,0.15624169414831618,-0.012345769370534939,0.11323764005177149,,1.0,0.0
fashion_mnist,fedavg,137,9,90,0,0.0,0.4789,54,0,36,0,0.5370851881500697,,0.2610554109300988,-0.06078207212547846,0.08212125180656302,,1.0,0.0
fashion_mnist,fedavg,137,10,90,0,0.0,0.5123,52,0,38,0,0.5333128491683694,,0.07563880446792574,-0.034089832839916116,0.10483694525457625,,1.0,0.0
fashion_mnist,fedavg,137,11,90,0,0.0,0.5531,53,0,37,0,0.5842052946086674,,0.2501389426280331,-0.034186397722782744,0.09057498581730851,,1.0,0.0
fashion_mnist,fedavg,137,12,90,0,0.0,0.5652,52,0,38,0,0.5468454061746518,,0.16860063676384102,-0.03600131479636327,0.13460275852101125,,1.0,0.0
fashion_mnist,fedavg,137,13,90,0,0.0,0.544,55,0,35,0,0.5700365131765026,,0.2387425079400447,-0.03436013968125949,0.13362280304496094,,1.0,0.0
fashion_mnist,fedavg,137,14,90,0,0.0,0.5783,51,0,39,0,0.5634953552900569,,0.1137896427876871,-0.08793013478606704,0.2639809710349723,,1.0,0.0
fashion_mnist,fedavg,137,15,90,0,0.0,0.5942,55,0,35,0,0.4970500541429012,,0.27110976105239243,-0.015623772763820138,0.11668300996949485,,1.0,0.0
fashion_mnist,fedavg,137,16,90,0,0.0,0.5861,54,0,36,0,0.5236984974079348,,0.18782278949812026,-0.08738235306197542,0.19474836047543864,,1.0,0.0
fashion_mnist,fedavg,137,17,90,0,0.0,0.6011,53,0,37,0,0.5885021525853531,,0.17823371814699882,-0.06315843852480324,0.21302827374272099,,1.0,0.0
fashion_mnist,fedavg,137,18,90,0,0.0,0.6246,52,0,38,0,0.5305825160689299,,0.26493296317406356,-0.0038572371201665914,0.17837601332459216,,1.0,0.0
fashion_mnist,fedavg,137,19,90,0,0.0,0.6189,52,0,38,0,0.5705571580583746,,0.14765536287994402,-0.03006020319030698,0.061063690450995356,,1.0,0.0
fashion_mnist,fedavg,137,20,90,0,0.0,0.6458,52,0,38,0,0.5316453302955574,,0.16300086233400923,-0.05811764454708238,0.16819873158275958,,1.0,0.0
fashion_mnist,fedavg,137,21,90,0,0.0,0.6389,54,0,36,0,0.5502022858147588,,0.2906021730578685,-0.04321717386057139,0.1654009538737202,,1.0,0.0
fashion_mnist,fedavg,137,22,90,0,0.0,0.6372,51,0,39,0,0.5440132406361927,,0.1671656242196945,-0.010871846973116437,0.08533252397194906,,1.0,0.0
fashion_mnist,fedavg,137,23,90,0,0.0,0.6661,51,0,39,0,0.5017397278090527,,0.2090131916236554,-0.028145073867439103,0.16307318638055746,,1.0,0.0
fashion_mnist,fedavg,137,24,90,0,0.0,0.6598,53,0,37,0,0.5048298228272199,,0.13924626082424713,-0.06388305332263897,0.09874933334874045,,1.0,0.0
fashion_mnist,fedavg,137,25,90,0,0.0,0.6704,49,0,41,0,0.5387983824735737,,0.21936824467900565,-0.02824392866551099,0.13729418991029127,,1.0,0.0
fashion_mnist,fedavg,137,26,90,0,0.0,0.6795,50,0,40,0,0.5270827151412856,,0.10594636752414474,-0.0015101139455122952,0.1536729531108548,,1.0,0.0
fashion_mnist,fedavg,137,27,90,0,0.0,0.6609,52,0,38,0,0.5176611863139428,,0.20001001114716316,-0.05275685184683282,0.11664934087602731,,1.0,0.0
fashion_mnist,fedavg,137,28,90,0,0.0,0.6761,50,0,40,0,0.4924749954342255,,0.16847299252082495,-0.11664327620655708,0.13997560808387993,,1.0,0.0
fashion_mnist,fedavg,137,29,90,0,0.0,0.6659,54,0,36,0,0.48231807627657997,,0.11168268819086491,0.03929713846118127,0.09151168047780299,,1.0,0.0
fashion_mnist,fedavg,2024,0,90,0,0.0,0.2943,54,0,36,0,-0.3032890279395723,,-0.6676494432869224,-0.05310984865363252,-0.2447876447876448,,1.0,0.0
fashion_mnist,fedavg,2024,1,90,0,0.0,0.3286,51,0,39,0,0.5789092286988695,,-0.4175325119307521,-0.12009059777708876,0.013157894736842106,,1.0,0.0
fashion_mnist,fedavg,2024,2,90,0,0.0,0.3774,53,0,37,0,0.5705984164799327,,-0.12173060821541032,-0.09669358828026033,-0.009720246562351825,,1.0,0.0
fashion_mnist,fedavg,2024,3,90,0,0.0,0.4067,55,0,35,0,0.56600457105222,,-0.10225209121906208,-0.09930483746519293,-0.013165266106442579,,1.0,0.0
fashion_mnist,fedavg,2024,4,90,0,0.0,0.441,52,0,38,0,0.5680958972095365,,-0.03896634151503865,-0.03601820544083053,0.09049130101761681,,1.0,0.0
fashion_mnist,fedavg,2024,5,90,0,0.0,0.4731,54,0,36,0,0.5904677145636111,,-0.09956030139673382,-0.1506719730578016,0.12844272844272847,,1.0,0.0
fashion_mnist,fedavg,2024,6,90,0,0.0,0.496,50,0,40,0,0.5920149145199316,,-0.04823612486038544,-0.05988290520019796,0.1478424015009381,,1.0,0.0
fashion_mnist,fedavg,2024,7,90,0,0.0,0.5075,53,0,37,0,0.5669813693210178,,-0.0672275372373597,-0.1723087305833941,0.1434329065908013,,1.0,0.0
fashion_mnist,fedavg,2024,8,90,0,0.0,0.5234,52,0,38,0,0.5848350505713915,,-0.06289078189686229,-0.11248231194764707,0.13141481562534194,,1.0,0.0
fashion_mnist,fedavg,2024,9,90,0,0.0,0.5334,55,0,35,0,0.5847998692616053,,-0.03674300798481524,-0.11368117460114167,0.23445378151260504,,1.0,0.0
fashion_mnist,fedavg,2024,10,90,0,0.0,0.5461,52,0,38,0,0.5476919045785287,,-0.03894552003857778,-0.09046903279447087,0.13360323886639675,,1.0,0.0
fashion_mnist,fedavg,2024,11,90,0,0.0,0.5509,54,0,36,0,0.5830772233080721,,-0.020198245813127985,-0.051018533284224066,0.11994851994851995,,1.0,0.0
fashion_mnist,fedavg,2024,12,90,0,0.0,0.5546,56,0,34,0,0.5682354309322666,,-0.030982244587776982,-0.13261401623793564,0.1660809778456837,,1.0,0.0
fashion_mnist,fedavg,2024,13,90,0,0.0,0.5417,54,0,36,0,0.578958999878885,,0.026389783271893247,-0.10286856751437967,0.22368082368082373,,1.0,0.0
fashion_mnist,fedavg,2024,14,90,0,0.0,0.5778,52,0,38,0,0.5622688027715835,,-0.036471611620219606,-0.08265063986257126,0.2655651603020024,,1.0,0.0
fashion_mnist,fedavg,2024,15,90,0,0.0,0.5798,53,0,37,0,0.5593597342361616,,-0.014904385697714793,-0.06661951627819276,0.16382171645329538,,1.0,0.0
fashion_mnist,fedavg,2024,16,90,0,0.0,0.6049,53,0,37,0,0.5139067385606146,,0.051426163365108545,-0.013808995898615381,0.11474632527264104,,1.0,0.0
fashion_mnist,fedavg,2024,17,90,0,0.0,0.599,56,0,34,0,0.5387405098992886,,-0.047514228475511205,-0.09363735389718944,0.08510313216195568,,1.0,0.0
fashion_mnist,fedavg,2024,18,90,0,0.0,0.6117,53,0,37,0,0.5507231114281405,,-0.0008104310484663706,-0.061785519570566626,0.21479374110953056,,1.0,0.0
fashion_mnist,fedavg,2024,19,90,0,0.0,0.6164,53,0,37,0,0.5515720102511511,,0.02466067373306195,-0.07060757065021078,0.15457562825983878,,1.0,0.0
fashion_mnist,fedavg,2024,20,90,0,0.0,0.6089,54,0,36,0,0.5298656862681913,,0.04002860336448722,-0.027356749943966446,0.0725868725868726,,1.0,0.0
fashion_mnist,fedavg,2024,21,90,0,0.0,0.6208,53,0,37,0,0.5524024547519224,,0.01539874617509498,-0.08033038455019093,0.18681839734471314,,1.0,0.0
fashion_mnist,fedavg,2024,22,90,0,0.0,0.6085,57,0,33,0,0.5231640177782555,,0.035081033496134305,-0.08440793452548875,0.241644385026738,,1.0,0.0
fashion_mnist,fedavg,2024,23,90,0,0.0,0.6245,56,0,34,0,0.5226609597397341,,0.0019338653438726917,-0.08549857993157532,0.1229946524064171,,1.0,0.0
fashion_mnist,fedavg,2024,24,90,0,0.0,0.6409,54,0,36,0,0.5429919424352618,,0.013953120292263567,-0.09240584234088108,0.16525096525096525,,1.0,0.0
fashion_mnist,fedavg,2024,25,90,0,0.0,0.6203,56,0,34,0,0.506798700798552,,-0.0514619824104276,-0.11969535038379191,0.21252864782276548,,1.0,0.0
fashion_mnist,fedavg,2024,26,90,0,0.0,0.6341,54,0,36,0,0.511831028361593,,0.023773352961818404,-0.06327506073412756,0.25868725868725867,,1.0,0.0
fashion_mnist,fedavg,2024,27,90,0,0.0,0.6335,55,0,35,0,0.5570285512692733,,-0.02349357510713856,-0.10545394425080143,0.30000000000000004,,1.0,0.0
fashion_mnist,fedavg,2024,28,90,0,0.0,0.635,56,0,34,0,0.478276866526111,,-0.07381324804679476,-0.20473394890667948,0.07318563789152024,,1.0,0.0
fashion_mnist,fedavg,2024,29,90,0,0.0,0.6511,55,0,35,0,0.5395449887275421,,-0.018740258793039956,-0.09730630411216236,0.2518207282913165,,1.0,0.0
fashion_mnist,fedavg,42,0,90,0,0.0,0.2037,50,0,40,0,-0.4615093289831701,,-0.5707982332392705,0.23121818414595066,-0.03836952956986212,,1.0,0.0
fashion_mnist,fedavg,42,1,90,0,0.0,0.2203,52,0,38,0,0.6400491177614055,,-0.05162975968532267,0.17390338489413906,0.10570662597208477,,1.0,0.0
fashion_mnist,fedavg,42,2,90,0,0.0,0.2584,50,0,40,0,0.6755208853604739,,-0.006334438199456974,0.1889587171427727,0.0038463342600595285,,1.0,0.0
fashion_mnist,fedavg,42,3,90,0,0.0,0.2973,51,0,39,0,0.6622847359395323,,0.05951673262015771,0.2172062752640227,0.05617693210291781,,1.0,0.0
fashion_mnist,fedavg,42,4,90,0,0.0,0.346,51,0,39,0,0.687949043026729,,0.03313718193345521,0.1730919675200009,0.34910673661795233,,1.0,0.0
fashion_mnist,fedavg,42,5,90,0,0.0,0.4062,49,0,41,0,0.6906469169561007,,0.09793470949976063,0.18829756055848335,0.11916895346466555,,1.0,0.0
fashion_mnist,fedavg,42,6,90,0,0.0,0.4642,49,0,41,0,0.6621444848769228,,0.053812176073473224,0.15461323812891337,0.11341957413084396,,1.0,0.0
fashion_mnist,fedavg,42,7,90,0,0.0,0.4562,49,0,41,0,0.6835370387553343,,0.1268352221308621,0.17041114419940084,0.19887625786537386,,1.0,0.0
fashion_mnist,fedavg,42,8,90,0,0.0,0.5003,52,0,38,0,0.6321788353004555,,0.06419748722379788,0.17516900010183356,0.09060567940464409,,1.0,0.0
fashion_mnist,fedavg,42,9,90,0,0.0,0.5039,51,0,39,0,0.6464493124176449,,0.12426443225045704,0.1924847791788248,0.1710612887458218,,1.0,0.0
fashion_mnist,fedavg,42,10,90,0,0.0,0.5135,52,0,38,0,0.6652965967256396,,0.11621623340707565,0.19856403053482052,0.2134806871648977,,1.0,0.0
fashion_mnist,fedavg,42,11,90,0,0.0,0.5356,51,0,39,0,0.6799767263570892,,0.04796870729565282,0.11601027971879388,0.1422136749632424,,1.0,0.0
fashion_mnist,fedavg,42,12,90,0,0.0,0.5463,49,0,41,0,0.6970017638435111,,0.12969686427338112,0.20155341855482592,0.21995731542271965,,1.0,0.0
fashion_mnist,fedavg,42,13,90,0,0.0,0.5395,52,0,38,0,0.6239878777683375,,0.18718156265119448,0.2047780726848654,0.17935109727561796,,1.0,0.0
fashion_mnist,fedavg,42,14,90,0,0.0,0.5609,48,0,42,0,0.6613318709749797,,0.13832754868073266,0.1735184550673793,0.22535553683259854,,1.0,0.0
fashion_mnist,fedavg,42,15,90,0,0.0,0.5512,49,0,41,0,0.6678521620671712,,0.14401131507753176,0.15131421366968867,0.15296833500288942,,1.0,0.0
fashion_mnist,fedavg,42,16,90,0,0.0,0.5676,49,0,41,0,0.6365453279669578,,0.1658618374603744,0.2043171926656502,0.19338821395581687,,1.0,0.0
fashion_mnist,fedavg,42,17,90,0,0.0,0.5631,50,0,40,0,0.6786497621671397,,0.0609570354901226,0.1488286531202524,0.20845255428907977,,1.0,0.0
fashion_mnist,fedavg,42,18,90,0,0.0,0.5706,53,0,37,0,0.6425518188912026,,0.14401891937715444,0.15813733157472054,0.14959696538643907,,1.0,0.0
fashion_mnist,fedavg,42,19,90,0,0.0,0.5641,50,0,40,0,0.6489163895072657,,0.13420280796175482,0.16518118564474296,0.130212486657625,,1.0,0.0
fashion_mnist,fedavg,42,20,90,0,0.0,0.5633,55,0,35,0,0.6535160791657085,,0.1847389073074446,0.18891852668792863,0.2361344537815126,,1.0,0.0
fashion_mnist,fedavg,42,21,90,0,0.0,0.5782,51,0,39,0,0.6770098596512644,,0.11645728274445255,0.1667456422480702,0.1757173948300276,,1.0,0.0
fashion_mnist,fedavg,42,22,90,0,0.0,0.5792,48,0,42,0,0.6509380958436415,,0.1320309112228966,0.17491790027313983,0.20209878060427927,,1.0,0.0
fashion_mnist,fedavg,42,23,90,0,0.0,0.5661,53,0,37,0,0.6676681514589733,,0.09170409853037736,0.13252087812986413,0.17188240872451396,,1.0,0.0
fashion_mnist,fedavg,42,24,90,0,0.0,0.588,50,0,40,0,0.6392494261941862,,0.1954178757692457,0.1988594990495019,0.14841221461985787,,1.0,0.0
fashion_mnist,fedavg,42,25,90,0,0.0,0.5832,51,0,39,0,0.7208940046067475,,0.16337187792817226,0.17905749098262655,0.3555847972568474,,1.0,0.0
fashion_mnist,fedavg,42,26,90,0,0.0,0.5893,51,0,39,0,0.7231692091357542,,0.15896687921558897,0.2077961963473951,0.39789463080463044,,1.0,0.0
fashion_mnist,fedavg,42,27,90,0,0.0,0.5795,53,0,37,0,0.6931848368714164,,0.17212488814723656,0.20871351822413525,0.18125777994024506,,1.0,0.0
fashion_mnist,fedavg,42,28,90,0,0.0,0.6042,48,0,42,0,0.6888668848869773,,0.2073665540651036,0.21554587076550033,0.3144929300421844,,1.0,0.0
fashion_mnist,fedavg,42,29,90,0,0.0,0.5947,52,0,38,0,0.6932078824161577,,0.165402227673224,0.19974277142025354,0.19784428546328084,,1.0,0.0
fashion_mnist,flame_hdbscan,137,0,90,0,0.4777777777777778,0.1984,53,22,37,21,0.08301762727392764,0.14589170806187393,-0.5996898962159125,-0.028555661665662802,-0.25583876883998924,0.01277525070204612,0.44231115918514513,0.45833333333333326
fashion_mnist,flame_hdbscan,137,1,90,0,0.43333333333333335,0.2382,52,19,38,20,0.24655331900368496,0.17244150254336243,0.36673716491221203,-0.021047749045726583,0.04278601527441527,0.09853348192930324,0.4463016413216732,0.3814229249011858
fashion_mnist,flame_hdbscan,137,2,90,0,0.45555555555555555,0.3232,50,19,40,22,0.2277569111349098,0.19954017561455617,0.3809899541079229,-0.06254861177831872,0.018762606146631843,0.18067050818894492,0.3977770940696869,0.40350877192982454
fashion_mnist,flame_hdbscan,137,3,90,0,0.4888888888888889,0.277,51,20,39,24,0.19189074997643377,0.23980085434049056,0.4249167939669597,-0.10118152410164512,0.017207348572064914,0.14751973108646807,0.3623058666777699,0.43560606060606066
fashion_mnist,flame_hdbscan,137,4,90,0,0.4888888888888889,0.2778,51,19,39,25,0.24005348715639813,0.28662731525842255,0.44037085598105746,-0.057364347002107276,0.11438404755433265,0.17099415642935922,0.32628273043741485,0.5026086956521739
fashion_mnist,flame_hdbscan,137,5,90,0,0.2777777777777778,0.3173,51,3,39,22,0.26070334735118406,0.5838195717660065,0.45799590603162316,-0.048907215421238236,0.06711205621993147,0.23204294431688707,0.3914125954042692,0.5614035087719298
fashion_mnist,flame_hdbscan,137,6,90,0,0.28888888888888886,0.3594,51,4,39,22,0.5125580762946526,0.52685697449686,0.28465448213954625,-0.01040307313421627,0.07409281855736187,0.10108289890839446,0.44551013067977463,0.4616977225672878
fashion_mnist,flame_hdbscan,137,7,90,0,0.3888888888888889,0.352,54,10,36,25,0.46536854371356284,0.5157142446403451,0.3078389112911915,-0.07950961780815825,0.1492921492921493,0.14802312627034303,0.29562928102138764,0.5822510822510822
fashion_mnist,flame_hdbscan,137,8,90,0,0.3888888888888889,0.3375,50,9,40,26,0.47596240170935183,0.46456209908164414,0.31883648655715674,-0.012345769370534939,0.14644901087060092,0.05449262006562705,0.4034923186852447,0.5289855072463768
fashion_mnist,flame_hdbscan,137,9,90,0,0.32222222222222224,0.3342,54,7,36,22,0.41856649351709924,0.48681652351561805,0.39018718918965306,-0.06078207212547846,0.08315098537153559,0.016457260221337092,0.4455930625643036,0.5071428571428571
fashion_mnist,flame_hdbscan,137,10,90,0,0.4222222222222222,0.3154,52,13,38,25,0.3994990407210076,0.40818486356261313,0.22909337673778638,-0.034089832839916116,0.09750492507497645,0.103709171360809,0.3505294650238161,0.4575569358178054
fashion_mnist,flame_hdbscan,137,11,90,0,0.4111111111111111,0.3176,53,12,37,25,0.4974598556843378,0.4428587893353789,0.3309055285337567,-0.034186397722782744,0.1588618861193631,0.07571230529882286,0.3490275245289572,0.466403162055336
fashion_mnist,flame_hdbscan,137,12,90,0,0.4111111111111111,0.3146,52,12,38,25,0.44991858114454975,0.42135321693177785,0.2875454448478013,-0.03600131479636327,0.04508645244768832,0.06829628357906933,0.356299447382022,0.4575569358178054
fashion_mnist,flame_hdbscan,137,13,90,0,0.4,0.3036,55,13,35,23,0.4225029420054247,0.4193556610594914,0.37499118228471723,-0.03436013968125949,0.09510469944185374,0.1013268891147147,0.30555745905571163,0.4442105263157895
fashion_mnist,flame_hdbscan,137,14,90,0,0.4222222222222222,0.3063,51,12,39,26,0.4729968199442823,0.4509261831325852,0.2444227821032538,-0.08793013478606704,0.20355281163777966,0.20299332106574253,0.2790148729946524,0.5010351966873705
fashion_mnist,flame_hdbscan,137,15,90,0,0.43333333333333335,0.298,55,16,35,23,0.405789756543477,0.36497400384919004,0.38995896462156704,-0.015623772763820138,0.16038661034222285,0.11325563205421417,0.33110035439536695,0.4642857142857143
fashion_mnist,flame_hdbscan,137,16,90,0,0.4222222222222222,0.3038,54,15,36,23,0.4804241603213808,0.3623289722647765,0.3137711059395457,-0.08738235306197542,0.20955078047191944,0.10857020477788977,0.37329257187459347,0.453416149068323
fashion_mnist,flame_hdbscan,137,17,90,0,0.4,0.3006,53,11,37,25,0.44821166938700086,0.4756155778635679,0.3115174713687684,-0.06315843852480324,0.16003793519903914,0.14600793313458538,0.2832369942196532,0.5010351966873705
fashion_mnist,flame_hdbscan,137,18,90,0,0.4888888888888889,0.2837,52,19,38,25,0.41574360644351177,0.3095102659191525,0.3430582704304895,-0.0038572371201665914,0.1279273371634652,0.18212342287751823,0.27788974262081706,0.4772727272727273
fashion_mnist,flame_hdbscan,137,19,90,0,0.4111111111111111,0.3017,52,11,38,26,0.5262579616295493,0.4527974868520598,0.29462981562440294,-0.03006020319030698,0.0994747215411376,0.005163303891887085,0.3588077951853267,0.4909420289855073
fashion_mnist,flame_hdbscan,137,20,90,0,0.4111111111111111,0.2955,52,12,38,25,0.4087986652039979,0.42619079691951356,0.21168943160260942,-0.05811764454708238,0.12114248266891013,0.0935912034231691,0.34956606533398343,0.5
fashion_mnist,flame_hdbscan,137,21,90,0,0.3888888888888889,0.3019,54,11,36,24,0.4771146728879086,0.4686559053408038,0.36970473875733784,-0.04321717386057139,0.155232334919616,0.13047978484557315,0.34280826732905284,0.5416666666666666
fashion_mnist,flame_hdbscan,137,22,90,0,0.45555555555555555,0.2955,51,14,39,27,0.41299720389571776,0.412553251007607,0.2738378467418311,-0.010871846973116437,0.11084117882477368,0.09379806652378646,0.30365587124975163,0.5217391304347826
fashion_mnist,flame_hdbscan,137,23,90,0,0.4111111111111111,0.2995,51,12,39,25,0.4384068159115142,0.41564974304249136,0.33754634659964866,-0.028145073867439103,0.1867597944581803,0.13774529267920602,0.34495953469684504,0.42261904761904767
fashion_mnist,flame_hdbscan,137,24,90,0,0.4222222222222222,0.291,53,15,37,23,0.3932359591202433,0.34264876192763755,0.30354694633701595,-0.06388305332263897,0.12471104283658456,0.10961365904211866,0.369724092626047,0.42094861660079047
fashion_mnist,flame_hdbscan,137,25,90,0,0.4222222222222222,0.2977,49,11,41,27,0.48111011163768963,0.42834146941442997,0.2737872379061467,-0.02824392866551099,0.175799286319142,0.07390551326184502,0.36509223596188933,0.4810606060606061
fashion_mnist,flame_hdbscan,137,26,90,0,0.4222222222222222,0.292,50,11,40,27,0.4166762218296849,0.44663651947569605,0.24948771593424937,-0.0015101139455122952,0.1760953192851492,0.06705351973841628,0.33935072529379584,0.57
fashion_mnist,flame_hdbscan,137,27,90,0,0.4,0.2989,52,11,38,25,0.4221000151058999,0.4503978878257426,0.3026196240665202,-0.05275685184683282,0.09815615268836446,0.11382091089761807,0.33225038440553545,0.5238095238095238
fashion_mnist,flame_hdbscan,137,28,90,0,0.4777777777777778,0.2991,50,16,40,27,0.40759700819344546,0.3597993602192673,0.25612590856740447,-0.11664327620655708,0.1420395915810953,0.12717046846941019,0.32772170925488514,0.43913043478260866
fashion_mnist,flame_hdbscan,137,29,90,0,0.43333333333333335,0.2947,54,15,36,24,0.43249939634738943,0.3811232173126072,0.30112022407806016,0.03929713846118127,0.14762854783127993,0.07374469706331935,0.31181813925176755,0.4826086956521739
fashion_mnist,flame_hdbscan,2024,0,90,0,0.4222222222222222,0.228,54,23,36,15,-0.3032890279395723,-0.008312453253068341,-0.6676494432869224,-0.05310984865363252,-0.2447876447876448,0.0027118799878642825,0.540678290860318,-0.11904761904761907
fashion_mnist,flame_hdbscan,2024,1,90,0,0.4666666666666667,0.2539,51,23,39,19,0.3002435799469338,0.04454802201110397,-0.13847179858919095,-0.12009059777708876,-0.05566801619433199,0.050138312850678025,0.49694818487426523,0.023809523809523836
fashion_mnist,flame_hdbscan,2024,2,90,0,0.4777777777777778,0.2865,53,25,37,18,0.23024535141939162,0.031193628087044033,-0.11671848121144442,-0.09669358828026033,-0.02299668089141773,0.09116056881941459,0.49356288565551915,-0.019927536231884035
fashion_mnist,flame_hdbscan,2024,3,90,0,0.4888888888888889,0.3066,55,25,35,19,0.26010781335530603,0.09446748509365305,-0.12563911544613865,-0.09930483746519293,-0.040336134453781515,0.0681466275636382,0.4559550835089995,0.045217391304347765
fashion_mnist,flame_hdbscan,2024,4,90,0,0.4666666666666667,0.3234,52,24,38,18,0.23463217210933024,0.005725303438547389,-0.10489983727848817,-0.03601820544083053,-0.05635189845716162,-0.02883749003642362,0.5537395629774383,-0.06547619047619052
fashion_mnist,flame_hdbscan,2024,5,90,0,0.4888888888888889,0.3313,54,24,36,20,0.1950624880691508,0.12658137296793262,-0.02950457708885837,-0.1506719730578016,-0.036036036036036036,0.12376806057514522,0.43444005595326257,0.10869565217391308
fashion_mnist,flame_hdbscan,2024,6,90,0,0.4666666666666667,0.3406,50,23,40,19,0.20294192053486954,0.0211906873426295,-0.011825458391339654,-0.05988290520019796,-0.016510318949343343,0.032526790067769366,0.512307916393562,-0.09142857142857141
fashion_mnist,flame_hdbscan,2024,7,90,0,0.4888888888888889,0.3443,53,25,37,19,0.18949820791488184,0.05275007981173038,-0.022332008396198432,-0.1723087305833941,-0.04599336178283546,0.07090266463732245,0.4480474054565656,-0.02371541501976282
fashion_mnist,flame_hdbscan,2024,8,90,0,0.45555555555555555,0.3454,52,21,38,20,0.20459881429862364,0.12999943432477665,0.04120308240162399,-0.11248231194764707,-0.05635189845716162,0.07209372509105906,0.4615353689669729,0.08695652173913038
fashion_mnist,flame_hdbscan,2024,9,90,0,0.4666666666666667,0.3551,55,25,35,17,0.17975463417101492,0.03805705840209347,0.010577801285203808,-0.11368117460114167,-0.020168067226890758,0.05094267081084933,0.5282167042889391,-0.021739130434782594
fashion_mnist,flame_hdbscan,2024,10,90,0,0.4777777777777778,0.3974,52,25,38,18,0.14007931896518994,-0.009530361311980868,0.05688731823566049,-0.09046903279447087,-0.044753255279571066,-0.01441874501821181,0.5545011387701283,-0.08695652173913038
fashion_mnist,flame_hdbscan,2024,11,90,0,0.4666666666666667,0.3701,54,23,36,19,0.172435499747161,0.1021435519837083,-0.009046664421844465,-0.051018533284224066,-0.10862290862290863,0.03481511501868205,0.46482386582571134,0.02371541501976282
fashion_mnist,flame_hdbscan,2024,12,90,0,0.4777777777777778,0.3811,56,24,34,19,0.1819672242204331,0.1449508559185363,0.043052558411733576,-0.13261401623793564,0.05668449197860962,0.14188780269354087,0.3502436705099251,0.09316770186335399
fashion_mnist,flame_hdbscan,2024,13,90,0,0.4777777777777778,0.3607,54,23,36,20,0.18929883451137194,0.15181694783997998,0.08071497439333472,-0.10286856751437967,0.02496782496782497,0.16681782077519575,0.39273580478648523,0.10869565217391308
fashion_mnist,flame_hdbscan,2024,14,90,0,0.4888888888888889,0.3825,52,24,38,20,0.11653272666088371,0.06571074017826384,0.0062058795223815305,-0.08265063986257126,-0.08064339643287012,0.024031241697019683,0.47729690078855674,0.04173913043478261
fashion_mnist,flame_hdbscan,2024,15,90,0,0.4888888888888889,0.3678,53,23,37,21,0.1767093626030044,0.1553729623545513,0.06735002707224075,-0.06661951627819276,-0.00260787102892366,0.15839432936694953,0.41208477082306555,0.1032608695652174
fashion_mnist,flame_hdbscan,2024,16,90,0,0.4888888888888889,0.3731,53,25,37,19,0.10141572786641019,0.07193192701599598,0.09410582965394666,-0.013808995898615381,0.011616880037932667,0.17219218554778312,0.4266179812958754,-0.016666666666666607
fashion_mnist,flame_hdbscan,2024,17,90,0,0.4888888888888889,0.385,56,25,34,19,0.10919356095424773,0.12127565366526495,0.03903562015323701,-0.09363735389718944,-0.06554621848739495,0.09962335082737976,0.44506017470758685,0.14078674948240166
fashion_mnist,flame_hdbscan,2024,18,90,0,0.4666666666666667,0.4009,53,24,37,18,0.12948475199247877,0.03363477029933188,0.0456993063440759,-0.061785519570566626,-0.0346135609293504,0.010128952091046065,0.5025808049063863,-0.09316770186335399
fashion_mnist,flame_hdbscan,2024,19,90,0,0.4888888888888889,0.3897,53,23,37,21,0.15478562778264318,0.14865931583305833,0.13589398813474782,-0.07060757065021078,-0.021574205784732098,0.12262786789699316,0.40601590411432525,0.09868421052631582
fashion_mnist,flame_hdbscan,2024,20,90,0,0.4888888888888889,0.3886,54,24,36,20,0.12059050637339867,0.12271629287730873,0.08489660405271447,-0.027356749943966446,-0.10553410553410554,0.10224318047511996,0.39768957577176756,0.08695652173913049
fashion_mnist,flame_hdbscan,2024,21,90,0,0.4888888888888889,0.4349,53,25,37,19,0.0962116089949103,0.028772770806398392,0.02713917750743618,-0.08033038455019093,-0.08653390232337599,-0.05570923650075335,0.5087443001812955,-0.06545454545454543
fashion_mnist,flame_hdbscan,2024,22,90,0,0.45555555555555555,0.4518,57,25,33,16,0.12163480023506466,0.028337240115251797,0.06252501947903273,-0.08440793452548875,0.007018716577540108,-0.0955175077703425,0.5773558074365301,-0.043809523809523854
fashion_mnist,flame_hdbscan,2024,23,90,0,0.4777777777777778,0.4466,56,25,34,18,0.13026136169208927,0.08647915471749962,0.03781781116906598,-0.08549857993157532,-0.07593582887700534,0.05405624776173354,0.4680065234075211,0.05894736842105264
fashion_mnist,flame_hdbscan,2024,24,90,0,0.4888888888888889,0.4583,54,26,36,18,0.09943232008710083,0.010628970249215716,0.08075357238706973,-0.09240584234088108,-0.09472329472329473,-0.03743529619759141,0.5145174983492123,-0.12173913043478257
fashion_mnist,flame_hdbscan,2024,25,90,0,0.4666666666666667,0.459,56,25,34,17,0.11092244325694953,0.07527107037600636,0.030882509430654608,-0.11969535038379191,0.027654698242933536,0.15289415743128765,0.4455704873773497,0.06719367588932801
fashion_mnist,flame_hdbscan,2024,26,90,0,0.4777777777777778,0.4599,54,24,36,19,0.09860495691509712,0.07397450006215585,0.03323373100694069,-0.06327506073412756,-0.11737451737451739,-0.02410277193601065,0.48384488004005083,0.021739130434782594
fashion_mnist,flame_hdbscan,2024,27,90,0,0.4888888888888889,0.4534,55,25,35,19,0.05647022049250493,0.09057191869803849,0.09440854606425769,-0.10545394425080143,-0.10504201680672269,0.04543108504242547,0.41604386857117587,0.050000000000000044
fashion_mnist,flame_hdbscan,2024,28,90,0,0.4888888888888889,0.4366,56,24,34,20,0.12990235880956102,0.17675803773075055,0.13605246536371632,-0.20473394890667948,-0.04323911382734912,0.17056057308448833,0.37419303630013756,0.15000000000000002
fashion_mnist,flame_hdbscan,2024,29,90,0,0.4888888888888889,0.4605,55,26,35,18,0.10922073341316242,0.05940738753312201,0.09869516707106635,-0.09730630411216236,0.08319327731092437,0.11886623189198177,0.4182260235314549,-0.06916996047430835
fashion_mnist,flame_hdbscan,42,0,90,0,0.43333333333333335,0.1663,50,22,40,17,-0.4615093289831701,0.004266827337830216,-0.5707982332392705,0.23121818414595066,-0.03836952956986212,0.08543444353386528,0.5823238049770245,0.18181818181818177
fashion_mnist,flame_hdbscan,42,1,90,0,0.4777777777777778,0.1837,52,21,38,22,0.4492291261267067,0.19823252607368627,-0.11249612703148995,0.17390338489413906,0.11391366215004167,0.1701288364951186,0.37797997794180027,0.3359683794466403
fashion_mnist,flame_hdbscan,42,2,90,0,0.26666666666666666,0.2835,50,1,40,23,0.44514150522575785,0.6284736982678637,-0.0970859523422907,0.1889587171427727,0.08874712707356862,0.1599157532813376,0.41783774031233084,0.6521739130434783
fashion_mnist,flame_hdbscan,42,3,90,0,0.4111111111111111,0.2264,51,3,39,34,0.6845089337788708,0.7683475091324165,0.0956394903247742,0.2172062752640227,0.0741940382548446,-0.06133506888728281,0.22162997602393644,0.8219461697722568
fashion_mnist,flame_hdbscan,42,4,90,0,0.4222222222222222,0.2177,51,4,39,34,0.696931550507248,0.772606008042455,0.12395033573923947,0.1730919675200009,0.34313477446647095,0.12267013777456562,0.14105137293419312,0.8178053830227743
fashion_mnist,flame_hdbscan,42,5,90,0,0.4777777777777778,0.2111,49,7,41,36,0.7163269700782109,0.6755195987090652,0.27772918950147285,0.18829756055848335,0.08040419886541396,-0.10079491625388458,0.22467745812965784,0.7267080745341614
fashion_mnist,flame_hdbscan,42,6,90,0,0.4888888888888889,0.2083,49,8,41,36,0.690988478740714,0.6624059732752031,0.1718201288561546,0.15461323812891337,0.07029922912718209,-0.05669714039281006,0.2239592838169394,0.6845238095238095
fashion_mnist,flame_hdbscan,42,7,90,0,0.4888888888888889,0.2065,49,9,41,35,0.6983050917058514,0.6212975630860509,0.2854205404642257,0.17041114419940084,0.13920466932495287,-0.04665897971136869,0.24594947735191638,0.6818181818181819
fashion_mnist,flame_hdbscan,42,8,90,0,0.4777777777777778,0.2048,52,11,38,32,0.6484416424811147,0.5889793322766255,0.27240132614893176,0.17516900010183356,0.11500793364043593,-0.03290793336719941,0.27097454075156274,0.5592885375494071
fashion_mnist,flame_hdbscan,42,9,90,0,0.4888888888888889,0.2034,51,11,39,33,0.6707029926968574,0.5846032662028527,0.2877124042753078,0.1924847791788248,0.13988562192113949,-0.05683301851949215,0.25737790843417424,0.5844155844155844
fashion_mnist,flame_hdbscan,42,10,90,0,0.4777777777777778,0.2023,52,10,38,33,0.6876887646601626,0.6428228704931096,0.2834968810247841,0.19856403053482052,0.1708064339643287,0.04614544538090546,0.1658847526772055,0.6773455377574371
fashion_mnist,flame_hdbscan,42,11,90,0,0.4888888888888889,0.201,51,9,39,35,0.7231874107719863,0.6914967436800733,0.2584833103997793,0.11601027971879388,0.14160635677834596,0.10513681743135027,0.13095570394863976,0.7806324110671937
fashion_mnist,flame_hdbscan,42,12,90,0,0.4888888888888889,0.2002,49,8,41,36,0.7007050126661607,0.6614716912254497,0.25681254993882435,0.20155341855482592,0.12517966822275176,-0.06299682265867786,0.20784719608581106,0.657608695652174
fashion_mnist,flame_hdbscan,42,13,90,0,0.4777777777777778,0.2,52,10,38,33,0.6728037857449869,0.6228122874478557,0.32599771914748493,0.2047780726848654,0.07112764687562641,-0.10294547205653536,0.23151397547582675,0.6027667984189724
fashion_mnist,flame_hdbscan,42,14,90,0,0.4888888888888889,0.1998,48,8,42,36,0.7144089393369901,0.6446817852082585,0.2773000504253953,0.1735184550673793,0.16571451737600287,-0.01122755479496181,0.20899333826794966,0.7221052631578948
fashion_mnist,flame_hdbscan,42,15,90,0,0.4777777777777778,0.1998,49,8,41,35,0.706277862836167,0.6437304411227561,0.2962224243887164,0.15131421366968867,0.1474802910933324,-0.02916186231960543,0.22561668694039524,0.7116704805491991
fashion_mnist,flame_hdbscan,42,16,90,0,0.4888888888888889,0.1998,49,9,41,35,0.66957794792627,0.6212975630860509,0.2980507776233201,0.2043171926656502,0.15593013647788836,-0.04665897971136869,0.22816622558031474,0.65311004784689
fashion_mnist,flame_hdbscan,42,17,90,0,0.4888888888888889,0.1998,50,9,40,35,0.7131759229990734,0.6462155364178026,0.2674316953904928,0.1488286531202524,0.19541254301717068,-0.04911667978275475,0.22184279529239587,0.709090909090909
fashion_mnist,flame_hdbscan,42,18,90,0,0.4888888888888889,0.1998,53,13,37,31,0.6697903985164998,0.5601099383645554,0.3404766947763779,0.15813733157472054,0.03627311522048364,0.020602141085758228,0.2143033339025825,0.5833333333333333
fashion_mnist,flame_hdbscan,42,19,90,0,0.4888888888888889,0.1998,50,10,40,34,0.6730611902985866,0.6081475666360994,0.3203090254739734,0.16518118564474296,0.2208358743458568,-0.018196712496757236,0.2273898687283563,0.6086956521739131
fashion_mnist,flame_hdbscan,42,20,90,0,0.4777777777777778,0.1998,55,13,35,30,0.6838546512504491,0.5745350472333276,0.3916217482467682,0.18891852668792863,0.1742296918767507,-0.06467616667635545,0.2244526277868951,0.5771428571428571
fashion_mnist,flame_hdbscan,42,21,90,0,0.4777777777777778,0.1998,51,9,39,34,0.715378908828435,0.6470433507380741,0.31768125612297193,0.1667456422480702,0.12176729607172995,-0.05452006123314027,0.2291618636430323,0.6964285714285714
fashion_mnist,flame_hdbscan,42,22,90,0,0.4888888888888889,0.1998,48,8,42,36,0.7007531453553177,0.6446817852082585,0.28192240356855763,0.17491790027313983,0.1825695880919973,-0.01122755479496181,0.20861116755019488,0.6895238095238095
fashion_mnist,flame_hdbscan,42,23,90,0,0.4888888888888889,0.1998,53,12,37,32,0.687008281165824,0.607105464015006,0.314365303071958,0.13252087812986413,0.09222380275011853,0.05183052680392058,0.1738395492353099,0.6030701754385965
fashion_mnist,flame_hdbscan,42,24,90,0,0.4888888888888889,0.1998,50,10,40,34,0.6706557532160057,0.6043877671514867,0.3112939029519543,0.1988594990495019,0.1327454384874203,-0.04245899582576688,0.23182872508569904,0.6363636363636364
fashion_mnist,flame_hdbscan,42,25,90,0,0.4888888888888889,0.1998,51,10,39,34,0.7317694822554,0.6517664246177436,0.3413179520473012,0.17905749098262655,0.2673212210519026,0.11585513012042307,0.13983252039539,0.6330434782608695
fashion_mnist,flame_hdbscan,42,26,90,0,0.4888888888888889,0.1998,51,10,39,34,0.7187462115313651,0.64892854468472,0.34346092439396336,0.2077961963473951,0.2638797513374896,0.0954101071579955,0.14019864540280874,0.6482213438735178
fashion_mnist,flame_hdbscan,42,27,90,0,0.4888888888888889,0.1998,53,11,37,33,0.7220660005395855,0.623413258220252,0.33081233492394585,0.20871351822413525,0.19500918770549583,-0.17120074314944628,0.22970008858143165,0.6547619047619048
fashion_mnist,flame_hdbscan,42,28,90,0,0.4777777777777778,0.1998,48,7,42,36,0.7314250595864038,0.6674711069254047,0.33031041429386754,0.21554587076550033,0.270329403406526,0.005613777397480905,0.20826123771306557,0.7060869565217391
fashion_mnist,flame_hdbscan,42,29,90,0,0.4777777777777778,0.1998,52,9,38,34,0.7278591143920751,0.6642695705449967,0.3563249462342518,0.19974277142025354,0.19007495788148168,-0.12512144397301483,0.22186047464012942,0.6964285714285714
fashion_mnist,fltrust_normalized,137,0,90,0,0.011111111111111112,0.2135,53,1,37,0,0.08301762727392764,-0.08461491116308766,-0.5996898962159125,-0.028555661665662802,-0.25583876883998924,,0.9995493059311339,-0.041666666666666664
fashion_mnist,fltrust_normalized,137,1,90,0,0.044444444444444446,0.4098,52,0,38,4,0.5097359309836497,0.1547712600722479,-0.3707771299781277,-0.021047749045726583,0.21206981483840612,-0.2893433391875968,0.9811097230000431,0.043478260869565216
fashion_mnist,fltrust_normalized,137,2,90,0,0.1111111111111111,0.3689,50,5,40,5,0.5003037841872027,0.002242622692384694,-0.3355859066851603,-0.06254861177831872,0.08968525738090022,-0.15389892998596488,0.9313514345050381,-0.07456140350877193
fashion_mnist,fltrust_normalized,137,3,90,0,0.06666666666666667,0.4373,51,4,39,2,0.16771897706026548,-0.0644527816366786,-0.3965307189120121,-0.10118152410164512,0.10081481869280384,-0.07230577556141186,0.9817212807594621,0.041666666666666664
fashion_mnist,fltrust_normalized,137,4,90,0,0.36666666666666664,0.3898,51,30,39,3,0.515918873769157,-0.5063321512489564,0.2552003315433336,-0.057364347002107276,0.030468671074207195,-0.06413013823852248,0.8959058574239444,-0.7426086956521739
fashion_mnist,fltrust_normalized,137,5,90,0,0.044444444444444446,0.4978,51,1,39,3,-0.22081426086650066,0.07572075227704235,-0.46559036835519535,-0.048907215421238236,0.09363295928120151,-0.20521644236327197,0.9825109179217175,0.041666666666666664
fashion_mnist,fltrust_normalized,137,6,90,0,0.4111111111111111,0.4374,51,30,39,7,0.5288212382679932,-0.4199723095570556,0.2453915014521366,-0.01040307313421627,0.03532567442147444,-0.18107839598648198,0.8655836630300124,-0.6273291925465838
fashion_mnist,fltrust_normalized,137,7,90,0,0.08888888888888889,0.5417,54,4,36,4,-0.004201889367929094,0.023761829556733085,-0.4311515365978364,-0.07950961780815825,0.11196911196911198,-0.18718603056481015,0.9436885513256605,0.045454545454545456
fashion_mnist,fltrust_normalized,137,8,90,0,0.36666666666666664,0.5194,50,30,40,3,0.4699939943389156,-0.5167655761790202,0.16854547069868497,-0.012345769370534939,0.09925884272972182,-0.041116453779977,0.8771436227224009,-0.7065217391304348
fashion_mnist,fltrust_normalized,137,9,90,0,0.2222222222222222,0.4897,54,14,36,6,0.0578509558946565,-0.0807475040073812,-0.3777004501014739,-0.06078207212547846,0.006049684694213889,0.1471056144134786,0.761525647934937,0.10476190476190478
fashion_mnist,fltrust_normalized,137,10,90,0,0.3888888888888889,0.5376,52,30,38,5,0.480987572890185,-0.43943444735243714,0.30801043187339644,-0.034089832839916116,0.04585248440675099,-0.07100076230471096,0.8508247057434162,-0.6273291925465838
fashion_mnist,fltrust_normalized,137,11,90,0,0.12222222222222222,0.5845,53,5,37,6,0.0750821866319828,0.07391824849085452,-0.4370537098837703,-0.034186397722782744,0.009958506294049626,-0.10989111301060228,0.9073326387079969,0.09288537549407114
fashion_mnist,fltrust_normalized,137,12,90,0,0.36666666666666664,0.6478,52,30,38,3,0.38592067275668107,-0.49196238296931416,-0.04085359033098559,-0.03600131479636327,-0.053841103408404506,-0.05340249948870272,0.8906293483878662,-0.7184265010351967
fashion_mnist,fltrust_normalized,137,13,90,0,0.08888888888888889,0.624,55,2,35,6,0.2615802260862539,0.15053897058368856,-0.32557969562387984,-0.03436013968125949,-0.02171020384902405,-0.31528622401808337,0.9442883574316453,0.10526315789473684
fashion_mnist,fltrust_normalized,137,14,90,0,0.4666666666666667,0.6287,51,32,39,10,0.3658892915367581,-0.3701295768988675,-0.2957301384806264,-0.08793013478606704,0.12308315213900552,-0.11218383172678535,0.7477230949197861,-0.6356107660455487
fashion_mnist,fltrust_normalized,137,15,90,0,0.4666666666666667,0.6099,55,35,35,7,0.11021508015010552,-0.4503466607129634,-0.2899646563160324,-0.015623772763820138,0.03936125546389922,-0.2935491378722052,0.8602299247990319,-0.6130952380952381
fashion_mnist,fltrust_normalized,137,16,90,0,0.13333333333333333,0.6126,54,8,36,4,0.08990464317165722,-0.0049732287993404355,-0.4283015975139415,-0.08738235306197542,-0.1206075437974131,0.27656041353137795,0.7979489180868132,0.10351966873706003
fashion_mnist,fltrust_normalized,137,17,90,0,0.4888888888888889,0.6214,53,29,37,15,0.44193716737602484,-0.14866008465252165,-0.08074991805446886,-0.06315843852480324,0.13893663707649917,-0.08249665302334759,0.6321751466260137,-0.27536231884057966
fashion_mnist,fltrust_normalized,137,18,90,0,0.2222222222222222,0.6494,52,13,38,7,-0.029722149579133286,-0.042940213693149376,-0.4590982083908425,-0.0038572371201665914,-0.08918800666229608,0.17025811098810217,0.7672460847293949,0.1477272727272727
fashion_mnist,fltrust_normalized,137,19,90,0,0.4888888888888889,0.6668,52,33,38,11,0.5186533425941977,-0.3328425782730578,0.0410929266765258,-0.03006020319030698,-0.05121470812018965,-0.04498271710749754,0.7401806005269191,-0.48913043478260865
fashion_mnist,fltrust_normalized,137,20,90,0,0.2111111111111111,0.6441,52,13,38,6,-0.06729629736705733,-0.10440324851334412,-0.4530580629504717,-0.05811764454708238,-0.09465966351274369,0.009872920237253181,0.7973866406630912,0.0
fashion_mnist,fltrust_normalized,137,21,90,0,0.4444444444444444,0.6417,54,32,36,8,0.5223970135857828,-0.3635506490384259,0.19027258198829916,-0.04321717386057139,0.11648860953752278,-0.09005662482328719,0.7315695739794723,-0.5583333333333333
fashion_mnist,fltrust_normalized,137,22,90,0,0.3,0.6048,51,12,39,15,0.06650911339951313,0.1408512468944267,-0.46427213372821713,-0.010871846973116437,-0.06427776123628427,-0.05620083732666141,0.6965428174051261,0.30434782608695654
fashion_mnist,fltrust_normalized,137,23,90,0,0.4111111111111111,0.6236,51,29,39,8,0.3829006469701307,-0.377688668244391,0.07133070930034431,-0.028145073867439103,0.081587205600701,-0.17774504543753794,0.8336043775231026,-0.5892857142857143
fashion_mnist,fltrust_normalized,137,24,90,0,0.24444444444444444,0.657,53,8,37,14,0.04401378616522891,0.20415180527114604,-0.3849247420970422,-0.06388305332263897,-0.07041669148757722,-0.2087879219849879,0.7617630152734439,0.32015810276679846
fashion_mnist,fltrust_normalized,137,25,90,0,0.4777777777777778,0.6473,49,29,41,14,0.492633384185462,-0.2790914737597952,-0.06224467638892882,-0.02824392866551099,0.06045822829805973,-0.20432700725333627,0.7369349280356781,-0.481060606060606
fashion_mnist,fltrust_normalized,137,26,90,0,0.25555555555555554,0.6915,50,9,40,14,0.07871967599946626,0.1723577306576201,-0.45828762805773415,-0.0015101139455122952,-0.024017262513051783,-0.045410516721355876,0.6849452021202347,0.22
fashion_mnist,fltrust_normalized,137,27,90,0,0.5222222222222223,0.6076,52,33,38,14,0.415054325685096,-0.22777679678659143,-0.14852220123018342,-0.05275685184683282,0.17245718688613418,0.11940508505238037,0.5504935271067903,-0.33333333333333337
fashion_mnist,fltrust_normalized,137,28,90,0,0.12222222222222222,0.6536,50,4,40,7,0.10389550345294289,0.07029076919355642,-0.3700375368888747,-0.11664327620655708,-0.007036307376870639,-0.26221587270217833,0.9540047240712906,0.08695652173913043
fashion_mnist,fltrust_normalized,137,29,90,0,0.4222222222222222,0.6864,54,32,36,6,0.43762163792995784,-0.40584543631293096,-0.004426110651569983,0.03929713846118127,0.038097689762910954,-0.007175421787052907,0.8242028374771737,-0.5891304347826086
fashion_mnist,fltrust_normalized,2024,0,90,0,0.0,0.2071,54,0,36,0,-0.3032890279395723,,-0.6676494432869224,-0.05310984865363252,-0.2447876447876448,,1.0,0.0
fashion_mnist,fltrust_normalized,2024,1,90,0,0.022222222222222223,0.2846,51,2,39,0,0.34532880607094063,-0.1251077186144477,-0.29093959524458723,-0.12009059777708876,0.06072874493927126,,0.9992487839690499,-0.047619047619047616
fashion_mnist,fltrust_normalized,2024,2,90,0,0.022222222222222223,0.4066,53,1,37,1,0.46828765398491334,0.013009761742521813,-0.2305139531543763,-0.09669358828026033,0.06330014224751065,-0.062439054105446264,0.9923249790508113,0.043478260869565216
fashion_mnist,fltrust_normalized,2024,3,90,0,0.15555555555555556,0.4851,55,11,35,3,0.5555481638729209,-0.1437238483235397,-0.07694260421615495,-0.09930483746519293,-0.054621848739495805,0.030316953129541628,0.8895532673909519,-0.15304347826086956
fashion_mnist,fltrust_normalized,2024,4,90,0,0.15555555555555556,0.4574,52,9,38,5,0.4975202549838279,-0.12675030758364902,-0.06940741113163128,-0.03601820544083053,0.12528723055038843,-0.39401111056003885,0.978819999605219,-0.1488095238095238
fashion_mnist,fltrust_normalized,2024,5,90,0,0.35555555555555557,0.4568,54,24,36,8,0.5426386862494624,-0.21291057348040665,-0.016111051962995032,-0.1506719730578016,0.06048906048906049,0.03215894063505344,0.7206451082037357,-0.14624505928853757
fashion_mnist,fltrust_normalized,2024,6,90,0,0.2777777777777778,0.542,50,19,40,6,0.3709328330104186,-0.29057675930262233,-0.15867825394489093,-0.05988290520019796,0.24540337711069424,-0.2850684572342867,0.8961838176389192,-0.3009523809523809
fashion_mnist,fltrust_normalized,2024,7,90,0,0.18888888888888888,0.4533,53,11,37,6,0.4134783169340103,-0.07165321161887185,0.05512658053463496,-0.1723087305833941,0.11806543385490753,-0.09614332506687173,0.8654582115962306,0.03952569169960474
fashion_mnist,fltrust_normalized,2024,8,90,0,0.34444444444444444,0.5209,52,23,38,8,0.3741251167914557,-0.2494508665239242,-0.14246850183544102,-0.11248231194764707,0.19925593609804135,-0.11772856008638626,0.7794640882867309,-0.30434782608695654
fashion_mnist,fltrust_normalized,2024,9,90,0,0.2777777777777778,0.5519,55,17,35,8,0.4438445022316991,-0.11575474396181208,0.09793997736492979,-0.11368117460114167,0.2187675070028011,-0.1953759201681571,0.852080582648324,-0.03557312252964426
fashion_mnist,fltrust_normalized,2024,10,90,0,0.26666666666666666,0.5005,52,15,38,9,0.43609754883282825,-0.0931174429168116,-0.0030977356168615877,-0.09046903279447087,0.24455629718787614,-0.20038516054839406,0.8043113437487514,-0.2173913043478261
fashion_mnist,fltrust_normalized,2024,11,90,0,0.23333333333333334,0.58,54,17,36,4,0.5129837590731487,-0.20898766678255842,0.010049858892385634,-0.051018533284224066,0.11685971685971687,0.1276268390214615,0.8348577338822527,-0.21146245059288538
fashion_mnist,fltrust_normalized,2024,12,90,0,0.25555555555555554,0.5407,56,16,34,7,0.4804403312655576,-0.11760529934886735,-0.079945889137968,-0.13261401623793564,0.23941940412528645,-0.21130685627241336,0.8426720551527398,-0.20496894409937888
fashion_mnist,fltrust_normalized,2024,13,90,0,0.4111111111111111,0.4932,54,23,36,14,0.48628502839905063,-0.06871681209871583,0.008650228460171331,-0.10286856751437967,0.17915057915057916,-0.18649160971316162,0.7090004692632567,0.056159420289855044
fashion_mnist,fltrust_normalized,2024,14,90,0,0.4444444444444444,0.5924,52,25,38,15,0.4313515819792754,-0.09436561077817067,-0.006978322800980647,-0.08265063986257126,0.31918152970784547,-0.06627987465532906,0.6190537318907023,-0.11826086956521742
fashion_mnist,fltrust_normalized,2024,15,90,0,0.5444444444444444,0.4953,53,30,37,19,0.49539705335453527,-0.0620919689897036,0.09852911213778859,-0.06661951627819276,0.15410146989094353,-0.06583818859179943,0.5305273533760473,-0.021739130434782594
fashion_mnist,fltrust_normalized,2024,16,90,0,0.3,0.5883,53,21,37,6,0.3579308069935327,-0.2652109752284726,-0.0874019815862291,-0.013808995898615381,0.14722617354196302,-0.16481712868606582,0.8815157047580015,-0.42500000000000004
fashion_mnist,fltrust_normalized,2024,17,90,0,0.45555555555555555,0.5313,56,30,34,11,0.4393439486603509,-0.21634978941186409,0.08147342738404974,-0.09363735389718944,0.049350649350649346,-0.11214435540799295,0.7275534592525222,-0.1925465838509317
fashion_mnist,fltrust_normalized,2024,18,90,0,0.3333333333333333,0.582,53,20,37,10,0.3311535854242194,-0.11085516457408788,-0.11217266189717309,-0.061785519570566626,0.2996680891417733,-0.02279951893522564,0.7536140791954745,-0.16770186335403725
fashion_mnist,fltrust_normalized,2024,19,90,0,0.5222222222222223,0.5538,53,31,37,16,0.49203836670697143,-0.16076716014091924,0.18286838060516705,-0.07060757065021078,0.12209577999051681,-0.09197090092274489,0.6243901502055241,-0.05701754385964908
fashion_mnist,fltrust_normalized,2024,20,90,0,0.3,0.5443,54,19,36,8,0.4183947672176652,-0.1781305087139135,-0.0359737349329382,-0.027356749943966446,0.22033462033462034,-0.27656688946145963,0.8235764742614058,-0.30434782608695654
fashion_mnist,fltrust_normalized,2024,21,90,0,0.5333333333333333,0.4932,53,29,37,19,0.49314562604133316,-0.06054258653879738,0.13885574585634777,-0.08033038455019093,0.11877667140825035,-0.15193428136569098,0.626549709744172,-0.06545454545454543
fashion_mnist,fltrust_normalized,2024,22,90,0,0.5,0.576,57,33,33,12,0.474998047364715,-0.21837289848542335,0.01634998393711237,-0.08440793452548875,0.1711229946524064,-0.1190826279056167,0.6475176711698524,-0.22666666666666674
fashion_mnist,fltrust_normalized,2024,23,90,0,0.6,0.553,56,34,34,20,0.5342057366463002,-0.03707366440848424,0.12758139421382342,-0.08549857993157532,0.1336898395721925,-0.1157375317359028,0.4643610897927859,-0.03368421052631587
fashion_mnist,fltrust_normalized,2024,24,90,0,0.34444444444444444,0.6363,54,20,36,11,0.40872670318526205,-0.09300750659943215,-0.09418133588466608,-0.09240584234088108,0.1263835263835264,-0.1654376117139128,0.729591547967173,-0.2391304347826087
fashion_mnist,fltrust_normalized,2024,25,90,0,0.5333333333333333,0.5768,56,32,34,16,0.48572145261643346,-0.051164649144474904,0.039562950640132315,-0.11969535038379191,0.08510313216195568,0.26427498905736396,0.41633590554671285,0.02371541501976282
fashion_mnist,fltrust_normalized,2024,26,90,0,0.32222222222222224,0.5927,54,20,36,9,0.36252451256887364,-0.12454517030313399,-0.02463895132269373,-0.06327506073412756,0.2815958815958816,-0.021613278336872776,0.7475257057033927,-0.14130434782608697
fashion_mnist,fltrust_normalized,2024,27,90,0,0.5666666666666667,0.6157,55,38,35,13,0.5028351291141965,-0.31388412002896526,0.15614232358079003,-0.10545394425080143,0.2470588235294118,-0.07025838192242886,0.6553310042895679,-0.46818181818181825
fashion_mnist,fltrust_normalized,2024,28,90,0,0.4222222222222222,0.5701,56,21,34,17,0.27750922819433055,0.14659206774258887,0.14726314597113563,-0.20473394890667948,0.1284950343773873,0.17088170536438033,0.4106519208381839,0.30000000000000004
fashion_mnist,fltrust_normalized,2024,29,90,0,0.4222222222222222,0.6301,55,27,35,11,0.4583672899807257,-0.18727336080461726,-0.10274496875939279,-0.09730630411216236,0.22829131652661064,-0.1218787373545218,0.7242651847349455,-0.19565217391304346
fashion_mnist,fltrust_normalized,42,0,90,0,0.03333333333333333,0.2231,50,0,40,3,-0.4615093289831701,0.14265473632273692,-0.5707982332392705,0.23121818414595066,-0.03836952956986212,-0.16856955256026804,0.9691870064251755,0.045454545454545456
fashion_mnist,fltrust_normalized,42,1,90,0,0.35555555555555557,0.2903,52,28,38,4,0.6510345294851299,-0.43658646868900264,0.03555746708535673,0.17390338489413906,0.09257536808735375,-0.0860209927314477,0.8761559345041147,-0.5197628458498024
fashion_mnist,fltrust_normalized,42,2,90,0,0.2111111111111111,0.3168,50,17,40,2,-0.15017704372339583,-0.3131647530706722,-0.12037375658170535,0.1889587171427727,-0.17383554594854406,0.17887616338011184,0.8882384780386103,-0.17391304347826086
fashion_mnist,fltrust_normalized,42,3,90,0,0.32222222222222224,0.4908,51,27,39,2,0.5975961207708109,-0.4730376573304332,0.08039074586116651,0.2172062752640227,-0.02176223495878798,0.08263517207018498,0.8912754869518695,-0.5755693581780539
fashion_mnist,fltrust_normalized,42,4,90,0,0.2777777777777778,0.3763,51,21,39,4,0.2300231778825878,-0.3362488211750464,-0.07059319089615222,0.1730919675200009,0.09089528833949585,-0.08260749941034662,0.87560319426058,-0.24637681159420288
fashion_mnist,fltrust_normalized,42,5,90,0,0.3333333333333333,0.5586,49,27,41,3,0.6561132228380933,-0.47653201444055904,0.14720309306982465,0.18829756055848335,-0.022213511062492475,-0.007915939614163817,0.8858081577049443,-0.5755693581780539
fashion_mnist,fltrust_normalized,42,6,90,0,0.3111111111111111,0.4265,49,21,41,7,0.12985639742916544,-0.2804485471195518,-0.03366327994382877,0.15461323812891337,-0.026917548699255594,-0.10409263937956056,0.7809274692296774,-0.20833333333333331
fashion_mnist,fltrust_normalized,42,7,90,0,0.5777777777777777,0.5763,49,42,41,10,0.6849212628298198,-0.6117783016483367,0.11109619035361228,0.17041114419940084,0.08597935458305914,-0.14881124329564652,0.8085801393728222,-0.7272727272727273
fashion_mnist,fltrust_normalized,42,8,90,0,0.3111111111111111,0.4626,52,17,38,11,0.010948763144162153,-0.07043855661442881,-0.11722611336626249,0.17516900010183356,-0.053728730178357796,-0.16669153597857178,0.7427729743970494,-0.03359683794466403
fashion_mnist,fltrust_normalized,42,9,90,0,0.37777777777777777,0.5812,51,30,39,4,0.5052774218018309,-0.4788792689878255,0.11938612081060893,0.1924847791788248,0.1055721444744924,-0.060078181389343,0.8660240195073039,-0.5887445887445888
fashion_mnist,fltrust_normalized,42,10,90,0,0.37777777777777777,0.5372,52,29,38,5,0.12092137168569408,-0.4207361967068062,0.12329879770683806,0.19856403053482052,0.020899441952073532,-0.05324474467027553,0.8803416624171341,-0.5469107551487414
fashion_mnist,fltrust_normalized,42,11,90,0,0.25555555555555554,0.5534,51,21,39,2,0.5110928445779722,-0.3854040748879065,-0.01817844197085104,0.11601027971879388,0.007996356101136049,0.03098818952631937,0.886243102226612,-0.30237154150197626
fashion_mnist,fltrust_normalized,42,12,90,0,0.15555555555555556,0.5397,49,1,41,13,-0.10308873967710241,0.33245445035505944,-0.07729795709550887,0.20155341855482592,0.08354022395658936,-0.17720019593122938,0.7657696650357546,0.24818840579710147
fashion_mnist,fltrust_normalized,42,13,90,0,0.6333333333333333,0.6605,52,49,38,8,0.6171529176800153,-0.7310247130164569,0.19685464388217527,0.2047780726848654,0.1257317942462996,-0.10007475137100434,0.7591965649642872,-0.8201581027667985
fashion_mnist,fltrust_normalized,42,14,90,0,0.6777777777777778,0.5083,48,41,42,20,0.16365503886936078,-0.412358891746364,-0.04754792434388285,0.1735184550673793,0.21676593348694756,-0.13373178516691922,0.5159141376757957,-0.3894736842105263
fashion_mnist,fltrust_normalized,42,15,90,0,0.1,0.6161,49,0,41,9,-0.118863501045427,0.3899664320872394,-0.01650645782343159,0.15131421366968867,-0.14660917301245038,0.1494100837163446,0.7812630865256147,0.34782608695652173
fashion_mnist,fltrust_normalized,42,16,90,0,0.3333333333333333,0.5806,49,20,41,10,0.30269564891150935,-0.1436531020662808,0.1350841615860706,0.2043171926656502,0.031447362719842296,0.09600725373912679,0.7442776621749935,0.002392344497607668
fashion_mnist,fltrust_normalized,42,17,90,0,0.6111111111111112,0.6359,50,46,40,9,0.4532349871389533,-0.6934663277271388,0.05240872154520281,0.1488286531202524,0.026549087697484063,-0.12707225740564837,0.739232066995955,-0.7636363636363637
fashion_mnist,fltrust_normalized,42,18,90,0,0.36666666666666664,0.5512,53,22,37,11,-0.1761926415803023,-0.13281665967506012,-0.09526764660499079,0.15813733157472054,-0.02370791844476055,-0.09968666405323519,0.6843703155537846,-0.08333333333333331
fashion_mnist,fltrust_normalized,42,19,90,0,0.6,0.6734,50,46,40,8,0.4594656117626314,-0.7126078960357971,0.09741482144339322,0.16518118564474296,0.08302453219884591,-0.12453591493326457,0.7663485544012242,-0.7826086956521738
fashion_mnist,fltrust_normalized,42,20,90,0,0.17777777777777778,0.6011,55,2,35,14,-0.3030952650924244,0.41001136414155664,-0.19103068986863006,0.18891852668792863,-0.06918767507002802,-0.16169041669088868,0.6964736020493936,0.3333333333333333
fashion_mnist,fltrust_normalized,42,21,90,0,0.6222222222222222,0.6646,51,48,39,8,0.5580712676929047,-0.7266090741261304,0.11783129417073128,0.1667456422480702,0.09241358380173685,-0.07335138534480715,0.7529604091128204,-0.8154761904761905
fashion_mnist,fltrust_normalized,42,22,90,0,0.1,0.6824,48,1,42,8,-0.0892005757402299,0.25384655119514166,-0.08254139990306106,0.17491790027313983,-0.037518739141852976,-0.035018347750682355,0.8054452428009383,0.1523809523809524
fashion_mnist,fltrust_normalized,42,23,90,0,0.7777777777777778,0.5996,53,50,37,20,0.40858792154057955,-0.49817899780496133,0.044943740091827715,0.13252087812986413,0.08653390232337599,-0.18793593972590894,0.5809498255969949,-0.4846491228070176
fashion_mnist,fltrust_normalized,42,24,90,0,0.12222222222222222,0.5429,50,2,40,9,-0.22448334638342737,0.27685818505456916,-0.04842550287354967,0.1988594990495019,-0.060884656945820334,0.041492982010007624,0.7822526017611922,0.1818181818181818
fashion_mnist,fltrust_normalized,42,25,90,0,0.6111111111111112,0.7046,51,47,39,8,0.5498714305703641,-0.7483393457776812,0.16680460215014029,0.17905749098262655,0.25578217553887084,-0.3329024411802786,0.8526567963050892,-0.7930434782608695
fashion_mnist,fltrust_normalized,42,26,90,0,0.15555555555555556,0.6005,51,1,39,13,-0.21860165114697364,0.4331569491288523,-0.1606733201583014,0.2077961963473951,0.07571233371708562,0.09666348622178215,0.6678640209464869,0.4090909090909091
fashion_mnist,fltrust_normalized,42,27,90,0,0.6444444444444445,0.6891,53,49,37,9,0.61156094747569,-0.7020967516413564,0.15203252694528668,0.20871351822413525,0.14261158225514375,-0.1947094302165654,0.7538912557472477,-0.8214285714285714
fashion_mnist,fltrust_normalized,42,28,90,0,0.06666666666666667,0.6235,48,0,42,6,-0.18227088891113002,0.22338662222502229,-0.1281552587903887,0.21554587076550033,0.16466107545625322,-0.13473065753954175,0.8697124765305747,0.08
fashion_mnist,fltrust_normalized,42,29,90,0,0.6666666666666666,0.6973,52,48,38,12,0.6536274164891447,-0.6261093277776755,0.1986475748412977,0.19974277142025354,0.16764239232839948,-0.10326042731776057,0.688514855539857,-0.6369047619047619
fashion_mnist,krum_bound30,137,0,90,0,0.32222222222222224,0.1534,53,3,37,26,0.08301762727392764,0.6232360172170703,-0.5996898962159125,-0.028555661665662802,-0.25583876883998924,-0.1440089198474309,0.44008022354425813,0.6726190476190477
fashion_mnist,krum_bound30,137,1,90,0,0.32222222222222224,0.184,52,3,38,26,0.6690747927745485,0.6325901433772319,0.10674504334878247,-0.021047749045726583,0.14422498243396245,0.010326042731776057,0.36257700426485157,0.6936758893280632
fashion_mnist,krum_bound30,137,2,90,0,0.32222222222222224,0.2027,50,2,40,27,0.5896576331081922,0.6248663865575673,0.05195703388946164,-0.06254861177831872,0.1012242601610788,-0.06242621052738064,0.41246827167140987,0.7083333333333334
fashion_mnist,krum_bound30,137,3,90,0,0.32222222222222224,0.277,51,3,39,26,0.6311872404370672,0.5924353975764034,0.07048982274410438,-0.10118152410164512,0.05233058359857389,-0.09183031191069305,0.4286963400924345,0.662878787878788
fashion_mnist,krum_bound30,137,4,90,0,0.32222222222222224,0.3238,51,3,39,26,0.6042427579429768,0.5701776705032141,0.09160049481642304,-0.057364347002107276,0.06235448964023798,-0.19817017687875846,0.47954820644770696,0.6365217391304349
fashion_mnist,krum_bound30,137,5,90,0,0.32222222222222224,0.3375,51,3,39,26,0.6536331463418763,0.603568731952382,0.1437105947383653,-0.048907215421238236,0.07116104905371315,-0.03866735158609921,0.43834945512428064,0.6557017543859649
fashion_mnist,krum_bound30,137,6,90,0,0.32222222222222224,0.3432,51,4,39,25,0.5934370468917864,0.5549971230924976,0.11604410984004822,-0.01040307313421627,0.0861379625578073,-0.05224556998954234,0.4355792670742917,0.6004140786749482
fashion_mnist,krum_bound30,137,7,90,0,0.32222222222222224,0.3505,54,4,36,25,0.6340948535098306,0.6185915720035328,0.1340043730206547,-0.07950961780815825,0.01724581724581725,-0.02612172816535465,0.38250780485531893,0.6774891774891775
fashion_mnist,krum_bound30,137,8,90,0,0.32222222222222224,0.3477,50,4,40,25,0.5450331524599461,0.5444357668271079,0.09131508483624462,-0.012345769370534939,-0.009757012895927288,-0.015658838538339954,0.48695962843872814,0.6123188405797101
fashion_mnist,krum_bound30,137,9,90,0,0.32222222222222224,0.3565,54,4,36,25,0.5687205413413787,0.6216988086935121,0.21756036202717072,-0.06078207212547846,0.034882224513446046,-0.00870836356142675,0.40399784429964236,0.7023809523809523
fashion_mnist,krum_bound30,137,10,90,0,0.32222222222222224,0.3492,52,5,38,24,0.5641161373573479,0.5470251838157312,-0.061509885574650675,-0.034089832839916116,0.015211206044244363,0.03980387300837902,0.42528441522654803,0.6004140786749482
fashion_mnist,krum_bound30,137,11,90,0,0.32222222222222224,0.3601,53,6,37,23,0.5791303035004469,0.5042312797731524,0.22369339700583019,-0.034186397722782744,-0.03544754026096236,-0.03654005238978207,0.472953025961622,0.5948616600790513
fashion_mnist,krum_bound30,137,12,90,0,0.32222222222222224,0.3568,52,5,38,24,0.5649865455601893,0.5449878460734008,0.16042652342730682,-0.03600131479636327,0.02899978130737234,0.029852904756284264,0.41674949310221443,0.6480331262939958
fashion_mnist,krum_bound30,137,13,90,0,0.32222222222222224,0.3544,55,6,35,23,0.5505009170954854,0.5484697105807703,0.2416194379685005,-0.03436013968125949,-0.027592968762953148,-0.005960405242042041,0.37214189451563534,0.6442105263157895
fashion_mnist,krum_bound30,137,14,90,0,0.32222222222222224,0.3649,51,3,39,26,0.5505357902928341,0.622790755266057,0.12109731284742604,-0.08793013478606704,-0.002226833344620166,0.053164917421980186,0.3438335561497326,0.7391304347826086
fashion_mnist,krum_bound30,137,15,90,0,0.32222222222222224,0.3583,55,6,35,23,0.4929648909238716,0.5515978355405571,0.19622962523017107,-0.015623772763820138,-0.010785824450961708,0.011921645479390964,0.39538853833520615,0.6726190476190477
fashion_mnist,krum_bound30,137,16,90,0,0.32222222222222224,0.3732,54,6,36,23,0.5403481940184651,0.542113092534908,0.22827058443715373,-0.08738235306197542,0.10245848971477142,0.06402858230490933,0.4073977711287455,0.6708074534161491
fashion_mnist,krum_bound30,137,17,90,0,0.32222222222222224,0.3663,53,4,37,25,0.5297063778589719,0.6109220227788652,0.09716035781509033,-0.06315843852480324,0.046944460991718145,0.03785390859044806,0.34495754726968597,0.691511387163561
fashion_mnist,krum_bound30,137,18,90,0,0.32222222222222224,0.3721,52,5,38,24,0.5456176724990649,0.5368384951040789,0.3026171357444908,-0.0038572371201665914,0.040490260693312324,-0.009950968252094756,0.440126800184742,0.6401515151515151
fashion_mnist,krum_bound30,137,19,90,0,0.32222222222222224,0.3777,52,4,38,25,0.5797376740504497,0.5617958824476271,0.12777278692377908,-0.03006020319030698,-0.004924491165402851,-0.11382713929844888,0.4460511232226535,0.6231884057971014
fashion_mnist,krum_bound30,137,20,90,0,0.32222222222222224,0.3777,52,5,38,24,0.5178195831577916,0.5521185281715575,0.14415367423003497,-0.05811764454708238,0.09017290489537665,0.06468129363861591,0.4088737201365188,0.6666666666666667
fashion_mnist,krum_bound30,137,21,90,0,0.32222222222222224,0.3798,54,5,36,24,0.5325299947725377,0.5777716276968801,0.2794706147758475,-0.04321717386057139,0.01956493773447896,0.005673034123720572,0.42105263157894735,0.6583333333333333
fashion_mnist,krum_bound30,137,22,90,0,0.32222222222222224,0.3829,51,3,39,26,0.5087564938778849,0.5995213305646041,0.14618456292823165,-0.010871846973116437,0.027836825732249097,-0.058001027379148834,0.41617325650705345,0.6521739130434783
fashion_mnist,krum_bound30,137,23,90,0,0.32222222222222224,0.3872,51,4,39,25,0.4697683929195495,0.5732132215440476,0.1762032782060647,-0.028145073867439103,0.08340925237590274,0.03324886375015318,0.40111351330667533,0.6607142857142858
fashion_mnist,krum_bound30,137,24,90,0,0.32222222222222224,0.3786,53,5,37,24,0.4939048075610498,0.5739897090592361,0.12220754474987262,-0.06388305332263897,0.045640448186392645,0.08484299717294602,0.37602644112333716,0.6837944664031621
fashion_mnist,krum_bound30,137,25,90,0,0.32222222222222224,0.4104,49,4,41,25,0.525360556842591,0.5021778348995046,0.1954015531077786,-0.02824392866551099,0.005139820561362427,-0.11833190376809388,0.5185282789377661,0.5795454545454546
fashion_mnist,krum_bound30,137,26,90,0,0.32222222222222224,0.3946,50,3,40,26,0.49983603119109693,0.5791228101429624,-0.034356107989706036,-0.0015101139455122952,0.01810676431648045,-0.06357472340989824,0.4251787297455341,0.63
fashion_mnist,krum_bound30,137,27,90,0,0.32222222222222224,0.4199,52,4,38,25,0.5495637748227065,0.6086515469692367,0.2020783758041025,-0.05275685184683282,0.028232204452171714,0.11887961804862333,0.360349189028322,0.7142857142857142
fashion_mnist,krum_bound30,137,28,90,0,0.32222222222222224,0.4265,50,3,40,26,0.47357503876117735,0.5821390747791237,-0.06155467837227514,-0.11664327620655708,0.030772117594847603,-0.04995156839349147,0.4733734163624651,0.6456521739130434
fashion_mnist,krum_bound30,137,29,90,0,0.32222222222222224,0.4313,54,5,36,24,0.5773258965557976,0.5736342935205844,0.21264056980292564,0.03929713846118127,0.03346418695390827,-0.017018007014612157,0.3814674345647797,0.6565217391304348
fashion_mnist,krum_bound30,2024,0,90,0,0.32222222222222224,0.2125,54,8,36,21,-0.3032890279395723,0.437716843347529,-0.6676494432869224,-0.05310984865363252,-0.2447876447876448,0.0027118799878642825,0.4555278789040046,0.5214285714285714
fashion_mnist,krum_bound30,2024,1,90,0,0.32222222222222224,0.2695,51,5,39,24,0.5448177355497921,0.5317220071152444,-0.29719350324125876,-0.12009059777708876,-0.0016194331983805667,0.051512219636993165,0.42332901384115534,0.5297619047619048
fashion_mnist,krum_bound30,2024,2,90,0,0.32222222222222224,0.2743,53,5,37,24,0.5465708889242842,0.543209971647552,-0.0582407402299717,-0.09669358828026033,-0.05523944997629207,-0.07423322234717408,0.42681115258627256,0.5253623188405797
fashion_mnist,krum_bound30,2024,3,90,0,0.32222222222222224,0.2774,55,5,35,24,0.5437612819450014,0.5943025666445235,-0.025089021088247662,-0.09930483746519293,-0.014565826330532215,-0.012187873735452178,0.356838819523269,0.5721739130434783
fashion_mnist,krum_bound30,2024,4,90,0,0.32222222222222224,0.2795,52,4,38,25,0.5423687255400843,0.6025364925680036,0.025221334535319533,-0.03601820544083053,0.06007221796695481,0.08852253162596163,0.35394090128501215,0.5714285714285714
fashion_mnist,krum_bound30,2024,5,90,0,0.32222222222222224,0.2946,54,5,36,24,0.5545099533354038,0.6046383786500696,-0.032804431105375426,-0.1506719730578016,0.0725868725868726,0.15315220682575378,0.27851147864724757,0.6047430830039525
fashion_mnist,krum_bound30,2024,6,90,0,0.32222222222222224,0.3263,50,4,40,25,0.5487624768620454,0.5896738782067467,0.03192606825291699,-0.05988290520019796,0.11425891181988744,0.18565166734638505,0.3308935984269172,0.5847619047619048
fashion_mnist,krum_bound30,2024,7,90,0,0.32222222222222224,0.3318,53,5,37,24,0.5182988672535827,0.5709090636862375,-0.003962417757698685,-0.1723087305833941,0.07254623044096728,0.06893084932237593,0.36893543475577134,0.5612648221343873
fashion_mnist,krum_bound30,2024,8,90,0,0.32222222222222224,0.3323,52,2,38,27,0.5556079573998987,0.6881038051220396,0.013752093997185027,-0.11248231194764707,0.08764635080424554,0.06085231058064849,0.3370655516915593,0.6956521739130435
fashion_mnist,krum_bound30,2024,9,90,0,0.32222222222222224,0.3385,55,5,35,24,0.541044115204861,0.6161787347418679,0.05007830818007636,-0.11368117460114167,0.17703081232493,0.11578480048679571,0.2791004727628945,0.5948616600790513
fashion_mnist,krum_bound30,2024,10,90,0,0.32222222222222224,0.3435,52,5,38,24,0.5195917494823001,0.5714674088430263,0.04207906762788863,-0.09046903279447087,0.09946383630594158,0.15919806953611387,0.3558356974467575,0.6086956521739131
fashion_mnist,krum_bound30,2024,11,90,0,0.32222222222222224,0.347,54,4,36,25,0.5453252925046207,0.6320279804179788,0.04395245774058494,-0.051018533284224066,0.024195624195624193,0.049341042090114334,0.3424729765357237,0.6403162055335969
fashion_mnist,krum_bound30,2024,12,90,0,0.32222222222222224,0.3512,56,5,34,24,0.5429351751583027,0.6344317992906763,0.05149823320925974,-0.13261401623793564,0.12482811306340717,0.11185178814316073,0.29937002258409606,0.6273291925465838
fashion_mnist,krum_bound30,2024,13,90,0,0.32222222222222224,0.3488,54,3,36,26,0.556620194234784,0.6831896893806769,0.11860034046153688,-0.10286856751437967,0.1958815958815959,0.07760905889885551,0.30873768183951195,0.697463768115942
fashion_mnist,krum_bound30,2024,14,90,0,0.32222222222222224,0.3562,52,4,38,25,0.5389421008234265,0.6106857604302927,0.05784546824963832,-0.08265063986257126,0.19553561658824817,0.12898997465497264,0.3255088941866862,0.5930434782608696
fashion_mnist,krum_bound30,2024,15,90,0,0.32222222222222224,0.3634,53,5,37,24,0.5462940740906937,0.5852715558544447,0.07923794306755237,-0.06661951627819276,0.09720246562351824,0.14316407166955,0.34361754558896007,0.5797101449275361
fashion_mnist,krum_bound30,2024,16,90,0,0.32222222222222224,0.3675,53,6,37,23,0.5076138146769924,0.5401322947543649,0.12600534831174365,-0.013808995898615381,0.09269796111901375,0.14614288276047113,0.34809419128879615,0.5166666666666666
fashion_mnist,krum_bound30,2024,17,90,0,0.32222222222222224,0.3686,56,6,34,23,0.5058350614822921,0.5740347323052228,0.034093495766863886,-0.09363735389718944,0.044766997708174175,0.02883711996205533,0.3622115526978151,0.536231884057971
fashion_mnist,krum_bound30,2024,18,90,0,0.32222222222222224,0.3715,53,7,37,22,0.5109355926800774,0.5032001720361177,0.08872419022821278,-0.061785519570566626,0.2197724039829303,0.19076220267433835,0.3425137611184123,0.4616977225672878
fashion_mnist,krum_bound30,2024,19,90,0,0.32222222222222224,0.3757,53,6,37,23,0.5283933815185133,0.5555206792203011,0.12522681298509775,-0.07060757065021078,0.156235182550972,0.22443371281072352,0.338077676616342,0.5504385964912282
fashion_mnist,krum_bound30,2024,20,90,0,0.32222222222222224,0.3776,54,7,36,22,0.5145083384013355,0.5074828101148448,0.12504861645642276,-0.027356749943966446,0.06383526383526383,0.12615608892360933,0.3505249190180697,0.4782608695652174
fashion_mnist,krum_bound30,2024,21,90,0,0.32222222222222224,0.3791,53,7,37,22,0.5170439733413061,0.5124332027156795,0.1108353684232848,-0.08033038455019093,0.22143195827406353,0.23716381954106927,0.3463841632025198,0.4981818181818182
fashion_mnist,krum_bound30,2024,22,90,0,0.32222222222222224,0.3791,57,9,33,20,0.4906467461021574,0.5006573023190524,0.11272141029351149,-0.08440793452548875,0.2199197860962567,0.33216944239580265,0.27420636580367225,0.5542857142857143
fashion_mnist,krum_bound30,2024,23,90,0,0.32222222222222224,0.3839,56,10,34,19,0.46561729119485196,0.44168637682405526,0.09360445449161572,-0.08549857993157532,0.13002291825821238,0.35321006202434646,0.31396297006907137,0.5242105263157895
fashion_mnist,krum_bound30,2024,24,90,0,0.32222222222222224,0.3945,54,9,36,20,0.49922536025780573,0.4434014776767178,0.053399401654565797,-0.09240584234088108,0.17966537966537968,0.27444222127532203,0.35466465427789834,0.45217391304347826
fashion_mnist,krum_bound30,2024,25,90,0,0.32222222222222224,0.3934,56,10,34,19,0.465777897747562,0.44798867946601556,-0.0005497317211313768,-0.11969535038379191,0.19419404125286477,0.3894367350524845,0.29492474764773435,0.5513833992094861
fashion_mnist,krum_bound30,2024,26,90,0,0.32222222222222224,0.3984,54,9,36,20,0.4598744804028414,0.46924072462757543,0.08323733732861759,-0.06327506073412756,0.24221364221364225,0.40897272190047984,0.28307082065698774,0.536231884057971
fashion_mnist,krum_bound30,2024,27,90,0,0.32222222222222224,0.402,55,9,35,20,0.49337189322612107,0.48804689302885057,0.021809765499308943,-0.10545394425080143,0.2669467787114846,0.4344630823610224,0.21666740370583293,0.6136363636363636
fashion_mnist,krum_bound30,2024,28,90,0,0.32222222222222224,0.4035,56,11,34,18,0.41881465224630177,0.3613320181390607,-0.015491122293888491,-0.20473394890667948,0.08174178762414054,0.16216874328520062,0.5008466504392,0.43333333333333335
fashion_mnist,krum_bound30,2024,29,90,0,0.32222222222222224,0.4119,55,9,35,20,0.4804231882782794,0.4661707249315062,0.021581296143020588,-0.09730630411216236,0.2327731092436975,0.31441407276126615,0.31780488863804107,0.47035573122529645
fashion_mnist,krum_bound30,42,0,90,0,0.32222222222222224,0.1957,50,1,40,28,-0.4615093289831701,0.7098240851321681,-0.5707982332392705,0.23121818414595066,-0.03836952956986212,0.12288262260852113,0.29643333134411487,0.7727272727272728
fashion_mnist,krum_bound30,42,1,90,0,0.32222222222222224,0.1986,52,1,38,28,0.671301193982943,0.7487178025479314,0.07761329938860091,0.17390338489413906,0.09892214273164042,0.14170186022202527,0.26308645117502333,0.774703557312253
fashion_mnist,krum_bound30,42,2,90,0,0.32222222222222224,0.2088,50,1,40,28,0.6780348384016678,0.689715754108594,0.11010458299761637,0.1889587171427727,-0.004690651536657961,0.028357528294274112,0.3132329651384239,0.6956521739130435
fashion_mnist,krum_bound30,42,3,90,0,0.32222222222222224,0.2304,51,1,39,28,0.6769734563788002,0.724987126154557,0.18113960729768955,0.2172062752640227,0.03168176531209599,0.1113879294817761,0.2810945766540512,0.7349896480331264
fashion_mnist,krum_bound30,42,4,90,0,0.32222222222222224,0.243,51,3,39,26,0.7086352026044589,0.6673119465442153,0.14976514275493474,0.1730919675200009,0.3374664714074378,0.2658245871099009,0.23675107827646583,0.7349896480331264
fashion_mnist,krum_bound30,42,5,90,0,0.32222222222222224,0.2573,49,1,41,28,0.7006960241981445,0.7040448725795749,0.27450818112550734,0.18829756055848335,0.06620497414703641,0.17277019103294863,0.28167321099447074,0.782608695652174
fashion_mnist,krum_bound30,42,6,90,0,0.32222222222222224,0.266,49,1,41,28,0.6730834504525642,0.6910532709563889,0.13797037593304518,0.15461323812891337,0.03649984758895824,0.11518012735529909,0.3175781170793033,0.7023809523809523
fashion_mnist,krum_bound30,42,7,90,0,0.32222222222222224,0.2719,49,2,41,27,0.6778113846290537,0.6460823422607453,0.22734157011583098,0.17041114419940084,0.09721677782643767,0.11302703792835422,0.34213850174216026,0.7272727272727273
fashion_mnist,krum_bound30,42,8,90,0,0.32222222222222224,0.2714,52,3,38,26,0.6440071643541069,0.6427767801465916,0.20024693789333442,0.17516900010183356,0.10734803320767616,0.06195625639065634,0.36888367302948294,0.6837944664031621
fashion_mnist,krum_bound30,42,9,90,0,0.32222222222222224,0.2728,51,3,39,26,0.6490339447625967,0.6207670647534135,0.22718011725409387,0.1924847791788248,0.13148438703007248,0.04349856879980197,0.35660080672728517,0.6688311688311689
fashion_mnist,krum_bound30,42,10,90,0,0.32222222222222224,0.2741,52,3,38,26,0.6779586164005623,0.6509227705003454,0.21749981752919265,0.19856403053482052,0.12988291935660357,0.1032547777252345,0.2763895971443141,0.6933638443935927
fashion_mnist,krum_bound30,42,11,90,0,0.32222222222222224,0.2764,51,3,39,26,0.6802952549911501,0.6389802793672055,0.20513566887085088,0.11601027971879388,0.08694772013766919,0.13049570639940591,0.3334764777875593,0.7292490118577075
fashion_mnist,krum_bound30,42,12,90,0,0.32222222222222224,0.2788,49,1,41,28,0.687312195322113,0.6950506868404461,0.2085258626724577,0.20155341855482592,0.12500544460657534,0.13290014694842203,0.29350771546857357,0.7065217391304348
fashion_mnist,krum_bound30,42,13,90,0,0.32222222222222224,0.2759,52,3,38,26,0.6428435719530118,0.6448141075004634,0.2687727626958981,0.2047780726848654,0.0806478088420564,0.0722822991224324,0.31763758721770363,0.6837944664031621
fashion_mnist,krum_bound30,42,14,90,0,0.32222222222222224,0.2797,48,1,42,28,0.6848899030009536,0.6836214880036108,0.2354277130440961,0.1735184550673793,0.1870264577524766,0.15418451312926817,0.2942079940784604,0.7073684210526316
fashion_mnist,krum_bound30,42,15,90,0,0.32222222222222224,0.2806,49,2,41,27,0.6907188247002297,0.6530778200578455,0.23992170450243855,0.15131421366968867,0.11115466712055061,0.14345739429368037,0.3132989012303827,0.7391304347826086
fashion_mnist,krum_bound30,42,16,90,0,0.32222222222222224,0.2805,49,2,41,27,0.6409676542308984,0.6610726518259599,0.2557412876060613,0.2043171926656502,0.17431072798449984,0.17823494442548168,0.2946726196488818,0.7200956937799043
fashion_mnist,krum_bound30,42,17,90,0,0.32222222222222224,0.2818,50,3,40,26,0.6791742559671008,0.6263745113843353,0.2395785209063569,0.1488286531202524,0.21070406702667563,0.14984767552384193,0.31656401813118684,0.7227272727272727
fashion_mnist,krum_bound30,42,18,90,0,0.32222222222222224,0.2795,53,2,37,27,0.6458182339275694,0.705300954688748,0.2807744172014652,0.15813733157472054,0.11024182076813654,0.0512989176042577,0.28872317413331816,0.7083333333333334
fashion_mnist,krum_bound30,42,19,90,0,0.32222222222222224,0.2815,50,3,40,26,0.6706467102194545,0.6324070106914076,0.2714170433913449,0.16518118564474296,0.18237253174526152,0.17709270743726774,0.3163203672384634,0.6956521739130435
fashion_mnist,krum_bound30,42,20,90,0,0.32222222222222224,0.2782,55,3,35,26,0.6464139674794106,0.714100630034743,0.33123634057685697,0.18891852668792863,0.2372549019607843,0.14887433049795165,0.24654765240363447,0.7695238095238095
fashion_mnist,krum_bound30,42,21,90,0,0.32222222222222224,0.2812,51,3,39,26,0.672905390680936,0.636956588854562,0.2872665317655593,0.1667456422480702,0.16863201600623615,0.1208293577772277,0.32131704147716555,0.7202380952380952
fashion_mnist,krum_bound30,42,22,90,0,0.32222222222222224,0.2829,48,2,42,27,0.6743441982245313,0.6533155935499623,0.24349271363627997,0.17491790027313983,0.18192131614138213,0.21113575258768835,0.2946859011064113,0.7123809523809523
fashion_mnist,krum_bound30,42,23,90,0,0.32222222222222224,0.2815,53,3,37,26,0.6535321406236225,0.6796536472455207,0.26019795933019957,0.13252087812986413,0.10502607871028923,0.1606062920857678,0.2539576066541454,0.7478070175438597
fashion_mnist,krum_bound30,42,24,90,0,0.32222222222222224,0.2827,50,3,40,26,0.6712978059711306,0.6213474286284417,0.274809209945691,0.1988594990495019,0.19588160817083647,0.12714348226265376,0.3224952275386415,0.6818181818181819
fashion_mnist,krum_bound30,42,25,90,0,0.32222222222222224,0.282,51,2,39,27,0.6925085529028586,0.7017146852591559,0.27189953765102864,0.17905749098262655,0.231287008748049,0.21720558097509565,0.2338023913324988,0.7426086956521739
fashion_mnist,krum_bound30,42,26,90,0,0.32222222222222224,0.2817,51,2,39,27,0.7011725317493165,0.6956436137212253,0.29407334873801866,0.2077961963473951,0.24070044061394333,0.18758663811485532,0.23452275333780537,0.7292490118577075
fashion_mnist,krum_bound30,42,27,90,0,0.32222222222222224,0.2824,53,3,37,26,0.6953901397840978,0.6796571622015084,0.30020755611218236,0.20871351822413525,0.2328255590599354,0.1606158120343305,0.28500021090817057,0.7678571428571429
fashion_mnist,krum_bound30,42,28,90,0,0.32222222222222224,0.2839,48,2,42,27,0.6861947105410874,0.6632519523872241,0.29579348634427355,0.21554587076550033,0.2644949558509894,0.25213298609986085,0.29367153848985755,0.7165217391304348
fashion_mnist,krum_bound30,42,29,90,0,0.32222222222222224,0.2835,52,2,38,27,0.6969277132417057,0.7023686052473452,0.3172393328822384,0.19974277142025354,0.12518465850110247,0.13494076722074858,0.28388312140385363,0.7678571428571429
fashion_mnist,mdbg_l0_only,137,0,90,0,0.0,0.2394,53,0,37,0,0.08301762727392764,,-0.5996898962159125,-0.028555661665662802,-0.25583876883998924,,1.0,0.0
fashion_mnist,mdbg_l0_only,137,1,90,0,0.0,0.3803,52,0,38,0,0.6558538176975391,,0.0009251180508084035,-0.021047749045726583,0.1231055426693534,,1.0,0.0
fashion_mnist,mdbg_l0_only,137,2,90,0,0.0,0.4175,50,0,40,0,0.6572359463342378,,0.12232524348652701,-0.06254861177831872,0.09371921770242606,,1.0,0.0
fashion_mnist,mdbg_l0_only,137,3,90,0,0.0,0.4258,51,0,39,0,0.6279109459152975,,0.060176102292022644,-0.10118152410164512,0.13583683402183008,,1.0,0.0
fashion_mnist,mdbg_l0_only,137,4,90,0,0.0,0.4454,51,0,39,0,0.6171295812289251,,0.1466018950413352,-0.057364347002107276,0.10841178312450468,,1.0,0.0
fashion_mnist,mdbg_l0_only,137,5,90,0,0.0,0.4621,51,0,39,0,0.63621409283248,,0.14350441024089275,-0.048907215421238236,0.20315821543499615,,1.0,0.0
fashion_mnist,mdbg_l0_only,137,6,90,0,0.0,0.4776,51,0,39,0,0.6095636965933866,,0.16335885287956914,-0.01040307313421627,0.21205526622632936,,1.0,0.0
fashion_mnist,mdbg_l0_only,137,7,90,0,0.0,0.4923,54,0,36,0,0.6122487472827658,,0.14999943190172513,-0.07950961780815825,0.15933075933075935,,1.0,0.0
fashion_mnist,mdbg_l0_only,137,8,90,0,0.0,0.4944,50,0,40,0,0.5348416447228527,,0.15624169414831618,-0.012345769370534939,0.11323764005177149,,1.0,0.0
fashion_mnist,mdbg_l0_only,137,9,90,0,0.0,0.4789,54,0,36,0,0.5370851881500697,,0.2610554109300988,-0.06078207212547846,0.08212125180656302,,1.0,0.0
fashion_mnist,mdbg_l0_only,137,10,90,0,0.0,0.5123,52,0,38,0,0.5333128491683694,,0.07563880446792574,-0.034089832839916116,0.10483694525457625,,1.0,0.0
fashion_mnist,mdbg_l0_only,137,11,90,0,0.0,0.5531,53,0,37,0,0.5842052946086674,,0.2501389426280331,-0.034186397722782744,0.09057498581730851,,1.0,0.0
fashion_mnist,mdbg_l0_only,137,12,90,0,0.0,0.5652,52,0,38,0,0.5468454061746518,,0.16860063676384102,-0.03600131479636327,0.13460275852101125,,1.0,0.0
fashion_mnist,mdbg_l0_only,137,13,90,0,0.0,0.544,55,0,35,0,0.5700365131765026,,0.2387425079400447,-0.03436013968125949,0.13362280304496094,,1.0,0.0
fashion_mnist,mdbg_l0_only,137,14,90,0,0.0,0.5783,51,0,39,0,0.5634953552900569,,0.1137896427876871,-0.08793013478606704,0.2639809710349723,,1.0,0.0
fashion_mnist,mdbg_l0_only,137,15,90,0,0.0,0.5942,55,0,35,0,0.4970500541429012,,0.27110976105239243,-0.015623772763820138,0.11668300996949485,,1.0,0.0
fashion_mnist,mdbg_l0_only,137,16,90,0,0.0,0.5861,54,0,36,0,0.5236984974079348,,0.18782278949812026,-0.08738235306197542,0.19474836047543864,,1.0,0.0
fashion_mnist,mdbg_l0_only,137,17,90,0,0.0,0.6011,53,0,37,0,0.5885021525853531,,0.17823371814699882,-0.06315843852480324,0.21302827374272099,,1.0,0.0
fashion_mnist,mdbg_l0_only,137,18,90,0,0.0,0.6246,52,0,38,0,0.5305825160689299,,0.26493296317406356,-0.0038572371201665914,0.17837601332459216,,1.0,0.0
fashion_mnist,mdbg_l0_only,137,19,90,0,0.0,0.6189,52,0,38,0,0.5705571580583746,,0.14765536287994402,-0.03006020319030698,0.061063690450995356,,1.0,0.0
fashion_mnist,mdbg_l0_only,137,20,90,0,0.0,0.6458,52,0,38,0,0.5316453302955574,,0.16300086233400923,-0.05811764454708238,0.16819873158275958,,1.0,0.0
fashion_mnist,mdbg_l0_only,137,21,90,0,0.0,0.6389,54,0,36,0,0.5502022858147588,,0.2906021730578685,-0.04321717386057139,0.1654009538737202,,1.0,0.0
fashion_mnist,mdbg_l0_only,137,22,90,0,0.0,0.6372,51,0,39,0,0.5440132406361927,,0.1671656242196945,-0.010871846973116437,0.08533252397194906,,1.0,0.0
fashion_mnist,mdbg_l0_only,137,23,90,0,0.0,0.6661,51,0,39,0,0.5017397278090527,,0.2090131916236554,-0.028145073867439103,0.16307318638055746,,1.0,0.0
fashion_mnist,mdbg_l0_only,137,24,90,0,0.0,0.6598,53,0,37,0,0.5048298228272199,,0.13924626082424713,-0.06388305332263897,0.09874933334874045,,1.0,0.0
fashion_mnist,mdbg_l0_only,137,25,90,0,0.0,0.6704,49,0,41,0,0.5387983824735737,,0.21936824467900565,-0.02824392866551099,0.13729418991029127,,1.0,0.0
fashion_mnist,mdbg_l0_only,137,26,90,0,0.0,0.6795,50,0,40,0,0.5270827151412856,,0.10594636752414474,-0.0015101139455122952,0.1536729531108548,,1.0,0.0
fashion_mnist,mdbg_l0_only,137,27,90,0,0.0,0.6609,52,0,38,0,0.5176611863139428,,0.20001001114716316,-0.05275685184683282,0.11664934087602731,,1.0,0.0
fashion_mnist,mdbg_l0_only,137,28,90,0,0.011111111111111112,0.664,50,0,40,1,0.4924749954342255,0.1501626444129918,0.16847299252082495,-0.11664327620655708,0.13997560808387993,0.11792170712618034,0.9653210221172429,0.043478260869565216
fashion_mnist,mdbg_l0_only,137,29,90,0,0.0,0.6616,54,0,36,0,0.48256907541039,,0.11856869495455745,0.03929713846118127,0.10850119077747951,,1.0,0.0
fashion_mnist,mdbg_l0_only,2024,0,90,0,0.0,0.2943,54,0,36,0,-0.3032890279395723,,-0.6676494432869224,-0.05310984865363252,-0.2447876447876448,,1.0,0.0
fashion_mnist,mdbg_l0_only,2024,1,90,0,0.0,0.3286,51,0,39,0,0.5789092286988695,,-0.4175325119307521,-0.12009059777708876,0.013157894736842106,,1.0,0.0
fashion_mnist,mdbg_l0_only,2024,2,90,0,0.0,0.3774,53,0,37,0,0.5705984164799327,,-0.12173060821541032,-0.09669358828026033,-0.009720246562351825,,1.0,0.0
fashion_mnist,mdbg_l0_only,2024,3,90,0,0.0,0.4067,55,0,35,0,0.56600457105222,,-0.10225209121906208,-0.09930483746519293,-0.013165266106442579,,1.0,0.0
fashion_mnist,mdbg_l0_only,2024,4,90,0,0.0,0.441,52,0,38,0,0.5680958972095365,,-0.03896634151503865,-0.03601820544083053,0.09049130101761681,,1.0,0.0
fashion_mnist,mdbg_l0_only,2024,5,90,0,0.0,0.4731,54,0,36,0,0.5904677145636111,,-0.09956030139673382,-0.1506719730578016,0.12844272844272847,,1.0,0.0
fashion_mnist,mdbg_l0_only,2024,6,90,0,0.0,0.496,50,0,40,0,0.5920149145199316,,-0.04823612486038544,-0.05988290520019796,0.1478424015009381,,1.0,0.0
fashion_mnist,mdbg_l0_only,2024,7,90,0,0.011111111111111112,0.5066,53,0,37,1,0.5669813693210178,0.057171645920043764,-0.0672275372373597,-0.1723087305833941,0.1434329065908013,-0.21853668936906193,0.9980659232130366,0.0
fashion_mnist,mdbg_l0_only,2024,8,90,0,0.022222222222222223,0.5226,52,0,38,2,0.5820772590213541,0.15501632115631062,-0.05505270898034934,-0.11248231194764707,0.1296640770324981,-0.04298839201461074,0.9474541178362514,0.043478260869565216
fashion_mnist,mdbg_l0_only,2024,9,90,0,0.05555555555555555,0.5219,55,0,35,5,0.5849123037474042,0.2964801462157872,-0.029436965856560467,-0.11368117460114167,0.23445378151260504,0.016169041669088863,0.8820861195110524,0.13636363636363635
fashion_mnist,mdbg_l0_only,2024,10,90,0,0.05555555555555555,0.5265,52,0,38,5,0.5394551783211079,0.27329004385996003,-0.016571990250898266,-0.09046903279447087,0.1465149359886202,0.010648948934055104,0.8931354137531466,0.13043478260869565
fashion_mnist,mdbg_l0_only,2024,11,90,0,0.06666666666666667,0.5294,54,0,36,6,0.5764955027937053,0.32918301113233006,-0.002579642924248719,-0.051018533284224066,0.14877734877734877,0.05739968026673402,0.8532925023829321,0.18181818181818182
fashion_mnist,mdbg_l0_only,2024,12,90,0,0.08888888888888889,0.5257,56,1,34,7,0.5582967195528006,0.3009923323081913,-0.0012938809238602516,-0.13261401623793564,0.19511077158135978,-0.03336424046406527,0.8269820515868299,0.14699792960662525
fashion_mnist,mdbg_l0_only,2024,13,90,0,0.1,0.5177,54,1,36,8,0.5616122619130538,0.3654818826944524,0.08044273370067959,-0.10286856751437967,0.25817245817245815,0.18652185568330998,0.7197184420459878,0.2608695652173913
fashion_mnist,mdbg_l0_only,2024,14,90,0,0.08888888888888889,0.5334,52,1,38,7,0.5386397515837215,0.29524687703724545,0.00670621210056505,-0.08265063986257126,0.30320604004814533,0.08357210842666321,0.8104713002017239,0.1565217391304348
fashion_mnist,mdbg_l0_only,2024,15,90,0,0.1111111111111111,0.5287,53,1,37,9,0.5371960932266886,0.3371420830854141,0.024380905559246883,-0.06661951627819276,0.1735419630156472,0.0058999360450399056,0.783656973878758,0.20652173913043478
fashion_mnist,mdbg_l0_only,2024,16,90,0,0.1111111111111111,0.5381,53,1,37,9,0.4887719516706045,0.3295144341468301,0.08450447946836998,-0.013808995898615381,0.130393551446183,-0.023599744180159622,0.7955587018890421,0.2
fashion_mnist,mdbg_l0_only,2024,17,90,0,0.1111111111111111,0.5324,56,1,34,9,0.5077906824476432,0.37721075099224916,-0.0063388117129568365,-0.09363735389718944,0.06646294881588999,0.04416942325792755,0.7387846612661012,0.24223602484472048
fashion_mnist,mdbg_l0_only,2024,18,90,0,0.08888888888888889,0.5451,53,1,37,7,0.5225802700131146,0.29144718777725215,0.046797890654219194,-0.061785519570566626,0.24087245139876717,0.038778336716474064,0.8250957088166391,0.16977225672877846
fashion_mnist,mdbg_l0_only,2024,19,90,0,0.1,0.5498,53,0,37,9,0.5359781079588908,0.3811450684214751,0.07030277220216015,-0.07060757065021078,0.1941678520625889,0.0,0.7895970189389574,0.25
fashion_mnist,mdbg_l0_only,2024,20,90,0,0.08888888888888889,0.5449,54,1,36,7,0.5052771964934735,0.2656233089734806,0.06984951619911842,-0.027356749943966446,0.08880308880308882,-0.0979660780806056,0.8513054677438239,0.13043478260869565
fashion_mnist,mdbg_l0_only,2024,21,90,0,0.1,0.5471,53,1,37,8,0.5290392827968909,0.3220156448089192,0.06234266948576026,-0.08033038455019093,0.22617354196301565,0.04919189679432818,0.8007581445602212,0.19454545454545452
fashion_mnist,mdbg_l0_only,2024,22,90,0,0.13333333333333333,0.5334,57,3,33,9,0.49684141978019475,0.34960366424395284,0.08981026775380385,-0.08440793452548875,0.27139037433155083,0.23581055457094965,0.6092475636789494,0.29333333333333333
fashion_mnist,mdbg_l0_only,2024,23,90,0,0.12222222222222222,0.5355,56,3,34,8,0.4899916974296642,0.26676081444355504,0.06120325690145242,-0.08549857993157532,0.16119174942704353,0.03533767463701097,0.7481293169608596,0.22315789473684208
fashion_mnist,mdbg_l0_only,2024,24,90,0,0.15555555555555556,0.5357,54,3,36,11,0.5160143252986905,0.3551649987075148,0.05507341991553935,-0.09240584234088108,0.15727155727155726,0.1364134693079632,0.6333553438354872,0.29782608695652174
fashion_mnist,mdbg_l0_only,2024,25,90,0,0.13333333333333333,0.5383,56,3,34,9,0.47013316955928613,0.33862330431825277,0.0021191271185548237,-0.11969535038379191,0.22230710466004583,0.22764241217547274,0.6154171619688513,0.27470355731225293
fashion_mnist,mdbg_l0_only,2024,26,90,0,0.14444444444444443,0.5386,54,3,36,10,0.4853739992883049,0.3572399908814493,0.07178346002814603,-0.06327506073412756,0.27747747747747753,0.26267681473458787,0.5889783186351908,0.28985507246376807
fashion_mnist,mdbg_l0_only,2024,27,90,0,0.14444444444444443,0.5405,55,3,35,10,0.5282078447428181,0.35936534742744297,0.014383278913197243,-0.10545394425080143,0.29327731092436976,0.2317029877015053,0.5519391500464335,0.3045454545454545
fashion_mnist,mdbg_l0_only,2024,28,90,0,0.13333333333333333,0.5407,56,3,34,9,0.4480922820609075,0.3126308971637601,-0.035174064293159855,-0.20473394890667948,0.052711993888464474,0.10532708623044262,0.6889617948989311,0.2583333333333333
fashion_mnist,mdbg_l0_only,2024,29,90,0,0.15555555555555556,0.5434,55,3,35,11,0.500080484212123,0.38147264414846055,0.046859470079960074,-0.09730630411216236,0.2635854341736695,0.20719385350268704,0.5643858811270785,0.30237154150197626
fashion_mnist,mdbg_l0_only,42,0,90,0,0.0,0.2037,50,0,40,0,-0.4615093289831701,,-0.5707982332392705,0.23121818414595066,-0.03836952956986212,,1.0,0.0
fashion_mnist,mdbg_l0_only,42,1,90,0,0.0,0.2203,52,0,38,0,0.6400491177614055,,-0.05162975968532267,0.17390338489413906,0.10570662597208477,,1.0,0.0
fashion_mnist,mdbg_l0_only,42,2,90,0,0.2777777777777778,0.2386,50,1,40,24,0.6755208853604739,0.5989897246395245,-0.006334438199456974,0.1889587171427727,0.0038463342600595285,-0.03978905820484566,0.43996952869715134,0.5652173913043479
fashion_mnist,mdbg_l0_only,42,3,90,0,0.4,0.2199,51,3,39,33,0.6854099147723575,0.7538430235915728,0.13874670873360653,0.2172062752640227,0.05344400027088397,-0.012629559670998254,0.22684130223710544,0.8219461697722568
fashion_mnist,mdbg_l0_only,42,4,90,0,0.3888888888888889,0.2148,51,3,39,32,0.6961488801492695,0.7774387370587318,0.14433716242045583,0.1730919675200009,0.32268839557495854,0.2612278499477117,0.14555664688047146,0.865424430641822
fashion_mnist,mdbg_l0_only,42,5,90,0,0.4111111111111111,0.2101,49,2,41,35,0.7202099882611831,0.7693030979313481,0.2690595594801825,0.18829756055848335,0.09939457302864282,-0.034994234783526514,0.22924513182146006,0.8695652173913043
fashion_mnist,mdbg_l0_only,42,6,90,0,0.4222222222222222,0.2077,49,3,41,35,0.6798427784007012,0.7536125292329588,0.1875623740543766,0.15461323812891337,0.01263121217278984,0.005832372463921086,0.22858243607680923,0.8273809523809523
fashion_mnist,mdbg_l0_only,42,7,90,0,0.4,0.2058,49,2,41,34,0.6877076879148232,0.75597653584228,0.30048920607318524,0.17041114419940084,0.09922034941246642,0.0054785599673452924,0.2517857142857143,0.8636363636363636
fashion_mnist,mdbg_l0_only,42,8,90,0,0.4,0.2039,52,4,38,32,0.6337730485114047,0.7297709034673845,0.26481984901902583,0.17516900010183356,0.05230617724084526,-0.03290793336719941,0.274327593226834,0.7766798418972332
fashion_mnist,mdbg_l0_only,42,9,90,0,0.4,0.202,51,3,39,33,0.650499176479277,0.7470864279895997,0.3028381143936296,0.1924847791788248,0.0741940382548446,-0.05683301851949215,0.26102413345183567,0.8116883116883117
fashion_mnist,mdbg_l0_only,42,10,90,0,0.4111111111111111,0.2005,52,4,38,33,0.6682467923373075,0.7628785841553116,0.2980020504343112,0.19856403053482052,0.11106247948353211,0.04614544538090546,0.16894441611422745,0.8077803203661327
fashion_mnist,mdbg_l0_only,42,11,90,0,0.4222222222222222,0.2,51,4,39,34,0.7133585272066769,0.7505862581230293,0.25706005225411327,0.11601027971879388,0.09625993230608079,-0.03407503827071267,0.23691838618942307,0.8221343873517786
fashion_mnist,mdbg_l0_only,42,12,90,0,0.4444444444444444,0.1998,49,4,41,36,0.6815415988557515,0.7424981098503919,0.2619749071547002,0.20155341855482592,0.11368090955510855,-0.06299682265867786,0.20935265336846068,0.7445652173913043
fashion_mnist,mdbg_l0_only,42,13,90,0,0.4,0.1998,52,4,38,32,0.6627437506552044,0.7297709034673845,0.33718873004855815,0.2047780726848654,0.0806478088420564,-0.03290793336719941,0.23644771066429957,0.7766798418972332
fashion_mnist,mdbg_l0_only,42,14,90,0,0.4444444444444444,0.1998,48,4,42,36,0.7126930280513349,0.7270357768119828,0.2941680536358713,0.1735184550673793,0.1801385682771904,-0.01122755479496181,0.21047372316802368,0.7747368421052632
fashion_mnist,mdbg_l0_only,42,15,90,0,0.4222222222222222,0.1998,49,3,41,35,0.702215075292872,0.7479391601295738,0.3083375232149784,0.15131421366968867,0.12186941951539991,-0.02916186231960543,0.22761082417691986,0.8169336384439359
fashion_mnist,mdbg_l0_only,42,16,90,0,0.43333333333333335,0.1998,49,4,41,35,0.6531020860526865,0.7233429475789872,0.3070897570494151,0.2043171926656502,0.12361165567716402,-0.04665897971136869,0.2301864684135033,0.7583732057416268
fashion_mnist,mdbg_l0_only,42,17,90,0,0.4444444444444444,0.1998,50,5,40,35,0.7056159778823903,0.7257270871922126,0.2708470952215285,0.1488286531202524,0.1536657443409148,-0.04911667978275475,0.22346891070593736,0.759090909090909
fashion_mnist,mdbg_l0_only,42,18,90,0,0.4,0.1998,53,5,37,31,0.6630361165768935,0.7163555606573402,0.3524537213649132,0.15813733157472054,0.02299668089141773,0.020602141085758228,0.2173393294244891,0.75
fashion_mnist,mdbg_l0_only,42,19,90,0,0.43333333333333335,0.1998,50,5,40,34,0.6650671813474527,0.7082933380798159,0.32433073828585657,0.16518118564474296,0.19447441270983906,-0.018196712496757236,0.22940323749697994,0.7391304347826086
fashion_mnist,mdbg_l0_only,42,20,90,0,0.4,0.1998,55,7,35,29,0.6779143625840732,0.6727541910472942,0.4006520757916834,0.18891852668792863,0.1750700280112045,0.015012578303701498,0.2292358803986711,0.6971428571428571
fashion_mnist,mdbg_l0_only,42,21,90,0,0.43333333333333335,0.1998,51,5,39,34,0.7098729138682386,0.7266587920215499,0.3214303444432467,0.1667456422480702,0.10607824296190607,-0.05452006123314027,0.23083855552993943,0.7797619047619048
fashion_mnist,mdbg_l0_only,42,22,90,0,0.4444444444444444,0.1998,48,4,42,36,0.6880982996236109,0.7270357768119828,0.2879282693087399,0.17491790027313983,0.18281269007347797,-0.01122755479496181,0.21008884537948613,0.7847619047619048
fashion_mnist,mdbg_l0_only,42,23,90,0,0.4222222222222222,0.1998,53,6,37,32,0.6785008386134783,0.7221794913860681,0.3181791979435289,0.13252087812986413,0.08108108108108107,0.05183052680392058,0.1770592970217333,0.7697368421052632
fashion_mnist,mdbg_l0_only,42,24,90,0,0.4444444444444444,0.1998,50,6,40,34,0.6589179436927343,0.6836490997263448,0.3150768317922627,0.1988594990495019,0.11351376718712267,-0.04245899582576688,0.233470862327319,0.7272727272727273
fashion_mnist,mdbg_l0_only,42,25,90,0,0.43333333333333335,0.1998,51,5,39,34,0.724707247397363,0.7505149572225202,0.3517153363959212,0.17905749098262655,0.25983096343818024,0.11585513012042307,0.14199076272283853,0.7930434782608695
fashion_mnist,mdbg_l0_only,42,26,90,0,0.43333333333333335,0.1998,51,5,39,34,0.7145416335617605,0.7476522173984036,0.3409211053164379,0.2077961963473951,0.29424566058231005,0.0954101071579955,0.1423625386795923,0.7786561264822134
fashion_mnist,mdbg_l0_only,42,27,90,0,0.4222222222222222,0.1998,53,5,37,33,0.7226104058611261,0.7386847247221874,0.3294676092352955,0.20871351822413525,0.1989212261214723,-0.17120074314944628,0.23223098662842198,0.8214285714285714
fashion_mnist,mdbg_l0_only,42,28,90,0,0.43333333333333335,0.1998,48,3,42,36,0.7162767802677293,0.7515331815110962,0.33101704460730813,0.21554587076550033,0.2692759614867763,0.005613777397480905,0.20973382910576888,0.7930434782608695
fashion_mnist,mdbg_l0_only,42,29,90,0,0.4222222222222222,0.1998,52,4,38,34,0.7276758714942648,0.7633548134897853,0.358896626469869,0.19974277142025354,0.1990479841027145,-0.12512144397301483,0.22390810246329626,0.7797619047619048
har,fed_mdbscan_g,137,0,90,0,0.0,0.18052256532066507,75,0,15,0,-0.30489898148690137,,-0.5733780157693449,0.13169811152094732,0.035714285714285705,,1.0,0.0
har,fed_mdbscan_g,137,1,90,0,0.0,0.18052256532066507,71,0,19,0,-0.27110389381902106,,-0.5123267918330456,0.12501475664948175,-0.0017543859649122807,,1.0,0.0
har,fed_mdbscan_g,137,2,90,0,0.0,0.18052256532066507,70,0,20,0,-0.07850392406317026,,-0.38408130095391374,0.15334778650113592,-0.048120300751879695,,1.0,0.0
har,fed_mdbscan_g,137,3,90,0,0.0,0.18052256532066507,73,0,17,0,0.21872649453274534,,-0.306471545028029,0.142233807874896,-0.09558823529411767,,1.0,0.0
har,fed_mdbscan_g,137,4,90,0,0.0,0.18052256532066507,71,0,19,0,0.33947112964912096,,-0.10764352716694092,0.17879326152089098,-0.11228070175438597,,1.0,0.0
har,fed_mdbscan_g,137,5,90,0,0.0,0.18052256532066507,70,0,20,0,0.31264696789365454,,-0.03646295063029537,0.17642428163894058,-0.13383458646616542,,1.0,0.0
har,fed_mdbscan_g,137,6,90,0,0.0,0.18052256532066507,70,0,20,0,0.29948002731591244,,-0.19289472896819596,0.12280145415653147,-0.12180451127819547,,1.0,0.0
har,fed_mdbscan_g,137,7,90,0,0.0,0.18120122158126908,72,0,18,0,0.2558181981420783,,-0.15035308971165529,0.09660771740093821,-0.283797729618163,,1.0,0.0
har,fed_mdbscan_g,137,8,90,0,0.0,0.18120122158126908,71,0,19,0,0.29789240573219894,,-0.11446138022453765,0.15353819128777,-0.16315789473684209,,1.0,0.0
har,fed_mdbscan_g,137,9,90,0,0.0,0.20257889379029523,72,0,18,0,0.24407066262793098,,-0.16188588398229994,0.09660771740093821,-0.1991744066047472,,1.0,0.0
har,fed_mdbscan_g,137,10,90,0,0.0,0.18527315914489312,74,0,16,0,0.2847156314322831,,-0.13383820184010103,0.18585007748829835,-0.3411764705882353,,1.0,0.0
har,fed_mdbscan_g,137,11,90,0,0.0,0.24872751951136748,72,0,18,0,0.31736020214447686,,0.008533509927726534,0.11541758105314524,-0.1001031991744066,,1.0,0.0
har,fed_mdbscan_g,137,12,90,0,0.0,0.19138106549032916,71,0,19,0,0.00942558752500703,,-0.3630529620544127,0.14318270680725523,0.08070175438596491,,1.0,0.0
har,fed_mdbscan_g,137,13,90,0,0.0,0.32473702069901594,70,0,20,0,0.34654844633995446,,0.0744718657557134,0.190977938024765,-0.14436090225563908,,1.0,0.0
har,fed_mdbscan_g,137,14,90,0,0.0,0.20563284696301323,73,0,17,0,-0.1591121647835329,,-0.33919196401713975,0.1910819251517279,0.09803921568627452,,1.0,0.0
har,fed_mdbscan_g,137,15,90,0,0.0,0.327451645741432,72,0,18,0,0.301088039110337,,0.13688598235870056,0.11996042726748006,-0.20123839009287925,,1.0,0.0
har,fed_mdbscan_g,137,16,90,0,0.0,0.2317611129962674,71,0,19,0,-0.06692513247560072,,-0.2973734341986934,0.17504222685922316,0.1087719298245614,,1.0,0.0
har,fed_mdbscan_g,137,17,90,0,0.0,0.327451645741432,72,0,18,0,0.2840971201420317,,-0.009022509544080603,0.10553148510133696,-0.07946336429308565,,1.0,0.0
har,fed_mdbscan_g,137,18,90,0,0.0,0.24872751951136748,74,0,16,0,-0.08509850340831299,,-0.23224618861482124,0.0656053588522346,0.2911764705882353,,1.0,0.0
har,fed_mdbscan_g,137,19,90,0,0.0,0.33220223956566,74,0,16,0,0.2725745822522582,,0.1583803209661128,0.17533228074820617,-0.06764705882352941,,1.0,0.0
har,fed_mdbscan_g,137,20,90,0,0.0,0.2667119104173736,73,0,17,0,0.1394416055132711,,-0.36711825450994406,0.11073071270573293,0.02450980392156863,,1.0,0.0
har,fed_mdbscan_g,137,21,90,0,0.0,0.333220223956566,73,0,17,0,0.2604300086719032,,-0.01591948184561209,0.13007033482281952,-0.286764705882353,,1.0,0.0
har,fed_mdbscan_g,137,22,90,0,0.0,0.34373939599592807,72,0,18,0,0.015034960196641883,,-0.3229074562060145,0.17643595608810939,0.03199174406604747,,1.0,0.0
har,fed_mdbscan_g,137,23,90,0,0.0,0.35188327112317613,74,0,16,0,0.2950657832256309,,0.02560553339789513,0.13727332208852344,-0.4088235294117647,,1.0,0.0
har,fed_mdbscan_g,137,24,90,0,0.0,0.336952833389888,73,0,17,0,0.423049607737082,,-0.11463280912074664,0.09467865734874799,-0.17156862745098042,,1.0,0.0
har,fed_mdbscan_g,137,25,90,0,0.0,0.3752969121140142,72,0,18,0,0.3980258271493438,,0.0684754100720235,0.17077883796284324,-0.15376676986584106,,1.0,0.0
har,fed_mdbscan_g,137,26,90,0,0.0,0.3847980997624703,72,0,18,0,0.07777881838403845,,-0.3433465873350026,0.16889974056716367,-0.11248710010319916,,1.0,0.0
har,fed_mdbscan_g,137,27,90,0,0.0,0.3607058025110282,73,0,17,0,0.2784372485921061,,-0.02175292617449571,0.10056003046102654,-0.49754901960784315,,1.0,0.0
har,fed_mdbscan_g,137,28,90,0,0.0,0.4160162877502545,72,0,18,0,-0.02864419140911945,,-0.32412964671488886,0.1077998937771795,-0.07120743034055728,,1.0,0.0
har,fed_mdbscan_g,137,29,90,0,0.0,0.34543603664743805,72,0,18,0,0.31231712772115183,,0.07839011673018545,0.19756594844831035,-0.18059855521155832,,1.0,0.0
har,fed_mdbscan_g,2024,0,90,0,0.0,0.36138445877163217,68,0,22,0,-0.03722050923798113,,-0.4867941850245425,-0.10504461503677524,0.2749858836815359,,1.0,0.0
har,fed_mdbscan_g,2024,1,90,0,0.0,0.22870715982354936,67,0,23,0,-0.07338297018689258,,-0.5580004200991542,-0.16497313907440014,0.2766798418972332,,1.0,0.0
har,fed_mdbscan_g,2024,2,90,0,0.0,0.19104173736002714,66,0,24,0,-0.07488451768378496,,-0.6080657261740823,-0.11943507156464823,0.42173913043478256,,1.0,0.0
har,fed_mdbscan_g,2024,3,90,0,0.0,0.1866304716661011,67,0,23,0,0.01554004944540225,,-0.36711279951864717,-0.08641535382225014,0.33992094861660077,,1.0,0.0
har,fed_mdbscan_g,2024,4,90,0,0.0,0.19477434679334918,68,0,22,0,0.19200761818338008,,-0.14985621751226244,-0.14360375587647542,0.08074534161490683,,1.0,0.0
har,fed_mdbscan_g,2024,5,90,0,0.0,0.2548354258568035,66,0,24,0,0.23590738452247734,,-0.19425107349195536,-0.1025019729250917,0.1591304347826087,,1.0,0.0
har,fed_mdbscan_g,2024,6,90,0,0.0,0.32473702069901594,68,0,22,0,0.30651798839325106,,-0.23104212276383088,-0.14395245670867107,0.05590062111801244,,1.0,0.0
har,fed_mdbscan_g,2024,7,90,0,0.0,0.4533423820834747,69,0,21,0,0.31784406467715304,,-0.08431271237747887,-0.12261713512054402,0.04935064935064935,,1.0,0.0
har,fed_mdbscan_g,2024,8,90,0,0.0,0.4496097726501527,66,0,24,0,0.3548235755279568,,-0.37785192980359833,-0.10560711600952966,0.0634782608695652,,1.0,0.0
har,fed_mdbscan_g,2024,9,90,0,0.0,0.34781133355955207,66,0,24,0,0.3886591083062659,,-0.09140147230178812,-0.12355187343263135,-0.04608695652173912,,1.0,0.0
har,fed_mdbscan_g,2024,10,90,0,0.0,0.47166610111978285,70,0,20,0,0.34372049518494113,,-0.06664276012504049,-0.15265690430688508,0.13684210526315788,,1.0,0.0
har,fed_mdbscan_g,2024,11,90,0,0.0,0.46114692908042076,68,0,22,0,0.2640036530613049,,0.002961396922349464,-0.1272526725945996,-0.044607566346696784,,1.0,0.0
har,fed_mdbscan_g,2024,12,90,0,0.0,0.46012894468951476,68,0,22,0,0.3094214064159206,,-0.4269530658914787,-0.1220744480675897,-0.047995482778091486,,1.0,0.0
har,fed_mdbscan_g,2024,13,90,0,0.0,0.3688496776382762,67,0,23,0,0.3619102462063652,,0.007966983508228909,-0.11625248552636114,0.11758893280632411,,1.0,0.0
har,fed_mdbscan_g,2024,14,90,0,0.0,0.4669155072955548,67,0,23,0,0.3488080621542638,,0.011344950748207457,-0.10377033881287592,-0.02766798418972332,,1.0,0.0
har,fed_mdbscan_g,2024,15,90,0,0.0,0.504920257889379,67,0,23,0,0.399391084191475,,-0.1799262021821439,-0.12709894108720482,-0.005928853754940711,,1.0,0.0
har,fed_mdbscan_g,2024,16,90,0,0.0,0.42551747539871054,69,0,21,0,0.33170344739323865,,-0.26542535635812364,-0.10283173393666248,0.024675324675324677,,1.0,0.0
har,fed_mdbscan_g,2024,17,90,0,0.0,0.6481167288768239,70,0,20,0,0.3346710514888984,,0.0006462623412322678,-0.12644051198949297,0.05864661654135337,,1.0,0.0
har,fed_mdbscan_g,2024,18,90,0,0.0,0.4207668815744825,67,0,23,0,0.2859605366846757,,-0.6178495972030275,-0.11654842519027102,0.06126482213438736,,1.0,0.0
har,fed_mdbscan_g,2024,19,90,0,0.0,0.5870376654224635,68,0,22,0,0.26879538430924443,,0.18757591262611603,-0.10351411713208072,0.009599096555618296,,1.0,0.0
har,fed_mdbscan_g,2024,20,90,0,0.0,0.3461146929080421,66,0,24,0,0.24624102488646857,,-0.5919405225166127,-0.14022257440698105,-0.041739130434782605,,1.0,0.0
har,fed_mdbscan_g,2024,21,90,0,0.0,0.4781133355955209,69,0,21,0,0.22262744015173777,,0.22134872108095732,-0.09832929932610257,-0.14285714285714285,,1.0,0.0
har,fed_mdbscan_g,2024,22,90,0,0.0,0.3505259586019681,66,0,24,0,0.11592292567998348,,-0.6701596508749874,-0.14056933250802572,0.0626086956521739,,1.0,0.0
har,fed_mdbscan_g,2024,23,90,0,0.0,0.42382083474720056,67,0,23,0,0.2786576799998978,,0.26536871471481954,-0.11707048017741924,0.015810276679841896,,1.0,0.0
har,fed_mdbscan_g,2024,24,90,0,0.0,0.34238208347472004,67,0,23,0,-0.017602032509339522,,-0.4866146821921219,-0.09350712414817088,0.25691699604743085,,1.0,0.0
har,fed_mdbscan_g,2024,25,90,0,0.0,0.3450967085171361,67,0,23,0,0.2859605366846757,,0.2887300047206821,-0.11485195445442418,-0.0009881422924901185,,1.0,0.0
har,fed_mdbscan_g,2024,26,90,0,0.0,0.34238208347472004,67,0,23,0,-0.02569961183334318,,-0.5521634250638823,-0.1231407065583848,0.09881422924901187,,1.0,0.0
har,fed_mdbscan_g,2024,27,90,0,0.0,0.34781133355955207,65,0,25,0,0.2272145030495672,,0.3238160166399215,-0.1371524086207519,-0.03615384615384615,,1.0,0.0
har,fed_mdbscan_g,2024,28,90,0,0.0,0.3630810994231422,67,0,23,0,0.01987880547577026,,-0.5735460251532002,-0.10960511645478961,0.20355731225296442,,1.0,0.0
har,fed_mdbscan_g,2024,29,90,0,0.0,0.47336274177129284,68,0,22,0,0.20785635114923012,,0.23716463848943567,-0.10705450083656093,-0.05251270468661773,,1.0,0.0
har,fed_mdbscan_g,42,0,90,0,0.0,0.1825585341024771,76,0,14,0,0.1111212081127386,,-0.41922990408123273,-0.05806261639856116,0.0792079687225004,,1.0,0.0
har,fed_mdbscan_g,42,1,90,0,0.0,0.18221920597217509,72,0,18,0,0.04539983556466647,,-0.514717877443359,-0.034303236950620694,0.0764068248440792,,1.0,0.0
har,fed_mdbscan_g,42,2,90,0,0.0,0.18221920597217509,73,0,17,0,0.4684695918038098,,-0.4806360324704239,-0.060043024611398405,-0.09196813500538946,,1.0,0.0
har,fed_mdbscan_g,42,3,90,0,0.0,0.18730912792670512,73,0,17,0,0.43728810535009704,,-0.29282971334707597,-0.05503113051751504,-0.12017169640704224,,1.0,0.0
har,fed_mdbscan_g,42,4,90,0,0.0,0.21852731591448932,73,0,17,0,0.47852191484300455,,-0.16854246148652133,-0.001322497554059761,-0.06008584820352112,,1.0,0.0
har,fed_mdbscan_g,42,5,90,0,0.0,0.2911435357991177,73,0,17,0,0.5098073807930528,,-0.2651828237702026,-0.04384168178053532,0.12254901960784316,,1.0,0.0
har,fed_mdbscan_g,42,6,90,0,0.0,0.33729216152019004,72,0,18,0,0.5656421246513922,,-0.17654905909432497,-0.03636977597827086,-0.1486835510479379,,1.0,0.0
har,fed_mdbscan_g,42,7,90,0,0.0,0.37190363081099426,73,0,17,0,0.5625684958409711,,-0.17018104509459858,-0.055787516223048325,-0.07234826620423972,,1.0,0.0
har,fed_mdbscan_g,42,8,90,0,0.0,0.4177129284017645,74,0,16,0,0.5220404127081516,,-0.12762754187984388,0.027172155380391867,0.0411764705882353,,1.0,0.0
har,fed_mdbscan_g,42,9,90,0,0.0,0.41126569392602647,73,0,17,0,0.5411138975079178,,-0.13652835250056825,-0.018270817911165485,0.003678725400215579,,1.0,0.0
har,fed_mdbscan_g,42,10,90,0,0.0,0.4163556158805565,72,0,18,0,0.5486628453758448,,-0.15431856159059726,-0.010547111280601247,0.02891069048154348,,1.0,0.0
har,fed_mdbscan_g,42,11,90,0,0.0,0.43400067865626063,73,0,17,0,0.6038451892652233,,-0.11887129460422464,0.00013078393636884917,0.26470588235294124,,1.0,0.0
har,fed_mdbscan_g,42,12,90,0,0.0,0.4034611469290804,74,0,16,0,0.5781757825181345,,-0.16095214381347944,-0.07362015638030417,-0.0029411764705882353,,1.0,0.0
har,fed_mdbscan_g,42,13,90,0,0.0,0.4428232100441127,72,0,18,0,0.5336159754002209,,-0.1289255063465551,-0.07096107651801531,-0.09808984270523681,,1.0,0.0
har,fed_mdbscan_g,42,14,90,0,0.0,0.3898880217170003,72,0,18,0,0.5002701319930041,,-0.04196556996348082,-0.0011633378190514874,-0.10118741668540218,,1.0,0.0
har,fed_mdbscan_g,42,15,90,0,0.0,0.4468951476077367,74,0,16,0,0.5199283888935186,,-0.11123771268460786,-0.04001221531878087,0.05294117647058824,,1.0,0.0
har,fed_mdbscan_g,42,16,90,0,0.0,0.4373939599592806,73,0,17,0,0.5281929259275622,,-0.08996696649262201,-0.10843924211377011,-0.2121398314124317,,1.0,0.0
har,fed_mdbscan_g,42,17,90,0,0.0,0.4346793349168646,72,0,18,0,0.5489292246715951,,-0.11606355304753115,-0.010574013465785074,0.06914344685242517,,1.0,0.0
har,fed_mdbscan_g,42,18,90,0,0.0,0.4323040380047506,74,0,16,0,0.5012088922251863,,-0.057271697161038373,-0.0028176633466966542,-0.19131719675420958,,1.0,0.0
har,fed_mdbscan_g,42,19,90,0,0.0,0.44248388191381066,72,0,18,0,0.5411099529291924,,-0.050306940690220354,-0.02322285625451118,-0.14145587842755203,,1.0,0.0
har,fed_mdbscan_g,42,20,90,0,0.011111111111111112,0.4458771632168307,74,0,16,1,0.5062852070281569,0.24795012193851573,-0.12193785246302455,-0.07768602554476182,-0.21192058717389364,0.19618351742333265,0.9167616875712656,0.045454545454545456
har,fed_mdbscan_g,42,21,90,0,0.4111111111111111,0.4000678656260604,73,23,17,14,0.5077824702799376,0.3952000061836596,-0.02912106597113918,0.007907897410465234,-0.04901960784313726,-0.15748519708717804,0.33277436184087944,0.6401515151515151
har,fed_mdbscan_g,42,22,90,0,0.1111111111111111,0.4190702409229725,73,2,17,8,0.46848164494894085,0.5539846991990841,0.11642264559604795,-0.05889499683874508,-0.1152667292067548,0.07221304540303206,0.6267523364485982,0.34782608695652173
har,fed_mdbscan_g,42,23,90,0,0.1,0.4377332880895826,72,1,18,8,0.522740281596383,0.5673275634877831,0.12648009862526507,0.020885929307586718,-0.15074860036804813,-0.021560984046602588,0.6685505925250683,0.36363636363636365
har,fed_mdbscan_g,42,24,90,0,0.1,0.44316253817441464,74,1,16,8,0.4948805275129585,0.6182076296714833,0.05181950432914928,-0.03868609618250127,-0.0029411764705882353,0.027116307227332024,0.6104503801910703,0.36363636363636365
har,fed_mdbscan_g,42,25,90,0,0.1,0.41737360027146253,73,1,17,8,0.5482373062802968,0.5855541575399521,0.0703918928558829,-0.062239171389591806,-0.11771921280689852,-0.07221304540303206,0.6436679673643135,0.36363636363636365
har,fed_mdbscan_g,42,26,90,0,0.07777777777777778,0.43909060061079064,74,0,16,7,0.5070756794062352,0.6074271559236697,0.09545464021829755,-0.09829663478661294,-0.21192058717389364,-0.15042932847228796,0.6893952987618877,0.3181818181818182
har,fed_mdbscan_g,42,27,90,0,0.1,0.4149983033593485,73,1,17,8,0.512813112740497,0.5980793801611275,0.055492509927343454,-0.06808839901511668,-0.13733908160804828,0.07221304540303206,0.6152512998266898,0.34782608695652173
har,fed_mdbscan_g,42,28,90,0,0.08888888888888889,0.4312860536138446,71,0,19,8,0.5325557691622314,0.5939975523801806,0.14182868120441838,0.008433609977528596,-0.19218957532484962,-0.03894203079336564,0.6649161443333897,0.36363636363636365
har,fed_mdbscan_g,42,29,90,0,0.1111111111111111,0.4129623345775365,72,1,18,9,0.502249673227072,0.6087765016298805,0.10423325408575615,0.013256146324811499,-0.21063503065124534,-0.05356869554443542,0.6137647663071392,0.42857142857142855
har,fedavg,137,0,90,0,0.0,0.18052256532066507,75,0,15,0,-0.30489898148690137,,-0.5733780157693449,0.13169811152094732,0.035714285714285705,,1.0,0.0
har,fedavg,137,1,90,0,0.0,0.18052256532066507,71,0,19,0,-0.27110389381902106,,-0.5123267918330456,0.12501475664948175,-0.0017543859649122807,,1.0,0.0
har,fedavg,137,2,90,0,0.0,0.18052256532066507,70,0,20,0,-0.07850392406317026,,-0.38408130095391374,0.15334778650113592,-0.048120300751879695,,1.0,0.0
har,fedavg,137,3,90,0,0.0,0.18052256532066507,73,0,17,0,0.21872649453274534,,-0.306471545028029,0.142233807874896,-0.09558823529411767,,1.0,0.0
har,fedavg,137,4,90,0,0.0,0.18052256532066507,71,0,19,0,0.33947112964912096,,-0.10764352716694092,0.17879326152089098,-0.11228070175438597,,1.0,0.0
har,fedavg,137,5,90,0,0.0,0.18052256532066507,70,0,20,0,0.31264696789365454,,-0.03646295063029537,0.17642428163894058,-0.13383458646616542,,1.0,0.0
har,fedavg,137,6,90,0,0.0,0.18052256532066507,70,0,20,0,0.29948002731591244,,-0.19289472896819596,0.12280145415653147,-0.12180451127819547,,1.0,0.0
har,fedavg,137,7,90,0,0.0,0.18120122158126908,72,0,18,0,0.2558181981420783,,-0.15035308971165529,0.09660771740093821,-0.283797729618163,,1.0,0.0
har,fedavg,137,8,90,0,0.0,0.18120122158126908,71,0,19,0,0.29789240573219894,,-0.11446138022453765,0.15353819128777,-0.16315789473684209,,1.0,0.0
har,fedavg,137,9,90,0,0.0,0.20257889379029523,72,0,18,0,0.24407066262793098,,-0.16188588398229994,0.09660771740093821,-0.1991744066047472,,1.0,0.0
har,fedavg,137,10,90,0,0.0,0.18527315914489312,74,0,16,0,0.2847156314322831,,-0.13383820184010103,0.18585007748829835,-0.3411764705882353,,1.0,0.0
har,fedavg,137,11,90,0,0.0,0.24872751951136748,72,0,18,0,0.31736020214447686,,0.008533509927726534,0.11541758105314524,-0.1001031991744066,,1.0,0.0
har,fedavg,137,12,90,0,0.0,0.19138106549032916,71,0,19,0,0.00942558752500703,,-0.3630529620544127,0.14318270680725523,0.08070175438596491,,1.0,0.0
har,fedavg,137,13,90,0,0.0,0.32473702069901594,70,0,20,0,0.34654844633995446,,0.0744718657557134,0.190977938024765,-0.14436090225563908,,1.0,0.0
har,fedavg,137,14,90,0,0.0,0.20563284696301323,73,0,17,0,-0.1591121647835329,,-0.33919196401713975,0.1910819251517279,0.09803921568627452,,1.0,0.0
har,fedavg,137,15,90,0,0.0,0.327451645741432,72,0,18,0,0.301088039110337,,0.13688598235870056,0.11996042726748006,-0.20123839009287925,,1.0,0.0
har,fedavg,137,16,90,0,0.0,0.2317611129962674,71,0,19,0,-0.06692513247560072,,-0.2973734341986934,0.17504222685922316,0.1087719298245614,,1.0,0.0
har,fedavg,137,17,90,0,0.0,0.327451645741432,72,0,18,0,0.2840971201420317,,-0.009022509544080603,0.10553148510133696,-0.07946336429308565,,1.0,0.0
har,fedavg,137,18,90,0,0.0,0.24872751951136748,74,0,16,0,-0.08509850340831299,,-0.23224618861482124,0.0656053588522346,0.2911764705882353,,1.0,0.0
har,fedavg,137,19,90,0,0.0,0.33220223956566,74,0,16,0,0.2725745822522582,,0.1583803209661128,0.17533228074820617,-0.06764705882352941,,1.0,0.0
har,fedavg,137,20,90,0,0.0,0.2667119104173736,73,0,17,0,0.1394416055132711,,-0.36711825450994406,0.11073071270573293,0.02450980392156863,,1.0,0.0
har,fedavg,137,21,90,0,0.0,0.333220223956566,73,0,17,0,0.2604300086719032,,-0.01591948184561209,0.13007033482281952,-0.286764705882353,,1.0,0.0
har,fedavg,137,22,90,0,0.0,0.34373939599592807,72,0,18,0,0.015034960196641883,,-0.3229074562060145,0.17643595608810939,0.03199174406604747,,1.0,0.0
har,fedavg,137,23,90,0,0.0,0.35188327112317613,74,0,16,0,0.2950657832256309,,0.02560553339789513,0.13727332208852344,-0.4088235294117647,,1.0,0.0
har,fedavg,137,24,90,0,0.0,0.336952833389888,73,0,17,0,0.423049607737082,,-0.11463280912074664,0.09467865734874799,-0.17156862745098042,,1.0,0.0
har,fedavg,137,25,90,0,0.0,0.3752969121140142,72,0,18,0,0.3980258271493438,,0.0684754100720235,0.17077883796284324,-0.15376676986584106,,1.0,0.0
har,fedavg,137,26,90,0,0.0,0.3847980997624703,72,0,18,0,0.07777881838403845,,-0.3433465873350026,0.16889974056716367,-0.11248710010319916,,1.0,0.0
har,fedavg,137,27,90,0,0.0,0.3607058025110282,73,0,17,0,0.2784372485921061,,-0.02175292617449571,0.10056003046102654,-0.49754901960784315,,1.0,0.0
har,fedavg,137,28,90,0,0.0,0.4160162877502545,72,0,18,0,-0.02864419140911945,,-0.32412964671488886,0.1077998937771795,-0.07120743034055728,,1.0,0.0
har,fedavg,137,29,90,0,0.0,0.34543603664743805,72,0,18,0,0.31231712772115183,,0.07839011673018545,0.19756594844831035,-0.18059855521155832,,1.0,0.0
har,fedavg,2024,0,90,0,0.0,0.36138445877163217,68,0,22,0,-0.03722050923798113,,-0.4867941850245425,-0.10504461503677524,0.2749858836815359,,1.0,0.0
har,fedavg,2024,1,90,0,0.0,0.22870715982354936,67,0,23,0,-0.07338297018689258,,-0.5580004200991542,-0.16497313907440014,0.2766798418972332,,1.0,0.0
har,fedavg,2024,2,90,0,0.0,0.19104173736002714,66,0,24,0,-0.07488451768378496,,-0.6080657261740823,-0.11943507156464823,0.42173913043478256,,1.0,0.0
har,fedavg,2024,3,90,0,0.0,0.1866304716661011,67,0,23,0,0.01554004944540225,,-0.36711279951864717,-0.08641535382225014,0.33992094861660077,,1.0,0.0
har,fedavg,2024,4,90,0,0.0,0.19477434679334918,68,0,22,0,0.19200761818338008,,-0.14985621751226244,-0.14360375587647542,0.08074534161490683,,1.0,0.0
har,fedavg,2024,5,90,0,0.0,0.2548354258568035,66,0,24,0,0.23590738452247734,,-0.19425107349195536,-0.1025019729250917,0.1591304347826087,,1.0,0.0
har,fedavg,2024,6,90,0,0.0,0.32473702069901594,68,0,22,0,0.30651798839325106,,-0.23104212276383088,-0.14395245670867107,0.05590062111801244,,1.0,0.0
har,fedavg,2024,7,90,0,0.0,0.4533423820834747,69,0,21,0,0.31784406467715304,,-0.08431271237747887,-0.12261713512054402,0.04935064935064935,,1.0,0.0
har,fedavg,2024,8,90,0,0.0,0.4496097726501527,66,0,24,0,0.3548235755279568,,-0.37785192980359833,-0.10560711600952966,0.0634782608695652,,1.0,0.0
har,fedavg,2024,9,90,0,0.0,0.34781133355955207,66,0,24,0,0.3886591083062659,,-0.09140147230178812,-0.12355187343263135,-0.04608695652173912,,1.0,0.0
har,fedavg,2024,10,90,0,0.0,0.47166610111978285,70,0,20,0,0.34372049518494113,,-0.06664276012504049,-0.15265690430688508,0.13684210526315788,,1.0,0.0
har,fedavg,2024,11,90,0,0.0,0.46114692908042076,68,0,22,0,0.2640036530613049,,0.002961396922349464,-0.1272526725945996,-0.044607566346696784,,1.0,0.0
har,fedavg,2024,12,90,0,0.0,0.46012894468951476,68,0,22,0,0.3094214064159206,,-0.4269530658914787,-0.1220744480675897,-0.047995482778091486,,1.0,0.0
har,fedavg,2024,13,90,0,0.0,0.3688496776382762,67,0,23,0,0.3619102462063652,,0.007966983508228909,-0.11625248552636114,0.11758893280632411,,1.0,0.0
har,fedavg,2024,14,90,0,0.0,0.4669155072955548,67,0,23,0,0.3488080621542638,,0.011344950748207457,-0.10377033881287592,-0.02766798418972332,,1.0,0.0
har,fedavg,2024,15,90,0,0.0,0.504920257889379,67,0,23,0,0.399391084191475,,-0.1799262021821439,-0.12709894108720482,-0.005928853754940711,,1.0,0.0
har,fedavg,2024,16,90,0,0.0,0.42551747539871054,69,0,21,0,0.33170344739323865,,-0.26542535635812364,-0.10283173393666248,0.024675324675324677,,1.0,0.0
har,fedavg,2024,17,90,0,0.0,0.6481167288768239,70,0,20,0,0.3346710514888984,,0.0006462623412322678,-0.12644051198949297,0.05864661654135337,,1.0,0.0
har,fedavg,2024,18,90,0,0.0,0.4207668815744825,67,0,23,0,0.2859605366846757,,-0.6178495972030275,-0.11654842519027102,0.06126482213438736,,1.0,0.0
har,fedavg,2024,19,90,0,0.0,0.5870376654224635,68,0,22,0,0.26879538430924443,,0.18757591262611603,-0.10351411713208072,0.009599096555618296,,1.0,0.0
har,fedavg,2024,20,90,0,0.0,0.3461146929080421,66,0,24,0,0.24624102488646857,,-0.5919405225166127,-0.14022257440698105,-0.041739130434782605,,1.0,0.0
har,fedavg,2024,21,90,0,0.0,0.4781133355955209,69,0,21,0,0.22262744015173777,,0.22134872108095732,-0.09832929932610257,-0.14285714285714285,,1.0,0.0
har,fedavg,2024,22,90,0,0.0,0.3505259586019681,66,0,24,0,0.11592292567998348,,-0.6701596508749874,-0.14056933250802572,0.0626086956521739,,1.0,0.0
har,fedavg,2024,23,90,0,0.0,0.42382083474720056,67,0,23,0,0.2786576799998978,,0.26536871471481954,-0.11707048017741924,0.015810276679841896,,1.0,0.0
har,fedavg,2024,24,90,0,0.0,0.34238208347472004,67,0,23,0,-0.017602032509339522,,-0.4866146821921219,-0.09350712414817088,0.25691699604743085,,1.0,0.0
har,fedavg,2024,25,90,0,0.0,0.3450967085171361,67,0,23,0,0.2859605366846757,,0.2887300047206821,-0.11485195445442418,-0.0009881422924901185,,1.0,0.0
har,fedavg,2024,26,90,0,0.0,0.34238208347472004,67,0,23,0,-0.02569961183334318,,-0.5521634250638823,-0.1231407065583848,0.09881422924901187,,1.0,0.0
har,fedavg,2024,27,90,0,0.0,0.34781133355955207,65,0,25,0,0.2272145030495672,,0.3238160166399215,-0.1371524086207519,-0.03615384615384615,,1.0,0.0
har,fedavg,2024,28,90,0,0.0,0.3630810994231422,67,0,23,0,0.01987880547577026,,-0.5735460251532002,-0.10960511645478961,0.20355731225296442,,1.0,0.0
har,fedavg,2024,29,90,0,0.0,0.47336274177129284,68,0,22,0,0.20785635114923012,,0.23716463848943567,-0.10705450083656093,-0.05251270468661773,,1.0,0.0
har,fedavg,42,0,90,0,0.0,0.1825585341024771,76,0,14,0,0.1111212081127386,,-0.41922990408123273,-0.05806261639856116,0.0792079687225004,,1.0,0.0
har,fedavg,42,1,90,0,0.0,0.18221920597217509,72,0,18,0,0.04539983556466647,,-0.514717877443359,-0.034303236950620694,0.0764068248440792,,1.0,0.0
har,fedavg,42,2,90,0,0.0,0.18221920597217509,73,0,17,0,0.4684695918038098,,-0.4806360324704239,-0.060043024611398405,-0.09196813500538946,,1.0,0.0
har,fedavg,42,3,90,0,0.0,0.18730912792670512,73,0,17,0,0.43728810535009704,,-0.29282971334707597,-0.05503113051751504,-0.12017169640704224,,1.0,0.0
har,fedavg,42,4,90,0,0.0,0.21852731591448932,73,0,17,0,0.47852191484300455,,-0.16854246148652133,-0.001322497554059761,-0.06008584820352112,,1.0,0.0
har,fedavg,42,5,90,0,0.0,0.2911435357991177,73,0,17,0,0.5098073807930528,,-0.2651828237702026,-0.04384168178053532,0.12254901960784316,,1.0,0.0
har,fedavg,42,6,90,0,0.0,0.33729216152019004,72,0,18,0,0.5656421246513922,,-0.17654905909432497,-0.03636977597827086,-0.1486835510479379,,1.0,0.0
har,fedavg,42,7,90,0,0.0,0.37190363081099426,73,0,17,0,0.5625684958409711,,-0.17018104509459858,-0.055787516223048325,-0.07234826620423972,,1.0,0.0
har,fedavg,42,8,90,0,0.0,0.4177129284017645,74,0,16,0,0.5220404127081516,,-0.12762754187984388,0.027172155380391867,0.0411764705882353,,1.0,0.0
har,fedavg,42,9,90,0,0.0,0.41126569392602647,73,0,17,0,0.5411138975079178,,-0.13652835250056825,-0.018270817911165485,0.003678725400215579,,1.0,0.0
har,fedavg,42,10,90,0,0.0,0.4163556158805565,72,0,18,0,0.5486628453758448,,-0.15431856159059726,-0.010547111280601247,0.02891069048154348,,1.0,0.0
har,fedavg,42,11,90,0,0.0,0.43400067865626063,73,0,17,0,0.6038451892652233,,-0.11887129460422464,0.00013078393636884917,0.26470588235294124,,1.0,0.0
har,fedavg,42,12,90,0,0.0,0.4034611469290804,74,0,16,0,0.5781757825181345,,-0.16095214381347944,-0.07362015638030417,-0.0029411764705882353,,1.0,0.0
har,fedavg,42,13,90,0,0.0,0.4428232100441127,72,0,18,0,0.5336159754002209,,-0.1289255063465551,-0.07096107651801531,-0.09808984270523681,,1.0,0.0
har,fedavg,42,14,90,0,0.0,0.3898880217170003,72,0,18,0,0.5002701319930041,,-0.04196556996348082,-0.0011633378190514874,-0.10118741668540218,,1.0,0.0
har,fedavg,42,15,90,0,0.0,0.4468951476077367,74,0,16,0,0.5199283888935186,,-0.11123771268460786,-0.04001221531878087,0.05294117647058824,,1.0,0.0
har,fedavg,42,16,90,0,0.0,0.4373939599592806,73,0,17,0,0.5281929259275622,,-0.08996696649262201,-0.10843924211377011,-0.2121398314124317,,1.0,0.0
har,fedavg,42,17,90,0,0.0,0.4346793349168646,72,0,18,0,0.5489292246715951,,-0.11606355304753115,-0.010574013465785074,0.06914344685242517,,1.0,0.0
har,fedavg,42,18,90,0,0.0,0.4323040380047506,74,0,16,0,0.5012088922251863,,-0.057271697161038373,-0.0028176633466966542,-0.19131719675420958,,1.0,0.0
har,fedavg,42,19,90,0,0.0,0.44248388191381066,72,0,18,0,0.5411099529291924,,-0.050306940690220354,-0.02322285625451118,-0.14145587842755203,,1.0,0.0
har,fedavg,42,20,90,0,0.0,0.4458771632168307,74,0,16,0,0.5062852070281569,,-0.12193785246302455,-0.07768602554476182,-0.21192058717389364,,1.0,0.0
har,fedavg,42,21,90,0,0.0,0.43603664743807263,73,0,17,0,0.5118805034612421,,-0.038607245682523716,0.007907897410465234,-0.04901960784313726,,1.0,0.0
har,fedavg,42,22,90,0,0.0,0.4387512724804886,73,0,17,0,0.49822880713207307,,-0.12071277934471758,-0.05889499683874508,-0.14469653240847943,,1.0,0.0
har,fedavg,42,23,90,0,0.0,0.4353579911774686,72,0,18,0,0.5214912853415544,,-0.00984717331470702,0.020885929307586718,-0.18585443880992236,,1.0,0.0
har,fedavg,42,24,90,0,0.0,0.4458771632168307,74,0,16,0,0.48695117494573986,,-0.1120605669976173,-0.03868609618250127,-0.0588235294117647,,1.0,0.0
har,fedavg,42,25,90,0,0.0,0.42042755344418054,73,0,17,0,0.5127287407245805,,-0.11880182565596703,-0.062239171389591806,-0.0453709466026588,,1.0,0.0
har,fedavg,42,26,90,0,0.0,0.4397692568713946,74,0,16,0,0.5145604647361628,,-0.08676143184422609,-0.09829663478661294,-0.18837385526568326,,1.0,0.0
har,fedavg,42,27,90,0,0.0,0.4166949440108585,73,0,17,0,0.5008684459157465,,-0.123972415015834,-0.06808839901511668,-0.08093195880474273,,1.0,0.0
har,fedavg,42,28,90,0,0.0,0.4295894129623346,71,0,19,0,0.5366629127211178,,-0.016831727313524357,0.008433609977528596,-0.044756476445512915,,1.0,0.0
har,fedavg,42,29,90,0,0.0,0.4149983033593485,72,0,18,0,0.4893237402879495,,-0.07346746635461983,0.013256146324811499,-0.08363449746446507,,1.0,0.0
har,flame_hdbscan,137,0,90,0,0.32222222222222224,0.18052256532066507,75,17,15,12,-0.30489898148690137,0.4518861348424327,-0.5733780157693449,0.13169811152094732,0.035714285714285705,-0.07715167498104596,0.37425269031486647,0.67
har,flame_hdbscan,137,1,90,0,0.3333333333333333,0.18052256532066507,71,15,19,15,-0.22848685548685954,0.4946491924497968,-0.47233358331848757,0.12501475664948175,0.014035087719298246,-0.023570226039551584,0.3680926916221034,0.7065217391304348
har,flame_hdbscan,137,2,90,0,0.35555555555555557,0.18052256532066507,70,17,20,15,0.21378179551438828,0.43158448141837474,-0.07610307954943046,0.15334778650113592,-0.1639097744360902,-0.07008766440504624,0.3827479338842975,0.62
har,flame_hdbscan,137,3,90,0,0.32222222222222224,0.18052256532066507,73,16,17,13,0.3044959184096956,0.4428959229151993,-0.00984614023436883,0.142233807874896,-0.10539215686274511,-0.22645540682891915,0.4245970836531082,0.6273291925465838
har,flame_hdbscan,137,4,90,0,0.3333333333333333,0.18052256532066507,71,15,19,15,0.34256299924116734,0.4844764584148396,-0.016919492769088617,0.17879326152089098,-0.12280701754385966,-0.21213203435596428,0.38218891599860577,0.6590909090909091
har,flame_hdbscan,137,5,90,0,0.35555555555555557,0.18052256532066507,70,17,20,15,0.3270242715657424,0.43158448141837474,0.05347487763901066,0.17642428163894058,-0.025563909774436087,-0.07008766440504624,0.3827479338842975,0.6147368421052631
har,flame_hdbscan,137,6,90,0,0.35555555555555557,0.18052256532066507,70,17,20,15,0.39610546238040817,0.43158448141837474,-0.08266208055032434,0.12280145415653147,-0.05864661654135337,-0.07008766440504624,0.3827479338842975,0.6130952380952381
har,flame_hdbscan,137,7,90,0,0.34444444444444444,0.18052256532066507,72,18,18,13,0.3126352655936513,0.38973348064455304,-0.077488184236067,0.09660771740093821,-0.2507739938080495,-0.08367596467078565,0.4179243525246879,0.6047430830039525
har,flame_hdbscan,137,8,90,0,0.32222222222222224,0.18052256532066507,71,15,19,14,0.39611694941385117,0.4495811164493189,-0.06839103974232673,0.15353819128777,-0.11929824561403508,-0.08728715609439695,0.41172227231740305,0.6123188405797101
har,flame_hdbscan,137,9,90,0,0.3333333333333333,0.18052256532066507,72,17,18,13,0.3113037996828201,0.40454886617112495,-0.08038408411900419,0.09660771740093821,-0.12280701754385966,-0.08367596467078565,0.4216508291410471,0.6004140786749482
har,flame_hdbscan,137,10,90,0,0.4888888888888889,0.18052256532066507,74,29,16,15,0.380077829518725,0.4050367144837054,0.007416265928592208,0.18585007748829835,-0.22941176470588234,-0.42008402520840293,0.2611287758346582,0.8214285714285714
har,flame_hdbscan,137,11,90,0,0.32222222222222224,0.18052256532066507,72,16,18,13,0.2641958287845645,0.4185584710792434,0.2341812113173658,0.11541758105314524,-0.04437564499484004,-0.10758338314815298,0.44261341605273363,0.6480331262939958
har,flame_hdbscan,137,12,90,0,0.34444444444444444,0.18052256532066507,71,16,19,15,0.32232740497083406,0.47872805923137507,0.09950000436971977,0.14318270680725523,-0.10701754385964912,-0.023570226039551584,0.36452762923351156,0.6873706004140787
har,flame_hdbscan,137,13,90,0,0.34444444444444444,0.18052256532066507,70,16,20,15,0.41404598450781277,0.44712703086823724,0.008646663404970084,0.190977938024765,-0.09323308270676692,-0.07008766440504624,0.3861914600550964,0.7083333333333334
har,flame_hdbscan,137,14,90,0,0.32222222222222224,0.18052256532066507,73,17,17,12,0.3610969884667723,0.3919729423682173,0.06881052266739664,0.1910819251517279,-0.13725490196078433,-0.026352313834736497,0.4147138964577657,0.6688311688311689
har,flame_hdbscan,137,15,90,0,0.34444444444444444,0.18052256532066507,72,17,18,14,0.4171023166151458,0.4547964253471975,-0.05366125566414253,0.11996042726748006,0.0608875128998968,0.05151400834889318,0.36001554303477756,0.6521739130434783
har,flame_hdbscan,137,16,90,0,0.3333333333333333,0.18052256532066507,71,15,19,15,0.3405325177180324,0.4997355594672755,-0.010432195283417869,0.17504222685922316,-0.17719298245614035,0.07071067811865475,0.34569952011812477,0.6749482401656315
har,flame_hdbscan,137,17,90,0,0.3333333333333333,0.18052256532066507,72,16,18,14,0.4327028552517867,0.4662376980912804,-0.03846822566308586,0.10553148510133696,0.04437564499484004,-0.02575700417444659,0.3947619957943032,0.6403162055335969
har,flame_hdbscan,137,18,90,0,0.3333333333333333,0.18052256532066507,74,17,16,13,0.32628915283611204,0.4757855078900172,-0.007682282346198297,0.0656053588522346,0.07647058823529412,0.15631503171567185,0.3489583333333333,0.6785714285714285
har,flame_hdbscan,137,19,90,0,0.32222222222222224,0.18052256532066507,74,17,16,12,0.3206817913633437,0.41333564676829543,0.019224710801814683,0.17533228074820617,-0.08823529411764705,-0.21917850187980234,0.4170337738619677,0.6309523809523809
har,flame_hdbscan,137,20,90,0,0.32222222222222224,0.18052256532066507,73,16,17,13,0.41873461985794375,0.4428959229151993,0.06725790810870796,0.11073071270573293,0.012254901960784315,-0.22645540682891915,0.4061295650578088,0.6273291925465838
har,flame_hdbscan,137,21,90,0,0.3,0.1835765184933831,73,15,17,12,0.25409011027964973,0.4202300436440248,-0.06221742446083258,0.13007033482281952,-0.09803921568627452,-0.0790569415042095,0.4460445468509985,0.5984848484848484
har,flame_hdbscan,137,22,90,0,0.3333333333333333,0.18052256532066507,72,17,18,13,0.40300998715183567,0.40584757842207553,0.03970214783146664,0.17643595608810939,-0.07120743034055728,-0.05976854619341832,0.41348437785492415,0.6123188405797101
har,flame_hdbscan,137,23,90,0,0.34444444444444444,0.18052256532066507,74,17,16,14,0.31148028410076123,0.5158896229961203,0.1484565189970407,0.13727332208852344,-0.2529411764705882,0.0,0.3116397955171058,0.7142857142857143
har,flame_hdbscan,137,24,90,0,0.3333333333333333,0.18052256532066507,73,17,17,13,0.4116715391395777,0.43840128895482394,0.030019401696952577,0.09467865734874799,0.07352941176470588,0.0,0.3914691943127962,0.6709956709956709
har,flame_hdbscan,137,25,90,0,0.3333333333333333,0.16762809636918902,72,16,18,14,0.3823192425552031,0.4727312593460336,0.1737852929394151,0.17077883796284324,0.005159958720330237,0.10302801669778636,0.3536423841059603,0.6785714285714285
har,flame_hdbscan,137,26,90,0,0.36666666666666664,0.18052256532066507,72,18,18,15,0.27675638330621044,0.48848489194730854,-0.01930694196512394,0.16889974056716367,0.1001031991744066,0.1867654168989334,0.3076776165011459,0.691699604743083
har,flame_hdbscan,137,27,90,0,0.3333333333333333,0.17373600271462505,73,18,17,12,0.2645280418532078,0.3733053399888046,0.18203263367324837,0.10056003046102654,-0.21078431372549022,-0.10540925533894599,0.45368885324779473,0.6273291925465838
har,flame_hdbscan,137,28,90,0,0.32222222222222224,0.18052256532066507,72,16,18,13,0.27815854652204147,0.4185584710792434,-0.04423738376543087,0.1077998937771795,0.0196078431372549,-0.10758338314815298,0.4419279907084785,0.6047430830039525
har,flame_hdbscan,137,29,90,0,0.3333333333333333,0.1818798778418731,72,16,18,14,0.28559354643119583,0.45584800008367526,0.1536318707199277,0.19756594844831035,-0.15170278637770898,-0.2318130375700193,0.3928135356706785,0.6521739130434783
har,flame_hdbscan,2024,0,90,0,0.4222222222222222,0.31014591109602985,68,29,22,9,-0.03722050923798113,-0.002870595844424768,-0.4867941850245425,-0.10504461503677524,0.2749858836815359,0.15300774894579097,0.5399731273093719,0.0757575757575758
har,flame_hdbscan,2024,1,90,0,0.4222222222222222,0.2181879877841873,67,28,23,10,-0.02501228414536409,0.025984586648285592,-0.6291236946807324,-0.16497313907440014,0.17391304347826086,0.13222147133698628,0.5477001703577513,0.07114624505928852
har,flame_hdbscan,2024,2,90,0,0.4444444444444444,0.18968442483881914,66,28,24,12,0.10030083067730688,0.07078175669428148,-0.37066527040253383,-0.11943507156464823,0.3565217391304348,0.04815434123430768,0.5126728110599078,0.16666666666666669
har,flame_hdbscan,2024,3,90,0,0.43333333333333335,0.1991856124872752,67,27,23,12,0.2507994296464953,0.106413288317469,0.03727028776181862,-0.08641535382225014,0.10177865612648221,0.03936479108111085,0.5102414654454621,0.21739130434782605
har,flame_hdbscan,2024,4,90,0,0.43333333333333335,0.2931795045809298,68,28,22,11,0.1651237137103163,0.07152998583677127,0.19711799476317196,-0.14360375587647542,-0.007340485601355168,-0.050152480397033676,0.5406698564593302,0.19565217391304346
har,flame_hdbscan,2024,5,90,0,0.45555555555555555,0.32813030200203597,66,29,24,12,0.15468729818154728,0.06510560876164202,0.19266037654879262,-0.1025019729250917,0.10869565217391304,0.13242443839434612,0.47747589833479404,0.18181818181818182
har,flame_hdbscan,2024,6,90,0,0.4222222222222222,0.3505259586019681,68,27,22,11,0.1703957095935846,0.09128494785270762,0.2111577310695603,-0.14395245670867107,-0.07509881422924902,0.03582320028359549,0.5192595362752431,0.19565217391304346
har,flame_hdbscan,2024,7,90,0,0.43333333333333335,0.3505259586019681,69,29,21,10,0.1609265344060873,0.05647434868010585,0.22753246879859645,-0.12261713512054402,0.02727272727272727,0.12596733145955472,0.4967195767195767,0.11255411255411252
har,flame_hdbscan,2024,8,90,0,0.4222222222222222,0.3505259586019681,66,27,24,11,0.14212192996003084,0.04395011201637986,0.24957925852953847,-0.10560711600952966,-0.004347826086956522,0.006040302465651719,0.5637383833070314,0.11050724637681159
har,flame_hdbscan,2024,9,90,0,0.43333333333333335,0.3505259586019681,66,27,24,12,0.2026430048451463,0.08428544061994774,0.2620391640987427,-0.12355187343263135,-0.002608695652173913,0.04815434123430768,0.5161237249095098,0.2619047619047619
har,flame_hdbscan,2024,10,90,0,0.4888888888888889,0.3505259586019681,70,32,20,12,0.11467907523810086,0.11052285026309674,0.2806438638936165,-0.15265690430688508,0.14887218045112782,-0.10619884881071831,0.4658753709198813,0.27999999999999997
har,flame_hdbscan,2024,11,90,0,0.4222222222222222,0.3505259586019681,68,29,22,9,0.08233263964284214,-0.009760025871044213,0.2883098687931927,-0.1272526725945996,0.012987012987012988,0.06557474954819614,0.5654238480478367,0.10474308300395258
har,flame_hdbscan,2024,12,90,0,0.43333333333333335,0.3505259586019681,68,29,22,10,0.07793385218744438,0.02861199433470851,0.2514826131615888,-0.1220744480675897,0.09542631281761718,0.057555446306895415,0.5374592833876222,0.12121212121212122
har,flame_hdbscan,2024,13,90,0,0.4222222222222222,0.3505259586019681,67,27,23,11,0.1564851834616145,0.06213705502850903,0.24326345271271102,-0.11625248552636114,0.03853754940711463,-0.03936479108111085,0.5626647917032871,0.18659420289855072
har,flame_hdbscan,2024,14,90,0,0.4888888888888889,0.3505259586019681,67,30,23,14,0.1753866948810395,0.13841969177030256,0.2760198389061813,-0.10377033881287592,0.03260869565217391,0.0,0.4245127188635613,0.27536231884057977
har,flame_hdbscan,2024,15,90,0,0.43333333333333335,0.3505259586019681,67,27,23,12,0.19400897942722298,0.113169687575721,0.3142083225028257,-0.12709894108720482,0.1590909090909091,0.11809437324333256,0.49266862170087977,0.21739130434782605
har,flame_hdbscan,2024,16,90,0,0.4222222222222222,0.3505259586019681,69,29,21,9,0.10157994687823343,0.019860141347451708,0.29746319601673515,-0.10283173393666248,0.13246753246753248,0.17480147469502527,0.5441810344827587,0.11038961038961037
har,flame_hdbscan,2024,17,90,0,0.4444444444444444,0.3505259586019681,70,29,20,11,0.17045758381958392,0.11532383995322734,0.251091384207057,-0.12644051198949297,0.003007518796992481,0.04357391546800017,0.49510293823705775,0.23181818181818187
har,flame_hdbscan,2024,18,90,0,0.4222222222222222,0.3505259586019681,67,28,23,10,0.09984508617408758,0.027114351285167575,0.350399030245166,-0.11654842519027102,0.08893280632411067,0.1454436184706849,0.5466757354191464,0.05383022774327123
har,flame_hdbscan,2024,19,90,0,0.43333333333333335,0.3505259586019681,68,29,22,10,0.1131459820413233,0.04577919093553361,0.31263901923036574,-0.10351411713208072,0.1394692264257482,0.2733883699577533,0.48877893620781054,0.18181818181818182
har,flame_hdbscan,2024,20,90,0,0.4444444444444444,0.3773328808958263,66,28,24,12,0.12060849648985872,0.06967579174593332,0.2477215699559647,-0.14022257440698105,0.10956521739130433,0.036115755925730755,0.5156224439718632,0.18181818181818182
har,flame_hdbscan,2024,21,90,0,0.43333333333333335,0.3864947404139803,69,28,21,11,0.13240818920183417,0.10887322889876075,0.28630793899966506,-0.09832929932610257,0.03506493506493507,0.12596733145955472,0.4882581172146212,0.16380952380952385
har,flame_hdbscan,2024,22,90,0,0.4111111111111111,0.3512046148625721,66,26,24,11,0.1583786395193497,0.06198841716991899,0.3181062226520879,-0.14056933250802572,-0.04608695652173912,0.05436272219086546,0.5496092422697927,0.11050724637681159
har,flame_hdbscan,2024,23,90,0,0.4444444444444444,0.4139803189684425,67,28,23,12,0.16572114926883355,0.09657504077094106,0.2834711271253443,-0.11707048017741924,0.05138339920948617,0.0787295821622217,0.4934131736526946,0.2017391304347826
har,flame_hdbscan,2024,24,90,0,0.43333333333333335,0.35391923990498814,67,28,23,11,0.15770948590582726,0.068127025854041,0.24921784797729593,-0.09350712414817088,0.23616600790513834,0.18370235837851728,0.5059673894772231,0.16007905138339923
har,flame_hdbscan,2024,25,90,0,0.4444444444444444,0.3512046148625721,67,28,23,12,0.1679120062742669,0.09208317840950195,0.2848144931757356,-0.11485195445442418,0.11857707509881424,0.026243194054073896,0.510659395141299,0.14078674948240166
har,flame_hdbscan,2024,26,90,0,0.4222222222222222,0.3512046148625721,67,26,23,12,0.1679764432450149,0.11636575759884417,0.3275315766303752,-0.1231407065583848,-0.04644268774703557,0.0,0.517588769611891,0.2017391304347826
har,flame_hdbscan,2024,27,90,0,0.43333333333333335,0.3844587716321683,65,27,25,12,0.10633509459929959,0.06504533963664542,0.32922649182670854,-0.1371524086207519,0.07923076923076922,0.07772022854475731,0.5206975228161669,0.14666666666666667
har,flame_hdbscan,2024,28,90,0,0.4444444444444444,0.37767220902612825,67,29,23,11,0.161597183140959,0.03930379566259229,0.2966987303465532,-0.10960511645478961,0.0029644268774703555,0.0,0.5511363636363636,0.08695652173913043
har,flame_hdbscan,2024,29,90,0,0.43333333333333335,0.3708856464200882,68,30,22,9,0.06084079721187884,-0.02231735558107264,0.3051484349076692,-0.10705450083656093,0.08300395256916997,0.06557474954819614,0.560427995088581,0.0757575757575758
har,flame_hdbscan,42,0,90,0,0.35555555555555557,0.1828978622327791,76,22,14,10,0.1111212081127386,0.3123413560926163,-0.41922990408123273,-0.05806261639856116,0.0792079687225004,-0.2159652035930687,0.45338019433533183,0.61
har,flame_hdbscan,42,1,90,0,0.35555555555555557,0.18221920597217509,72,17,18,15,-0.014681597486004264,0.4924074283610985,-0.5239951689593608,-0.034303236950620694,0.13009810716694567,-0.0574959574576069,0.316884551647947,0.7065217391304348
har,flame_hdbscan,42,2,90,0,0.3888888888888889,0.18221920597217509,73,22,17,13,0.4509443187834394,0.3571308738666517,-0.2890580995380994,-0.060043024611398405,0.04659718840273066,-0.2690807240490162,0.381779130123501,0.6383399209486166
har,flame_hdbscan,42,3,90,0,0.3888888888888889,0.1995249406175772,73,22,17,13,0.42598225521728583,0.35970016072900174,-0.0690318733196279,-0.05503113051751504,-0.11649297100682665,-0.21243215056501277,0.3758590308370044,0.6956521739130435
har,flame_hdbscan,42,4,90,0,0.3888888888888889,0.2765524261961317,73,22,17,13,0.44260354235283667,0.36226944759135177,0.0437839094650606,-0.001322497554059761,-0.06499081540380856,-0.15578357708100937,0.3628785301122831,0.6067193675889329
har,flame_hdbscan,42,5,90,0,0.4222222222222222,0.2962334577536478,73,24,17,14,0.4441183195044948,0.3740439898550646,-0.035687191133477354,-0.04384168178053532,0.10784313725490197,-0.37796447300922725,0.37359808788380217,0.7349896480331264
har,flame_hdbscan,42,6,90,0,0.3888888888888889,0.3077706141839158,72,20,18,15,0.49902113573817547,0.43703551378020455,0.005715654539120344,-0.03636977597827086,-0.10015489202534705,-0.34497574474564136,0.3568747867621972,0.6837944664031621
har,flame_hdbscan,42,7,90,0,0.45555555555555555,0.3098065829657279,73,27,17,14,0.4917442150516334,0.3395250041883004,0.07856671508613575,-0.055787516223048325,-0.07234826620423972,-0.3624381035534084,0.36290025763709977,0.6356107660455487
har,flame_hdbscan,42,8,90,0,0.43333333333333335,0.3243976925687139,74,26,16,13,0.45397396099796106,0.33735769300341784,0.11663555207660106,0.027172155380391867,-0.06470588235294117,-0.4342084214324218,0.38916827852998065,0.6314699792960662
har,flame_hdbscan,42,9,90,0,0.4888888888888889,0.3210044112656939,73,29,17,15,0.49998856632118877,0.3714645816938633,0.1050346475446595,-0.018270817911165485,0.03433477040201207,-0.16780795333491794,0.26553568135718236,0.733201581027668
har,flame_hdbscan,42,10,90,0,0.4666666666666667,0.32473702069901594,72,27,18,15,0.4725094227819077,0.3497457522207868,0.18274698586852423,-0.010547111280601247,0.025813116501378106,-0.34497574474564136,0.33163438668025824,0.6521739130434783
har,flame_hdbscan,42,11,90,0,0.4888888888888889,0.3243976925687139,73,29,17,15,0.5352633986722151,0.3695820728440743,0.15034072816491895,0.00013078393636884917,0.18872549019607845,-0.22360679774997902,0.2915580509324243,0.7445652173913043
har,flame_hdbscan,42,12,90,0,0.45555555555555555,0.32473702069901594,74,27,16,14,0.4961279801754026,0.38270731470301383,0.17539018411137441,-0.07362015638030417,0.09705882352941177,-0.20498001542269695,0.2922779922779923,0.6333333333333334
har,flame_hdbscan,42,13,90,0,0.4777777777777778,0.32473702069901594,72,28,18,15,0.46797297412050193,0.3370562537770656,0.14055918155869204,-0.07096107651801531,-0.13422820580716616,-0.3737237234744448,0.3410414827890556,0.6515151515151516
har,flame_hdbscan,42,14,90,0,0.4888888888888889,0.32473702069901594,72,29,18,15,0.44542034363237015,0.3257836126792212,0.23795727688805973,-0.0011633378190514874,-0.0805369234842997,-0.3737237234744448,0.32824034334763946,0.7333333333333334
har,flame_hdbscan,42,15,90,0,0.4777777777777778,0.32473702069901594,74,30,16,13,0.4378064804520276,0.29484910590372115,0.19978090024251122,-0.04001221531878087,-0.0411764705882353,-0.399471747717828,0.3713242360176821,0.722943722943723
har,flame_hdbscan,42,16,90,0,0.4888888888888889,0.32473702069901594,73,30,17,14,0.4358658342246474,0.3063173363377726,0.18779652305620756,-0.10843924211377011,-0.13979156520819197,-0.3624381035534084,0.3399715504978663,0.7272727272727273
har,flame_hdbscan,42,17,90,0,0.4888888888888889,0.32473702069901594,72,29,18,15,0.47641735551004794,0.3251684951998085,0.14372449668286458,-0.010574013465785074,-0.017543859649122806,-0.38789740432855396,0.35114784205693295,0.7333333333333334
har,flame_hdbscan,42,18,90,0,0.4888888888888889,0.32473702069901594,74,31,16,13,0.42013606894854455,0.2850047030732547,0.22444619658169782,-0.0028176633466966542,-0.15452542814763082,-0.3823846795116922,0.3436994427467194,0.6833333333333333
har,flame_hdbscan,42,19,90,0,0.4888888888888889,0.32473702069901594,72,29,18,15,0.46529823685780286,0.3257836126792212,0.18403211616992446,-0.02322285625451118,-0.029943215141598603,-0.3737237234744448,0.3468166152729911,0.696969696969697
har,flame_hdbscan,42,20,90,0,0.4888888888888889,0.32473702069901594,74,31,16,13,0.4376746748371538,0.2837208981044563,0.1927366348729877,-0.07768602554476182,-0.2413540020591567,-0.4171469231036643,0.3633599391866211,0.6363636363636365
har,flame_hdbscan,42,21,90,0,0.4888888888888889,0.32473702069901594,73,30,17,14,0.4643433185581095,0.30443540237664424,0.21908557904864273,0.007907897410465234,-0.019607843137254905,-0.40946151242666284,0.3562511645239426,0.6931818181818182
har,flame_hdbscan,42,22,90,0,0.4888888888888889,0.32473702069901594,73,30,17,14,0.4466533991168287,0.3050645046963093,0.17215511536995506,-0.05889499683874508,-0.07847947520459901,-0.39395446038413956,0.37227414330218067,0.6760869565217391
har,flame_hdbscan,42,23,90,0,0.4777777777777778,0.32473702069901594,72,28,18,15,0.4870496244654785,0.3370562537770656,0.19132532979484046,0.020885929307586718,-0.14558597706777254,-0.3737237234744448,0.35223336371923425,0.6515151515151516
har,flame_hdbscan,42,24,90,0,0.4888888888888889,0.32473702069901594,74,31,16,13,0.4204038982601099,0.28307637256309676,0.1544528021604363,-0.03868609618250127,-0.03823529411764706,-0.4342084214324218,0.3727822187560928,0.6877470355731226
har,flame_hdbscan,42,25,90,0,0.4666666666666667,0.32473702069901594,73,28,17,14,0.46644466342181384,0.3282648613501245,0.16476049699610434,-0.062239171389591806,-0.05640712280330554,-0.3624381035534084,0.3462220645619014,0.6442687747035574
har,flame_hdbscan,42,26,90,0,0.4666666666666667,0.32473702069901594,74,28,16,14,0.4881166934632667,0.36082108492162135,0.16821257820359786,-0.09829663478661294,-0.11773365954105203,-0.5538534366479695,0.3391351157365871,0.6818181818181819
har,flame_hdbscan,42,27,90,0,0.4777777777777778,0.32473702069901594,73,28,17,15,0.5039781573595261,0.381143391680538,0.1605559199326665,-0.06808839901511668,0.006131209000359298,-0.20509860963156634,0.2811476988253418,0.7095652173913043
har,flame_hdbscan,42,28,90,0,0.4888888888888889,0.32473702069901594,71,28,19,16,0.4974027735894032,0.3459617061482112,0.17339599135190178,0.008433609977528596,-0.03510311878079445,-0.3559123729347959,0.32390310011858375,0.7272727272727273
har,flame_hdbscan,42,29,90,0,0.4777777777777778,0.32473702069901594,72,27,18,16,0.48524682798445234,0.3891467657244303,0.17545759611750383,0.013256146324811499,-0.12596800852672516,-0.5284090909090909,0.32015065913371,0.7683982683982684
har,fltrust_normalized,137,0,90,0,0.14444444444444443,0.18052256532066507,75,6,15,7,-0.30489898148690137,0.3833020767974865,-0.5733780157693449,0.13169811152094732,0.035714285714285705,-0.40208322318563217,0.6954962136309286,0.45
har,fltrust_normalized,137,1,90,0,0.4444444444444444,0.166610111978283,71,39,19,1,-0.23831623195112633,-0.3932661421348142,-0.4637812528306858,0.12501475664948175,0.014035087719298246,0.3872983346207417,0.7871657754010695,-0.6992753623188406
har,fltrust_normalized,137,2,90,0,0.12222222222222222,0.18052256532066507,70,6,20,5,-0.2655446134557524,0.20366455384166152,-0.4617692263730159,0.15334778650113592,0.04661654135338346,-0.03003757045930553,0.7847796143250688,0.24
har,fltrust_normalized,137,3,90,0,0.4777777777777778,0.32575500508992195,73,42,17,1,-0.018621944897398553,-0.3917969040907019,-0.4306434724540469,0.142233807874896,0.058823529411764705,0.408248290463863,0.759401381427475,-0.7743271221532091
har,fltrust_normalized,137,4,90,0,0.1111111111111111,0.18052256532066507,71,7,19,3,-0.3172281275093248,0.08392505578839742,-0.48704648697209507,0.17879326152089098,0.15789473684210528,0.10540925533894598,0.8454165214360404,0.16666666666666666
har,fltrust_normalized,137,5,90,0,0.4444444444444444,0.36240244316253817,70,39,20,1,-0.05318810532349085,-0.4086603764496415,-0.4233839474963933,0.17642428163894058,-0.022556390977443608,0.3779644730092272,0.7944214876033058,-0.8147368421052632
har,fltrust_normalized,137,6,90,0,0.24444444444444444,0.15982354937224297,70,14,20,8,-0.22981062266100385,0.17231942040281112,-0.5211214462164042,0.12280145415653147,0.04962406015037594,-0.24779731389167603,0.6866391184573003,0.36904761904761907
har,fltrust_normalized,137,7,90,0,0.12222222222222222,0.2463522225992535,72,8,18,3,-0.23162793694795153,0.0775688581294571,-0.39858759546658806,0.09660771740093821,-0.19091847265221878,0.15803227583755902,0.8310042854481088,0.17391304347826086
har,fltrust_normalized,137,8,90,0,0.23333333333333334,0.33966745843230406,71,17,19,4,-0.07525472145118832,-0.03472288862003331,-0.563816691217205,0.15353819128777,0.03859649122807017,-0.11785113019775792,0.8036068530207394,0.09239130434782608
har,fltrust_normalized,137,9,90,0,0.1111111111111111,0.18968442483881914,72,7,18,3,-0.12756150398812305,0.09837745300951112,-0.5424071286002482,0.09660771740093821,-0.13725490196078433,0.15803227583755902,0.8347307620644681,0.17391304347826086
har,fltrust_normalized,137,10,90,0,0.4888888888888889,0.3067526297930098,74,43,16,1,0.205656775072833,-0.3844960253181292,-0.31972233566948677,0.18585007748829835,-0.21176470588235297,0.42008402520840293,0.7468203497615262,-0.7380952380952381
har,fltrust_normalized,137,11,90,0,0.26666666666666666,0.18629114353579912,72,16,18,8,-0.22217806384630043,0.1813605803688271,-0.46649506532780854,0.11541758105314524,0.20123839009287925,-0.2801481253484001,0.676037223730128,0.43478260869565216
har,fltrust_normalized,137,12,90,0,0.43333333333333335,0.3203257550050899,71,38,19,1,0.25580606143449314,-0.3828602498436525,0.04631788838347199,0.14318270680725523,-0.21403508771929824,0.3872983346207417,0.7907308377896614,-0.7184265010351967
har,fltrust_normalized,137,13,90,0,0.2,0.27315914489311166,70,14,20,4,-0.19348841802601255,-0.008816134890999059,-0.33911817525427307,0.190977938024765,0.11127819548872178,-0.130066495428618,0.8228305785123967,0.16666666666666669
har,fltrust_normalized,137,14,90,0,0.45555555555555555,0.3128605361384459,73,40,17,1,0.2741222607129678,-0.3715879754951226,-0.05656502416633196,0.1910819251517279,-0.22303921568627455,0.408248290463863,0.7794732061762034,-0.8160173160173161
har,fltrust_normalized,137,15,90,0,0.15555555555555556,0.30844927044451986,72,12,18,2,-0.12109270058063372,-0.08445947552568091,-0.3094919523953877,0.11996042726748006,0.3457172342621259,-0.47702639294546745,0.9298620555663494,0.13043478260869565
har,fltrust_normalized,137,16,90,0,0.45555555555555555,0.326433661350526,71,40,19,1,0.2773107066567858,-0.40381877941742217,-0.12347981096906292,0.17504222685922316,-0.2596491228070175,0.3872983346207417,0.7759320782576596,-0.7308488612836439
har,fltrust_normalized,137,17,90,0,0.2222222222222222,0.33627417712928404,72,17,18,3,-0.03325129911827852,-0.07731156691458689,-0.2920059591751867,0.10553148510133696,0.10216718266253869,-0.21549855796030778,0.8334926400305869,0.09486166007905139
har,fltrust_normalized,137,18,90,0,0.5666666666666667,0.32473702069901594,74,46,16,5,0.30859014624915815,-0.2350496018430723,-0.10785882087437912,0.0656053588522346,-0.25588235294117645,0.04387634544762784,0.5725,-0.5
har,fltrust_normalized,137,19,90,0,0.17777777777777778,0.32405836443841196,74,13,16,3,-0.14777991194201232,0.010910327507852905,-0.3113752842551845,0.17533228074820617,-0.0588235294117647,-0.01736833685729687,0.8204845814977973,0.19047619047619047
har,fltrust_normalized,137,20,90,0,0.4666666666666667,0.32779097387173395,73,41,17,1,0.3572882282159128,-0.3816123794886234,0.0073317273066245475,0.11073071270573293,-0.02450980392156863,0.408248290463863,0.7735364287025143,-0.6873706004140787
har,fltrust_normalized,137,21,90,0,0.23333333333333334,0.32711231761112997,73,17,17,4,-0.22477711999455377,-0.005182364869382804,-0.4338215285385182,0.13007033482281952,0.08088235294117649,-0.14153462926807447,0.7908986175115207,0.14393939393939392
har,fltrust_normalized,137,22,90,0,0.43333333333333335,0.33016627078384797,72,38,18,1,0.32466559032779807,-0.3675519814716443,0.019123284859404285,0.17643595608810939,-0.2549019607843137,0.3973597071195132,0.785492417321396,-0.7047101449275361
har,fltrust_normalized,137,23,90,0,0.18888888888888888,0.333559552086868,74,14,16,3,-0.048255421308603594,-0.018854378951473037,-0.3186077584131984,0.13727332208852344,0.1323529411764706,-0.36473507400323424,0.8741643727880456,0.19047619047619047
har,fltrust_normalized,137,24,90,0,0.5111111111111111,0.35697319307770614,73,42,17,4,0.34721188780541107,-0.2568282201119838,0.025148289607836223,0.09467865734874799,-0.18872549019607845,0.16984155512168939,0.642085308056872,-0.5346320346320346
har,fltrust_normalized,137,25,90,0,0.45555555555555555,0.32575500508992195,72,41,18,0,0.41661921836431326,-0.4536130994733381,-0.1287746517772382,0.17077883796284324,-0.11248710010319916,,0.8448438978240302,-0.7857142857142858
har,fltrust_normalized,137,26,90,0,0.32222222222222224,0.3532405836443841,72,22,18,7,0.020466869797466262,0.07401738220963146,-0.21891149389133865,0.16889974056716367,-0.1475748194014448,0.05491411741166461,0.6302521008403361,0.3458498023715415
har,fltrust_normalized,137,27,90,0,0.5333333333333333,0.32575500508992195,73,43,17,5,0.2726035778281314,-0.22846530614121535,-0.14600699475099257,0.10056003046102654,-0.5441176470588236,0.026352313834736497,0.6006415396952687,-0.4927536231884058
har,fltrust_normalized,137,28,90,0,0.23333333333333334,0.34136409908381404,72,17,18,4,-0.09171797035318215,-0.01881734508834665,-0.26725595048982803,0.1077998937771795,0.03611971104231166,-0.10302801669778636,0.789198606271777,0.12648221343873517
har,fltrust_normalized,137,29,90,0,0.4444444444444444,0.327451645741432,72,39,18,1,0.3394413270727738,-0.37762841947456643,-0.0061835490425044565,0.19756594844831035,-0.3085655314757482,0.3973597071195132,0.7917320774463632,-0.6956521739130435
har,fltrust_normalized,2024,0,90,0,0.14444444444444443,0.25822870715982355,68,4,22,9,-0.03722050923798113,0.4008989027508213,-0.4867941850245425,-0.10504461503677524,0.2749858836815359,-0.19672424864458837,0.7148135707087672,0.4090909090909091
har,fltrust_normalized,2024,1,90,0,0.14444444444444443,0.18629114353579912,67,7,23,6,-0.035708821289538686,0.1690495487345515,-0.6075739660491299,-0.16497313907440014,0.24308300395256918,-0.2089785019092862,0.8137989778534923,0.2608695652173913
har,fltrust_normalized,2024,2,90,0,0.022222222222222223,0.3491686460807601,66,1,24,1,0.1683738187864651,0.10998210886965948,-0.28491193811123605,-0.11943507156464823,0.2626086956521739,0.25604229329279055,0.9228110599078341,0.041666666666666664
har,fltrust_normalized,2024,3,90,0,0.0,0.1876484560570071,67,0,23,0,0.027181662160548094,,-0.6021844198342056,-0.08641535382225014,0.3438735177865613,,1.0,0.0
har,fltrust_normalized,2024,4,90,0,0.3333333333333333,0.34577536477774007,68,27,22,3,0.19863308712984773,-0.22316864403098108,-0.060134563004674214,-0.14360375587647542,0.09316770186335405,0.19833676946063944,0.7682843472317157,-0.5158102766798419
har,fltrust_normalized,2024,5,90,0,0.43333333333333335,0.23719036308109942,66,29,24,10,0.06795664210710711,-0.013308227466307537,-0.7578043027942081,-0.1025019729250917,0.27652173913043476,0.07325612348008315,0.5567046450482034,0.09848484848484851
har,fltrust_normalized,2024,6,90,0,0.32222222222222224,0.2684085510688836,68,26,22,3,0.23860420291562098,-0.20691214366765437,-0.0023995196712450033,-0.14395245670867107,0.031055900621118016,0.28184698818090864,0.75018698578908,-0.47233201581027673
har,fltrust_normalized,2024,7,90,0,0.32222222222222224,0.18629114353579912,69,24,21,5,0.11224101050599161,-0.10309781065725131,-0.6153471078650361,-0.12261713512054402,0.3155844155844156,-0.07385489458759964,0.7663492063492063,0.010822510822510817
har,fltrust_normalized,2024,8,90,0,0.28888888888888886,0.49847302341364097,66,23,24,3,0.23241700446094501,-0.19703032111368682,0.10501208899038639,-0.10560711600952966,0.05304347826086955,0.26390913801210825,0.7762581097667894,-0.4836956521739131
har,fltrust_normalized,2024,9,90,0,0.17777777777777778,0.331523583305056,66,13,24,3,0.18354110669021476,-0.07977622702583675,-0.5934660319017114,-0.12355187343263135,0.09304347826086956,0.027300945311597397,0.8547219480092135,0.029761904761904767
har,fltrust_normalized,2024,10,90,0,0.32222222222222224,0.47573803868340686,70,26,20,3,0.2278423686571146,-0.18299050417781274,0.005946783638703904,-0.15265690430688508,0.12781954887218044,0.23069739598748434,0.7522255192878339,-0.44999999999999996
har,fltrust_normalized,2024,11,90,0,0.2111111111111111,0.26162198846284357,68,16,22,3,0.1068697964660039,-0.09936320244545015,-0.40057706790826764,-0.1272526725945996,0.02992659514398645,0.052193886700168265,0.8341540626099191,-0.08102766798418973
har,fltrust_normalized,2024,12,90,0,0.43333333333333335,0.36952833389888023,68,33,22,6,0.2233339705332352,-0.1670940469146977,0.09125983785162904,-0.1220744480675897,0.042348955392433656,0.20913407192853073,0.6430653180181725,-0.3939393939393939
har,fltrust_normalized,2024,13,90,0,0.23333333333333334,0.34577536477774007,67,12,23,9,0.12955052968893388,0.20911082747014126,-0.4069120782845016,-0.11625248552636114,0.08498023715415019,-0.0671519136687817,0.6700650377922306,0.266304347826087
har,fltrust_normalized,2024,14,90,0,0.4888888888888889,0.46216491347132677,67,37,23,7,0.2906859145395319,-0.20204809847116742,0.15130038861473036,-0.10377033881287592,0.02865612648221344,0.14245072057454744,0.6184340931615461,-0.40398550724637683
har,fltrust_normalized,2024,15,90,0,0.24444444444444444,0.342042755344418,67,13,23,9,0.2277739520991958,0.1895695179669701,-0.4741447482113246,-0.12709894108720482,0.13537549407114624,-0.08058229640253803,0.6808694152147663,0.391304347826087
har,fltrust_normalized,2024,16,90,0,0.4666666666666667,0.3488293179504581,69,36,21,6,0.3061835263342925,-0.183898736040638,0.08979645341602917,-0.10283173393666248,-0.03896103896103896,0.2088931871468374,0.615301724137931,-0.39610389610389607
har,fltrust_normalized,2024,17,90,0,0.2222222222222222,0.3505259586019681,70,18,20,2,0.22116840393128312,-0.1654060234204777,-0.548427455088863,-0.12644051198949297,0.19548872180451127,-0.20232565955562798,0.8944633220067959,-0.1727272727272727
har,fltrust_normalized,2024,18,90,0,0.36666666666666664,0.44316253817441464,67,28,23,5,0.1768257872277457,-0.16037505649684355,0.3258519336035438,-0.11654842519027102,0.005928853754940711,0.25425669046549126,0.6958000340078218,-0.3064182194616978
har,fltrust_normalized,2024,19,90,0,0.2111111111111111,0.3651170682049542,68,16,22,3,0.17332095782695087,-0.10214259272364457,-0.6124361514836799,-0.10351411713208072,0.03557312252964427,0.010438777340033652,0.8333627849443365,-0.04545454545454547
har,fltrust_normalized,2024,20,90,0,0.36666666666666664,0.5246012894468951,66,26,24,7,0.25142371043238027,-0.09294361748454887,0.08369927190935368,-0.14022257440698105,0.03130434782608695,-0.006621451835231021,0.6824799607394079,-0.25378787878787873
har,fltrust_normalized,2024,21,90,0,0.3,0.33932813030200204,69,15,21,12,0.31118089990980424,0.30156452047613974,-0.44075350222133486,-0.09832929932610257,0.12987012987012986,-0.2701477336195845,0.5754543598121299,0.5314285714285714
har,fltrust_normalized,2024,22,90,0,0.36666666666666664,0.3505259586019681,66,26,24,7,0.2765544468754132,-0.08496073009323792,-0.4784577841221686,-0.14056933250802572,-0.1660869565217391,0.08607887385800327,0.6777098199116548,-0.056159420289855044
har,fltrust_normalized,2024,23,90,0,0.3888888888888889,0.3471326772989481,67,28,23,7,0.29796729223406043,-0.11274630306396749,0.10916331430498853,-0.11707048017741924,-0.026679841897233204,-0.15669579263200217,0.6990590248075278,-0.29565217391304344
har,fltrust_normalized,2024,24,90,0,0.2777777777777778,0.46216491347132677,67,19,23,6,0.18722161850842944,-0.01557273083316875,-0.3889215834029924,-0.09350712414817088,0.04150197628458498,0.07463517925331652,0.7133972096150614,0.12450592885375494
har,fltrust_normalized,2024,25,90,0,0.3,0.5673566338649474,67,23,23,4,0.31573041717027,-0.13942311341951863,0.1034630369124863,-0.11485195445442418,0.09189723320158102,0.27668578554642986,0.7167410345397455,-0.34989648033126297
har,fltrust_normalized,2024,26,90,0,0.18888888888888888,0.48998982015609094,67,13,23,4,0.26332168096186437,-0.022096691591194473,-0.4959838109973606,-0.1231407065583848,-0.16304347826086957,0.0,0.8325350949628406,0.05391304347826087
har,fltrust_normalized,2024,27,90,0,0.28888888888888886,0.3505259586019681,65,20,25,6,0.29761106729453934,-0.06573590405131341,-0.3546077141619943,-0.1371524086207519,-0.06,0.0,0.7400586701434159,-0.04571428571428571
har,fltrust_normalized,2024,28,90,0,0.43333333333333335,0.5364777740074652,67,32,23,7,0.32324806375754134,-0.135691018436561,-0.0032184082561233754,-0.10960511645478961,-0.07015810276679843,0.18518593674691167,0.5914417613636364,-0.21739130434782605
har,fltrust_normalized,2024,29,90,0,0.28888888888888886,0.35629453681710216,68,19,22,7,0.39008403494046034,0.031907224843668196,-0.31543024417172627,-0.10705450083656093,-0.24449463579898364,-0.05383819020581655,0.7102262760919137,0.19318181818181818
har,fltrust_normalized,42,0,90,0,0.2,0.18221920597217509,76,14,14,4,0.1111212081127386,0.08475735342114506,-0.41922990408123273,-0.05806261639856116,0.0792079687225004,-0.15706560261314087,0.7973950795947902,0.21
har,fltrust_normalized,42,1,90,0,0.45555555555555555,0.33966745843230406,72,36,18,5,0.15686685981635215,-0.17947986732928226,-0.5002767178454346,-0.034303236950620694,0.05059370834270109,-0.04783952832583796,0.6693058368624563,-0.661231884057971
har,fltrust_normalized,42,2,90,0,0.2,0.18221920597217509,73,16,17,2,0.2551891887120247,-0.09472199607263931,-0.5036424487840719,-0.060043024611398405,-0.019619868801149753,0.09322664074162107,0.8467871845355289,0.13636363636363635
har,fltrust_normalized,42,3,90,0,0.4444444444444444,0.337631489650492,73,38,17,2,0.44775023532374325,-0.311930738123892,-0.37945697358385455,-0.05503113051751504,-0.11649297100682665,0.09322664074162107,0.771101321585903,-0.8260869565217391
har,fltrust_normalized,42,4,90,0,0.011111111111111112,0.24499491007804547,73,0,17,1,0.1887522527503451,0.1702737983763134,-0.5104443169700452,-0.001322497554059761,-0.0012262418000718596,-0.408498672756928,0.9959169785641374,0.043478260869565216
har,fltrust_normalized,42,5,90,0,0.5222222222222223,0.3033593484899898,73,44,17,3,0.43746504210425924,-0.3165718985052871,-0.4033565618545756,-0.04384168178053532,0.10049019607843139,0.37796447300922725,0.6447876447876448,-0.7349896480331263
har,fltrust_normalized,42,6,90,0,0.2,0.1832371903630811,72,16,18,2,0.2704783870716115,-0.10637391815395934,-0.3863073226641228,-0.03636977597827086,0.024780591841322978,0.08522727272727273,0.8539747526441488,0.13636363636363635
har,fltrust_normalized,42,7,90,0,0.45555555555555555,0.336952833389888,73,40,17,1,0.5491292390199854,-0.3734775046071303,-0.1716363559897812,-0.055787516223048325,-0.13733908160804828,0.33190517161500405,0.7648141332351859,-0.8612836438923396
har,fltrust_normalized,42,8,90,0,0.0,0.23108245673566338,74,0,16,0,0.2975112844846797,,-0.3999678919821062,0.027172155380391867,0.15294117647058825,,1.0,0.0
har,fltrust_normalized,42,9,90,0,0.4222222222222222,0.4054971157108924,73,37,17,1,0.5441030775003882,-0.34298234614200424,-0.14463739249233282,-0.018270817911165485,-0.07970571700467087,0.38296750570962,0.7754010695187166,-0.8675889328063242
har,fltrust_normalized,42,10,90,0,0.15555555555555556,0.34136409908381404,72,12,18,2,0.42376321989298343,-0.052365316438508364,-0.4796694299775645,-0.010547111280601247,0.017552919220937113,0.17045454545454547,0.8617057424396873,0.08695652173913043
har,fltrust_normalized,42,11,90,0,0.4444444444444444,0.5982354937224296,73,40,17,0,0.5978909881135632,-0.42850713160481196,-0.12171952148278636,0.00013078393636884917,0.21568627450980393,,0.8395829155805093,-0.9148550724637682
har,fltrust_normalized,42,12,90,0,0.0,0.35391923990498814,74,0,16,0,0.3847218117076257,,-0.40785177733835476,-0.07362015638030417,-0.07647058823529412,,1.0,0.0
har,fltrust_normalized,42,13,90,0,0.4444444444444444,0.337631489650492,72,39,18,1,0.5271471174388914,-0.3794797196742438,-0.09705228438980963,-0.07096107651801531,-0.11254518794600855,0.3274063898175169,0.7779346866725507,-0.7386363636363636
har,fltrust_normalized,42,14,90,0,0.6,0.36138445877163217,72,51,18,3,0.4254128375880401,-0.4267715204516647,-0.17872192504660328,-0.0011633378190514874,-0.07434177552396895,0.27310579792363276,0.6508154506437768,-0.6916666666666667
har,fltrust_normalized,42,15,90,0,0.24444444444444444,0.34272141160502206,74,14,16,8,0.05655530436961757,0.2702794709493205,-0.4017052851769359,-0.04001221531878087,0.18235294117647058,-0.08134892168199608,0.6088794926004228,0.4090909090909091
har,fltrust_normalized,42,16,90,0,0.5888888888888889,0.3970139124533424,73,50,17,3,0.5437294300013293,-0.3901123053136089,-0.2013605200634457,-0.10843924211377011,-0.288166823016887,0.2836472114765805,0.6418918918918919,-0.5909090909090909
har,fltrust_normalized,42,17,90,0,0.18888888888888888,0.33864947404139806,72,15,18,2,0.501833036657506,-0.08915345018924048,-0.39299416146049204,-0.010574013465785074,-0.16202270381836945,0.2044398826909146,0.8394857667584941,0.11666666666666665
har,fltrust_normalized,42,18,90,0,0.4888888888888889,0.32473702069901594,74,42,16,2,0.4303998587326532,-0.32095124219961113,-0.14449630672519975,-0.0028176633466966542,-0.40029444243957696,0.49231416590930616,0.6771526154952364,-0.4666666666666666
har,fltrust_normalized,42,19,90,0,0.5666666666666667,0.34475738038683407,72,45,18,6,0.41966274162241407,-0.2291814035562108,-0.3257051929302728,-0.02322285625451118,-0.13009810716694567,0.07954545454545454,0.5853437329947397,-0.5303030303030303
har,fltrust_normalized,42,20,90,0,0.2,0.4021038344078724,74,16,16,2,0.34791900653255964,-0.08262453618727245,-0.22345183413831374,-0.07768602554476182,-0.16482712335747285,0.10256545123110544,0.8373242113264918,0.13636363636363635
har,fltrust_normalized,42,21,90,0,0.7666666666666667,0.5598914149983033,73,65,17,4,0.4820130733927932,-0.5885685815941899,-0.2624509720149721,0.007907897410465234,-0.07843137254901962,0.25476233268253407,0.5509595677287125,-0.6401515151515151
har,fltrust_normalized,42,22,90,0,0.25555555555555554,0.4428232100441127,73,14,17,9,0.21191839769199028,0.2979303516059635,-0.672107864305307,-0.05889499683874508,0.12385042180725782,-0.04814203026868804,0.5919003115264797,0.5217391304347826
har,fltrust_normalized,42,23,90,0,0.2111111111111111,0.39769256871394637,72,16,18,3,0.3935398671228382,-0.04500576335702043,-0.15572321937803138,0.020885929307586718,-0.32524526791736413,0.17248787237282068,0.7784867821330902,0.18181818181818182
har,fltrust_normalized,42,24,90,0,0.4666666666666667,0.5948422124194096,74,38,16,4,0.5082443273225078,-0.20195502821564537,-0.1008860022530448,-0.03868609618250127,-0.0029411764705882353,-0.03131121455425748,0.6611425229089491,-0.7292490118577075
har,fltrust_normalized,42,25,90,0,0.2222222222222222,0.47030878859857483,73,12,17,8,0.36157024763760237,0.27265440873899444,-0.38280367730579035,-0.062239171389591806,-0.10423055300610805,-0.21663913620909617,0.679141539553033,0.45454545454545453
har,fltrust_normalized,42,26,90,0,0.5,0.4519850695622667,74,40,16,5,0.4488400971775079,-0.17968831170824298,-0.4617639552047205,-0.09829663478661294,-0.34584262490184037,-0.14636214364370378,0.663376996231832,-0.7272727272727273
har,fltrust_normalized,42,27,90,0,0.2222222222222222,0.4031218187987784,73,16,17,4,0.37255066285187843,0.03238712589993581,-0.24851691776287776,-0.06808839901511668,-0.3482526712204081,0.3257292975330196,0.681686886192952,0.2608695652173913
har,fltrust_normalized,42,28,90,0,0.6,0.5381744146589752,71,51,19,3,0.5359360867542362,-0.45028466334362544,-0.02702044948534177,0.008433609977528596,-0.06757350365302932,0.26363879476651547,0.6554294426562765,-0.6363636363636364
har,fltrust_normalized,42,29,90,0,0.2777777777777778,0.33966745843230406,72,19,18,6,0.48283131635954796,0.05877526898423581,-0.26151948527577273,0.013256146324811499,-0.2519360170534503,-0.045454545454545456,0.7041602465331279,0.05844155844155843
har,krum_bound30,137,0,90,0,0.32222222222222224,0.18052256532066507,75,22,15,7,-0.30489898148690137,0.14028914326621544,-0.5733780157693449,0.13169811152094732,0.035714285714285705,0.06185895741317418,0.5856915105619769,0.41000000000000003
har,krum_bound30,137,1,90,0,0.32222222222222224,0.18052256532066507,71,20,19,9,-0.23012508489757066,0.16739040141693615,-0.4425599466142631,0.12501475664948175,-0.031578947368421054,0.01924500897298753,0.5850267379679145,0.41485507246376807
har,krum_bound30,137,2,90,0,0.32222222222222224,0.18052256532066507,70,22,20,7,0.2098565993112298,0.027039833950673362,-0.02121255240945278,0.15334778650113592,-0.1819548872180451,-0.06362847629757777,0.6833677685950413,0.27
har,krum_bound30,137,3,90,0,0.32222222222222224,0.18052256532066507,73,21,17,8,0.25768191583267547,0.16415960834224483,0.03620333978124387,0.142233807874896,-0.09068627450980393,0.21650635094610968,0.5493092862624712,0.3416149068322981
har,krum_bound30,137,4,90,0,0.32222222222222224,0.18052256532066507,71,22,19,7,0.290231952713099,0.045535319925679954,0.020929804063325383,0.17879326152089098,-0.05964912280701754,-0.07968190728895959,0.673056814220983,0.28409090909090906
har,krum_bound30,137,5,90,0,0.32222222222222224,0.18052256532066507,70,21,20,8,0.26822551115070503,0.08552133528585064,0.05017129108740896,0.17642428163894058,-0.06165413533834586,-0.03539961627023943,0.6509986225895317,0.2947368421052632
har,krum_bound30,137,6,90,0,0.32222222222222224,0.1839158466236851,70,21,20,8,0.2689381548417684,0.08552133528585064,0.028414159756943044,0.12280145415653147,-0.08270676691729321,-0.03539961627023943,0.6509986225895317,0.23214285714285715
har,krum_bound30,137,7,90,0,0.32222222222222224,0.19172039362063115,72,23,18,6,0.2335249812987817,0.006550210815011633,0.015221256226806762,0.09660771740093821,-0.2528379772961816,-0.09086217008485092,0.7044904043227129,0.21146245059288538
har,krum_bound30,137,8,90,0,0.32222222222222224,0.20665083135391923,71,22,19,7,0.2554368829757413,0.05451411540398304,0.05134803853156541,0.15353819128777,-0.10701754385964912,0.059761430466719695,0.6450856627592425,0.22282608695652173
har,krum_bound30,137,9,90,0,0.32222222222222224,0.24499491007804547,72,22,18,7,0.21982148701297097,0.060916960579608194,-0.0045216682382703665,0.09660771740093821,-0.14344685242518057,-0.16474235223499384,0.684553754425191,0.20496894409937888
har,krum_bound30,137,10,90,0,0.32222222222222224,0.2317611129962674,74,22,16,7,0.2909528947445035,0.10505042185307176,0.05354950371179388,0.18585007748829835,-0.2764705882352941,-0.17764934669967067,0.6486486486486487,0.30357142857142855
har,krum_bound30,137,11,90,0,0.32222222222222224,0.2724804886325076,72,21,18,8,0.26533876854872923,0.12445400548522104,0.08091186185751466,0.11541758105314524,-0.04643962848297213,-0.08619942318412312,0.6372625048468399,0.24844720496894412
har,krum_bound30,137,12,90,0,0.32222222222222224,0.2809636918900577,71,22,19,7,0.24447689748154708,0.03912189458403489,0.11745340209673674,0.14318270680725523,-0.1456140350877193,-0.17928429140015908,0.6884135472370766,0.24844720496894412
har,krum_bound30,137,13,90,0,0.32222222222222224,0.29657278588394975,70,21,20,8,0.28967269271032625,0.07797533511356969,0.13477947469122248,0.190977938024765,-0.17142857142857143,-0.14159846508095772,0.6649449035812672,0.2916666666666667
har,krum_bound30,137,14,90,0,0.32222222222222224,0.29657278588394975,73,23,17,6,0.25454812575285435,0.022111294184873793,0.10528625372210121,0.1910819251517279,-0.26715686274509803,-0.17588161767036214,0.6982742960944596,0.29004329004329
har,krum_bound30,137,15,90,0,0.32222222222222224,0.32270105191720394,72,22,18,7,0.25354410149791534,0.05960691841660587,0.15069242810795647,0.11996042726748006,-0.23839009287925697,-0.1867079991996597,0.6976879735768409,0.26086956521739135
har,krum_bound30,137,16,90,0,0.32222222222222224,0.33831014591109604,71,22,19,7,0.2497838378261043,0.042969949789021925,0.10246305143508865,0.17504222685922316,-0.2175438596491228,-0.11952286093343939,0.697858988556663,0.25051759834368525
har,krum_bound30,137,17,90,0,0.32222222222222224,0.35833050559891416,72,23,18,6,0.23300653439544924,0.007860252978013961,0.07177328112464582,0.10553148510133696,-0.12899896800825592,-0.06814662756363819,0.6862932517683044,0.233201581027668
har,krum_bound30,137,18,90,0,0.32222222222222224,0.3067526297930098,74,22,16,7,0.2521089479782996,0.11328967062586172,0.07811378550914026,0.0656053588522346,-0.2588235294117647,-0.013665334361513128,0.6272916666666667,0.39285714285714285
har,krum_bound30,137,19,90,0,0.32222222222222224,0.3752969121140142,74,22,16,7,0.2486753654024635,0.1242753356562483,0.25760299590254004,0.17533228074820617,-0.032352941176470584,0.20498001542269692,0.5754405286343612,0.30357142857142855
har,krum_bound30,137,20,90,0,0.32222222222222224,0.3817441465897523,73,21,17,8,0.304905721727826,0.15611913772956346,0.19173040512800238,0.11073071270573293,-0.01715686274509804,0.07216878364870323,0.5837768397871169,0.3457556935817805
har,krum_bound30,137,21,90,0,0.32222222222222224,0.39429928741092635,73,24,17,5,0.22152279952704726,-0.03417200010389586,0.1730278675565676,0.13007033482281952,-0.17647058823529413,-0.10540925533894599,0.7259984639016898,0.19318181818181818
har,krum_bound30,137,22,90,0,0.32222222222222224,0.32575500508992195,72,22,18,7,0.2564073423504106,0.06484708706861517,0.18913480841786676,0.17643595608810939,-0.1475748194014448,-0.09884541134099631,0.6639868445094098,0.22282608695652173
har,krum_bound30,137,23,90,0,0.32222222222222224,0.40481845945028844,74,22,16,7,0.23403941089755045,0.08857192430749189,0.18241884223379873,0.13727332208852344,-0.31764705882352945,-0.5056173713759857,0.6974046401887535,0.2857142857142857
har,krum_bound30,137,24,90,0,0.32222222222222224,0.39124533423820834,73,20,17,9,0.2946847448521018,0.20168180453475792,0.24226220424371803,0.09467865734874799,-0.2524509803921569,-0.1924500897298753,0.569478672985782,0.341991341991342
har,krum_bound30,137,25,90,0,0.32222222222222224,0.4126230064472345,72,19,18,10,0.35264994022358537,0.24235780015543043,0.3052297139792848,0.17077883796284324,-0.12074303405572755,-0.08619942318412312,0.5532639545884579,0.39880952380952384
har,krum_bound30,137,26,90,0,0.32222222222222224,0.4054971157108924,72,18,18,11,0.3510710337452546,0.30720488722404565,0.24887018688732793,0.16889974056716367,-0.11455108359133126,0.010982823482332923,0.48605805958747134,0.47430830039525684
har,krum_bound30,137,27,90,0,0.32222222222222224,0.40617577197149646,73,20,17,9,0.26544407279961707,0.20302188297020485,0.2652354602472923,0.10056003046102654,-0.41421568627450983,-0.16839382851364088,0.5892141138732959,0.3457556935817805
har,krum_bound30,137,28,90,0,0.32222222222222224,0.4136409908381405,72,20,18,9,0.24599127274709448,0.1827508817388246,0.29576997477780403,0.1077998937771795,-0.35810113519091846,-0.09637388493048533,0.5938830816879598,0.34189723320158105
har,krum_bound30,137,29,90,0,0.32222222222222224,0.3824228028503563,72,20,18,9,0.28769089981285906,0.18144083957582224,0.2886513617095882,0.19756594844831035,-0.2507739938080495,-0.1177903038039265,0.5712541426827141,0.34782608695652173
har,krum_bound30,2024,0,90,0,0.32222222222222224,0.18221920597217509,68,18,22,11,-0.03722050923798113,0.2202613142268579,-0.4867941850245425,-0.10504461503677524,0.2749858836815359,0.07881104062391008,0.5262008733624454,0.35714285714285715
har,krum_bound30,2024,1,90,0,0.32222222222222224,0.18221920597217509,67,19,23,10,-0.07252381057691872,0.1510455920467078,-0.5430256512245129,-0.16497313907440014,0.3221343873517787,0.13222147133698628,0.5783645655877342,0.25296442687747034
har,krum_bound30,2024,2,90,0,0.32222222222222224,0.18221920597217509,66,16,24,13,-0.03453360879061552,0.27811447261993305,-0.4870804046468248,-0.11943507156464823,0.368695652173913,-0.006040302465651719,0.5220539828834759,0.375
har,krum_bound30,2024,3,90,0,0.32222222222222224,0.18221920597217509,67,18,23,11,0.23797647246763542,0.20000108037805187,-0.08652994435942067,-0.08641535382225014,0.17292490118577078,0.0787295821622217,0.5492089925062448,0.30434782608695654
har,krum_bound30,2024,4,90,0,0.32222222222222224,0.18798778418730913,68,20,22,9,0.1938959314086501,0.11468151071315742,0.12122950600819458,-0.14360375587647542,0.019762845849802372,0.12386341581325937,0.5830485304169515,0.19169960474308304
har,krum_bound30,2024,5,90,0,0.32222222222222224,0.331523583305056,66,19,24,10,0.20396511850481766,0.13523536723590826,0.1466883046592589,-0.1025019729250917,0.01652173913043478,0.15872160087351353,0.5723049956178791,0.23484848484848486
har,krum_bound30,2024,6,90,0,0.32222222222222224,0.31048523922633187,68,18,22,11,0.2275799465137556,0.2093392655875096,0.1722259894268022,-0.14395245670867107,-0.06606437041219651,-0.050152480397033676,0.593492894540015,0.32608695652173914
har,krum_bound30,2024,7,90,0,0.32222222222222224,0.34170342721411606,69,20,21,9,0.21043384862748937,0.13026130568071873,0.21677792208059052,-0.12261713512054402,-0.12987012987012986,0.07945521577046603,0.5608465608465608,0.20129870129870128
har,krum_bound30,2024,8,90,0,0.32222222222222224,0.4010858500169664,66,17,24,12,0.24231699154456401,0.22225638615292748,0.17349176406223257,-0.10560711600952966,0.06,-0.036115755925730755,0.545502367175171,0.32608695652173914
har,krum_bound30,2024,9,90,0,0.32222222222222224,0.342042755344418,66,17,24,12,0.2788179054607705,0.21402466814726348,0.23588768412337976,-0.12355187343263135,0.023478260869565212,-0.12038585308576921,0.5735439289239882,0.40476190476190477
har,krum_bound30,2024,10,90,0,0.32222222222222224,0.4211062097047845,70,20,20,9,0.23978763433589093,0.14777583670716837,0.24414132394983312,-0.15265690430688508,0.11428571428571428,0.04357391546800017,0.5684347181008902,0.21000000000000002
har,krum_bound30,2024,11,90,0,0.32222222222222224,0.4740413980318968,68,19,22,10,0.15608600648185636,0.14926799807109378,0.2747039460911289,-0.1272526725945996,-0.014116318464144554,-0.11511089261379083,0.6007738304607808,0.23715415019762845
har,krum_bound30,2024,12,90,0,0.32222222222222224,0.47370206990159486,68,20,22,9,0.16389030680594918,0.10861370591351946,0.2581698734662347,-0.1220744480675897,0.0028232636928289105,0.05100258298193032,0.587862163552203,0.21861471861471865
har,krum_bound30,2024,13,90,0,0.32222222222222224,0.342042755344418,67,18,23,11,0.27655273895546184,0.19522493517499392,0.28570207947863924,-0.11625248552636114,0.02766798418972332,0.026243194054073896,0.5468447881877307,0.26992753623188404
har,krum_bound30,2024,14,90,0,0.32222222222222224,0.48795385137427894,67,19,23,10,0.25614769821858263,0.13910522903906292,0.32466248723816504,-0.10377033881287592,-0.0691699604743083,0.0,0.5853980839114635,0.22644927536231882
har,krum_bound30,2024,15,90,0,0.32222222222222224,0.45978961655921274,67,18,23,11,0.2809988899370766,0.19761300777652288,0.29960986615327995,-0.12709894108720482,0.06422924901185771,0.05248638810814779,0.5551147145075038,0.30434782608695654
har,krum_bound30,2024,16,90,0,0.32222222222222224,0.44010858500169664,69,19,21,10,0.20050573312413958,0.17718006981216244,0.3168850050301194,-0.10283173393666248,0.13766233766233765,-0.03149183286488868,0.5802801724137931,0.29437229437229434
har,krum_bound30,2024,17,90,0,0.32222222222222224,0.45503902273498475,70,19,20,10,0.25380296026013704,0.19619600447930438,0.27969310896616506,-0.12644051198949297,-0.03909774436090225,-0.0693687975619296,0.5732560463721766,0.2727272727272727
har,krum_bound30,2024,18,90,0,0.32222222222222224,0.493722429589413,67,20,23,9,0.18202370286808758,0.09014974070771889,0.37871484437640596,-0.11654842519027102,0.02075098814229249,0.05372153093502535,0.6063594626764156,0.1532091097308489
har,krum_bound30,2024,19,90,0,0.32222222222222224,0.45062775704105873,68,19,22,10,0.19824014333730597,0.14926799807109378,0.3187225116742391,-0.10351411713208072,-0.02089215132693394,-0.11511089261379083,0.6181304117335218,0.2727272727272727
har,krum_bound30,2024,20,90,0,0.32222222222222224,0.3973532405836444,66,18,24,11,0.2360660381616379,0.17227809826139615,0.27038799129645746,-0.14022257440698105,-0.03304347826086956,-0.006040302465651719,0.5781122198593162,0.23106060606060605
har,krum_bound30,2024,21,90,0,0.32222222222222224,0.4075330844927044,69,19,21,10,0.2208061751153291,0.17964947845065948,0.3317719506243276,-0.09832929932610257,-0.18311688311688312,0.0,0.5640187870124566,0.27619047619047615
har,krum_bound30,2024,22,90,0,0.32222222222222224,0.4801493043773329,66,18,24,11,0.26737368962265534,0.16051850111044763,0.3506377894377041,-0.14056933250802572,-0.18521739130434778,-0.12684635177868606,0.6021066938498131,0.19746376811594202
har,krum_bound30,2024,23,90,0,0.32222222222222224,0.3430607397353241,67,17,23,12,0.28316826795226063,0.2382102420025155,0.30513634732272976,-0.11707048017741924,-0.08596837944664032,-0.09185117918925864,0.5565440547476476,0.3217391304347826
har,krum_bound30,2024,24,90,0,0.32222222222222224,0.39871055310485237,67,18,23,11,0.2672093781969961,0.1916428262727004,0.3364478149939797,-0.09350712414817088,0.007905138339920948,-0.013121597027036948,0.5646327113800639,0.2964426877470356
har,krum_bound30,2024,25,90,0,0.32222222222222224,0.48998982015609094,67,18,23,11,0.3022630902839297,0.18925475367117142,0.32609700599856756,-0.11485195445442418,-0.05533596837944664,-0.03936479108111085,0.573954718228392,0.1925465838509317
har,krum_bound30,2024,26,90,0,0.32222222222222224,0.4170342721411605,67,17,23,12,0.24878040456305672,0.23224006049869303,0.3036566841159798,-0.1231407065583848,-0.03063241106719368,-0.1574591643244434,0.5719240297274979,0.2817391304347826
har,krum_bound30,2024,27,90,0,0.32222222222222224,0.46420088225313877,65,18,25,11,0.23407483173339297,0.15591036182903006,0.34960348625885684,-0.1371524086207519,-0.06384615384615384,0.02234950781338371,0.5796936114732725,0.20190476190476192
har,krum_bound30,2024,28,90,0,0.32222222222222224,0.4648795385137428,67,18,23,11,0.2800752933563547,0.19761300777652288,0.30090741806609916,-0.10960511645478961,-0.008893280632411068,0.05248638810814779,0.5436789772727273,0.26086956521739135
har,krum_bound30,2024,29,90,0,0.32222222222222224,0.499151679674245,68,19,22,10,0.21369593251061428,0.14684087615123861,0.32533866620830204,-0.10705450083656093,-0.1485036702428007,-0.14388861576723855,0.6098930012278547,0.2462121212121212
har,krum_bound30,42,0,90,0,0.32222222222222224,0.18221920597217509,76,18,14,11,0.1111212081127386,0.4142400445592706,-0.41922990408123273,-0.05806261639856116,0.0792079687225004,-0.28100074799030694,0.45007235890014474,0.51
har,krum_bound30,42,1,90,0,0.32222222222222224,0.18221920597217509,72,13,18,16,0.1998983156902587,0.5954191844350198,-0.5136281638367175,-0.034303236950620694,0.06711410290358308,-0.15340909090909094,0.31651629534155773,0.6648550724637682
har,krum_bound30,42,2,90,0,0.32222222222222224,0.18221920597217509,73,16,17,13,0.46605896277762415,0.4408896958714534,-0.17605748960903353,-0.060043024611398405,-0.017167385201006035,-0.2690807240490162,0.40325756219795955,0.5928853754940712
har,krum_bound30,42,3,90,0,0.32222222222222224,0.1856124872751951,73,16,17,13,0.43228605012076166,0.4435698763934683,-0.13524530902816118,-0.05503113051751504,-0.13733908160804828,-0.21243215056501277,0.3970044052863436,0.6086956521739131
har,krum_bound30,42,4,90,0,0.32222222222222224,0.2463522225992535,73,16,17,13,0.45412634909800464,0.44625005691548325,-0.061235254539491114,-0.001322497554059761,-0.10055182760589249,-0.15578357708100937,0.38329363729159577,0.5197628458498024
har,krum_bound30,42,5,90,0,0.32222222222222224,0.28741092636579574,73,16,17,13,0.46622359260600216,0.4428959229151993,-0.1399402341972092,-0.04384168178053532,0.09313725490196079,-0.22645540682891915,0.41423055708769996,0.5610766045548654
har,krum_bound30,42,6,90,0,0.32222222222222224,0.29691211401425177,72,15,18,14,0.5236122223780558,0.45851862387735304,-0.03478413848169042,-0.03636977597827086,-0.1404233537674969,-0.4896357945801353,0.4554759467758444,0.5928853754940712
har,krum_bound30,42,7,90,0,0.32222222222222224,0.30810994231421784,73,15,17,14,0.5208405073976955,0.498513577094774,0.03385354241000713,-0.055787516223048325,-0.10177806940596434,-0.3624381035534084,0.4070666175929334,0.6708074534161491
har,krum_bound30,42,8,90,0,0.32222222222222224,0.32202239565659996,74,17,16,12,0.49715311454156946,0.40921602238190047,0.038828325624605635,0.027172155380391867,-0.055882352941176466,-0.3131121455425747,0.4357833655705996,0.5755693581780539
har,krum_bound30,42,9,90,0,0.32222222222222224,0.32270105191720394,73,15,17,14,0.5373653693721989,0.5132545699658561,0.05441695965417775,-0.018270817911165485,-0.003678725400215579,-0.015758178415365583,0.3284160059007929,0.5632411067193677
har,krum_bound30,42,10,90,0,0.32222222222222224,0.32473702069901594,72,15,18,14,0.5289616969034537,0.4735842358047517,0.08574703396258908,-0.010547111280601247,-0.07330925086391384,-0.19327728733426394,0.3827726809378186,0.6086956521739131
har,krum_bound30,42,11,90,0,0.32222222222222224,0.3243976925687139,73,15,17,14,0.5827764774978106,0.5098998446875441,0.09166923929364025,0.00013078393636884917,0.20833333333333337,-0.09449111825230681,0.3599358331662322,0.6105072463768116
har,krum_bound30,42,12,90,0,0.32222222222222224,0.32473702069901594,74,15,16,14,0.5529550069071367,0.5396707946177413,0.10064970245668375,-0.07362015638030417,0.06176470588235294,-0.20498001542269695,0.33861003861003863,0.6583333333333333
har,krum_bound30,42,13,90,0,0.32222222222222224,0.32473702069901594,72,15,18,14,0.5250379633859261,0.4709641293825954,0.06776996826633483,-0.07096107651801531,-0.15591122366832377,-0.24481789729006764,0.39770520741394527,0.5946969696969697
har,krum_bound30,42,14,90,0,0.32222222222222224,0.32473702069901594,72,15,18,14,0.4917156859457817,0.4709641293825954,0.17182417099063535,-0.0011633378190514874,-0.0805369234842997,-0.24481789729006764,0.38678111587982833,0.625
har,krum_bound30,42,15,90,0,0.32222222222222224,0.32473702069901594,74,17,16,12,0.5007225582984639,0.4119624386394971,0.11604277552477403,-0.04001221531878087,-0.0411764705882353,-0.2504897164340598,0.4330194118777628,0.5909090909090909
har,krum_bound30,42,16,90,0,0.32222222222222224,0.32473702069901594,73,15,17,14,0.49879530495322677,0.498513577094774,0.12501929866762437,-0.10843924211377011,-0.1827100282107071,-0.3624381035534084,0.3933143669985775,0.6818181818181818
har,krum_bound30,42,17,90,0,0.32222222222222224,0.32473702069901594,72,15,18,14,0.5220760316558061,0.4703051365178353,0.11794040227097358,-0.010574013465785074,0.009287925696594427,-0.2575700417444659,0.4137741046831956,0.575
har,krum_bound30,42,18,90,0,0.32222222222222224,0.32473702069901594,74,17,16,12,0.4733570920288384,0.41265286641385074,0.1536437265556279,-0.0028176633466966542,-0.18837385526568326,-0.23500697197692116,0.4049973036131584,0.6083333333333334
har,krum_bound30,42,19,90,0,0.32222222222222224,0.32473702069901594,72,15,18,14,0.5186044543752052,0.4709641293825954,0.1442727648196852,-0.02322285625451118,-0.06195147960330745,-0.24481789729006764,0.4086704153818248,0.5795454545454546
har,krum_bound30,42,20,90,0,0.32222222222222224,0.32473702069901594,74,17,16,12,0.47385113726513733,0.40990642470726935,0.1344224148784624,-0.07768602554476182,-0.23399564833784092,-0.29767549783743347,0.4281641961231471,0.5909090909090909
har,krum_bound30,42,21,90,0,0.32222222222222224,0.32473702069901594,73,16,17,13,0.5059745144646561,0.44021576604430557,0.1883985405537195,0.007907897410465234,-0.04166666666666667,-0.28306925853614895,0.41978759083286754,0.5492424242424243
har,krum_bound30,42,22,90,0,0.32222222222222224,0.32473702069901594,73,16,17,13,0.4779795233121127,0.4408896958714534,0.16295636177154907,-0.05889499683874508,-0.10913552020639551,-0.2690807240490162,0.43866822429906543,0.6086956521739131
har,krum_bound30,42,23,90,0,0.32222222222222224,0.32473702069901594,72,15,18,14,0.5280190582205643,0.4709641293825954,0.20221175546564507,0.020885929307586718,-0.25400106637356057,-0.24481789729006764,0.4107566089334549,0.6401515151515151
har,krum_bound30,42,24,90,0,0.32222222222222224,0.32473702069901594,74,17,16,12,0.4693139234410851,0.40921602238190047,0.12868019238136327,-0.03868609618250127,-0.049999999999999996,-0.3131121455425747,0.4392669136283876,0.5474308300395258
har,krum_bound30,42,25,90,0,0.32222222222222224,0.32473702069901594,73,16,17,13,0.5033031812321941,0.4435698763934683,0.1580914779633744,-0.062239171389591806,-0.1912937208112101,-0.21243215056501277,0.39960979070592406,0.5474308300395258
har,krum_bound30,42,26,90,0,0.32222222222222224,0.3254156769596199,74,15,16,14,0.5096817680277116,0.5280034180902682,0.149992978666716,-0.09829663478661294,-0.2192789408952094,-0.5538534366479695,0.38578862372151446,0.6363636363636364
har,krum_bound30,42,27,90,0,0.32222222222222224,0.331862911435358,73,15,17,14,0.529892419391023,0.510574389443841,0.1551762879339224,-0.06808839901511668,0.02575107780150905,-0.0787908920768279,0.3429616791835163,0.6121739130434782
har,krum_bound30,42,28,90,0,0.32222222222222224,0.35391923990498814,71,14,19,15,0.5273295443527496,0.5002512210596923,0.15758626482940927,0.008433609977528596,-0.19394473126388934,-0.2240154213095369,0.3816703371167203,0.6818181818181819
har,krum_bound30,42,29,90,0,0.32222222222222224,0.3834407872412623,72,14,18,15,0.5198298846629615,0.5266413908534169,0.13095524429905414,0.013256146324811499,-0.19721221007052872,-0.34497574474564136,0.3751070022256463,0.7164502164502164
har,mdbg_l0_only,137,0,90,0,0.0,0.18052256532066507,75,0,15,0,-0.30489898148690137,,-0.5733780157693449,0.13169811152094732,0.035714285714285705,,1.0,0.0
har,mdbg_l0_only,137,1,90,0,0.0,0.18052256532066507,71,0,19,0,-0.27110389381902106,,-0.5123267918330456,0.12501475664948175,-0.0017543859649122807,,1.0,0.0
har,mdbg_l0_only,137,2,90,0,0.0,0.18052256532066507,70,0,20,0,-0.07850392406317026,,-0.38408130095391374,0.15334778650113592,-0.048120300751879695,,1.0,0.0
har,mdbg_l0_only,137,3,90,0,0.0,0.18052256532066507,73,0,17,0,0.21872649453274534,,-0.306471545028029,0.142233807874896,-0.09558823529411767,,1.0,0.0
har,mdbg_l0_only,137,4,90,0,0.0,0.18052256532066507,71,0,19,0,0.33947112964912096,,-0.10764352716694092,0.17879326152089098,-0.11228070175438597,,1.0,0.0
har,mdbg_l0_only,137,5,90,0,0.0,0.18052256532066507,70,0,20,0,0.31264696789365454,,-0.03646295063029537,0.17642428163894058,-0.13383458646616542,,1.0,0.0
har,mdbg_l0_only,137,6,90,0,0.0,0.18052256532066507,70,0,20,0,0.29948002731591244,,-0.19289472896819596,0.12280145415653147,-0.12180451127819547,,1.0,0.0
har,mdbg_l0_only,137,7,90,0,0.0,0.18120122158126908,72,0,18,0,0.2558181981420783,,-0.15035308971165529,0.09660771740093821,-0.283797729618163,,1.0,0.0
har,mdbg_l0_only,137,8,90,0,0.0,0.18120122158126908,71,0,19,0,0.29789240573219894,,-0.11446138022453765,0.15353819128777,-0.16315789473684209,,1.0,0.0
har,mdbg_l0_only,137,9,90,0,0.0,0.20257889379029523,72,0,18,0,0.24407066262793098,,-0.16188588398229994,0.09660771740093821,-0.1991744066047472,,1.0,0.0
har,mdbg_l0_only,137,10,90,0,0.0,0.18527315914489312,74,0,16,0,0.2847156314322831,,-0.13383820184010103,0.18585007748829835,-0.3411764705882353,,1.0,0.0
har,mdbg_l0_only,137,11,90,0,0.0,0.24872751951136748,72,0,18,0,0.31736020214447686,,0.008533509927726534,0.11541758105314524,-0.1001031991744066,,1.0,0.0
har,mdbg_l0_only,137,12,90,0,0.0,0.19138106549032916,71,0,19,0,0.00942558752500703,,-0.3630529620544127,0.14318270680725523,0.08070175438596491,,1.0,0.0
har,mdbg_l0_only,137,13,90,0,0.0,0.32473702069901594,70,0,20,0,0.34654844633995446,,0.0744718657557134,0.190977938024765,-0.14436090225563908,,1.0,0.0
har,mdbg_l0_only,137,14,90,0,0.0,0.20563284696301323,73,0,17,0,-0.1591121647835329,,-0.33919196401713975,0.1910819251517279,0.09803921568627452,,1.0,0.0
har,mdbg_l0_only,137,15,90,0,0.0,0.327451645741432,72,0,18,0,0.301088039110337,,0.13688598235870056,0.11996042726748006,-0.20123839009287925,,1.0,0.0
har,mdbg_l0_only,137,16,90,0,0.0,0.2317611129962674,71,0,19,0,-0.06692513247560072,,-0.2973734341986934,0.17504222685922316,0.1087719298245614,,1.0,0.0
har,mdbg_l0_only,137,17,90,0,0.0,0.327451645741432,72,0,18,0,0.2840971201420317,,-0.009022509544080603,0.10553148510133696,-0.07946336429308565,,1.0,0.0
har,mdbg_l0_only,137,18,90,0,0.0,0.24872751951136748,74,0,16,0,-0.08509850340831299,,-0.23224618861482124,0.0656053588522346,0.2911764705882353,,1.0,0.0
har,mdbg_l0_only,137,19,90,0,0.0,0.33220223956566,74,0,16,0,0.2725745822522582,,0.1583803209661128,0.17533228074820617,-0.06764705882352941,,1.0,0.0
har,mdbg_l0_only,137,20,90,0,0.0,0.2667119104173736,73,0,17,0,0.1394416055132711,,-0.36711825450994406,0.11073071270573293,0.02450980392156863,,1.0,0.0
har,mdbg_l0_only,137,21,90,0,0.0,0.333220223956566,73,0,17,0,0.2604300086719032,,-0.01591948184561209,0.13007033482281952,-0.286764705882353,,1.0,0.0
har,mdbg_l0_only,137,22,90,0,0.0,0.34373939599592807,72,0,18,0,0.015034960196641883,,-0.3229074562060145,0.17643595608810939,0.03199174406604747,,1.0,0.0
har,mdbg_l0_only,137,23,90,0,0.0,0.35188327112317613,74,0,16,0,0.2950657832256309,,0.02560553339789513,0.13727332208852344,-0.4088235294117647,,1.0,0.0
har,mdbg_l0_only,137,24,90,0,0.0,0.336952833389888,73,0,17,0,0.423049607737082,,-0.11463280912074664,0.09467865734874799,-0.17156862745098042,,1.0,0.0
har,mdbg_l0_only,137,25,90,0,0.0,0.3752969121140142,72,0,18,0,0.3980258271493438,,0.0684754100720235,0.17077883796284324,-0.15376676986584106,,1.0,0.0
har,mdbg_l0_only,137,26,90,0,0.0,0.3847980997624703,72,0,18,0,0.07777881838403845,,-0.3433465873350026,0.16889974056716367,-0.11248710010319916,,1.0,0.0
har,mdbg_l0_only,137,27,90,0,0.0,0.3607058025110282,73,0,17,0,0.2784372485921061,,-0.02175292617449571,0.10056003046102654,-0.49754901960784315,,1.0,0.0
har,mdbg_l0_only,137,28,90,0,0.0,0.4160162877502545,72,0,18,0,-0.02864419140911945,,-0.32412964671488886,0.1077998937771795,-0.07120743034055728,,1.0,0.0
har,mdbg_l0_only,137,29,90,0,0.0,0.34543603664743805,72,0,18,0,0.31231712772115183,,0.07839011673018545,0.19756594844831035,-0.18059855521155832,,1.0,0.0
har,mdbg_l0_only,2024,0,90,0,0.0,0.36138445877163217,68,0,22,0,-0.03722050923798113,,-0.4867941850245425,-0.10504461503677524,0.2749858836815359,,1.0,0.0
har,mdbg_l0_only,2024,1,90,0,0.0,0.22870715982354936,67,0,23,0,-0.07338297018689258,,-0.5580004200991542,-0.16497313907440014,0.2766798418972332,,1.0,0.0
har,mdbg_l0_only,2024,2,90,0,0.0,0.19104173736002714,66,0,24,0,-0.07488451768378496,,-0.6080657261740823,-0.11943507156464823,0.42173913043478256,,1.0,0.0
har,mdbg_l0_only,2024,3,90,0,0.0,0.1866304716661011,67,0,23,0,0.01554004944540225,,-0.36711279951864717,-0.08641535382225014,0.33992094861660077,,1.0,0.0
har,mdbg_l0_only,2024,4,90,0,0.0,0.19477434679334918,68,0,22,0,0.19200761818338008,,-0.14985621751226244,-0.14360375587647542,0.08074534161490683,,1.0,0.0
har,mdbg_l0_only,2024,5,90,0,0.0,0.2548354258568035,66,0,24,0,0.23590738452247734,,-0.19425107349195536,-0.1025019729250917,0.1591304347826087,,1.0,0.0
har,mdbg_l0_only,2024,6,90,0,0.0,0.32473702069901594,68,0,22,0,0.30651798839325106,,-0.23104212276383088,-0.14395245670867107,0.05590062111801244,,1.0,0.0
har,mdbg_l0_only,2024,7,90,0,0.0,0.4533423820834747,69,0,21,0,0.31784406467715304,,-0.08431271237747887,-0.12261713512054402,0.04935064935064935,,1.0,0.0
har,mdbg_l0_only,2024,8,90,0,0.0,0.4496097726501527,66,0,24,0,0.3548235755279568,,-0.37785192980359833,-0.10560711600952966,0.0634782608695652,,1.0,0.0
har,mdbg_l0_only,2024,9,90,0,0.0,0.34781133355955207,66,0,24,0,0.3886591083062659,,-0.09140147230178812,-0.12355187343263135,-0.04608695652173912,,1.0,0.0
har,mdbg_l0_only,2024,10,90,0,0.0,0.47166610111978285,70,0,20,0,0.34372049518494113,,-0.06664276012504049,-0.15265690430688508,0.13684210526315788,,1.0,0.0
har,mdbg_l0_only,2024,11,90,0,0.0,0.46114692908042076,68,0,22,0,0.2640036530613049,,0.002961396922349464,-0.1272526725945996,-0.044607566346696784,,1.0,0.0
har,mdbg_l0_only,2024,12,90,0,0.0,0.46012894468951476,68,0,22,0,0.3094214064159206,,-0.4269530658914787,-0.1220744480675897,-0.047995482778091486,,1.0,0.0
har,mdbg_l0_only,2024,13,90,0,0.0,0.3688496776382762,67,0,23,0,0.3619102462063652,,0.007966983508228909,-0.11625248552636114,0.11758893280632411,,1.0,0.0
har,mdbg_l0_only,2024,14,90,0,0.0,0.4669155072955548,67,0,23,0,0.3488080621542638,,0.011344950748207457,-0.10377033881287592,-0.02766798418972332,,1.0,0.0
har,mdbg_l0_only,2024,15,90,0,0.0,0.504920257889379,67,0,23,0,0.399391084191475,,-0.1799262021821439,-0.12709894108720482,-0.005928853754940711,,1.0,0.0
har,mdbg_l0_only,2024,16,90,0,0.0,0.42551747539871054,69,0,21,0,0.33170344739323865,,-0.26542535635812364,-0.10283173393666248,0.024675324675324677,,1.0,0.0
har,mdbg_l0_only,2024,17,90,0,0.0,0.6481167288768239,70,0,20,0,0.3346710514888984,,0.0006462623412322678,-0.12644051198949297,0.05864661654135337,,1.0,0.0
har,mdbg_l0_only,2024,18,90,0,0.0,0.4207668815744825,67,0,23,0,0.2859605366846757,,-0.6178495972030275,-0.11654842519027102,0.06126482213438736,,1.0,0.0
har,mdbg_l0_only,2024,19,90,0,0.0,0.5870376654224635,68,0,22,0,0.26879538430924443,,0.18757591262611603,-0.10351411713208072,0.009599096555618296,,1.0,0.0
har,mdbg_l0_only,2024,20,90,0,0.0,0.3461146929080421,66,0,24,0,0.24624102488646857,,-0.5919405225166127,-0.14022257440698105,-0.041739130434782605,,1.0,0.0
har,mdbg_l0_only,2024,21,90,0,0.0,0.4781133355955209,69,0,21,0,0.22262744015173777,,0.22134872108095732,-0.09832929932610257,-0.14285714285714285,,1.0,0.0
har,mdbg_l0_only,2024,22,90,0,0.0,0.3505259586019681,66,0,24,0,0.11592292567998348,,-0.6701596508749874,-0.14056933250802572,0.0626086956521739,,1.0,0.0
har,mdbg_l0_only,2024,23,90,0,0.0,0.42382083474720056,67,0,23,0,0.2786576799998978,,0.26536871471481954,-0.11707048017741924,0.015810276679841896,,1.0,0.0
har,mdbg_l0_only,2024,24,90,0,0.0,0.34238208347472004,67,0,23,0,-0.017602032509339522,,-0.4866146821921219,-0.09350712414817088,0.25691699604743085,,1.0,0.0
har,mdbg_l0_only,2024,25,90,0,0.0,0.3450967085171361,67,0,23,0,0.2859605366846757,,0.2887300047206821,-0.11485195445442418,-0.0009881422924901185,,1.0,0.0
har,mdbg_l0_only,2024,26,90,0,0.0,0.34238208347472004,67,0,23,0,-0.02569961183334318,,-0.5521634250638823,-0.1231407065583848,0.09881422924901187,,1.0,0.0
har,mdbg_l0_only,2024,27,90,0,0.0,0.34781133355955207,65,0,25,0,0.2272145030495672,,0.3238160166399215,-0.1371524086207519,-0.03615384615384615,,1.0,0.0
har,mdbg_l0_only,2024,28,90,0,0.0,0.3630810994231422,67,0,23,0,0.01987880547577026,,-0.5735460251532002,-0.10960511645478961,0.20355731225296442,,1.0,0.0
har,mdbg_l0_only,2024,29,90,0,0.0,0.47336274177129284,68,0,22,0,0.20785635114923012,,0.23716463848943567,-0.10705450083656093,-0.05251270468661773,,1.0,0.0
har,mdbg_l0_only,42,0,90,0,0.0,0.1825585341024771,76,0,14,0,0.1111212081127386,,-0.41922990408123273,-0.05806261639856116,0.0792079687225004,,1.0,0.0
har,mdbg_l0_only,42,1,90,0,0.0,0.18221920597217509,72,0,18,0,0.04539983556466647,,-0.514717877443359,-0.034303236950620694,0.0764068248440792,,1.0,0.0
har,mdbg_l0_only,42,2,90,0,0.0,0.18221920597217509,73,0,17,0,0.4684695918038098,,-0.4806360324704239,-0.060043024611398405,-0.09196813500538946,,1.0,0.0
har,mdbg_l0_only,42,3,90,0,0.0,0.18730912792670512,73,0,17,0,0.43728810535009704,,-0.29282971334707597,-0.05503113051751504,-0.12017169640704224,,1.0,0.0
har,mdbg_l0_only,42,4,90,0,0.0,0.21852731591448932,73,0,17,0,0.47852191484300455,,-0.16854246148652133,-0.001322497554059761,-0.06008584820352112,,1.0,0.0
har,mdbg_l0_only,42,5,90,0,0.0,0.2911435357991177,73,0,17,0,0.5098073807930528,,-0.2651828237702026,-0.04384168178053532,0.12254901960784316,,1.0,0.0
har,mdbg_l0_only,42,6,90,0,0.0,0.33729216152019004,72,0,18,0,0.5656421246513922,,-0.17654905909432497,-0.03636977597827086,-0.1486835510479379,,1.0,0.0
har,mdbg_l0_only,42,7,90,0,0.0,0.37190363081099426,73,0,17,0,0.5625684958409711,,-0.17018104509459858,-0.055787516223048325,-0.07234826620423972,,1.0,0.0
har,mdbg_l0_only,42,8,90,0,0.0,0.4177129284017645,74,0,16,0,0.5220404127081516,,-0.12762754187984388,0.027172155380391867,0.0411764705882353,,1.0,0.0
har,mdbg_l0_only,42,9,90,0,0.0,0.41126569392602647,73,0,17,0,0.5411138975079178,,-0.13652835250056825,-0.018270817911165485,0.003678725400215579,,1.0,0.0
har,mdbg_l0_only,42,10,90,0,0.0,0.4163556158805565,72,0,18,0,0.5486628453758448,,-0.15431856159059726,-0.010547111280601247,0.02891069048154348,,1.0,0.0
har,mdbg_l0_only,42,11,90,0,0.0,0.43400067865626063,73,0,17,0,0.6038451892652233,,-0.11887129460422464,0.00013078393636884917,0.26470588235294124,,1.0,0.0
har,mdbg_l0_only,42,12,90,0,0.0,0.4034611469290804,74,0,16,0,0.5781757825181345,,-0.16095214381347944,-0.07362015638030417,-0.0029411764705882353,,1.0,0.0
har,mdbg_l0_only,42,13,90,0,0.0,0.4428232100441127,72,0,18,0,0.5336159754002209,,-0.1289255063465551,-0.07096107651801531,-0.09808984270523681,,1.0,0.0
har,mdbg_l0_only,42,14,90,0,0.0,0.3898880217170003,72,0,18,0,0.5002701319930041,,-0.04196556996348082,-0.0011633378190514874,-0.10118741668540218,,1.0,0.0
har,mdbg_l0_only,42,15,90,0,0.0,0.4468951476077367,74,0,16,0,0.5199283888935186,,-0.11123771268460786,-0.04001221531878087,0.05294117647058824,,1.0,0.0
har,mdbg_l0_only,42,16,90,0,0.0,0.4373939599592806,73,0,17,0,0.5281929259275622,,-0.08996696649262201,-0.10843924211377011,-0.2121398314124317,,1.0,0.0
har,mdbg_l0_only,42,17,90,0,0.0,0.4346793349168646,72,0,18,0,0.5489292246715951,,-0.11606355304753115,-0.010574013465785074,0.06914344685242517,,1.0,0.0
har,mdbg_l0_only,42,18,90,0,0.0,0.4323040380047506,74,0,16,0,0.5012088922251863,,-0.057271697161038373,-0.0028176633466966542,-0.19131719675420958,,1.0,0.0
har,mdbg_l0_only,42,19,90,0,0.0,0.44248388191381066,72,0,18,0,0.5411099529291924,,-0.050306940690220354,-0.02322285625451118,-0.14145587842755203,,1.0,0.0
har,mdbg_l0_only,42,20,90,0,0.011111111111111112,0.4458771632168307,74,0,16,1,0.5062852070281569,0.24795012193851573,-0.12193785246302455,-0.07768602554476182,-0.21192058717389364,0.19618351742333265,0.9167616875712656,0.045454545454545456
har,mdbg_l0_only,42,21,90,0,0.1,0.43094672548354257,73,1,17,8,0.5077824702799376,0.5938990650747482,-0.02912106597113918,0.007907897410465234,-0.04901960784313726,0.02405626121623441,0.6256754238867152,0.36363636363636365
har,mdbg_l0_only,42,22,90,0,0.07777777777777778,0.43501866304716663,73,1,17,6,0.5022063450252796,0.48754640738734584,0.00609650585337261,-0.05889499683874508,-0.09319437680546132,-0.050282710692728806,0.7289719626168224,0.2608695652173913
har,mdbg_l0_only,42,23,90,0,0.07777777777777778,0.4343400067865626,72,0,18,7,0.5302813910594991,0.570341976317518,0.07917868198189186,0.020885929307586718,-0.14661850172782767,-0.054942474819912296,0.717228805834093,0.3181818181818182
har,mdbg_l0_only,42,24,90,0,0.08888888888888889,0.4458771632168307,74,1,16,7,0.4974618899530655,0.5648798622321,0.02708308146275475,-0.03868609618250127,-0.0029411764705882353,-0.013665334361513128,0.6586079157730552,0.3181818181818182
har,mdbg_l0_only,42,25,90,0,0.1,0.4163556158805565,73,1,17,8,0.529398240440655,0.5855541575399521,0.0502955185385048,-0.062239171389591806,-0.06621705720388042,-0.07221304540303206,0.6436679673643135,0.36363636363636365
har,mdbg_l0_only,42,26,90,0,0.07777777777777778,0.43942992874109266,74,0,16,7,0.5061246423263598,0.6074271559236697,0.10045373695073129,-0.09829663478661294,-0.17954383080010436,-0.15042932847228796,0.6893952987618877,0.3181818181818182
har,mdbg_l0_only,42,27,90,0,0.1,0.4149983033593485,73,1,17,8,0.513825576931495,0.5980793801611275,0.04596775103404468,-0.06808839901511668,-0.13488659800790456,0.07221304540303206,0.6152512998266898,0.34782608695652173
har,mdbg_l0_only,42,28,90,0,0.08888888888888889,0.43196470987444857,71,0,19,8,0.5316097417132744,0.5939975523801806,0.14013925132536575,0.008433609977528596,-0.19218957532484962,-0.03894203079336564,0.6649161443333897,0.36363636363636365
har,mdbg_l0_only,42,29,90,0,0.1111111111111111,0.4129623345775365,72,1,18,9,0.502249673227072,0.6087765016298805,0.10106406926261569,0.013256146324811499,-0.21063503065124534,-0.05356869554443542,0.6137647663071392,0.42857142857142855
mnist,fed_mdbscan_g,137,0,90,0,0.23333333333333334,0.1057,49,0,41,21,0.42850513283167385,0.533879706866209,-0.9327184706960393,-0.5320360828059001,-0.4385017421602789,-0.12784184532056,0.5586002268958897,0.43478260869565216
mnist,fed_mdbscan_g,137,1,90,0,0.35555555555555557,0.2009,51,1,39,31,0.6928326967288085,0.7823697083552487,-0.3813610688456686,-0.5885414398543442,-0.019230769230769235,0.11848470275852445,0.22035599218296098,0.8181818181818182
mnist,fed_mdbscan_g,137,2,90,0,0.4222222222222222,0.2107,48,4,42,34,0.6745017925411906,0.7370749795416781,-0.34744734736256655,-0.5373680366735053,0.09391459363098614,0.260125757848455,0.15808931647271351,0.7371428571428571
mnist,fed_mdbscan_g,137,3,90,0,0.4222222222222222,0.2114,51,5,39,33,0.6753046092207671,0.7237759647460714,-0.36515580261090835,-0.5742806503258144,0.05931174089068827,0.07577352304240825,0.18591633022069204,0.7207792207792207
mnist,fed_mdbscan_g,137,4,90,0,0.43333333333333335,0.212,51,5,39,34,0.6908305268161559,0.7419230051516698,-0.38100026699769207,-0.5845664362076871,-0.042914979757085026,0.05451730205091056,0.17287823748643677,0.733201581027668
mnist,fed_mdbscan_g,137,5,90,0,0.43333333333333335,0.2121,48,4,42,35,0.6818122541141862,0.7407532391110867,-0.4084554660321352,-0.5700991202429725,0.09683169921400211,0.18184464641646986,0.16213056187073724,0.725
mnist,fed_mdbscan_g,137,6,90,0,0.4222222222222222,0.2124,50,5,40,33,0.6960631160026073,0.7263122361915488,-0.40002871946623586,-0.5267991147213655,0.032270168855534714,0.219442696245705,0.16030090097857483,0.7267080745341614
mnist,fed_mdbscan_g,137,7,90,0,0.4111111111111111,0.2126,48,3,42,34,0.6811419795200852,0.7559321140648282,-0.39028727740622254,-0.5262004648711694,0.07009156470302245,0.24011608416780456,0.16626638757298667,0.775
mnist,fed_mdbscan_g,137,8,90,0,0.43333333333333335,0.2126,50,4,40,35,0.711246231793448,0.7827218825507135,-0.3534764456151281,-0.536739356465054,-0.000375234521575985,0.1997317955076071,0.052159677622465685,0.7786561264822134
mnist,fed_mdbscan_g,137,9,90,0,0.4444444444444444,0.2127,48,5,42,35,0.6720709300132507,0.7181546064419192,-0.37721627581216427,-0.5334123295430387,0.05113037841341869,0.17657378710005045,0.16425460783882462,0.725
mnist,fed_mdbscan_g,137,10,90,0,0.4222222222222222,0.2127,50,5,40,33,0.6650638778066562,0.7158480127493655,-0.32805052870492846,-0.532928470614844,0.030956848030018764,0.15674478303264644,0.1820915793558401,0.733201581027668
mnist,fed_mdbscan_g,137,11,90,0,0.43333333333333335,0.2129,49,4,41,35,0.6903019674939636,0.755383097475028,-0.36517406148075654,-0.5339161899909147,0.10470383275261326,0.15163507931514913,0.16182865720403522,0.7797619047619048
mnist,fed_mdbscan_g,137,12,90,0,0.4222222222222222,0.2129,52,5,38,33,0.6867725548428745,0.7503392577269923,-0.3291998512400299,-0.5597142736036327,0.08151876572929204,0.1100391389852361,0.1655454947510533,0.7727272727272727
mnist,fed_mdbscan_g,137,13,90,0,0.4222222222222222,0.2131,51,5,39,33,0.6808196772528923,0.7352644721229931,-0.3158162862030282,-0.5215588119236416,0.06497975708502025,0.1515470460848165,0.18037050668629617,0.7272727272727273
mnist,fed_mdbscan_g,137,14,90,0,0.4222222222222222,0.213,48,4,42,34,0.6645996025376709,0.7314340995962062,-0.3891122069107602,-0.5600101467344543,0.08743213677983956,0.2301112473274794,0.16488114798992223,0.7743271221532091
mnist,fed_mdbscan_g,137,15,90,0,0.4,0.2131,52,4,38,32,0.6997735721501938,0.7589190005813533,-0.3796449836443039,-0.6085898604715256,0.031185031185031187,0.16453066452895512,0.16757357275654106,0.7766798418972332
mnist,fed_mdbscan_g,137,16,90,0,0.3888888888888889,0.213,54,5,36,30,0.6664363869413026,0.7331960442533243,-0.2616162551234776,-0.5081728358104525,0.02908622908622909,0.14349920066683505,0.18356527501656728,0.7386363636363636
mnist,fed_mdbscan_g,137,17,90,0,0.4111111111111111,0.213,52,5,38,32,0.6866992580574914,0.7372396716884558,-0.33781932895962413,-0.5570044161642199,0.12003501477185688,0.16453066452895512,0.16772475936924022,0.7272727272727273
mnist,fed_mdbscan_g,137,18,90,0,0.3888888888888889,0.213,52,4,38,31,0.6534958142789679,0.7377540873665127,-0.30197988037388185,-0.5473347999493083,0.0955246744720429,0.15785842702814162,0.20440243079000675,0.7195652173913043
mnist,fed_mdbscan_g,137,19,90,0,0.4222222222222222,0.2131,51,5,39,33,0.7192795411204846,0.763028364950554,-0.30270792304876976,-0.5528368236222495,0.2394736842105263,0.33466639343730314,0.05128770614325271,0.7826086956521738
mnist,fed_mdbscan_g,137,20,90,0,0.4,0.2131,52,4,38,32,0.6780227510877724,0.7628059096752398,-0.32964232320842335,-0.5797012470040146,0.14301345880293248,0.19085557085358795,0.17297323436253295,0.8178053830227743
mnist,fed_mdbscan_g,137,21,90,0,0.4111111111111111,0.2131,53,5,37,32,0.697896331287047,0.744910984699334,-0.2959376404749372,-0.5233727963496718,0.14390706495969652,0.0666392487478979,0.1658933749721169,0.7495652173913043
mnist,fed_mdbscan_g,137,22,90,0,0.4222222222222222,0.2131,50,5,40,33,0.6640601101754572,0.7225070640307548,-0.294310855074966,-0.5276001127241218,0.12363977485928707,0.19664345507732006,0.1716977680204903,0.7391304347826086
mnist,fed_mdbscan_g,137,23,90,0,0.4,0.2131,53,5,37,31,0.6623717609762766,0.7300563500688194,-0.32224120120086536,-0.6229345940244685,0.10146989094357514,0.11674546615262996,0.19347725757653453,0.7272727272727273
mnist,fed_mdbscan_g,137,24,90,0,0.4111111111111111,0.2132,49,4,41,33,0.6713903235974635,0.7341801678092525,-0.3609031370844802,-0.6066883143351518,0.1510452961672474,0.2444735487068407,0.171025792121844,0.7743271221532091
mnist,fed_mdbscan_g,137,25,90,0,0.4222222222222222,0.2132,50,5,40,33,0.6703992192697867,0.7196531849101595,-0.32950208878505716,-0.5115224710178145,0.050093808630394004,0.17954402420103138,0.17425613888502064,0.7445652173913043
mnist,fed_mdbscan_g,137,26,90,0,0.43333333333333335,0.2132,50,5,40,34,0.6964429199711691,0.7414760898299914,-0.3658786183972507,-0.5369756565219435,0.05572232645403378,0.1940891623722803,0.15363497286082528,0.7371428571428571
mnist,fed_mdbscan_g,137,27,90,0,0.43333333333333335,0.2133,49,5,41,34,0.6606761223024884,0.7186270889890317,-0.31199347908580616,-0.5278917933205979,0.0858885017421603,0.17530628316511326,0.18093512142080465,0.7195652173913043
mnist,fed_mdbscan_g,137,28,90,0,0.4222222222222222,0.2133,50,5,40,33,0.678610219352028,0.720604477950358,-0.3087347725032718,-0.5262532347339058,0.18893058161350848,0.18524383449312762,0.1735191476576764,0.7267080745341614
mnist,fed_mdbscan_g,137,29,90,0,0.4111111111111111,0.2134,51,5,39,32,0.6598332962593598,0.7212531638911815,-0.2949021527062244,-0.5582946489966968,0.07591093117408908,0.18997427605839104,0.18227602905569007,0.733201581027668
mnist,fed_mdbscan_g,2024,0,90,0,0.0,0.1046,55,0,35,0,0.6203104276930959,,-0.9114276895664172,-0.6876180693441408,-0.05882352941176472,,1.0,0.0
mnist,fed_mdbscan_g,2024,1,90,0,0.011111111111111112,0.1594,53,0,37,1,0.6822286117058294,0.03887671922562976,-0.6371743691312638,-0.6763009262318679,-0.08937885253674727,-0.2809757434745082,0.9992664472994781,0.0
mnist,fed_mdbscan_g,2024,2,90,0,0.0,0.2076,53,0,37,0,0.7002769388559248,,-0.6023837477681833,-0.6854492850772087,-0.15433854907539118,,1.0,0.0
mnist,fed_mdbscan_g,2024,3,90,0,0.0,0.2905,51,0,39,0,0.6540816081466483,,-0.6066755207818192,-0.6630114780413645,-0.11578947368421054,,1.0,0.0
mnist,fed_mdbscan_g,2024,4,90,0,0.044444444444444446,0.3508,52,0,38,4,0.6991505494744378,0.23100070282994756,-0.5518259582565566,-0.6876253901244899,-0.056789583105372576,-0.03127864957971156,0.9549899846824556,0.13636363636363635
mnist,fed_mdbscan_g,2024,5,90,0,0.06666666666666667,0.4066,53,0,37,6,0.6622610350428405,0.26523418864615994,-0.5838317678788526,-0.6724532276332632,-0.11545756282598386,-0.1442149876003076,0.8645142572944297,0.13636363636363635
mnist,fed_mdbscan_g,2024,6,90,0,0.14444444444444443,0.4424,53,2,37,11,0.6876726367664409,0.3252647727426053,-0.5829971449714039,-0.6733558411216379,-0.10146989094357514,-0.08861036804732016,0.7069516842612467,0.2292490118577075
mnist,fed_mdbscan_g,2024,7,90,0,0.14444444444444443,0.4568,53,2,37,11,0.6952204545623398,0.3607234062491366,-0.5476171360536516,-0.6907125226092881,-0.06258890469416785,0.055381480029575096,0.6552253991984883,0.26086956521739135
mnist,fed_mdbscan_g,2024,8,90,0,0.35555555555555557,0.3696,53,4,37,28,0.656005019803697,0.6730478988117145,-0.5368812386991297,-0.6777471928054486,-0.06211474632527264,0.023599744180159622,0.26460522802844594,0.7184265010351967
mnist,fed_mdbscan_g,2024,9,90,0,0.37777777777777777,0.3451,53,5,37,29,0.6507639922877183,0.6694542181093246,-0.540371159491777,-0.6799882986345872,-0.11830251303935514,0.006148987099291022,0.23248946979894916,0.6818181818181818
mnist,fed_mdbscan_g,2024,10,90,0,0.3,0.4093,53,2,37,25,0.6732598110974998,0.6868284230275828,-0.5090271906752144,-0.6542383400568754,0.08036984352773825,0.1676288018351213,0.2738426232402136,0.7083333333333334
mnist,fed_mdbscan_g,2024,11,90,0,0.35555555555555557,0.3945,54,4,36,28,0.6644098119806642,0.712392724536337,-0.49248045157241677,-0.6741938325536504,-0.054568854568854575,0.14149933879423512,0.18640309932785662,0.7261904761904762
mnist,fed_mdbscan_g,2024,12,90,0,0.26666666666666666,0.4308,51,1,39,23,0.6864803576423012,0.6020140647857612,-0.5325576476760714,-0.658416730579354,-0.059514170040485835,-0.01852699187449544,0.4324404059476044,0.5523809523809524
mnist,fed_mdbscan_g,2024,13,90,0,0.3111111111111111,0.4349,55,3,35,25,0.6289116658567128,0.6614418331882101,-0.4945061829817114,-0.6744735335879035,-0.2092436974789916,-0.03757345746510898,0.3334701696770662,0.6309523809523809
mnist,fed_mdbscan_g,2024,14,90,0,0.32222222222222224,0.4444,53,3,37,26,0.6543625851243937,0.6755500780546043,-0.48098758235948974,-0.6780417357578711,-0.2155049786628734,0.13845370007393776,0.2618941751889729,0.7184265010351967
mnist,fed_mdbscan_g,2024,15,90,0,0.34444444444444444,0.4334,54,5,36,26,0.6481786198647257,0.6302147988158244,-0.4834516929665297,-0.6769699399986856,-0.16216216216216217,0.04775942086083416,0.25731108503889105,0.6363636363636364
mnist,fed_mdbscan_g,2024,16,90,0,0.32222222222222224,0.4501,52,3,38,26,0.6589747489863511,0.6213816744995472,-0.5473740108354185,-0.6730537037270661,-0.03665608928766823,-0.046464649976355535,0.3661753790690277,0.556935817805383
mnist,fed_mdbscan_g,2024,17,90,0,0.28888888888888886,0.474,52,2,38,24,0.6371597932367195,0.6228314796715945,-0.5071646610464575,-0.6465174343847893,-0.19444140496772075,0.03482457771102491,0.3380638621388748,0.5887445887445888
mnist,fed_mdbscan_g,2024,18,90,0,0.34444444444444444,0.4687,53,4,37,27,0.6477559377627025,0.6603413356107873,-0.5335877510953926,-0.6788095632903167,-0.06804172593646277,0.07409843653948335,0.24349891825393458,0.6521739130434783
mnist,fed_mdbscan_g,2024,19,90,0,0.24444444444444444,0.4836,52,3,38,19,0.63525407681676,0.44363851836657353,-0.5231683757592785,-0.7066819091716209,-0.1125943757522705,-0.1751849207310073,0.5575522915702201,0.32142857142857145
mnist,fed_mdbscan_g,2024,20,90,0,0.32222222222222224,0.4781,54,4,36,25,0.6210987443585809,0.6134237226133612,-0.4765916521929313,-0.6460637024379807,-0.12200772200772203,-0.05514587057130426,0.31133481620766357,0.5797101449275361
mnist,fed_mdbscan_g,2024,21,90,0,0.25555555555555554,0.4875,54,4,36,19,0.6412157545183123,0.4590151035459576,-0.4623568003471161,-0.6675216221952602,-0.10115830115830116,-0.14193854584539606,0.5381693635146113,0.39285714285714285
mnist,fed_mdbscan_g,2024,22,90,0,0.3111111111111111,0.4888,53,3,37,25,0.6001622407073895,0.6192870652750619,-0.4825213088829514,-0.6609256883538638,-0.21906116642958745,-0.04866642633922876,0.3501026215132009,0.5909090909090909
mnist,fed_mdbscan_g,2024,23,90,0,0.24444444444444444,0.4912,55,3,35,19,0.6626045334344544,0.5108890785098263,-0.4641272630969894,-0.6698159468019825,-0.050980392156862744,-0.10789882697576049,0.4594916511225476,0.3745454545454545
mnist,fed_mdbscan_g,2024,24,90,0,0.26666666666666666,0.4972,52,3,38,21,0.5903872820641579,0.534483357320196,-0.4624219268256417,-0.6522727053499386,-0.14345114345114346,0.03619800309329904,0.38699311092811667,0.46997929606625255
mnist,fed_mdbscan_g,2024,25,90,0,0.23333333333333334,0.5001,52,3,38,18,0.5931084252215038,0.44233456780532776,-0.48715112354893364,-0.6760124232510465,-0.06663748769011926,-0.08651247010927088,0.5284519076722245,0.31666666666666665
mnist,fed_mdbscan_g,2024,26,90,0,0.24444444444444444,0.5048,51,3,39,19,0.605447080813848,0.43021623192404596,-0.4807183452032369,-0.6626179946693904,-0.09979757085020242,-0.15953099543397556,0.5592386160479546,0.34782608695652173
mnist,fed_mdbscan_g,2024,27,90,0,0.23333333333333334,0.507,53,3,37,18,0.596157652781448,0.44490896197565594,-0.45138616768546663,-0.6729535503084931,-0.20981507823613088,-0.14686980532016794,0.5800506998787611,0.33954451345755693
mnist,fed_mdbscan_g,2024,28,90,0,0.24444444444444444,0.5091,52,3,38,19,0.6207229891145695,0.4691158864625316,-0.4987626970787706,-0.660332897900833,-0.08064339643287012,-0.06479442273612597,0.4707697695287706,0.36742424242424243
mnist,fed_mdbscan_g,2024,29,90,0,0.2222222222222222,0.5125,53,2,37,18,0.6416291027792345,0.4912598450576702,-0.47366205693248864,-0.6564836189734551,-0.04717875770507349,-0.07090266463732245,0.5020760005901321,0.34782608695652173
mnist,fed_mdbscan_g,42,0,90,0,0.0,0.1114,44,0,46,0,0.02497181989259852,,-0.6092633431159115,-0.6107418417505369,-0.06445047502081501,,1.0,0.0
mnist,fed_mdbscan_g,42,1,90,0,0.36666666666666664,0.1732,50,2,40,31,0.6873366676773177,0.7288272276972494,-0.6771844709943746,-0.6252613167705413,-0.00075046904315197,0.06482974338196287,0.30301089045483665,0.7806324110671937
mnist,fed_mdbscan_g,42,2,90,0,0.37777777777777777,0.1897,52,3,38,31,0.6777055332614109,0.753597847186592,-0.49567848943867315,-0.6320519555203441,-0.03983148225035079,0.11453100740665918,0.27342113836273096,0.8077803203661327
mnist,fed_mdbscan_g,42,3,90,0,0.4444444444444444,0.1851,47,3,43,37,0.7071411885778863,0.7881450859950483,-0.6367926226359012,-0.6231827220643374,0.02778616732105104,0.23255817354654312,0.1572058672684378,0.8674242424242424
mnist,fed_mdbscan_g,42,4,90,0,0.4222222222222222,0.1899,49,3,41,35,0.6746148007238397,0.7564529261181985,-0.5628856757964869,-0.6567561964509749,-0.016029270903231977,0.02333050610336438,0.248526018969495,0.8181818181818181
mnist,fed_mdbscan_g,42,5,90,0,0.4222222222222222,0.1893,48,3,42,35,0.6890400315232601,0.7507143902872055,-0.5613422192575714,-0.6222636977798707,0.143517018299442,0.11333265910102298,0.22363176452552508,0.8247619047619048
mnist,fed_mdbscan_g,42,6,90,0,0.43333333333333335,0.1899,48,3,42,36,0.6914262322316572,0.783397491148633,-0.5627580126562528,-0.6009871864191907,0.13938411715134968,0.19649017058733845,0.17630455734544953,0.865424430641822
mnist,fed_mdbscan_g,42,7,90,0,0.43333333333333335,0.1903,47,3,43,36,0.6956817202766445,0.7460594414193834,-0.5636428685174106,-0.613714610439949,0.08321377355144621,0.09645522632588219,0.2249295285168166,0.7826086956521738
mnist,fed_mdbscan_g,42,8,90,0,0.4111111111111111,0.1905,51,4,39,33,0.6929124749450918,0.7616240956327732,-0.520521415442846,-0.6005732300839062,0.13230084084381663,0.18313788451377844,0.19339410026543796,0.8169336384439359
mnist,fed_mdbscan_g,42,9,90,0,0.4222222222222222,0.1907,49,3,41,35,0.6647544029197006,0.7564529261181985,-0.5477557777268306,-0.6041538621007004,-0.026657374436896655,0.02333050610336438,0.2457084943307785,0.8221343873517786
mnist,fed_mdbscan_g,42,10,90,0,0.4222222222222222,0.1911,47,2,43,36,0.6996815768461374,0.7686131908095198,-0.57206876233569,-0.6202002436546825,0.05036623136008587,0.09645522632588219,0.2344173713918406,0.8221343873517786
mnist,fed_mdbscan_g,42,11,90,0,0.43333333333333335,0.1909,49,4,41,35,0.670722774972525,0.7619878087048962,-0.5562187113477022,-0.6165567734595999,0.029793536135355087,0.19247667535275612,0.19650118928872862,0.8136363636363636
mnist,fed_mdbscan_g,42,12,90,0,0.43333333333333335,0.1912,48,4,42,35,0.6581266672897558,0.7285784083350026,-0.5194584319686891,-0.6027667873933061,-0.011912479779795582,0.11333265910102298,0.25176124821714135,0.7786561264822134
mnist,fed_mdbscan_g,42,13,90,0,0.4222222222222222,0.1915,49,4,41,34,0.665949875032691,0.728085941388766,-0.5040867302835301,-0.6051079648940436,0.036327206340476814,0.10409717372231442,0.23995065282204173,0.7727272727272727
mnist,fed_mdbscan_g,42,14,90,0,0.43333333333333335,0.1925,48,4,42,35,0.6686244939390142,0.727637799804696,-0.5019462210519028,-0.5970048892572127,0.11247518343173203,0.10805699404279749,0.2513484358144552,0.7766798418972332
mnist,fed_mdbscan_g,42,15,90,0,0.4222222222222222,0.1934,48,3,42,35,0.6785535430971541,0.7478902944991944,-0.5324101203006693,-0.6097722269497677,0.05477897982698188,0.09751484828252457,0.25471451021477215,0.8130434782608695
mnist,fed_mdbscan_g,42,16,90,0,0.4444444444444444,0.1958,47,4,43,36,0.6707695086042736,0.7295918543704161,-0.5471303989704736,-0.6180304034768054,0.0626698882512836,0.126905188306911,0.22114470431640995,0.77
mnist,fed_mdbscan_g,42,17,90,0,0.45555555555555555,0.2007,46,4,44,37,0.6742026599490671,0.721908980592249,-0.5456166375066276,-0.6287904340966278,0.07061808460698286,0.0954257266033673,0.2353155782561109,0.7551487414187643
mnist,fed_mdbscan_g,42,18,90,0,0.4444444444444444,0.2081,50,4,40,36,0.7512687562329303,0.7961762120479662,-0.5202787153840716,-0.6468674535471284,0.1479500897776667,0.15883586420937065,0.12692705511500763,0.8273809523809523
mnist,fed_mdbscan_g,42,19,90,0,0.4444444444444444,0.2059,48,4,42,36,0.6745854982490767,0.73638070967589,-0.5537575840754729,-0.6251804852482321,0.05769620360475015,0.04491021917984724,0.23490558392090122,0.7701863354037266
mnist,fed_mdbscan_g,42,20,90,0,0.4,0.2154,51,3,39,33,0.6788607410796226,0.7606034457921891,-0.5259026012144481,-0.6329321631918402,0.003947768012937145,0.031575497329961795,0.287261193844934,0.8130434782608695
mnist,fed_mdbscan_g,42,21,90,0,0.4222222222222222,0.215,49,4,41,34,0.6563828768785773,0.7318646143366501,-0.5080409176089871,-0.5977322381150921,0.03972298448822185,0.12600687924894174,0.2668709552013538,0.7840909090909091
mnist,fed_mdbscan_g,42,22,90,0,0.4111111111111111,0.2243,49,3,41,34,0.7127046174677066,0.7550655328863509,-0.5100301571134372,-0.6463401142833777,0.13153883021319074,0.13148543921628703,0.22740978504036571,0.8221343873517786
mnist,fed_mdbscan_g,42,23,90,0,0.43333333333333335,0.2294,48,4,42,35,0.6674122947655033,0.7238930166415299,-0.5144701362208777,-0.61395803362283,0.08249594840701974,0.08697622675194787,0.2446553824184132,0.7797619047619048
mnist,fed_mdbscan_g,42,24,90,0,0.4444444444444444,0.229,48,4,42,36,0.6811485887310703,0.7326462910037805,-0.5384040655740763,-0.6193125935161563,0.09294975719337097,0.022456019495695822,0.2331999114990848,0.7630434782608695
mnist,fed_mdbscan_g,42,25,90,0,0.4222222222222222,0.2345,49,3,41,35,0.7437724130347296,0.7904933077935175,-0.5096684610483614,-0.6593872444611155,0.18555623382545708,0.2333050610336438,0.12863638472602423,0.8345454545454546
mnist,fed_mdbscan_g,42,26,90,0,0.4444444444444444,0.2422,47,4,43,36,0.6566520087285498,0.7240223052780385,-0.5028786209481574,-0.6115732451141435,0.05036623136008587,0.09645522632588219,0.2490257376557749,0.7766798418972332
mnist,fed_mdbscan_g,42,27,90,0,0.4222222222222222,0.2519,50,4,40,34,0.6790838260015902,0.7382070660373614,-0.5334954846389101,-0.6466522493955303,0.09503260013269028,0.03639342499351447,0.24873888508891928,0.7743271221532091
mnist,fed_mdbscan_g,42,28,90,0,0.4111111111111111,0.2571,51,4,39,33,0.687861495479201,0.7510526570814035,-0.4665897468294576,-0.5992643056136591,0.05132098416818288,0.11367179038786249,0.24120433729866303,0.7840909090909091
mnist,fed_mdbscan_g,42,29,90,0,0.4111111111111111,0.2595,50,4,40,33,0.6612362353540463,0.7300469601634538,-0.4697085545710063,-0.6164492958137625,0.07533539764836164,0.11115672864548866,0.23256276608443083,0.7797619047619048
mnist,fedavg,137,0,90,0,0.0,0.1114,49,0,41,0,0.42850513283167385,,-0.9327184706960393,-0.5320360828059001,-0.4385017421602789,,1.0,0.0
mnist,fedavg,137,1,90,0,0.0,0.1935,51,0,39,0,0.7558464443433873,,-0.5399317129771892,-0.5885414398543442,-0.027125506072874495,,1.0,0.0
mnist,fedavg,137,2,90,0,0.0,0.2241,48,0,42,0,0.7097135512179662,,-0.4702686856392549,-0.5373680366735053,0.08354266266915161,,1.0,0.0
mnist,fedavg,137,3,90,0,0.0,0.2527,51,0,39,0,0.726887786788565,,-0.5573465563816098,-0.5742806503258144,0.07449392712550608,,1.0,0.0
mnist,fedavg,137,4,90,0,0.0,0.3064,51,0,39,0,0.7244487798040607,,-0.5328429702319627,-0.5845664362076871,0.07064777327935223,,1.0,0.0
mnist,fedavg,137,5,90,0,0.0,0.3402,48,0,42,0,0.726023566341092,,-0.5713993278117122,-0.5700991202429725,0.12973016773357102,,1.0,0.0
mnist,fedavg,137,6,90,0,0.0,0.3812,50,0,40,0,0.7472371792904974,,-0.5157635277395732,-0.5267991147213655,0.17692307692307696,,1.0,0.0
mnist,fedavg,137,7,90,0,0.0,0.4127,48,0,42,0,0.7257643934980398,,-0.5334125555965814,-0.5262004648711694,0.10509683169921402,,1.0,0.0
mnist,fedavg,137,8,90,0,0.0,0.4335,50,0,40,0,0.7412959600679945,,-0.470537959319088,-0.536739356465054,0.0878048780487805,,1.0,0.0
mnist,fedavg,137,9,90,0,0.0,0.4523,48,0,42,0,0.6935197170244847,,-0.47571578651268726,-0.5334123295430387,0.11174134997163926,,1.0,0.0
mnist,fedavg,137,10,90,0,0.0,0.4612,50,0,40,0,0.7019229486604183,,-0.4496563234790243,-0.532928470614844,0.11707317073170734,,1.0,0.0
mnist,fedavg,137,11,90,0,0.0,0.4931,49,0,41,0,0.7035868580258204,,-0.45256968874920256,-0.5339161899909147,0.09930313588850175,,1.0,0.0
mnist,fedavg,137,12,90,0,0.0,0.4903,52,0,38,0,0.7106764689759231,,-0.4771643470804726,-0.5597142736036327,0.10537257905678957,,1.0,0.0
mnist,fedavg,137,13,90,0,0.0,0.5111,51,0,39,0,0.6871720163393994,,-0.37275752587084965,-0.5215588119236416,0.10647773279352227,,1.0,0.0
mnist,fedavg,137,14,90,0,0.0,0.5321,48,0,42,0,0.6674773147950115,,-0.4611177615290508,-0.5600101467344543,0.1294060448910137,,1.0,0.0
mnist,fedavg,137,15,90,0,0.0,0.5235,52,0,38,0,0.6900525859887662,,-0.5079465870196488,-0.6085898604715256,0.08720866615603456,,1.0,0.0
mnist,fedavg,137,16,90,0,0.0,0.5224,54,0,36,0,0.6531427988967482,,-0.3707612037449943,-0.5081728358104525,0.03500643500643501,,1.0,0.0
mnist,fedavg,137,17,90,0,0.0,0.5506,52,0,38,0,0.6842987883361964,,-0.4374523739548539,-0.5570044161642199,0.17562096509464928,,1.0,0.0
mnist,fedavg,137,18,90,0,0.0,0.5333,52,0,38,0,0.6193303501922914,,-0.4453484196329886,-0.5473347999493083,0.0955246744720429,,1.0,0.0
mnist,fedavg,137,19,90,0,0.0,0.575,51,0,39,0,0.7218095558282913,,-0.38904564562225413,-0.5528368236222495,0.34109311740890685,,1.0,0.0
mnist,fedavg,137,20,90,0,0.0,0.5578,52,0,38,0,0.6798918191150402,,-0.4414999175216054,-0.5797012470040146,0.26031294452347087,,1.0,0.0
mnist,fedavg,137,21,90,0,0.0,0.5912,53,0,37,0,0.6989851362991694,,-0.3927959778384346,-0.5233727963496718,0.10123281175912754,,1.0,0.0
mnist,fedavg,137,22,90,0,0.0,0.6039,50,0,40,0,0.633802394013365,,-0.4263414103009421,-0.5276001127241218,0.08105065666041278,,1.0,0.0
mnist,fedavg,137,23,90,0,0.0,0.5976,53,0,37,0,0.665564358723686,,-0.44053763125112266,-0.6229345940244685,0.12162162162162161,,1.0,0.0
mnist,fedavg,137,24,90,0,0.0,0.6217,49,0,41,0,0.6703296895766522,,-0.4646670436568105,-0.6066883143351518,0.18780487804878052,,1.0,0.0
mnist,fedavg,137,25,90,0,0.0,0.6095,50,0,40,0,0.6506946276627339,,-0.41668568211685864,-0.5115224710178145,0.07804878048780489,,1.0,0.0
mnist,fedavg,137,26,90,0,0.0,0.6668,50,0,40,0,0.6926720091404481,,-0.47101262455424964,-0.5369756565219435,0.050281425891181994,,1.0,0.0
mnist,fedavg,137,27,90,0,0.0,0.6255,49,0,41,0,0.644083491773525,,-0.4329207985465195,-0.5278917933205979,0.13797909407665507,,1.0,0.0
mnist,fedavg,137,28,90,0,0.0,0.6537,50,0,40,0,0.6544203237352927,,-0.3803874069240881,-0.5262532347339058,0.1855534709193246,,1.0,0.0
mnist,fedavg,137,29,90,0,0.0,0.6441,51,0,39,0,0.623867044010253,,-0.40188994897435026,-0.5582946489966968,0.11093117408906883,,1.0,0.0
mnist,fedavg,2024,0,90,0,0.0,0.1046,55,0,35,0,0.6203104276930959,,-0.9114276895664172,-0.6876180693441408,-0.05882352941176472,,1.0,0.0
mnist,fedavg,2024,1,90,0,0.0,0.1616,53,0,37,0,0.6822286117058294,,-0.6371743691312638,-0.6763009262318679,-0.08937885253674727,,1.0,0.0
mnist,fedavg,2024,2,90,0,0.0,0.2068,53,0,37,0,0.7001293042780098,,-0.6089886307847495,-0.6854492850772087,-0.1417733522996681,,1.0,0.0
mnist,fedavg,2024,3,90,0,0.0,0.2891,51,0,39,0,0.6538449880660622,,-0.6062153413055749,-0.6630114780413645,-0.11842105263157895,,1.0,0.0
mnist,fedavg,2024,4,90,0,0.0,0.3655,52,0,38,0,0.7009463207163227,,-0.5526408297085139,-0.6876253901244899,-0.056789583105372576,,1.0,0.0
mnist,fedavg,2024,5,90,0,0.0,0.4227,53,0,37,0,0.666376348902218,,-0.5948151796914778,-0.6724532276332632,-0.10289236605026078,,1.0,0.0
mnist,fedavg,2024,6,90,0,0.0,0.4773,53,0,37,0,0.6923046716485206,,-0.5955847348951459,-0.6733558411216379,-0.07467994310099572,,1.0,0.0
mnist,fedavg,2024,7,90,0,0.0,0.4887,53,0,37,0,0.7023991859134513,,-0.5760456437170786,-0.6907125226092881,-0.06116642958748221,,1.0,0.0
mnist,fedavg,2024,8,90,0,0.0,0.5275,53,0,37,0,0.659179163228867,,-0.555632911891819,-0.6777471928054486,-0.01944049312470365,,1.0,0.0
mnist,fedavg,2024,9,90,0,0.0,0.5566,53,0,37,0,0.6738134407646806,,-0.5797058335299565,-0.6799882986345872,-0.11356092935040303,,1.0,0.0
mnist,fedavg,2024,10,90,0,0.0,0.5724,53,0,37,0,0.7000185783445736,,-0.5692248406786944,-0.6542383400568754,0.05998103366524418,,1.0,0.0
mnist,fedavg,2024,11,90,0,0.0,0.5819,54,0,36,0,0.6866091743935285,,-0.5407916974505015,-0.6741938325536504,0.0007722007722007723,,1.0,0.0
mnist,fedavg,2024,12,90,0,0.0,0.6098,51,0,39,0,0.7108704274873433,,-0.5849261499215576,-0.658416730579354,-0.027732793522267207,,1.0,0.0
mnist,fedavg,2024,13,90,0,0.0,0.6125,55,0,35,0,0.654996466562061,,-0.5583614856864567,-0.6744735335879035,-0.1823529411764706,,1.0,0.0
mnist,fedavg,2024,14,90,0,0.0,0.6249,53,0,37,0,0.6931166618270526,,-0.5758005183930451,-0.6780417357578711,-0.15078236130867706,,1.0,0.0
mnist,fedavg,2024,15,90,0,0.0,0.6348,54,0,36,0,0.6695599153210021,,-0.5561208062456451,-0.6769699399986856,-0.12947232947232948,,1.0,0.0
mnist,fedavg,2024,16,90,0,0.0,0.6679,52,0,38,0,0.6840788979800472,,-0.6121649485947843,-0.6730537037270661,0.028121238647554437,,1.0,0.0
mnist,fedavg,2024,17,90,0,0.0,0.6742,52,0,38,0,0.6855356715895354,,-0.5861303748441544,-0.6465174343847893,-0.13885545464492832,,1.0,0.0
mnist,fedavg,2024,18,90,0,0.0,0.6751,53,0,37,0,0.6752528778993507,,-0.6129199597414562,-0.6788095632903167,-0.010905642484589853,,1.0,0.0
mnist,fedavg,2024,19,90,0,0.0,0.6867,52,0,38,0,0.7004607295131599,,-0.6107956779250878,-0.7066819091716209,-0.02177481124849546,,1.0,0.0
mnist,fedavg,2024,20,90,0,0.0,0.7007,54,0,36,0,0.6760486736812111,,-0.5757376335315597,-0.6460637024379807,-0.05302445302445303,,1.0,0.0
mnist,fedavg,2024,21,90,0,0.0,0.71,54,0,36,0,0.703044883248614,,-0.5603469750466616,-0.6675216221952602,-0.047876447876447875,,1.0,0.0
mnist,fedavg,2024,22,90,0,0.0,0.7124,53,0,37,0,0.6542149505464788,,-0.5838637581265267,-0.6609256883538638,-0.19345661450924606,,1.0,0.0
mnist,fedavg,2024,23,90,0,0.0,0.7076,55,0,35,0,0.72416241440936,,-0.5757032806617651,-0.6698159468019825,0.04985994397759104,,1.0,0.0
mnist,fedavg,2024,24,90,0,0.0,0.739,52,0,38,0,0.6676787422505888,,-0.5804690149718977,-0.6522727053499386,-0.06926359557938505,,1.0,0.0
mnist,fedavg,2024,25,90,0,0.0,0.7348,52,0,38,0,0.6794337142063961,,-0.6169388907291405,-0.6760124232510465,-0.03074734653682022,,1.0,0.0
mnist,fedavg,2024,26,90,0,0.0,0.7575,51,0,39,0,0.6813475220480462,,-0.600703652070613,-0.6626179946693904,-0.055870445344129556,,1.0,0.0
mnist,fedavg,2024,27,90,0,0.0,0.7541,53,0,37,0,0.6883185380448186,,-0.6039537565707144,-0.6729535503084931,-0.14319582740635373,,1.0,0.0
mnist,fedavg,2024,28,90,0,0.0,0.755,52,0,38,0,0.6751275280651418,,-0.6073183526824185,-0.660332897900833,-0.029871977240398292,,1.0,0.0
mnist,fedavg,2024,29,90,0,0.0,0.764,53,0,37,0,0.7102607271874193,,-0.599232618596362,-0.6564836189734551,-0.03674727358937885,,1.0,0.0
mnist,fedavg,42,0,90,0,0.0,0.1114,44,0,46,0,0.02497181989259852,,-0.6092633431159115,-0.6107418417505369,-0.06445047502081501,,1.0,0.0
mnist,fedavg,42,1,90,0,0.0,0.2085,50,0,40,0,0.6873366676773177,,-0.6771844709943746,-0.6252613167705413,-0.00075046904315197,,1.0,0.0
mnist,fedavg,42,2,90,0,0.0,0.2162,52,0,38,0,0.6845863040741856,,-0.5958412853244749,-0.6320519555203441,0.024839962831949527,,1.0,0.0
mnist,fedavg,42,3,90,0,0.0,0.2677,47,0,43,0,0.7098255110001813,,-0.627920911662074,-0.6231827220643374,0.08079130172153427,,1.0,0.0
mnist,fedavg,42,4,90,0,0.0,0.287,49,0,41,0,0.6862189698807619,,-0.618634097188012,-0.6567561964509749,0.013154456012978414,,1.0,0.0
mnist,fedavg,42,5,90,0,0.0,0.3387,48,0,42,0,0.7134114522416084,,-0.5880312811178627,-0.6222636977798707,0.15000000049252804,,1.0,0.0
mnist,fedavg,42,6,90,0,0.0,0.3931,48,0,42,0,0.7086122395808996,,-0.611065205693497,-0.6009871864191907,0.15202593242786744,,1.0,0.0
mnist,fedavg,42,7,90,0,0.0,0.4179,47,0,43,0,0.7088901355261251,,-0.6113524199129601,-0.613714610439949,0.07400135941961641,,1.0,0.0
mnist,fedavg,42,8,90,0,0.0,0.4513,51,0,39,0,0.6987734312983055,,-0.5526683609777023,-0.6005732300839062,0.14292944703249355,,1.0,0.0
mnist,fedavg,42,9,90,0,0.0,0.4959,49,0,41,0,0.6866953610235323,,-0.5812477811163955,-0.6041538621007004,0.009495600698110245,,1.0,0.0
mnist,fedavg,42,10,90,0,0.0,0.5113,47,0,43,0,0.7214585737244869,,-0.6054748443777032,-0.6202002436546825,0.1535905765913263,,1.0,0.0
mnist,fedavg,42,11,90,0,0.0,0.5541,49,0,41,0,0.6832257953422218,,-0.610625085552649,-0.6165567734595999,0.020210819834509883,,1.0,0.0
mnist,fedavg,42,12,90,0,0.0,0.5788,48,0,42,0,0.6777793090791387,,-0.5916665671858359,-0.6027667873933061,-0.00016207455482715078,,1.0,0.0
mnist,fedavg,42,13,90,0,0.0,0.5821,49,0,41,0,0.6905514327263361,,-0.5829074435362824,-0.6051079648940436,0.02970642053262013,,1.0,0.0
mnist,fedavg,42,14,90,0,0.0,0.6022,48,0,42,0,0.7044262679511732,,-0.5901410006351597,-0.5970048892572127,0.0849236255305873,,1.0,0.0
mnist,fedavg,42,15,90,0,0.0,0.6208,48,0,42,0,0.6943452891479494,,-0.6232958220373499,-0.6097722269497677,0.013613710962918574,,1.0,0.0
mnist,fedavg,42,16,90,0,0.0,0.6535,47,0,43,0,0.7036213485804399,,-0.6329253538140625,-0.6180304034768054,0.04288734521292661,,1.0,0.0
mnist,fedavg,42,17,90,0,0.0,0.6739,46,0,44,0,0.694461546587097,,-0.6450272953363765,-0.6287904340966278,0.03742335621388014,,1.0,0.0
mnist,fedavg,42,18,90,0,0.0,0.6964,50,0,40,0,0.787657955109651,,-0.6297287081819878,-0.6468674535471284,0.13462801447745826,,1.0,0.0
mnist,fedavg,42,19,90,0,0.0,0.6931,48,0,42,0,0.7005118453307726,,-0.6599842756390031,-0.6251804852482321,-0.01823264861105166,,1.0,0.0
mnist,fedavg,42,20,90,0,0.0,0.688,51,0,39,0,0.7010759498656396,,-0.6033620262407531,-0.6329321631918402,-0.033707865341232546,,1.0,0.0
mnist,fedavg,42,21,90,0,0.0,0.6966,49,0,41,0,0.6918603601382795,,-0.6009699649708794,-0.5977322381150921,-0.014112112910289338,,1.0,0.0
mnist,fedavg,42,22,90,0,0.0,0.7078,49,0,41,0,0.723751444659542,,-0.6066897687281049,-0.6463401142833777,0.08336600034041296,,1.0,0.0
mnist,fedavg,42,23,90,0,0.0,0.7435,48,0,42,0,0.6997287807638705,,-0.602613708306231,-0.61395803362283,0.055510535028299134,,1.0,0.0
mnist,fedavg,42,24,90,0,0.0,0.754,48,0,42,0,0.723197556270428,,-0.6367840155975883,-0.6193125935161563,0.006239870360845305,,1.0,0.0
mnist,fedavg,42,25,90,0,0.0,0.7312,49,0,41,0,0.7778928050716595,,-0.6233406787411795,-0.6593872444611155,0.19531318133177222,,1.0,0.0
mnist,fedavg,42,26,90,0,0.0,0.7553,47,0,43,0,0.6793623054731142,,-0.6105152408038026,-0.6115732451141435,-0.011402250277920488,,1.0,0.0
mnist,fedavg,42,27,90,0,0.0,0.7585,50,0,40,0,0.6940228563039356,,-0.636662556102653,-0.6466522493955303,-0.0849007928135091,,1.0,0.0
mnist,fedavg,42,28,90,0,0.0,0.7663,51,0,39,0,0.7435587825625372,,-0.6008756220583363,-0.5992643056136591,0.11701589289629076,,1.0,0.0
mnist,fedavg,42,29,90,0,0.0,0.7665,50,0,40,0,0.7099420567133944,,-0.5984302308726366,-0.6164492958137625,0.07289614442437983,,1.0,0.0
mnist,flame_hdbscan,137,0,90,0,0.4888888888888889,0.1009,49,8,41,36,0.42850513283167385,0.6820225492739942,-0.9327184706960393,-0.5320360828059001,-0.4385017421602789,0.07559289460184546,0.15236931669430143,0.7530434782608695
mnist,flame_hdbscan,137,1,90,0,0.4888888888888889,0.1879,51,9,39,35,0.6777436162052712,0.7075745035086038,-0.32220470700654474,-0.5885414398543442,0.0674089068825911,0.23279117105961786,0.041435588654729835,0.7806324110671937
mnist,flame_hdbscan,137,2,90,0,0.4888888888888889,0.2085,48,7,42,37,0.6565920553868102,0.7036658257619413,-0.3134488205273084,-0.5373680366735053,0.06652621343489182,0.10008351435948558,0.14670419694996428,0.7295238095238096
mnist,flame_hdbscan,137,3,90,0,0.4888888888888889,0.2102,51,10,39,34,0.646964804184401,0.6489252799557517,-0.3144811536238508,-0.5742806503258144,0.05647773279352227,0.09540527858909349,0.17298689718376142,0.670995670995671
mnist,flame_hdbscan,137,4,90,0,0.4888888888888889,0.2116,51,9,39,35,0.6829128548888473,0.6867634886995273,-0.3658873310590468,-0.5845664362076871,-0.06902834008097167,0.06758453353343745,0.16103693918950795,0.6857707509881422
mnist,flame_hdbscan,137,5,90,0,0.4888888888888889,0.212,48,8,42,36,0.6753329330378759,0.6595415660606975,-0.3852026763009046,-0.5700991202429725,0.10055911190341141,0.07858969928162197,0.15992205261448522,0.675
mnist,flame_hdbscan,137,6,90,0,0.4888888888888889,0.2122,50,9,40,35,0.6812778900835933,0.6574916689439244,-0.37881287954091447,-0.5267991147213655,-0.004127579737335836,0.02946862556669613,0.15728326938828296,0.6790890269151139
mnist,flame_hdbscan,137,7,90,0,0.4888888888888889,0.2124,48,8,42,36,0.6725982126939436,0.6576837024943293,-0.3773159258470522,-0.5262004648711694,0.037517219026010865,0.0673625993842474,0.1627409937203922,0.675
mnist,flame_hdbscan,137,8,90,0,0.4888888888888889,0.2125,50,9,40,35,0.7079726833025104,0.6819302442013111,-0.33674388194105,-0.536739356465054,-0.008442776735459663,0.1997317955076071,0.04964110313562524,0.691699604743083
mnist,flame_hdbscan,137,9,90,0,0.4888888888888889,0.2125,48,8,42,36,0.6679152275298242,0.6586126342775134,-0.3682693199194137,-0.5334123295430387,0.04351349161332146,0.0729761493329347,0.16245106233229226,0.725
mnist,flame_hdbscan,137,10,90,0,0.4888888888888889,0.2127,50,10,40,34,0.662947827124669,0.6184839430523263,-0.3196047609244757,-0.532928470614844,0.010131332082551597,0.048522290593070075,0.1791327124563446,0.6897233201581028
mnist,flame_hdbscan,137,11,90,0,0.4888888888888889,0.2127,49,9,41,35,0.688036884669858,0.6530599478664684,-0.36597022585898503,-0.5339161899909147,0.10905923344947738,0.15163507931514913,0.15962120041500188,0.7321428571428572
mnist,flame_hdbscan,137,12,90,0,0.4888888888888889,0.2127,52,11,38,33,0.6850867287790643,0.6328229978037149,-0.33074270336618317,-0.5597142736036327,0.06816938395885765,0.1100391389852361,0.162752263681013,0.6818181818181818
mnist,flame_hdbscan,137,13,90,0,0.4888888888888889,0.2129,51,10,39,34,0.6791997397781095,0.6404116829884021,-0.3168107482551514,-0.5215588119236416,0.05121457489878543,0.0340733137818191,0.17737700895595632,0.6818181818181819
mnist,flame_hdbscan,137,14,90,0,0.4888888888888889,0.213,48,8,42,36,0.6594518936549748,0.6558258389279611,-0.39198412874337446,-0.5600101467344543,0.04610647435378009,0.05613549948687284,0.16181399934275387,0.7267080745341614
mnist,flame_hdbscan,137,15,90,0,0.4888888888888889,0.213,52,11,38,33,0.6914452249110442,0.6242520316935065,-0.3690091830929174,-0.6085898604715256,0.0038297406718459347,0.04614544538090546,0.16390060309254978,0.733201581027668
mnist,flame_hdbscan,137,16,90,0,0.4888888888888889,0.213,54,13,36,31,0.6610817668618177,0.5850764987181923,-0.24975249352246046,-0.5081728358104525,-0.027799227799227798,0.019329912957275763,0.17909825000613602,0.696969696969697
mnist,flame_hdbscan,137,17,90,0,0.4888888888888889,0.2129,52,11,38,33,0.6774913493937452,0.6242520316935065,-0.32830679272754465,-0.5570044161642199,0.08283181967392493,0.04614544538090546,0.16449359455708013,0.6818181818181819
mnist,flame_hdbscan,137,18,90,0,0.4888888888888889,0.213,52,12,38,32,0.6522955794183202,0.5818733659263653,-0.2899199147947641,-0.5473347999493083,0.07976802713644819,0.04606858606810743,0.19948683322079677,0.6760869565217391
mnist,flame_hdbscan,137,19,90,0,0.4888888888888889,0.213,51,10,39,34,0.7184604716107631,0.6678443843276395,-0.2954447880178877,-0.5528368236222495,0.24554655870445344,0.2316985337163699,0.048298169521429096,0.7391304347826086
mnist,flame_hdbscan,137,20,90,0,0.4888888888888889,0.213,52,11,38,33,0.6872306597515185,0.6280613499647102,-0.3265568252783845,-0.5797012470040146,0.09246088193456614,0.07454264253838574,0.16905631180637828,0.7308488612836439
mnist,flame_hdbscan,137,21,90,0,0.4777777777777778,0.2131,53,11,37,32,0.6879494516000313,0.62723187553487,-0.2895074518102553,-0.5233727963496718,0.08961593172119488,0.0666392487478979,0.16321659602944458,0.6695652173913043
mnist,flame_hdbscan,137,22,90,0,0.4888888888888889,0.2131,50,10,40,34,0.6663298910351957,0.6250635594677766,-0.291225331356907,-0.5276001127241218,0.15928705440900565,0.0909792948620064,0.1689077936333699,0.6956521739130435
mnist,flame_hdbscan,137,23,90,0,0.4888888888888889,0.213,53,13,37,31,0.6662287143243031,0.5735372314075412,-0.3007772606383731,-0.6229345940244685,0.13110478899952582,0.11674546615262996,0.18937490385108455,0.6818181818181819
mnist,flame_hdbscan,137,24,90,0,0.4888888888888889,0.2131,49,9,41,35,0.6736374295737587,0.6399800633598438,-0.36286235637810926,-0.6066883143351518,0.1402439024390244,0.06998542122237653,0.16739948325098591,0.7267080745341614
mnist,flame_hdbscan,137,25,90,0,0.4888888888888889,0.2131,50,10,40,34,0.6791527964499736,0.622243723861155,-0.3213366576324638,-0.5115224710178145,0.036210131332082555,0.07278343588960512,0.1714245926751149,0.7028985507246377
mnist,flame_hdbscan,137,26,90,0,0.4888888888888889,0.2131,50,9,40,35,0.7022846667257154,0.6650112305615818,-0.3771850449707074,-0.5369756565219435,0.06960600375234523,0.08185729324082258,0.15149736991009494,0.7371428571428571
mnist,flame_hdbscan,137,27,90,0,0.4888888888888889,0.2132,49,9,41,35,0.6649546120813543,0.6399800633598438,-0.3126898931016226,-0.5278917933205979,0.013414634146341465,0.06998542122237653,0.17847046031170713,0.6695652173913043
mnist,flame_hdbscan,137,28,90,0,0.4888888888888889,0.2131,50,10,40,34,0.6792160971114005,0.6231836690633622,-0.3074396953430763,-0.5262532347339058,0.17485928705440903,0.07884872221373888,0.17069957706441102,0.6790890269151139
mnist,flame_hdbscan,137,29,90,0,0.4888888888888889,0.2132,51,11,39,33,0.6773067791334197,0.6054113399004096,-0.3050449040525326,-0.5582946489966968,0.13582995951417004,0.08208798329594226,0.17883777239709442,0.6897233201581028
mnist,flame_hdbscan,2024,0,90,0,0.4888888888888889,0.1028,55,10,35,34,0.6203104276930959,0.7236014579854042,-0.9114276895664172,-0.6876180693441408,-0.05882352941176472,-0.2886751345948129,0.1252468663092983,0.7747035573122529
mnist,flame_hdbscan,2024,1,90,0,0.45555555555555555,0.1743,53,9,37,32,0.6830406018843613,0.662795668983115,-0.4876983579251519,-0.6763009262318679,-0.18871503082029395,0.05183052680392058,0.15291430008593046,0.6060606060606061
mnist,flame_hdbscan,2024,2,90,0,0.4888888888888889,0.1934,53,12,37,32,0.7065698627395469,0.6042281869343662,-0.5271935585986031,-0.6854492850772087,-0.20128022759601705,0.029617443887954616,0.129802532732346,0.6007905138339922
mnist,flame_hdbscan,2024,3,90,0,0.4888888888888889,0.1949,51,11,39,33,0.6692252933041669,0.5808165042169555,-0.5430034150687402,-0.6630114780413645,-0.1331983805668016,-0.08208798329594226,0.21701790456609268,0.5742753623188406
mnist,flame_hdbscan,2024,4,90,0,0.4888888888888889,0.1954,52,11,38,33,0.6868458516282576,0.6175857247189,-0.5050041098282786,-0.6876253901244899,-0.14848451690556952,-0.003549649644685036,0.17051961823966066,0.6363636363636365
mnist,flame_hdbscan,2024,5,90,0,0.4888888888888889,0.1961,53,13,37,31,0.6557651136145852,0.5466826453215694,-0.5449141012509869,-0.6724532276332632,-0.20056899004267423,-0.0755411839811135,0.20998425066312998,0.5346320346320346
mnist,flame_hdbscan,2024,6,90,0,0.4888888888888889,0.1962,53,12,37,32,0.6830590562066007,0.5898418015311669,-0.5558296247320164,-0.6733558411216379,-0.18563300142247507,-0.08144797069187519,0.21569056901309738,0.557312252964427
mnist,flame_hdbscan,2024,7,90,0,0.4888888888888889,0.1967,53,12,37,32,0.6938363803943876,0.5927190786118067,-0.5324996631644031,-0.6907125226092881,-0.05144618302513039,-0.05923488777590923,0.2016445524201084,0.5217391304347826
mnist,flame_hdbscan,2024,8,90,0,0.4888888888888889,0.197,53,13,37,31,0.6624086696207553,0.5418871835205031,-0.5028698705660787,-0.6777471928054486,-0.12683736367946893,-0.10987808579071054,0.24594063250891968,0.4575569358178053
mnist,flame_hdbscan,2024,9,90,0,0.4777777777777778,0.1972,53,12,37,31,0.6665424378023722,0.5638848154196421,-0.5288867051508381,-0.6799882986345872,-0.1657183499288762,-0.08240856434303291,0.22043944591601894,0.5454545454545454
mnist,flame_hdbscan,2024,10,90,0,0.4888888888888889,0.1971,53,13,37,31,0.6802909078706963,0.5514781071226359,-0.49145841976233623,-0.6542383400568754,-0.016121384542437174,-0.041204282171516456,0.22359768745310915,0.5416666666666666
mnist,flame_hdbscan,2024,11,90,0,0.4888888888888889,0.1971,54,13,36,31,0.671772414589956,0.5821776886502243,-0.4717162581444305,-0.6741938325536504,-0.059716859716859715,-0.003865982591455153,0.16887602688573564,0.5178571428571428
mnist,flame_hdbscan,2024,12,90,0,0.4888888888888889,0.1975,51,11,39,33,0.7004955470308701,0.5883841459657106,-0.5140618932205796,-0.658416730579354,-0.03117408906882591,-0.0315723012676701,0.19929588545354418,0.5619047619047619
mnist,flame_hdbscan,2024,13,90,0,0.4888888888888889,0.1975,55,14,35,30,0.6548652929952956,0.5385620541937127,-0.49389034922696734,-0.6744735335879035,-0.20392156862745098,-0.21828206253269966,0.2759168035030104,0.4702380952380952
mnist,flame_hdbscan,2024,14,90,0,0.4888888888888889,0.1976,53,13,37,31,0.6680372379037605,0.5418871835205031,-0.4790131806513839,-0.6780417357578711,-0.16334755808440019,-0.10987808579071054,0.23713463293627576,0.5445134575569358
mnist,flame_hdbscan,2024,15,90,0,0.4888888888888889,0.198,54,14,36,30,0.6667989393425178,0.5295159724154739,-0.46590398994307664,-0.6769699399986856,-0.11222651222651223,-0.07174960033341753,0.22015817146830052,0.45454545454545453
mnist,flame_hdbscan,2024,16,90,0,0.4888888888888889,0.1977,52,11,38,33,0.681156188662898,0.6204427134223028,-0.537755630965144,-0.6730537037270661,-0.04540978225188752,0.017748248223425175,0.15345138373449263,0.5879917184265011
mnist,flame_hdbscan,2024,17,90,0,0.4888888888888889,0.198,52,12,38,32,0.667513824483477,0.5618744450025459,-0.5235118906068176,-0.6465174343847893,-0.15701936754568332,-0.09213717213621486,0.2232971198131294,0.487012987012987
mnist,flame_hdbscan,2024,18,90,0,0.4888888888888889,0.198,53,12,37,32,0.679866458459191,0.6051872792945795,-0.5360494110880915,-0.6788095632903167,-0.1337126600284495,0.03702180485994327,0.1534806770457727,0.5652173913043479
mnist,flame_hdbscan,2024,19,90,0,0.4888888888888889,0.1981,52,12,38,32,0.6746969094510163,0.5675884224093515,-0.5412362909201334,-0.7066819091716209,-0.1740890688259109,-0.05264981264926565,0.21322755776272043,0.5059523809523809
mnist,flame_hdbscan,2024,20,90,0,0.4888888888888889,0.198,54,13,36,31,0.6554947413969385,0.5715487184010086,-0.49670388484735,-0.6460637024379807,-0.2550836550836551,-0.08891759960346853,0.22582494439221262,0.5486542443064182
mnist,flame_hdbscan,2024,21,90,0,0.4666666666666667,0.1981,54,11,36,31,0.6735944728114472,0.6055999219508014,-0.48576389950232524,-0.6675216221952602,-0.15984555984555987,-0.10438152996928915,0.21757744747184227,0.5595238095238095
mnist,flame_hdbscan,2024,22,90,0,0.4888888888888889,0.1984,53,13,37,31,0.6436221695810855,0.5457235529613561,-0.5012211545598447,-0.6609256883538638,-0.19321953532479846,-0.08240856434303291,0.23633268028734022,0.5454545454545454
mnist,flame_hdbscan,2024,23,90,0,0.4888888888888889,0.1982,55,14,35,30,0.697852744732414,0.5765438265509547,-0.4766309696091354,-0.6698159468019825,-0.1257703081232493,0.0970142500145332,0.108726430995348,0.5381818181818182
mnist,flame_hdbscan,2024,24,90,0,0.4888888888888889,0.1984,52,11,38,33,0.6773905663138434,0.6071100994730899,-0.5120457027617532,-0.6522727053499386,-0.0953058321479374,-0.08164194182775582,0.1982365582759244,0.5879917184265011
mnist,flame_hdbscan,2024,25,90,0,0.4888888888888889,0.1984,52,12,38,32,0.6499592443842352,0.5704454111127543,-0.526060717456377,-0.6760124232510465,-0.15067294014662436,-0.03290613290579102,0.2004193120908246,0.49166666666666664
mnist,flame_hdbscan,2024,26,90,0,0.4888888888888889,0.1988,51,10,39,34,0.6800370108324916,0.6224385338351088,-0.5300193627196043,-0.6626179946693904,-0.16376518218623481,-0.09540527858909349,0.2075928068145967,0.6086956521739131
mnist,flame_hdbscan,2024,27,90,0,0.4777777777777778,0.1991,53,11,37,32,0.6508747182211544,0.6089956006532135,-0.4870883203309575,-0.6729535503084931,-0.19227121858700805,-0.07404360971988654,0.21450457401080128,0.5879917184265011
mnist,flame_hdbscan,2024,28,90,0,0.4888888888888889,0.2004,52,11,38,33,0.6566017655595746,0.5956821446594788,-0.5135706651456841,-0.660332897900833,-0.100120363278258,-0.16683353330019668,0.22066580577381864,0.5189393939393939
mnist,flame_hdbscan,2024,29,90,0,0.4888888888888889,0.2003,53,12,37,32,0.7069943121510522,0.6051872792945795,-0.5064148854044338,-0.6564836189734551,-0.057610241820768134,0.03702180485994327,0.15250700781925094,0.6086956521739131
mnist,flame_hdbscan,42,0,90,0,0.43333333333333335,0.0982,44,4,46,35,0.02497181989259852,0.6566579528961752,-0.6092633431159115,-0.6107418417505369,-0.06445047502081501,0.14204749574190578,0.20470116204246944,0.6888888888888889
mnist,flame_hdbscan,42,1,90,0,0.4888888888888889,0.1851,50,7,40,37,0.6807714847921776,0.7355071207271205,-0.5628296168908377,-0.6252613167705413,0.02607879924953096,-0.02055629826041533,0.15285900270711497,0.8201581027667985
mnist,flame_hdbscan,42,2,90,0,0.4888888888888889,0.1816,52,8,38,36,0.6772382638719949,0.7304405030077675,-0.5417983421951688,-0.6320519555203441,0.01105214205298195,-0.1827106625420671,0.16938148648019732,0.7734553775743707
mnist,flame_hdbscan,42,3,90,0,0.4888888888888889,0.1883,47,5,43,39,0.6929373898003122,0.7603611149224924,-0.5620524071309968,-0.6231827220643374,0.052552099063726966,0.09032446046618911,0.1524053749102472,0.821969696969697
mnist,flame_hdbscan,42,4,90,0,0.4888888888888889,0.189,49,8,41,36,0.6768978828042875,0.66427779735384,-0.5911933371370399,-0.6567561964509749,-0.01202195317742398,-0.0440996967887369,0.2434418525164488,0.7272727272727273
mnist,flame_hdbscan,42,5,90,0,0.4888888888888889,0.1894,48,7,42,37,0.6876100985144828,0.6832359559966817,-0.5554962019739234,-0.6222636977798707,0.14578606206702213,-0.03336387506120983,0.21838111298482293,0.7295238095238096
mnist,flame_hdbscan,42,6,90,0,0.4888888888888889,0.1898,48,6,42,38,0.6978966790963745,0.7385079334022597,-0.5767097286487649,-0.6009871864191907,0.12852512197793056,0.060231041976688444,0.1704759282206618,0.8219461697722567
mnist,flame_hdbscan,42,7,90,0,0.4888888888888889,0.1902,47,6,43,38,0.6966061315727052,0.6984672177093237,-0.5691804358282221,-0.613714610439949,0.0934833499606991,-0.04677196546768463,0.22002548557748003,0.7391304347826086
mnist,flame_hdbscan,42,8,90,0,0.4888888888888889,0.1904,51,9,39,35,0.698818935617818,0.683932504725543,-0.5238930661499377,-0.6005732300839062,0.11104362846646278,0.045060916741324994,0.18603195272199127,0.7734553775743707
mnist,flame_hdbscan,42,9,90,0,0.4888888888888889,0.1907,49,7,41,37,0.672107005840198,0.6913721097634903,-0.5539177084273159,-0.6041538621007004,-0.02360832834117318,-0.15979779940855762,0.2399231435147062,0.7351778656126482
mnist,flame_hdbscan,42,10,90,0,0.4888888888888889,0.191,47,6,43,38,0.6976460942807734,0.6984672177093237,-0.5713953196663513,-0.6202002436546825,0.029071962629135015,-0.04677196546768463,0.22891348452282909,0.7312252964426877
mnist,flame_hdbscan,42,11,90,0,0.4888888888888889,0.1907,49,7,41,37,0.6723766612040305,0.7203349954427716,-0.5658545591019095,-0.6165567734595999,-0.03040334535449978,0.05558184327254178,0.19000485945932122,0.7681818181818181
mnist,flame_hdbscan,42,12,90,0,0.4888888888888889,0.1911,48,7,42,37,0.667814463424222,0.6823070151999494,-0.5215677898002192,-0.6027667873933061,-0.016450567314955804,-0.03943003416324799,0.24627220469378053,0.7351778656126482
mnist,flame_hdbscan,42,13,90,0,0.4888888888888889,0.1913,49,8,41,36,0.675783307300447,0.66427779735384,-0.5202333363106234,-0.6051079648940436,-0.025089293587667434,-0.0440996967887369,0.23431685000514033,0.7272727272727273
mnist,flame_hdbscan,42,14,90,0,0.4888888888888889,0.1914,48,7,42,37,0.6817887508336498,0.6823037049502388,-0.5191533381231371,-0.5970048892572127,0.09821320051819829,-0.039428436479576126,0.24586839266450916,0.7312252964426877
mnist,flame_hdbscan,42,15,90,0,0.4888888888888889,0.1915,48,7,42,37,0.6846128548246239,0.6813747686603134,-0.5512091845790185,-0.6097722269497677,0.010372351209842723,-0.0454943497841263,0.24873406670158896,0.7630434782608695
mnist,flame_hdbscan,42,16,90,0,0.4888888888888889,0.1917,47,6,43,38,0.6659697267895739,0.7021560721033953,-0.5636275050368806,-0.6180304034768054,-0.0028692237994563576,-0.02338421688774671,0.2166951891994676,0.72
mnist,flame_hdbscan,42,17,90,0,0.4888888888888889,0.192,46,6,44,38,0.6722218696361387,0.6847611069473722,-0.5618044202925887,-0.6287904340966278,-0.005497216167010642,0.015647125914191533,0.23336981636872187,0.7025171624713958
mnist,flame_hdbscan,42,18,90,0,0.4888888888888889,0.1931,50,6,40,38,0.7503734951273648,0.7773424047195383,-0.5444113233184463,-0.6468674535471284,0.04090440021754132,-0.02981409247027445,0.1211643599468059,0.7857142857142857
mnist,flame_hdbscan,42,19,90,0,0.4888888888888889,0.194,48,7,42,37,0.6743978204522081,0.6841615775300898,-0.579215978176942,-0.6251804852482321,-0.05259106199365568,-0.02729660987047578,0.23089391360726153,0.7701863354037266
mnist,flame_hdbscan,42,20,90,0,0.4888888888888889,0.1935,51,9,39,35,0.6813088734693967,0.6602833863048811,-0.5312821898782543,-0.6329321631918402,-0.030468671074207195,-0.1426929030141958,0.2794806353296826,0.7260869565217392
mnist,flame_hdbscan,42,21,90,0,0.4888888888888889,0.194,49,8,41,36,0.666414007184589,0.6661431014742168,-0.534020188334521,-0.5977322381150921,0.021777952022051447,-0.03149841132933893,0.26060509044341285,0.7007575757575757
mnist,flame_hdbscan,42,22,90,0,0.4888888888888889,0.1939,49,8,41,36,0.7126776520636583,0.6670773835239704,-0.5315322436197195,-0.6463401142833777,0.05740668153012763,-0.025198729063471145,0.22169049703336252,0.7766798418972332
mnist,flame_hdbscan,42,23,90,0,0.4888888888888889,0.1952,48,7,42,37,0.6622824100965149,0.6795201928097521,-0.5233243999702553,-0.61395803362283,-0.049756888331935284,-0.05762851146936244,0.2393212650678315,0.7380952380952381
mnist,flame_hdbscan,42,24,90,0,0.4888888888888889,0.1968,48,7,42,37,0.6829538791546517,0.681378074403217,-0.5672811418445004,-0.6193125935161563,0.014262560824789269,-0.04549619326528614,0.2292173703159885,0.7130434782608694
mnist,flame_hdbscan,42,25,90,0,0.4888888888888889,0.1971,49,7,41,37,0.7372107991814739,0.7250064286168492,-0.5316386516512138,-0.6593872444611155,0.05941284106524026,0.09032049531788039,0.12227996102630724,0.7945454545454546
mnist,flame_hdbscan,42,26,90,0,0.4888888888888889,0.1994,47,6,43,38,0.6581719542249569,0.6984672177093237,-0.5281353498454526,-0.6115732451141435,-0.06939515235370151,-0.04677196546768463,0.24401524559976018,0.7312252964426877
mnist,flame_hdbscan,42,27,90,0,0.4888888888888889,0.2021,50,8,40,36,0.6780077094120145,0.6748840074879743,-0.5505153907709444,-0.6466522493955303,-0.03189643044927413,-0.1588284132482215,0.24288218194254446,0.7308488612836439
mnist,flame_hdbscan,42,28,90,0,0.4888888888888889,0.2025,51,9,39,35,0.699719921144166,0.6706889984099723,-0.477829278142979,-0.5992643056136591,0.0763235149167848,-0.06008122232176665,0.23501421202231815,0.7424242424242424
mnist,flame_hdbscan,42,29,90,0,0.4888888888888889,0.2024,50,9,40,35,0.6679552151665222,0.6471587009061693,-0.4784690214984947,-0.6164492958137625,0.015573693660807018,-0.042569786085882515,0.22671388214697807,0.7380952380952381
mnist,fltrust_normalized,137,0,90,0,0.022222222222222223,0.1771,49,0,41,2,0.42850513283167385,0.072870647710614,-0.9327184706960393,-0.5320360828059001,-0.4385017421602789,-0.24880667576405968,0.996967449166594,0.0
mnist,fltrust_normalized,137,1,90,0,0.5444444444444444,0.3575,51,45,39,4,0.788354403107003,-0.7657556941073906,-0.5974501544674293,-0.5885414398543442,0.08218623481781377,-0.23279117105961786,0.9569798764062748,-0.8241106719367589
mnist,fltrust_normalized,137,2,90,0,0.0,0.2723,48,0,42,0,0.08402562311650887,,-0.5355847031359948,-0.5373680366735053,-0.13783323879750425,,1.0,0.0
mnist,fltrust_normalized,137,3,90,0,0.5666666666666667,0.52,51,45,39,6,0.7118715124436698,-0.7190212017772132,-0.5049150757371105,-0.5742806503258144,0.07793522267206478,-0.18311934735248658,0.8240903574170857,-0.7662337662337662
mnist,fltrust_normalized,137,4,90,0,0.0,0.3197,51,0,39,0,-0.08726730587466727,,-0.3811329821321699,-0.5845664362076871,-0.09433198380566801,,1.0,0.0
mnist,fltrust_normalized,137,5,90,0,0.5222222222222223,0.5967,48,42,42,5,0.6822054818760587,-0.7227803174123527,-0.4228421438629895,-0.5700991202429725,0.13183696621019367,-0.09401784682254706,0.8483490310706939,-0.7666666666666666
mnist,fltrust_normalized,137,6,90,0,0.06666666666666667,0.457,50,1,40,5,-0.08327654158299677,0.17235092372005328,-0.3562058369975393,-0.5267991147213655,0.024390243902439025,-0.08840587670008838,0.8564469543475449,0.13043478260869565
mnist,fltrust_normalized,137,7,90,0,0.5666666666666667,0.6551,48,45,42,6,0.6749307682814153,-0.7777674743354863,-0.42098309589409905,-0.5262004648711694,0.08937687383518354,-0.16279294851193124,0.843516580367963,-0.8166666666666667
mnist,fltrust_normalized,137,8,90,0,0.1111111111111111,0.4703,50,0,40,10,-0.04714994981146109,0.372273517758969,-0.3783718430815729,-0.536739356465054,-0.17523452157598501,-0.005001563232803554,0.7905805314192167,0.2727272727272727
mnist,fltrust_normalized,137,9,90,0,0.5111111111111111,0.7311,48,40,42,6,0.6560647727061174,-0.6744044745916428,-0.3634140609238116,-0.5334123295430387,0.13831942306134024,-0.16840649846061853,0.8459948093080544,-0.7666666666666666
mnist,fltrust_normalized,137,10,90,0,0.08888888888888889,0.6207,50,1,40,7,0.07514692806544719,0.30296463644173527,-0.4117539720953042,-0.532928470614844,-0.07410881801125704,0.16244459332474265,0.8198729142413659,0.2727272727272727
mnist,fltrust_normalized,137,11,90,0,0.5888888888888889,0.6834,49,47,41,6,0.6677230466441499,-0.7949268138852605,-0.46474436903294514,-0.5339161899909147,0.11219512195121953,-0.12247448713915893,0.8369351669941061,-0.8273809523809523
mnist,fltrust_normalized,137,12,90,0,0.08888888888888889,0.5343,52,0,38,8,-0.24388589126394083,0.42321507020069743,-0.1516889076933612,-0.5597142736036327,-0.10252762884341832,0.2648892601943691,0.7552198505621378,0.2727272727272727
mnist,fltrust_normalized,137,13,90,0,0.5666666666666667,0.759,51,46,39,5,0.6439797508600824,-0.7533739068388982,-0.31466436765931877,-0.5215588119236416,0.15526315789473685,-0.1362932551272764,0.8295914611704085,-0.7727272727272727
mnist,fltrust_normalized,137,14,90,0,0.15555555555555556,0.6629,48,1,42,13,-0.21653444187299442,0.376033353767539,-0.15162253212822066,-0.5600101467344543,-0.12357183372498177,0.010622672700102358,0.7011063643334429,0.34782608695652173
mnist,fltrust_normalized,137,15,90,0,0.6111111111111112,0.7748,52,51,38,4,0.6989673075109801,-0.8515176230093965,-0.47736658637034257,-0.6085898604715256,0.10799868694605536,-0.05473763676449522,0.8411327257062531,-0.9090909090909091
mnist,fltrust_normalized,137,16,90,0,0.18888888888888888,0.614,54,3,36,14,-0.3627569179542679,0.405988533298537,-0.08013635194649305,-0.5081728358104525,0.027799227799227798,0.02742523672252377,0.5708465257835702,0.32196969696969696
mnist,fltrust_normalized,137,17,90,0,0.5888888888888889,0.7611,52,47,38,6,0.657591272162246,-0.7324021410343322,-0.37265443550985256,-0.5570044161642199,0.1406061932377722,-0.1316245316231641,0.8319111657223474,-0.7727272727272727
mnist,fltrust_normalized,137,18,90,0,0.13333333333333333,0.6446,52,1,38,11,-0.35526035665349204,0.3648062966935364,-0.04142660341197984,-0.5473347999493083,-0.04278367436262173,-0.0343947842412361,0.8419446320054017,0.3
mnist,fltrust_normalized,137,19,90,0,0.5555555555555556,0.8216,51,45,39,5,0.6885007290996145,-0.7603396052681572,-0.33287850562288995,-0.5528368236222495,0.41578947368421054,-0.3339184750618272,0.9591511676345904,-0.8260869565217391
mnist,fltrust_normalized,137,20,90,0,0.14444444444444443,0.6996,52,5,38,8,-0.04503171251971408,0.18552227059185708,-0.22568924375364716,-0.5797012470040146,0.0918043549622497,0.1412742721036635,0.7745109891438381,0.19875776397515527
mnist,fltrust_normalized,137,21,90,0,0.6444444444444445,0.8014,53,51,37,7,0.6727061814303189,-0.7782116330010448,-0.3764349958692245,-0.5233727963496718,0.11047889995258414,-0.12279806626883452,0.8029890698193174,-0.7860869565217391
mnist,fltrust_normalized,137,22,90,0,0.2111111111111111,0.685,50,1,40,18,-0.34083788997771,0.5261602252277284,-0.10636762408706604,-0.5276001127241218,-0.2555347091932458,0.11753915449688705,0.4947173435784852,0.4782608695652174
mnist,fltrust_normalized,137,23,90,0,0.5777777777777777,0.8299,53,47,37,5,0.639820579199777,-0.7328568763393568,-0.3629372307559581,-0.6229345940244685,0.09364627785680416,-0.1332784974957958,0.817855494590021,-0.8181818181818181
mnist,fltrust_normalized,137,24,90,0,0.6666666666666666,0.8537,49,45,41,15,0.08004191487563309,-0.5627211141096523,-0.3337646291570502,-0.6066883143351518,-0.04006968641114983,-0.05563486402641868,0.6609174561443271,-0.6045548654244306
mnist,fltrust_normalized,137,25,90,0,0.14444444444444443,0.735,50,1,40,12,-0.1817994996182612,0.4063163835721212,-0.19491754587911464,-0.5115224710178145,-0.015196998123827393,0.11342479269053532,0.6508610685605533,0.26268115942028986
mnist,fltrust_normalized,137,26,90,0,0.5444444444444444,0.858,50,45,40,4,0.6751015541186476,-0.7660795166701099,-0.41697736211881564,-0.5369756565219435,0.08180112570356474,-0.086629616364842,0.8556698870423539,-0.8723809523809524
mnist,fltrust_normalized,137,27,90,0,0.24444444444444444,0.7856,49,6,41,16,-0.2285846083326474,0.34774853511759307,-0.0701802933796064,-0.5278917933205979,0.05313588850174217,0.21551433495577177,0.5694575329225565,0.3282608695652174
mnist,fltrust_normalized,137,28,90,0,0.6444444444444445,0.8197,50,48,40,10,0.5670473250628076,-0.7096710691133772,-0.31404790957074047,-0.5262532347339058,0.2105065666041276,-0.0650203220264462,0.7705054426956944,-0.691511387163561
mnist,fltrust_normalized,137,29,90,0,0.17777777777777778,0.7346,51,1,39,15,-0.2775280522106558,0.4761685523275333,-0.03404948143952669,-0.5582946489966968,-0.17469635627530367,0.10302443927398633,0.5328813559322034,0.36363636363636365
mnist,fltrust_normalized,2024,0,90,0,0.05555555555555555,0.1028,55,0,35,5,0.6203104276930959,0.287978923385227,-0.9114276895664172,-0.6876180693441408,-0.05882352941176472,-0.016169041669088863,0.8592761275240821,0.13043478260869565
mnist,fltrust_normalized,2024,1,90,0,0.16666666666666666,0.356,53,14,37,1,0.6794420090476858,-0.30167010293506213,-0.4882326480517753,-0.6763009262318679,-0.17614983404457088,-0.031219527052723132,0.9848678557206632,-0.23106060606060605
mnist,fltrust_normalized,2024,2,90,0,0.0,0.2302,53,0,37,0,0.4505899589573659,,-0.6521087225697092,-0.6854492850772087,0.11593172119487906,,1.0,0.0
mnist,fltrust_normalized,2024,3,90,0,0.25555555555555554,0.4794,51,22,39,1,0.643961549315422,-0.41684141003717645,-0.4761100530219509,-0.6630114780413645,-0.1680161943319838,0.27386127875258304,0.8767454810245866,-0.4565217391304348
mnist,fltrust_normalized,2024,4,90,0,0.044444444444444446,0.324,52,1,38,3,0.5830392793295066,0.09355528464612875,-0.6232935105991333,-0.6876253901244899,0.025932815406499617,-0.16463968873338866,0.9839990573818782,0.09090909090909091
mnist,fltrust_normalized,2024,5,90,0,0.25555555555555554,0.5173,53,22,37,1,0.6270317338878996,-0.3984486660457178,-0.4639239582192886,-0.6724532276332632,-0.1768610715979137,0.2809757434745082,0.8807402188328912,-0.5735930735930737
mnist,fltrust_normalized,2024,6,90,0,0.044444444444444446,0.5136,53,1,37,3,0.5031294143728277,0.12795261139463812,-0.5135153158228015,-0.6733558411216379,-0.02513039355144618,-0.055641488407465724,0.927920627272329,0.09090909090909091
mnist,fltrust_normalized,2024,7,90,0,0.26666666666666666,0.5431,53,22,37,2,0.6597327928960479,-0.36535747560248755,-0.4693076275353915,-0.6907125226092881,-0.09601706970128022,0.1903038067068491,0.871322078946822,-0.43478260869565216
mnist,fltrust_normalized,2024,8,90,0,0.4777777777777778,0.6474,53,38,37,5,0.6113640143066819,-0.5331710893031679,-0.533480935293522,-0.6777471928054486,0.04362256993835941,0.11106541457982982,0.7657581126671683,-0.505175983436853
mnist,fltrust_normalized,2024,9,90,0,0.24444444444444444,0.6297,53,15,37,7,0.5794749454770655,-0.05243215969926534,-0.515580117588411,-0.6799882986345872,-0.07539118065433853,0.2908375253735555,0.6231056493985844,-0.04545454545454544
mnist,fltrust_normalized,2024,10,90,0,0.5,0.6958,53,36,37,9,0.6279913586443464,-0.39456904567405543,-0.5350633416814313,-0.6542383400568754,0.039118065433854904,0.09439897672063849,0.646873207114171,-0.3333333333333333
mnist,fltrust_normalized,2024,11,90,0,0.2,0.5979,54,13,36,5,0.4740790975581416,-0.11411246007034939,-0.38142775973979254,-0.6741938325536504,-0.09935649935649937,0.03479384332309638,0.8584764749813294,-0.19047619047619047
mnist,fltrust_normalized,2024,12,90,0,0.45555555555555555,0.7378,51,36,39,5,0.633441056501665,-0.538829952146242,-0.5094504630069246,-0.658416730579354,-0.016599190283400813,0.047702639294546746,0.810970812681929,-0.5066666666666666
mnist,fltrust_normalized,2024,13,90,0,0.16666666666666666,0.6179,55,10,35,5,0.484264699876409,-0.02547265559400351,-0.42425120247428794,-0.6744735335879035,-0.024089635854341738,0.14552137502179976,0.8590859332238643,-0.059523809523809534
mnist,fltrust_normalized,2024,14,90,0,0.4888888888888889,0.7483,53,39,37,5,0.630224331635309,-0.5505190147624225,-0.5066881278004456,-0.6780417357578711,-0.1479374110953058,0.11106541457982982,0.7736771898621609,-0.5486542443064182
mnist,fltrust_normalized,2024,15,90,0,0.2111111111111111,0.6038,54,12,36,7,0.49694778748094154,-0.018345497081879315,-0.4758005617904269,-0.6769699399986856,-0.17245817245817247,0.07769723433979064,0.7600052144440099,-0.04545454545454544
mnist,fltrust_normalized,2024,16,90,0,0.4666666666666667,0.782,52,38,38,4,0.6013268272825788,-0.5916146886498969,-0.5238855278131135,-0.6730537037270661,-0.018929861035124194,-0.01563932478985578,0.857194359028735,-0.5838509316770186
mnist,fltrust_normalized,2024,17,90,0,0.15555555555555556,0.6445,52,5,38,9,0.43630827709080455,0.204245314292823,-0.4164579814542599,-0.6465174343847893,-0.1480468322573586,0.09313676476192966,0.6726679741730757,0.08441558441558442
mnist,fltrust_normalized,2024,18,90,0,0.4666666666666667,0.7727,53,38,37,4,0.6119914612628201,-0.5775570557113845,-0.5360494110880915,-0.6788095632903167,-0.008771929824561403,-0.03260773253630123,0.8571670979510457,-0.608695652173913
mnist,fltrust_normalized,2024,19,90,0,0.1111111111111111,0.6924,52,3,38,7,0.46801829886714846,0.19010399993868102,-0.4054306634778272,-0.7066819091716209,0.05241273662326294,0.003095263275061601,0.8813812549976853,0.11309523809523811
mnist,fltrust_normalized,2024,20,90,0,0.5,0.7762,54,41,36,4,0.6023203892187209,-0.5970074101458279,-0.5089576954712343,-0.6460637024379807,-0.009266409266409266,0.10210147121716917,0.7843105780916784,-0.639751552795031
mnist,fltrust_normalized,2024,21,90,0,0.16666666666666666,0.619,54,4,36,11,0.42598047899693553,0.30003954245085884,-0.43030106107019206,-0.6675216221952602,-0.07541827541827544,0.037731385127734496,0.6140031176586822,0.20238095238095238
mnist,fltrust_normalized,2024,22,90,0,0.4111111111111111,0.7579,53,32,37,5,0.5533067165416511,-0.4360335718155029,-0.4785620309039136,-0.6609256883538638,-0.22095779990516828,0.08885233166386385,0.7777078085642317,-0.45454545454545453
mnist,fltrust_normalized,2024,23,90,0,0.2111111111111111,0.7142,55,5,35,14,0.3123148929279354,0.37040044796494315,-0.356497155576659,-0.6698159468019825,-0.08655462184873951,0.07507055060648403,0.5658134256241993,0.41454545454545455
mnist,fltrust_normalized,2024,24,90,0,0.4111111111111111,0.8215,52,31,38,6,0.5957471094952937,-0.4082875872080426,-0.49571277231090877,-0.6522727053499386,-0.07539118065433854,0.07239349239274026,0.8008596276285926,-0.49275362318840576
mnist,fltrust_normalized,2024,25,90,0,0.2222222222222222,0.6796,52,5,38,15,0.46860467315021287,0.34180061528127914,-0.5386935939837667,-0.6760124232510465,-0.02746471167523799,0.017183671206937166,0.6217488478806938,0.31666666666666665
mnist,fltrust_normalized,2024,26,90,0,0.4444444444444444,0.8031,51,30,39,10,0.5024445395801966,-0.27025838284875675,-0.4208969919151566,-0.6626179946693904,-0.11497975708502024,0.24000907423861792,0.6280155642023346,-0.30434782608695654
mnist,fltrust_normalized,2024,27,90,0,0.15555555555555556,0.7029,53,1,37,13,0.20981641670041867,0.42991067851395837,-0.3860812238340375,-0.6729535503084931,-0.024893314366998574,-0.005302373024798148,0.7000771519894191,0.34368530020703936
mnist,fltrust_normalized,2024,28,90,0,0.32222222222222224,0.7542,52,27,38,2,0.5995768665315583,-0.45228436635704755,-0.498671032673179,-0.660332897900833,-0.06992012255170149,0.18270066606209562,0.8621768915931625,-0.4621212121212121
mnist,fltrust_normalized,2024,29,90,0,0.18888888888888888,0.6165,53,4,37,13,0.2869739379831884,0.3398934397305459,-0.3586980459286982,-0.6564836189734551,-0.10905642484589852,0.03711661117358704,0.539591544249373,0.2173913043478261
mnist,fltrust_normalized,42,0,90,0,0.03333333333333333,0.1113,44,0,46,3,0.02497181989259852,0.22183923429888835,-0.6092633431159115,-0.6107418417505369,-0.06445047502081501,0.14259550221085462,0.9120519323214353,0.08
mnist,fltrust_normalized,42,1,90,0,0.14444444444444443,0.2612,50,12,40,1,0.6739350133580647,-0.2933764677436862,-0.5732330910066864,-0.6252613167705413,-0.01200750469043152,-0.062423282400053,0.9897914901531276,-0.2727272727272727
mnist,fltrust_normalized,42,2,90,0,0.044444444444444446,0.2386,52,1,38,3,0.5613004824274527,0.11203591214185109,-0.7204038809866486,-0.6320519555203441,0.024730535682910105,-0.09344926046269329,0.9023362963652442,0.05263157894736842
mnist,fltrust_normalized,42,3,90,0,0.044444444444444446,0.1338,47,3,43,1,0.6847244298062707,-0.10084598452093003,-0.5660351152438958,-0.6231827220643374,-0.025067955300513436,-0.04973647313019938,0.9935583136731972,-0.045454545454545456
mnist,fltrust_normalized,42,4,90,0,0.044444444444444446,0.4174,49,1,41,3,0.5751479255181849,0.09744838019438169,-0.6396564534603544,-0.6567561964509749,0.00026134680820486916,-0.0791628443761765,0.9103435016662395,0.045454545454545456
mnist,fltrust_normalized,42,5,90,0,0.1111111111111111,0.2473,48,9,42,1,0.6497794333510183,-0.2504482489186721,-0.5690649409532998,-0.6222636977798707,0.11004862272763538,-0.05798561214913554,0.9916832745669171,-0.19047619047619047
mnist,fltrust_normalized,42,6,90,0,0.4111111111111111,0.5096,48,34,42,3,0.6719433949870665,-0.6129621374642692,-0.6182821839303865,-0.6009871864191907,0.052350081209169695,-0.057209479094879306,0.839024278305567,-0.7349896480331264
mnist,fltrust_normalized,42,7,90,0,0.1,0.377,47,3,43,6,0.593267614957321,0.1054523575240852,-0.562187802031837,-0.613714610439949,-0.010269576409252891,-0.04326990419484799,0.9342587944549562,0.0
mnist,fltrust_normalized,42,8,90,0,0.4444444444444444,0.5776,51,36,39,4,0.6814453864279343,-0.5766839011676264,-0.5560150980096183,-0.6005732300839062,0.13230084084381663,-0.045060916741324994,0.8169730054590074,-0.6864988558352403
mnist,fltrust_normalized,42,9,90,0,0.08888888888888889,0.4467,49,6,41,2,0.5850982084436015,-0.1444162763049152,-0.5308644474777915,-0.6041538621007004,-0.0024392368765787788,-0.13398449704322105,0.9891894174531788,-0.13043478260869565
mnist,fltrust_normalized,42,10,90,0,0.4111111111111111,0.6817,47,33,43,4,0.6897174897030232,-0.5673969467087784,-0.6126332905295633,-0.6202002436546825,0.01177980823414302,0.07097457813870464,0.7794026073157504,-0.6403162055335969
mnist,fltrust_normalized,42,11,90,0,0.13333333333333333,0.6016,49,9,41,3,0.5750670289090352,-0.14288308062144423,-0.5771531933538232,-0.6165567734595999,-0.20977437138577495,0.05541399106332356,0.8888462620527379,-0.17727272727272725
mnist,fltrust_normalized,42,12,90,0,0.4888888888888889,0.6925,48,39,42,5,0.6434787910310932,-0.6432915017371884,-0.5959683284328149,-0.6027667873933061,-0.0102106969541105,0.03943003416324799,0.7545922116091109,-0.7351778656126482
mnist,fltrust_normalized,42,13,90,0,0.16666666666666666,0.5891,49,9,41,6,0.46119156876260103,-0.041981111813580704,-0.4596627776559504,-0.6051079648940436,-0.10776200058314103,0.02333050610336438,0.9067338336588876,0.0
mnist,fltrust_normalized,42,14,90,0,0.4222222222222222,0.7116,48,33,42,5,0.6414469615448612,-0.5325956654101743,-0.5705504653209503,-0.5970048892572127,0.057209999641788765,0.039428436479576126,0.7575836030204962,-0.5948616600790513
mnist,fltrust_normalized,42,15,90,0,0.16666666666666666,0.5516,48,4,42,11,0.47346639630957815,0.2348693126462018,-0.48453528079835395,-0.6097722269497677,-0.12479235049342026,0.037977275000268935,0.784704033525406,0.25434782608695655
mnist,fltrust_normalized,42,16,90,0,0.36666666666666664,0.702,47,29,43,4,0.6512503958911617,-0.49882895407081024,-0.6053412588298576,-0.6180304034768054,-0.028088190878888548,0.05806572458540728,0.7926982316029664,-0.52
mnist,fltrust_normalized,42,17,90,0,0.15555555555555556,0.7053,46,7,44,7,0.5306926332146336,-0.022818640054984074,-0.5434327038866884,-0.6287904340966278,-0.057297906971534,-0.12234067513252217,0.9288783493453322,-0.027459954233409606
mnist,fltrust_normalized,42,18,90,0,0.4666666666666667,0.771,50,40,40,2,0.7280462257370511,-0.7035378090590639,-0.6285216615622968,-0.6468674535471284,-0.015667511092498625,0.02981409247027445,0.8808057922474511,-0.7857142857142858
mnist,fltrust_normalized,42,19,90,0,0.35555555555555557,0.7465,48,18,42,14,0.44056915962990817,-0.05092857222364805,-0.538019061461336,-0.6251804852482321,-0.05850654354301911,-0.04375506453668421,0.6666058837831267,-0.0331262939958592
mnist,fltrust_normalized,42,20,90,0,0.5777777777777777,0.7647,51,44,39,8,0.6992102727656259,-0.6261299521187286,-0.630126934909675,-0.6329321631918402,0.05071363524311563,0.0,0.6399881061525882,-0.7630434782608695
mnist,fltrust_normalized,42,21,90,0,0.23333333333333334,0.8042,49,13,41,8,0.35808258882696015,-0.06790850693723727,-0.5054828564250151,-0.5977322381150921,-0.15924038518524022,0.046816122869074515,0.8622424478035171,-0.14772727272727273
mnist,fltrust_normalized,42,22,90,0,0.5111111111111111,0.8319,49,41,41,5,0.7043812960847616,-0.6530631527776685,-0.631176870337154,-0.6463401142833777,-0.009843634313967257,0.11969396305148793,0.7312712771131213,-0.6877470355731226
mnist,fltrust_normalized,42,23,90,0,0.34444444444444444,0.737,48,18,42,13,0.46824943788673895,-0.07084748604436383,-0.5258850696743006,-0.61395803362283,-0.13654781244187456,-0.027621187275387135,0.7295560502331051,-0.13690476190476192
mnist,fltrust_normalized,42,24,90,0,0.6,0.8014,48,42,42,12,0.6716216600600915,-0.5720347796297532,-0.6406254233824821,-0.6193125935161563,-0.006888168580153908,-0.04131160002624602,0.6926805720377336,-0.5891304347826087
mnist,fltrust_normalized,42,25,90,0,0.2777777777777778,0.8184,49,12,41,13,0.4197545278536846,0.08758666570310625,-0.3857479278450805,-0.6593872444611155,-0.038679327614320635,0.05094727552986055,0.6523917784067184,0.0727272727272727
mnist,fltrust_normalized,42,26,90,0,0.4888888888888889,0.806,47,34,43,10,0.5057063103660472,-0.4439331985573149,-0.5724803052956476,-0.6115732451141435,-0.1583478068397302,0.06876178816464791,0.7333304783521049,-0.37549407114624506
mnist,fltrust_normalized,42,27,90,0,0.18888888888888888,0.7726,50,3,40,14,0.43476918818169596,0.3403118870777753,-0.5062819268616027,-0.6466522493955303,-0.12824241301222863,-0.02951545123954462,0.6815577975376197,0.19875776397515527
mnist,fltrust_normalized,42,28,90,0,0.6111111111111112,0.8528,51,46,39,9,0.6878341928874935,-0.6387348520963723,-0.6147675501420101,-0.5992643056136591,0.04646219276764486,0.048671352838845494,0.6753342457100747,-0.6893939393939393
mnist,fltrust_normalized,42,29,90,0,0.2777777777777778,0.8002,50,13,40,12,0.450325379140887,0.022029503852993335,-0.42928774359147814,-0.6164492958137625,-0.11952340797510927,-0.08980305224318309,0.6640074802053078,-0.10119047619047622
mnist,krum_bound30,137,0,90,0,0.32222222222222224,0.1042,49,1,41,28,0.42850513283167385,0.6660661529414913,-0.9327184706960393,-0.5320360828059001,-0.4385017421602789,0.004429811949614589,0.37930884021293304,0.6521739130434783
mnist,krum_bound30,137,1,90,0,0.32222222222222224,0.2077,51,0,39,29,0.6815659405839719,0.7593860444148259,-0.34507739167547374,-0.5885414398543442,0.0354251012145749,0.05739347427445211,0.2704537051708657,0.7272727272727273
mnist,krum_bound30,137,2,90,0,0.32222222222222224,0.2117,48,0,42,29,0.6917144441177058,0.6960385596975232,-0.408887067976478,-0.5373680366735053,0.08564946114577425,0.019120810860184245,0.3771373356299626,0.68
mnist,krum_bound30,137,3,90,0,0.32222222222222224,0.2119,51,0,39,29,0.6917588055938403,0.7593860444148259,-0.4104025047318134,-0.5742806503258144,0.08279352226720647,0.05739347427445211,0.2679513536274243,0.7272727272727273
mnist,krum_bound30,137,4,90,0,0.32222222222222224,0.2124,51,1,39,28,0.6909397360841186,0.6855217123131839,-0.4235935304691212,-0.5845664362076871,-0.010323886639676113,-0.08606813495767336,0.35483794876633484,0.6956521739130435
mnist,krum_bound30,137,5,90,0,0.32222222222222224,0.2147,48,1,42,28,0.6847525253336427,0.6557965016422059,-0.4437040719581636,-0.5700991202429725,0.07884288145207034,0.037502821498957874,0.39034318501678034,0.6666666666666666
mnist,krum_bound30,137,6,90,0,0.32222222222222224,0.2209,50,1,40,28,0.710775998308562,0.6846852703474756,-0.4071255090119034,-0.5267991147213655,0.10262664165103191,0.004726033028772305,0.37841100142259776,0.6956521739130435
mnist,krum_bound30,137,7,90,0,0.32222222222222224,0.2341,48,0,42,29,0.6910531065181927,0.684114986940392,-0.4235258464239557,-0.5262004648711694,0.09861437484806743,-0.03186801810030707,0.39607799933898863,0.6666666666666666
mnist,krum_bound30,137,8,90,0,0.32222222222222224,0.2605,50,1,40,28,0.7177481140171611,0.6806636241192965,-0.364703456080316,-0.536739356465054,0.0906191369606004,-0.014178099086316915,0.31945598791084245,0.6818181818181818
mnist,krum_bound30,137,9,90,0,0.32222222222222224,0.2915,48,1,42,28,0.676655608236902,0.6528156084529231,-0.38886059781358273,-0.5334123295430387,0.11319990276314726,0.025001880999305243,0.3777987947037347,0.6666666666666666
mnist,krum_bound30,137,10,90,0,0.32222222222222224,0.3012,50,2,40,27,0.6679666652806645,0.6409498676160289,-0.34982386723216063,-0.532928470614844,0.08574108818011258,0.011559867111120928,0.40318199456732634,0.6383399209486166
mnist,krum_bound30,137,11,90,0,0.32222222222222224,0.3075,49,1,41,28,0.6845134224990271,0.6660661529414913,-0.3861894837144102,-0.5339161899909147,0.09024390243902441,0.004429811949614589,0.37570914549347695,0.6666666666666666
mnist,krum_bound30,137,12,90,0,0.32222222222222224,0.3117,52,2,38,27,0.7039789752115465,0.6830105127081089,-0.3519030032254145,-0.5597142736036327,0.13513513513513511,0.0343947842412361,0.34151905216359024,0.6818181818181819
mnist,krum_bound30,137,13,90,0,0.32222222222222224,0.3156,51,3,39,26,0.6804920494490037,0.6096336998799902,-0.33142934042136263,-0.5215588119236416,0.07044534412955467,-0.00966585942211605,0.4176174702490492,0.5454545454545454
mnist,krum_bound30,137,14,90,0,0.32222222222222224,0.3256,48,1,42,28,0.6536875321457057,0.6448665599481691,-0.3890624047980559,-0.5600101467344543,0.14334332712097886,-0.008333960333101749,0.3965604118742469,0.6521739130434783
mnist,krum_bound30,137,15,90,0,0.32222222222222224,0.3228,52,1,38,28,0.702009124104377,0.7242661812609477,-0.42185633559863656,-0.6085898604715256,0.08523908523908524,0.010899546724525696,0.27039405069605044,0.6818181818181818
mnist,krum_bound30,137,16,90,0,0.32222222222222224,0.3225,54,3,36,26,0.6518320325231243,0.6811225496246083,-0.2796067251962988,-0.5081728358104525,0.037065637065637064,0.06566920368364697,0.33085437989347866,0.6439393939393939
mnist,krum_bound30,137,17,90,0,0.32222222222222224,0.327,52,3,38,26,0.677747888142586,0.6285122838790503,-0.3519721267683278,-0.5570044161642199,0.12244228033701719,-0.010325477772523453,0.3822331444694746,0.5454545454545454
mnist,krum_bound30,137,18,90,0,0.32222222222222224,0.3268,52,2,38,27,0.6390838338530247,0.698290389949901,-0.32479020702249506,-0.5473347999493083,0.11412627202100886,0.11376736325947324,0.30557731262660365,0.7065217391304348
mnist,krum_bound30,137,19,90,0,0.32222222222222224,0.3314,51,2,39,27,0.7053917625445392,0.7047466754629262,-0.3083312624854504,-0.5528368236222495,0.2734817813765183,0.23200331045564457,0.16927638511112744,0.6956521739130435
mnist,krum_bound30,137,20,90,0,0.32222222222222224,0.331,52,2,38,27,0.6757322265445519,0.7033836823638318,-0.34437308751957646,-0.5797012470040146,0.21895174526753475,0.14022488959888565,0.27505500616552625,0.7184265010351967
mnist,krum_bound30,137,21,90,0,0.32222222222222224,0.3359,53,3,37,26,0.6947406421841162,0.6447733091227318,-0.30431260949508926,-0.5233727963496718,0.15647226173541962,-0.027690740014787548,0.37095694847200533,0.6156521739130435
mnist,krum_bound30,137,22,90,0,0.32222222222222224,0.3414,50,2,40,27,0.6518792543265814,0.6610580987569239,-0.3023813243697816,-0.5276001127241218,0.16172607879924958,0.10403880400008834,0.34458470545188435,0.6521739130434783
mnist,krum_bound30,137,23,90,0,0.32222222222222224,0.3403,53,3,37,26,0.6577028174497181,0.64682509371819,-0.33405590988311856,-0.6229345940244685,0.1377430061640588,-0.01661444400887253,0.31544536177631916,0.5909090909090908
mnist,krum_bound30,137,24,90,0,0.32222222222222224,0.3444,49,1,41,28,0.669664546207669,0.6870524833417484,-0.3733308967563562,-0.6066883143351518,0.19250871080139373,0.09745586289152094,0.2792937763474004,0.6956521739130435
mnist,krum_bound30,137,25,90,0,0.32222222222222224,0.3466,50,2,40,27,0.6504504679686584,0.6650797449851029,-0.29841542196046306,-0.5115224710178145,0.10581613508442779,0.12253459137788184,0.2860093765956459,0.6539855072463768
mnist,krum_bound30,137,26,90,0,0.32222222222222224,0.353,50,1,40,28,0.6969854970691146,0.6836798587904308,-0.3872803649559581,-0.5369756565219435,0.06360225140712947,0.0,0.3563090722384056,0.68
mnist,krum_bound30,137,27,90,0,0.32222222222222224,0.3596,49,2,41,27,0.6634265800174736,0.6220947940076195,-0.315765721671479,-0.5278917933205979,0.15540069686411154,0.008694008849288353,0.4150537634408602,0.6021739130434782
mnist,krum_bound30,137,28,90,0,0.32222222222222224,0.3652,50,2,40,27,0.6695039670581767,0.6691013912132819,-0.3069997011796765,-0.5262532347339058,0.2358348968105066,0.1410303787556753,0.3434098315191014,0.6480331262939958
mnist,krum_bound30,137,29,90,0,0.32222222222222224,0.3639,51,3,39,26,0.6511147563669902,0.6349297040243881,-0.31255252882357454,-0.5582946489966968,0.11882591093117409,0.11115738335433457,0.2983777239709443,0.5948616600790513
mnist,krum_bound30,2024,0,90,0,0.32222222222222224,0.1031,55,3,35,26,0.6203104276930959,0.7088920185829942,-0.9114276895664172,-0.6876180693441408,-0.05882352941176472,0.1165103456070926,0.23356575712385635,0.782608695652174
mnist,krum_bound30,2024,1,90,0,0.32222222222222224,0.1806,53,2,37,27,0.678943742347223,0.692990247115999,-0.5052798424043516,-0.6763009262318679,-0.11901375059269793,-0.017099639201419232,0.355458680024312,0.7045454545454546
mnist,krum_bound30,2024,2,90,0,0.32222222222222224,0.1928,53,2,37,27,0.7124937001783819,0.6919643548182698,-0.5655169482688701,-0.6854492850772087,-0.20768136557610237,-0.02279951893522564,0.3235136295342348,0.6837944664031621
mnist,krum_bound30,2024,3,90,0,0.32222222222222224,0.2297,51,2,39,27,0.6687338515983341,0.6460599458479231,-0.5546668730666419,-0.6630114780413645,-0.1463562753036437,-0.0542986471279168,0.3753533795939347,0.6539855072463768
mnist,krum_bound30,2024,4,90,0,0.32222222222222224,0.2703,52,1,38,28,0.6876429541692982,0.7130609379503001,-0.5135020549701184,-0.6876253901244899,-0.15483094430462851,-0.04904796026036562,0.34066218923058794,0.7272727272727273
mnist,krum_bound30,2024,5,90,0,0.32222222222222224,0.292,53,2,37,27,0.6541226789352821,0.670420616565959,-0.5444216838520926,-0.6724532276332632,-0.18515884305357985,-0.14249699334516028,0.3564116379310345,0.6341991341991342
mnist,krum_bound30,2024,6,90,0,0.32222222222222224,0.3008,53,2,37,27,0.6733151740642178,0.683757216436437,-0.5468182441309798,-0.6733558411216379,-0.1896633475580844,-0.06839855680567693,0.37237723947610496,0.6837944664031621
mnist,krum_bound30,2024,7,90,0,0.32222222222222224,0.3005,53,2,37,27,0.6743117074651432,0.6765759703523335,-0.5222604056458042,-0.6907125226092881,-0.10384068278805118,-0.1082977149423218,0.35712950850308356,0.6521739130434783
mnist,krum_bound30,2024,8,90,0,0.32222222222222224,0.3078,53,2,37,27,0.6503210885539736,0.6868348933296243,-0.4947024751310407,-0.6777471928054486,-0.14319582740635373,-0.0512989176042577,0.29319676706876047,0.6708074534161491
mnist,krum_bound30,2024,9,90,0,0.32222222222222224,0.3161,53,2,37,27,0.6481803871742077,0.6693947242682299,-0.5112504615850586,-0.6799882986345872,-0.1770981507823613,-0.1481968730789667,0.37342046984237265,0.6363636363636364
mnist,krum_bound30,2024,10,90,0,0.32222222222222224,0.3269,53,2,37,27,0.6754927840884625,0.706326846986477,-0.4858941414152851,-0.6542383400568754,-0.0007112375533428164,0.0569987973380641,0.26656074848845934,0.7083333333333334
mnist,krum_bound30,2024,11,90,0,0.32222222222222224,0.3304,54,2,36,27,0.6485969495584356,0.6992100224902087,-0.4647339032687266,-0.6741938325536504,-0.12535392535392537,-0.10189116930240022,0.3337845407020164,0.6726190476190477
mnist,krum_bound30,2024,12,90,0,0.32222222222222224,0.3399,51,1,39,28,0.6876998611345534,0.6986756344682707,-0.5085998917921094,-0.658416730579354,-0.07894736842105263,-0.02025132587239373,0.340944850916529,0.6723809523809523
mnist,krum_bound30,2024,13,90,0,0.32222222222222224,0.3475,55,2,35,27,0.643190845553175,0.7109754631636938,-0.47887732093563923,-0.6744735335879035,-0.24061624649859947,-0.16842751738634235,0.3244663382594417,0.6726190476190477
mnist,krum_bound30,2024,14,90,0,0.32222222222222224,0.3521,53,2,37,27,0.6620026745314892,0.6611875858863971,-0.468632992768262,-0.6780417357578711,-0.20791844476055002,-0.19379591094941798,0.40249467599634925,0.6231884057971014
mnist,krum_bound30,2024,15,90,0,0.32222222222222224,0.3565,54,2,36,27,0.6536912756062787,0.6878407538318313,-0.464814535395175,-0.6769699399986856,-0.2007722007722008,-0.16981861550400035,0.3688567331508278,0.6363636363636364
mnist,krum_bound30,2024,16,90,0,0.32222222222222224,0.3732,52,2,38,27,0.655731366233151,0.6850478296736812,-0.5243514700905662,-0.6730537037270661,-0.09136667031403872,0.04497779477700105,0.3098504930548192,0.691511387163561
mnist,krum_bound30,2024,17,90,0,0.32222222222222224,0.3866,52,3,38,26,0.6532026271374356,0.6173070405684027,-0.5021745419667762,-0.6465174343847893,-0.19356603567129885,-0.06711560552140244,0.38581722823332376,0.5865800865800865
mnist,krum_bound30,2024,18,90,0,0.32222222222222224,0.3976,53,3,37,26,0.6567431926932713,0.6632393704818553,-0.5266867585056908,-0.6788095632903167,-0.11119013750592696,0.07199592403844764,0.3099096423874772,0.6521739130434783
mnist,krum_bound30,2024,19,90,0,0.32222222222222224,0.4068,52,4,38,25,0.6508937783978693,0.5475289344975519,-0.5288432867566832,-0.7066819091716209,-0.18262391946602471,-0.18463270881986282,0.449433946382728,0.48809523809523814
mnist,krum_bound30,2024,20,90,0,0.32222222222222224,0.4141,54,4,36,25,0.639514547097226,0.5989537443208809,-0.4863064599361873,-0.6460637024379807,-0.23912483912483914,-0.1364134693079632,0.4125065926758238,0.5797101449275361
mnist,krum_bound30,2024,21,90,0,0.32222222222222224,0.4214,54,5,36,24,0.6543791955470458,0.5550270245044229,-0.4699316439570878,-0.6675216221952602,-0.19716859716859722,-0.11911838308669738,0.43109315651963903,0.5833333333333333
mnist,krum_bound30,2024,22,90,0,0.32222222222222224,0.4243,53,4,37,25,0.6265334671874367,0.5596242484112175,-0.4775910451838958,-0.6609256883538638,-0.2657657657657657,-0.2325173702874263,0.4777731131635414,0.5454545454545455
mnist,krum_bound30,2024,23,90,0,0.32222222222222224,0.4265,55,5,35,24,0.6804628775955153,0.588052232902425,-0.4555944407434942,-0.6698159468019825,-0.10784313725490198,-0.048751494941808714,0.34040497112164864,0.5563636363636364
mnist,krum_bound30,2024,24,90,0,0.32222222222222224,0.4363,52,4,38,25,0.631076160049926,0.5648461287049164,-0.46828844878349607,-0.6522727053499386,-0.1598643177590546,-0.09863939238321438,0.4123601598746711,0.556935817805383
mnist,krum_bound30,2024,25,90,0,0.32222222222222224,0.4396,52,5,38,24,0.6143095203935522,0.5154411922897884,-0.4800325978866744,-0.6760124232510465,-0.14935988620199148,-0.11442361247908184,0.4264324848197156,0.4833333333333334
mnist,krum_bound30,2024,26,90,0,0.32222222222222224,0.4467,51,4,39,25,0.6322397545540734,0.5317220071152444,-0.48584899346680466,-0.6626179946693904,-0.22651821862348182,-0.1614781346496324,0.45157219476285626,0.5217391304347827
mnist,krum_bound30,2024,27,90,0,0.32222222222222224,0.448,53,5,37,24,0.6296337933236495,0.5237180179906993,-0.44820280233139875,-0.6729535503084931,-0.24940730203888095,-0.1749783098183389,0.4667695359858922,0.5134575569358178
mnist,krum_bound30,2024,28,90,0,0.32222222222222224,0.4506,52,4,38,25,0.6315525891549159,0.5668834456704887,-0.4869713212685946,-0.660332897900833,-0.1500164131743079,-0.08852253162596163,0.3587296723500186,0.5340909090909091
mnist,krum_bound30,2024,29,90,0,0.32222222222222224,0.4483,53,5,37,24,0.674090255598271,0.5411581870520938,-0.4765782334690393,-0.6564836189734551,-0.08605974395448078,-0.08483796839677037,0.3933441524227032,0.5217391304347827
mnist,krum_bound30,42,0,90,0,0.32222222222222224,0.0986,44,0,46,29,0.02497181989259852,0.6768172925966051,-0.6092633431159115,-0.6107418417505369,-0.06445047502081501,0.19338091836175586,0.3621257428365949,0.72
mnist,krum_bound30,42,1,90,0,0.32222222222222224,0.189,50,2,40,27,0.6879696742915874,0.6097821093476415,-0.5772010827367697,-0.6252613167705413,-0.02983114446529081,-0.13178248506677856,0.4970139075447914,0.6067193675889329
mnist,krum_bound30,42,2,90,0,0.32222222222222224,0.1846,52,2,38,27,0.6884069184935292,0.681485999870158,-0.5973346426722297,-0.6320519555203441,-0.015429228014558958,0.02645897396485266,0.3598222180853539,0.6933638443935927
mnist,krum_bound30,42,3,90,0,0.32222222222222224,0.1893,47,2,43,27,0.6923151958613697,0.6082602813689909,-0.5833711202864729,-0.6231827220643374,0.0320144971307762,0.09304842103984709,0.38264437378192634,0.6212121212121212
mnist,krum_bound30,42,4,90,0,0.32222222222222224,0.2051,49,2,41,27,0.6679183591886677,0.6111079523204918,-0.5674452431561107,-0.6567561964509749,-0.017858698560666058,-0.039126448197447365,0.43243185507989407,0.5909090909090909
mnist,krum_bound30,42,5,90,0,0.32222222222222224,0.2454,48,2,42,27,0.6864572150261561,0.6279809251986654,-0.5439370314358009,-0.6222636977798707,0.1303889793584428,0.10659712638959269,0.401521539169094,0.6723809523809523
mnist,krum_bound30,42,6,90,0,0.32222222222222224,0.2741,48,2,42,27,0.6826678925528963,0.6220190809720959,-0.5645456282333626,-0.6009871864191907,0.10551053519247516,0.08199778953045592,0.40277204093808805,0.6231884057971014
mnist,krum_bound30,42,7,90,0,0.32222222222222224,0.2823,47,1,43,28,0.6834154934635335,0.6300075567527084,-0.5541641496971028,-0.613714610439949,0.03858642312594284,0.003932310370682199,0.4208981735336139,0.6086956521739131
mnist,krum_bound30,42,8,90,0,0.32222222222222224,0.2864,51,2,39,27,0.682537490096235,0.6733864058915511,-0.5090112975117401,-0.6005732300839062,0.100819921561164,0.07898784549371492,0.40804827966144136,0.6933638443935927
mnist,krum_bound30,42,9,90,0,0.32222222222222224,0.303,49,2,41,27,0.6604219400741262,0.6081098756942259,-0.5332312267899726,-0.6041538621007004,-0.03798240279244098,-0.05216859759659649,0.451088448301345,0.5928853754940712
mnist,krum_bound30,42,10,90,0,0.32222222222222224,0.321,47,1,43,28,0.6916196437160708,0.6250663210134714,-0.5645777519026751,-0.6202002436546825,-0.0032469984235137814,-0.015729241482728796,0.44412751340819157,0.6067193675889329
mnist,krum_bound30,42,11,90,0,0.32222222222222224,0.3486,49,3,41,26,0.6593433186187966,0.5821265449332566,-0.5479879181840563,-0.6165567734595999,-0.016987542533316493,0.029959844331976182,0.4505230312795724,0.5590909090909091
mnist,krum_bound30,42,12,90,0,0.32222222222222224,0.3525,48,3,42,26,0.6484478082365943,0.5564387944798302,-0.5184951031952343,-0.6027667873933061,-0.06345218821482952,-0.004045321061613918,0.4686216882050395,0.5039525691699605
mnist,krum_bound30,42,13,90,0,0.32222222222222224,0.3597,49,3,41,26,0.6670554620244039,0.598116286940007,-0.49913133523093095,-0.6051079648940436,0.027092952450571434,0.09843948851935032,0.3978821836126247,0.5909090909090908
mnist,krum_bound30,42,14,90,0,0.32222222222222224,0.3721,48,3,42,26,0.667864845713594,0.5708438152006895,-0.5119864742078499,-0.5970048892572127,0.03557392329000746,0.054609621489779166,0.441445523193096,0.5177865612648221
mnist,krum_bound30,42,15,90,0,0.32222222222222224,0.3723,48,3,42,26,0.6693215828988115,0.5549456410610707,-0.5291674687887027,-0.6097722269497677,-0.003565495728383436,-0.010112892868477623,0.45935917583376984,0.5086956521739131
mnist,krum_bound30,42,16,90,0,0.32222222222222224,0.3782,47,3,43,26,0.6738982552686704,0.5479777839465563,-0.5645778183726919,-0.6180304034768054,0.00015101177891875566,0.030663271749014023,0.4162958737402548,0.5
mnist,krum_bound30,42,17,90,0,0.32222222222222224,0.3819,46,3,44,26,0.6632198850889915,0.5407379368622761,-0.5564862918593018,-0.6287904340966278,-0.0023962224317738696,0.06552851478989341,0.4404515789046982,0.5034324942791762
mnist,krum_bound30,42,18,90,0,0.32222222222222224,0.3831,50,3,40,26,0.7461684808436485,0.6213505150492201,-0.5257395607807427,-0.6468674535471284,0.02833286437086578,0.12714944681979648,0.34837216174949515,0.5833333333333333
mnist,krum_bound30,42,19,90,0,0.32222222222222224,0.383,48,3,42,26,0.6684189420662534,0.5599138204797015,-0.5570336642594537,-0.6251804852482321,-0.015234390839456501,0.010112892868477623,0.4284788070346057,0.5134575569358178
mnist,krum_bound30,42,20,90,0,0.32222222222222224,0.3813,51,2,39,27,0.6689134968341837,0.6526434737791893,-0.520672676532015,-0.6329321631918402,-0.09970644853187405,-0.022215331545107322,0.4652724434422777,0.6565217391304348
mnist,krum_bound30,42,21,90,0,0.32222222222222224,0.3831,49,3,41,26,0.6586210054145961,0.5766272412752514,-0.5064462820657317,-0.5977322381150921,-0.02526242434557968,0.0064196869968450735,0.4553728646893366,0.553030303030303
mnist,krum_bound30,42,22,90,0,0.32222222222222224,0.3846,49,2,41,27,0.7157517081251779,0.6220978469564021,-0.5287717282600576,-0.6463401142833777,0.05662267525733377,0.008694387532950326,0.3850014590020426,0.6067193675889329
mnist,krum_bound30,42,23,90,0,0.32222222222222224,0.3879,48,3,42,26,0.662076857226503,0.5932035005436762,-0.5148775154919758,-0.61395803362283,-0.011183144283073404,0.14563155821810106,0.398336763408795,0.5833333333333333
mnist,krum_bound30,42,24,90,0,0.32222222222222224,0.3907,48,3,42,26,0.6726672985727599,0.5723370457506826,-0.5335233158560404,-0.6193125935161563,-0.008670988683252567,0.06067981592420878,0.4196552487076855,0.5521739130434783
mnist,krum_bound30,42,25,90,0,0.32222222222222224,0.3885,49,2,41,27,0.744221838641117,0.677565317536048,-0.5175440958760607,-0.6593872444611155,0.12474954311645756,0.24997453015035814,0.20846285899874728,0.6472727272727273
mnist,krum_bound30,42,26,90,0,0.32222222222222224,0.3969,47,3,43,26,0.6411236766687635,0.527723976950504,-0.5043770425702777,-0.6115732451141435,-0.057992902075781026,-0.047914980107621165,0.46743180163590425,0.47430830039525684
mnist,krum_bound30,42,27,90,0,0.32222222222222224,0.3963,50,3,40,26,0.6689014118851007,0.6047580555339931,-0.5405129740260313,-0.6466522493955303,-0.014916271886572316,0.052219644500732784,0.40430489056087554,0.5797101449275361
mnist,krum_bound30,42,28,90,0,0.32222222222222224,0.3966,51,3,39,26,0.6954152125182809,0.6010391060850208,-0.49738241558294716,-0.5992643056136591,-0.021560886839887484,-0.05075089895675522,0.43071902305505844,0.553030303030303
mnist,krum_bound30,42,29,90,0,0.32222222222222224,0.3978,50,3,40,26,0.6659747890845138,0.601744794914172,-0.49315544287551416,-0.6164492958137625,9.381743169160853e-05,0.038598939213152494,0.3768750248677038,0.5833333333333333
mnist,mdbg_l0_only,137,0,90,0,0.23333333333333334,0.1057,49,0,41,21,0.42850513283167385,0.533879706866209,-0.9327184706960393,-0.5320360828059001,-0.4385017421602789,-0.12784184532056,0.5586002268958897,0.43478260869565216
mnist,mdbg_l0_only,137,1,90,0,0.35555555555555557,0.2009,51,1,39,31,0.6928326967288085,0.7823697083552487,-0.3813610688456686,-0.5885414398543442,-0.019230769230769235,0.11848470275852445,0.22035599218296098,0.8181818181818182
mnist,mdbg_l0_only,137,2,90,0,0.4222222222222222,0.2107,48,4,42,34,0.6745017925411906,0.7370749795416781,-0.34744734736256655,-0.5373680366735053,0.09391459363098614,0.260125757848455,0.15808931647271351,0.7371428571428571
mnist,mdbg_l0_only,137,3,90,0,0.4222222222222222,0.2114,51,5,39,33,0.6753046092207671,0.7237759647460714,-0.36515580261090835,-0.5742806503258144,0.05931174089068827,0.07577352304240825,0.18591633022069204,0.7207792207792207
mnist,mdbg_l0_only,137,4,90,0,0.43333333333333335,0.212,51,5,39,34,0.6908305268161559,0.7419230051516698,-0.38100026699769207,-0.5845664362076871,-0.042914979757085026,0.05451730205091056,0.17287823748643677,0.733201581027668
mnist,mdbg_l0_only,137,5,90,0,0.43333333333333335,0.2121,48,4,42,35,0.6818122541141862,0.7407532391110867,-0.4084554660321352,-0.5700991202429725,0.09683169921400211,0.18184464641646986,0.16213056187073724,0.725
mnist,mdbg_l0_only,137,6,90,0,0.4222222222222222,0.2124,50,5,40,33,0.6960631160026073,0.7263122361915488,-0.40002871946623586,-0.5267991147213655,0.032270168855534714,0.219442696245705,0.16030090097857483,0.7267080745341614
mnist,mdbg_l0_only,137,7,90,0,0.4111111111111111,0.2126,48,3,42,34,0.6811419795200852,0.7559321140648282,-0.39028727740622254,-0.5262004648711694,0.07009156470302245,0.24011608416780456,0.16626638757298667,0.775
mnist,mdbg_l0_only,137,8,90,0,0.43333333333333335,0.2126,50,4,40,35,0.711246231793448,0.7827218825507135,-0.3534764456151281,-0.536739356465054,-0.000375234521575985,0.1997317955076071,0.052159677622465685,0.7786561264822134
mnist,mdbg_l0_only,137,9,90,0,0.4444444444444444,0.2127,48,5,42,35,0.6720709300132507,0.7181546064419192,-0.37721627581216427,-0.5334123295430387,0.05113037841341869,0.17657378710005045,0.16425460783882462,0.725
mnist,mdbg_l0_only,137,10,90,0,0.4222222222222222,0.2127,50,5,40,33,0.6650638778066562,0.7158480127493655,-0.32805052870492846,-0.532928470614844,0.030956848030018764,0.15674478303264644,0.1820915793558401,0.733201581027668
mnist,mdbg_l0_only,137,11,90,0,0.43333333333333335,0.2129,49,4,41,35,0.6903019674939636,0.755383097475028,-0.36517406148075654,-0.5339161899909147,0.10470383275261326,0.15163507931514913,0.16182865720403522,0.7797619047619048
mnist,mdbg_l0_only,137,12,90,0,0.4222222222222222,0.2129,52,5,38,33,0.6867725548428745,0.7503392577269923,-0.3291998512400299,-0.5597142736036327,0.08151876572929204,0.1100391389852361,0.1655454947510533,0.7727272727272727
mnist,mdbg_l0_only,137,13,90,0,0.4222222222222222,0.2131,51,5,39,33,0.6808196772528923,0.7352644721229931,-0.3158162862030282,-0.5215588119236416,0.06497975708502025,0.1515470460848165,0.18037050668629617,0.7272727272727273
mnist,mdbg_l0_only,137,14,90,0,0.4222222222222222,0.213,48,4,42,34,0.6645996025376709,0.7314340995962062,-0.3891122069107602,-0.5600101467344543,0.08743213677983956,0.2301112473274794,0.16488114798992223,0.7743271221532091
mnist,mdbg_l0_only,137,15,90,0,0.4,0.2131,52,4,38,32,0.6997735721501938,0.7589190005813533,-0.3796449836443039,-0.6085898604715256,0.031185031185031187,0.16453066452895512,0.16757357275654106,0.7766798418972332
mnist,mdbg_l0_only,137,16,90,0,0.3888888888888889,0.213,54,5,36,30,0.6664363869413026,0.7331960442533243,-0.2616162551234776,-0.5081728358104525,0.02908622908622909,0.14349920066683505,0.18356527501656728,0.7386363636363636
mnist,mdbg_l0_only,137,17,90,0,0.4111111111111111,0.213,52,5,38,32,0.6866992580574914,0.7372396716884558,-0.33781932895962413,-0.5570044161642199,0.12003501477185688,0.16453066452895512,0.16772475936924022,0.7272727272727273
mnist,mdbg_l0_only,137,18,90,0,0.3888888888888889,0.213,52,4,38,31,0.6534958142789679,0.7377540873665127,-0.30197988037388185,-0.5473347999493083,0.0955246744720429,0.15785842702814162,0.20440243079000675,0.7195652173913043
mnist,mdbg_l0_only,137,19,90,0,0.4222222222222222,0.2131,51,5,39,33,0.7192795411204846,0.763028364950554,-0.30270792304876976,-0.5528368236222495,0.2394736842105263,0.33466639343730314,0.05128770614325271,0.7826086956521738
mnist,mdbg_l0_only,137,20,90,0,0.4,0.2131,52,4,38,32,0.6780227510877724,0.7628059096752398,-0.32964232320842335,-0.5797012470040146,0.14301345880293248,0.19085557085358795,0.17297323436253295,0.8178053830227743
mnist,mdbg_l0_only,137,21,90,0,0.4111111111111111,0.2131,53,5,37,32,0.697896331287047,0.744910984699334,-0.2959376404749372,-0.5233727963496718,0.14390706495969652,0.0666392487478979,0.1658933749721169,0.7495652173913043
mnist,mdbg_l0_only,137,22,90,0,0.4222222222222222,0.2131,50,5,40,33,0.6640601101754572,0.7225070640307548,-0.294310855074966,-0.5276001127241218,0.12363977485928707,0.19664345507732006,0.1716977680204903,0.7391304347826086
mnist,mdbg_l0_only,137,23,90,0,0.4,0.2131,53,5,37,31,0.6623717609762766,0.7300563500688194,-0.32224120120086536,-0.6229345940244685,0.10146989094357514,0.11674546615262996,0.19347725757653453,0.7272727272727273
mnist,mdbg_l0_only,137,24,90,0,0.4111111111111111,0.2132,49,4,41,33,0.6713903235974635,0.7341801678092525,-0.3609031370844802,-0.6066883143351518,0.1510452961672474,0.2444735487068407,0.171025792121844,0.7743271221532091
mnist,mdbg_l0_only,137,25,90,0,0.4222222222222222,0.2132,50,5,40,33,0.6703992192697867,0.7196531849101595,-0.32950208878505716,-0.5115224710178145,0.050093808630394004,0.17954402420103138,0.17425613888502064,0.7445652173913043
mnist,mdbg_l0_only,137,26,90,0,0.43333333333333335,0.2132,50,5,40,34,0.6964429199711691,0.7414760898299914,-0.3658786183972507,-0.5369756565219435,0.05572232645403378,0.1940891623722803,0.15363497286082528,0.7371428571428571
mnist,mdbg_l0_only,137,27,90,0,0.43333333333333335,0.2133,49,5,41,34,0.6606761223024884,0.7186270889890317,-0.31199347908580616,-0.5278917933205979,0.0858885017421603,0.17530628316511326,0.18093512142080465,0.7195652173913043
mnist,mdbg_l0_only,137,28,90,0,0.4222222222222222,0.2133,50,5,40,33,0.678610219352028,0.720604477950358,-0.3087347725032718,-0.5262532347339058,0.18893058161350848,0.18524383449312762,0.1735191476576764,0.7267080745341614
mnist,mdbg_l0_only,137,29,90,0,0.4111111111111111,0.2134,51,5,39,32,0.6598332962593598,0.7212531638911815,-0.2949021527062244,-0.5582946489966968,0.07591093117408908,0.18997427605839104,0.18227602905569007,0.733201581027668
mnist,mdbg_l0_only,2024,0,90,0,0.0,0.1046,55,0,35,0,0.6203104276930959,,-0.9114276895664172,-0.6876180693441408,-0.05882352941176472,,1.0,0.0
mnist,mdbg_l0_only,2024,1,90,0,0.011111111111111112,0.1594,53,0,37,1,0.6822286117058294,0.03887671922562976,-0.6371743691312638,-0.6763009262318679,-0.08937885253674727,-0.2809757434745082,0.9992664472994781,0.0
mnist,mdbg_l0_only,2024,2,90,0,0.0,0.2076,53,0,37,0,0.7002769388559248,,-0.6023837477681833,-0.6854492850772087,-0.15433854907539118,,1.0,0.0
mnist,mdbg_l0_only,2024,3,90,0,0.0,0.2905,51,0,39,0,0.6540816081466483,,-0.6066755207818192,-0.6630114780413645,-0.11578947368421054,,1.0,0.0
mnist,mdbg_l0_only,2024,4,90,0,0.044444444444444446,0.3508,52,0,38,4,0.6991505494744378,0.23100070282994756,-0.5518259582565566,-0.6876253901244899,-0.056789583105372576,-0.03127864957971156,0.9549899846824556,0.13636363636363635
mnist,mdbg_l0_only,2024,5,90,0,0.06666666666666667,0.4066,53,0,37,6,0.6622610350428405,0.26523418864615994,-0.5838317678788526,-0.6724532276332632,-0.11545756282598386,-0.1442149876003076,0.8645142572944297,0.13636363636363635
mnist,mdbg_l0_only,2024,6,90,0,0.07777777777777778,0.4611,53,0,37,7,0.6876726367664409,0.3016320770398447,-0.5829971449714039,-0.6733558411216379,-0.10146989094357514,-0.10987195403000985,0.8419554075956021,0.18181818181818182
mnist,mdbg_l0_only,2024,7,90,0,0.14444444444444443,0.4585,53,2,37,11,0.7016979216683557,0.3607234062491366,-0.5552757676935791,-0.6907125226092881,-0.05855855855855855,0.055381480029575096,0.6552253991984883,0.26086956521739135
mnist,mdbg_l0_only,2024,8,90,0,0.15555555555555556,0.487,53,2,37,12,0.6561895630260905,0.3783213970922834,-0.5371479291623147,-0.6777471928054486,-0.05073494547178757,0.027036903521793755,0.5748161452391932,0.28985507246376807
mnist,mdbg_l0_only,2024,9,90,0,0.15555555555555556,0.5175,53,2,37,12,0.6587362594951224,0.339960136547961,-0.5586426421622956,-0.6799882986345872,-0.10265528686581317,-0.12977713690461004,0.688761995744496,0.22727272727272724
mnist,mdbg_l0_only,2024,10,90,0,0.14444444444444443,0.5351,53,2,37,11,0.6682771440928721,0.3743613422131872,-0.523450934696281,-0.6542383400568754,0.08345187292555711,0.11076296005915019,0.6012401253365108,0.29166666666666663
mnist,mdbg_l0_only,2024,11,90,0,0.18888888888888888,0.5101,54,2,36,15,0.6531056140350852,0.43128569114844584,-0.5041426466802889,-0.6741938325536504,0.0036036036036036037,-0.10576331952670703,0.5657907020164302,0.33928571428571425
mnist,mdbg_l0_only,2024,12,90,0,0.17777777777777778,0.5269,51,1,39,15,0.6618718692613335,0.4081444734236,-0.5156796463154243,-0.658416730579354,-0.028947368421052635,-0.15453665891097948,0.6336637558020612,0.2723809523809524
mnist,mdbg_l0_only,2024,13,90,0,0.2,0.5183,55,2,35,16,0.600297089220889,0.45518189025398337,-0.4831132585189463,-0.6744735335879035,-0.23333333333333334,-0.17604545453939868,0.5913245758073344,0.33928571428571425
mnist,mdbg_l0_only,2024,14,90,0,0.2,0.5163,53,1,37,17,0.6393961297882718,0.46983920384030897,-0.48818540124473636,-0.6780417357578711,-0.1775723091512565,-0.2031739888928745,0.6053450656432099,0.38095238095238093
mnist,mdbg_l0_only,2024,15,90,0,0.2111111111111111,0.509,54,2,36,17,0.631631356424651,0.45508668567629657,-0.47763018011514713,-0.6769699399986856,-0.18944658944658946,-0.2062126043414245,0.5778690305479511,0.3181818181818182
mnist,mdbg_l0_only,2024,16,90,0,0.23333333333333334,0.5094,52,2,38,19,0.6282542338126784,0.5036761300073389,-0.5174705011003266,-0.6730537037270661,-0.038844512528723056,-0.040796488389412654,0.48851659421058213,0.4306418219461698
mnist,mdbg_l0_only,2024,17,90,0,0.23333333333333334,0.5086,52,3,38,18,0.6253315244955291,0.4198239027770669,-0.49857798456988234,-0.6465174343847893,-0.20253857095962358,-0.1826374368973496,0.5780206703541285,0.3138528138528139
mnist,mdbg_l0_only,2024,18,90,0,0.23333333333333334,0.5037,53,3,37,18,0.62730854872149,0.4596448002066968,-0.5187677234783304,-0.6788095632903167,-0.05263157894736842,-0.08103161672836852,0.5052602553769142,0.34782608695652173
mnist,mdbg_l0_only,2024,19,90,0,0.23333333333333334,0.5075,52,3,38,18,0.6255605769498511,0.4333303017940234,-0.5048500968779498,-0.7066819091716209,-0.08939708939708939,-0.12496245682450237,0.5612137536298978,0.32142857142857145
mnist,mdbg_l0_only,2024,20,90,0,0.23333333333333334,0.5047,54,4,36,17,0.6178171803168134,0.4151203107948633,-0.4805291878078072,-0.6460637024379807,-0.112998712998713,-0.12587003122138896,0.5548625283771699,0.3416149068322981
mnist,mdbg_l0_only,2024,21,90,0,0.24444444444444444,0.5063,54,4,36,18,0.6289447501694928,0.43945531458235243,-0.4563218974710398,-0.6675216221952602,-0.10733590733590735,-0.12300168750637176,0.5434825564801194,0.39285714285714285
mnist,mdbg_l0_only,2024,22,90,0,0.23333333333333334,0.5106,53,3,37,18,0.5968958256710225,0.43130664976238753,-0.48591138833646164,-0.6609256883538638,-0.2155049786628734,-0.20764351786644433,0.6085922194234537,0.36363636363636365
mnist,mdbg_l0_only,2024,23,90,0,0.24444444444444444,0.5111,55,4,35,18,0.6533661665179767,0.4712413673172676,-0.46302007736721873,-0.6698159468019825,-0.05490196078431373,-0.05094267081084933,0.46295255859945617,0.3745454545454545
mnist,mdbg_l0_only,2024,24,90,0,0.25555555555555554,0.5152,52,4,38,19,0.5886006729204459,0.4392958372069861,-0.4626885869146351,-0.6522727053499386,-0.14826567458146406,-0.07439359647481131,0.5147723392717267,0.3830227743271222
mnist,mdbg_l0_only,2024,25,90,0,0.24444444444444444,0.5158,52,4,38,18,0.5929709937489105,0.4142841594734045,-0.4877693992519938,-0.6760124232510465,-0.07429696903381112,-0.08651247010927088,0.5280563302280504,0.31666666666666665
mnist,mdbg_l0_only,2024,26,90,0,0.25555555555555554,0.5196,51,4,39,19,0.6046280113041266,0.40274794233761,-0.48516379288437383,-0.6626179946693904,-0.10748987854251013,-0.15953099543397556,0.5588179619308024,0.34782608695652173
mnist,mdbg_l0_only,2024,27,90,0,0.24444444444444444,0.5218,53,4,37,18,0.5954932971808311,0.41722612186223906,-0.45452775659131833,-0.6729535503084931,-0.2155049786628734,-0.14686980532016794,0.5796098313677945,0.33954451345755693
mnist,mdbg_l0_only,2024,28,90,0,0.24444444444444444,0.5238,52,3,38,19,0.6127244774096438,0.4691158864625316,-0.49379615292126877,-0.660332897900833,-0.08305066199803042,-0.06479442273612597,0.4707697695287706,0.36742424242424243
mnist,mdbg_l0_only,2024,29,90,0,0.23333333333333334,0.5272,53,3,37,18,0.6331770231936069,0.4619118522422415,-0.4672881282168849,-0.6564836189734551,-0.07562825983878615,-0.07090266463732245,0.5016544776276688,0.34782608695652173
mnist,mdbg_l0_only,42,0,90,0,0.0,0.1114,44,0,46,0,0.02497181989259852,,-0.6092633431159115,-0.6107418417505369,-0.06445047502081501,,1.0,0.0
mnist,mdbg_l0_only,42,1,90,0,0.36666666666666664,0.1732,50,2,40,31,0.6873366676773177,0.7288272276972494,-0.6771844709943746,-0.6252613167705413,-0.00075046904315197,0.06482974338196287,0.30301089045483665,0.7806324110671937
mnist,mdbg_l0_only,42,2,90,0,0.37777777777777777,0.1897,52,3,38,31,0.6777055332614109,0.753597847186592,-0.49567848943867315,-0.6320519555203441,-0.03983148225035079,0.11453100740665918,0.27342113836273096,0.8077803203661327
mnist,mdbg_l0_only,42,3,90,0,0.4444444444444444,0.1851,47,3,43,37,0.7071411885778863,0.7881450859950483,-0.6367926226359012,-0.6231827220643374,0.02778616732105104,0.23255817354654312,0.1572058672684378,0.8674242424242424
mnist,mdbg_l0_only,42,4,90,0,0.4111111111111111,0.1902,49,2,41,35,0.6746148007238397,0.7787986299576408,-0.5628856757964869,-0.6567561964509749,-0.016029270903231977,0.02333050610336438,0.24895325984790226,0.8636363636363636
mnist,mdbg_l0_only,42,5,90,0,0.4222222222222222,0.1893,48,3,42,35,0.6872794265062031,0.7507143902872055,-0.5626293395401928,-0.6222636977798707,0.13768233432566457,0.11333265910102298,0.22363176452552508,0.8247619047619048
mnist,mdbg_l0_only,42,6,90,0,0.43333333333333335,0.1899,48,3,42,36,0.6923735628499722,0.783397491148633,-0.5634398009228715,-0.6009871864191907,0.14797406855718864,0.19649017058733845,0.17630455734544953,0.865424430641822
mnist,mdbg_l0_only,42,7,90,0,0.4222222222222222,0.19,47,2,43,36,0.6942862147623994,0.7686131908095198,-0.5637426445049928,-0.613714610439949,0.07709733466064118,0.09645522632588219,0.2253156736301502,0.826086956521739
mnist,mdbg_l0_only,42,8,90,0,0.4111111111111111,0.1905,51,4,39,33,0.6940591837968075,0.7616240956327732,-0.5192508180088927,-0.6005732300839062,0.12653102605567773,0.18313788451377844,0.19339410026543796,0.8169336384439359
mnist,mdbg_l0_only,42,9,90,0,0.4222222222222222,0.1908,49,3,41,35,0.6648982191137446,0.7564529261181985,-0.5508865700099613,-0.6041538621007004,-0.027180068053306392,0.02333050610336438,0.2457084943307785,0.8221343873517786
mnist,mdbg_l0_only,42,10,90,0,0.4222222222222222,0.191,47,2,43,36,0.700277111046484,0.7686131908095198,-0.5726091792925668,-0.6202002436546825,0.0427395606443907,0.09645522632588219,0.2344173713918406,0.8221343873517786
mnist,mdbg_l0_only,42,11,90,0,0.4222222222222222,0.191,49,3,41,35,0.6700126825144329,0.7838743446899834,-0.5579729511027821,-0.6165567734595999,0.022911403519293525,0.19247667535275612,0.19701271132254022,0.859090909090909
mnist,mdbg_l0_only,42,12,90,0,0.4222222222222222,0.191,48,3,42,35,0.6586182067615229,0.7507143902872055,-0.5174819470714284,-0.6027667873933061,-0.022042139456492506,0.11333265910102298,0.2521934563685871,0.8221343873517786
mnist,mdbg_l0_only,42,13,90,0,0.4222222222222222,0.1916,49,4,41,34,0.6685295780133546,0.728085941388766,-0.5068803758165391,-0.6051079648940436,0.026657374436896655,0.10409717372231442,0.23995065282204173,0.7727272727272727
mnist,mdbg_l0_only,42,14,90,0,0.43333333333333335,0.1925,48,4,42,35,0.6650049935708353,0.727637799804696,-0.5041220244653505,-0.5970048892572127,0.10745107581446448,0.10805699404279749,0.2513484358144552,0.7766798418972332
mnist,mdbg_l0_only,42,15,90,0,0.4222222222222222,0.1935,48,3,42,35,0.6785982282868848,0.7478902944991944,-0.5348379516891159,-0.6097722269497677,0.049754872209714314,0.09751484828252457,0.25471451021477215,0.8130434782608695
mnist,mdbg_l0_only,42,16,90,0,0.4444444444444444,0.1957,47,4,43,36,0.6699873219381745,0.7295918543704161,-0.5530906975240264,-0.6180304034768054,0.051646028390214434,0.126905188306911,0.22114470431640995,0.77
mnist,mdbg_l0_only,42,17,90,0,0.45555555555555555,0.2005,46,4,44,37,0.6737958905098049,0.721908980592249,-0.5472170774113158,-0.6287904340966278,0.06737613661105352,0.0954257266033673,0.2353155782561109,0.7551487414187643
mnist,mdbg_l0_only,42,18,90,0,0.4444444444444444,0.208,50,4,40,36,0.7474978079397911,0.7961762120479662,-0.518414036468135,-0.6468674535471284,0.13125058693656033,0.15883586420937065,0.12692705511500763,0.8273809523809523
mnist,mdbg_l0_only,42,19,90,0,0.4444444444444444,0.2055,48,4,42,36,0.6750323501463825,0.73638070967589,-0.5547662499845357,-0.6251804852482321,0.05332036793809775,0.04491021917984724,0.23490558392090122,0.7701863354037266
mnist,mdbg_l0_only,42,20,90,0,0.4,0.2151,51,3,39,33,0.6801621646176811,0.7606034457921891,-0.5247884360197803,-0.6329321631918402,-0.004757566579693482,0.031575497329961795,0.287261193844934,0.8130434782608695
mnist,mdbg_l0_only,42,21,90,0,0.4222222222222222,0.2145,49,4,41,34,0.6564547846227065,0.7318646143366501,-0.507675480296991,-0.5977322381150921,0.02038416309264016,0.12600687924894174,0.2668709552013538,0.7840909090909091
mnist,mdbg_l0_only,42,22,90,0,0.4111111111111111,0.2241,49,3,41,34,0.7127765252118358,0.7550655328863509,-0.5115850257045722,-0.6463401142833777,0.12561522726319277,0.13148543921628703,0.22740978504036571,0.8221343873517786
mnist,mdbg_l0_only,42,23,90,0,0.43333333333333335,0.2295,48,4,42,35,0.6681719466764163,0.7238930166415299,-0.5155758799567154,-0.61395803362283,0.07495948160755724,0.08697622675194787,0.2446553824184132,0.7797619047619048
mnist,mdbg_l0_only,42,24,90,0,0.4444444444444444,0.2287,48,4,42,36,0.6808268538040955,0.7326462910037805,-0.5391108180886132,-0.6193125935161563,0.07593192893652013,0.022456019495695822,0.2331999114990848,0.7630434782608695
mnist,mdbg_l0_only,42,25,90,0,0.4222222222222222,0.2346,49,3,41,35,0.7446622757353766,0.7904933077935175,-0.5124574015000308,-0.6593872444611155,0.17153062178512912,0.2333050610336438,0.12863638472602423,0.8345454545454546
mnist,mdbg_l0_only,42,26,90,0,0.4444444444444444,0.2418,47,4,43,36,0.6533010177803302,0.7240223052780385,-0.5025872611883007,-0.6115732451141435,0.030959752410247683,0.09645522632588219,0.2490257376557749,0.7766798418972332
mnist,mdbg_l0_only,42,27,90,0,0.4222222222222222,0.252,50,4,40,34,0.6785231602154249,0.7382070660373614,-0.5308098814729858,-0.6466522493955303,0.08921619222723443,0.03639342499351447,0.24873888508891928,0.7743271221532091
mnist,mdbg_l0_only,42,28,90,0,0.4111111111111111,0.257,51,4,39,33,0.6865327693494352,0.7510526570814035,-0.46670578918815175,-0.5992643056136591,0.040591153158661415,0.11367179038786249,0.24120433729866303,0.7840909090909091
mnist,mdbg_l0_only,42,29,90,0,0.4111111111111111,0.2593,50,4,40,33,0.6628549397772404,0.7300469601634538,-0.4705787996300283,-0.6164492958137625,0.07280232699268822,0.11115672864548866,0.23256276608443083,0.7797619047619048
